Date,Target,High,Low,Volume,SP_Ajclose,SP_volume,DJ_low,DJ_volume,EG_volume,EU_Price,OF_Volume,OS_Open,OS_High,SF_Low,SF_Volume,USB_Price,USB_Open,PLT_Price,PLT_Open,PLD_Price,USDI_Open,USDI_Volume,GDX_Close,GDX_Adj Close,GDX_Volume,USO_Volume
2011-12-15,155.229996,154.949997,151.71000700000005,21521900,105.44123799999998,199109200,11825.21973,136930000,787900,1.3018,14330,94.91,96.0,52316,119440,1.911,1.911,1414.65,1420.3,618.85,80.565,22850,51.68,48.973877,20605600,12616700
2011-12-16,154.869995,155.369995,153.899994,18124300,105.597549,220481400,11819.30957,389520000,896600,1.3035,140080,93.43,94.8,52890,65390,1.851,1.851,1420.25,1414.75,623.65,80.175,13150,52.68,49.921513,16285400,12578800
2011-12-19,156.979996,155.860001,154.360001,12547200,104.468536,183903000,11735.19043,135170000,2096700,1.2995,147880,93.77,94.43,52544,67280,1.81,1.81,1411.1,1422.65,608.8,80.3,970,51.169998,48.490578,15120200,7418200
2011-12-20,157.160004,157.429993,156.580002,9136300,107.629784,225418100,11768.83008,165180000,875300,1.3079,170240,96.39,99.7,52595,55130,1.927,1.927,1434.75,1408.95,626.65,80.89,22950,52.990002,50.215282,11644900,10041600
2011-12-21,156.03999299999995,157.529999,156.130005,11996100,107.838242,194230900,11999.44043,163250000,837600,1.3045,145090,97.54,99.26,52937,75950,1.97,1.97,1429.05,1434.4,635.9,80.105,24140,52.959999,50.186852,8724300,10728000
2011-12-22,156.309998,156.800003,155.330002,9888400,108.793526,119465400,12107.37012,151610000,780600,1.3051,111160,99.04,100.06,52690,56530,1.953,1.953,1425.9,1429.0,652.45,80.36,13240,52.400002,49.656178,13179600,5376800
2011-12-23,154.910004,156.490005,155.820007,3565100,109.76622,92187200,12169.79981,80420000,621200,1.3043,64610,99.49,100.24,52960,27510,2.021,2.021,1426.45,1425.55,665.55,80.21,7170,52.790001,50.169365,4729000,2162200
2011-12-27,151.029999,155.550003,154.53999299999995,4918600,109.853065,86075700,12269.96973,95980000,510500,1.3068,50680,99.94,101.79,52588,27450,2.002,2.002,1438.55,1438.3,663.0,80.15,5660,51.869999,49.295036,4786400,7834100
2011-12-28,150.339996,154.259995,150.660004,16436100,108.411423,119107100,12140.16992,84010000,730700,1.2936,114940,101.27,101.72,50281,72550,1.921,1.921,1386.8,1437.35,638.8,80.14,21110,50.060001,47.574883,14170400,5654300
2011-12-29,151.990005,150.720001,148.270004,19812200,109.531738,123507200,12152.08984,8410000,632700,1.2962,108320,99.6,99.93,48562,106590,1.899,1.899,1379.0,1385.3,631.6,81.085,15450,51.200001,48.658298,12196600,8924300
2011-12-30,155.919998,153.75,151.78999299999995,10852700,108.993294,95599000,12213.78027,96670000,499400,1.2948,87140,99.79,100.17,50265,76050,1.876,1.876,1403.25,1379.95,656.3,80.83,12440,51.43,48.876881,10001400,4114300
2012-01-03,156.71000700000005,156.300003,154.550003,13385800,110.730225,193697900,12221.19043,152560000,695400,1.3051,178620,99.71,103.19,51493,85070,1.956,1.956,1436.2,1408.55,664.8,80.155,20040,53.799999,51.129227,13011400,12369900
2012-01-04,157.779999,157.380005,155.339996,11549700,110.90391499999998,127186500,12337.25,145130000,743500,1.2942,221270,103.0,103.75,52260,92990,1.984,1.984,1426.05,1434.5,649.9,79.97,14080,53.740002,51.072212,8184000,13812800
2012-01-05,157.199997,158.029999,155.25,11621600,111.199211,173895000,12283.90039,158440000,534300,1.278,205410,103.31,103.75,51861,91540,1.996,1.996,1421.25,1426.15,640.4,80.45,18590,53.900002,51.224262,7415800,11799600
2012-01-06,156.5,158.630005,156.380005,9790500,110.912621,148050000,12332.41016,131120000,461500,1.2721,190830,101.36,102.81,51548,82730,1.958,1.958,1406.55,1419.1,616.1,81.245,26720,53.349998,50.701565,7757700,9760600
2012-01-09,158.639999,157.589996,156.190002,8771900,111.181839,99530200,12333.84961,122200000,615800,1.2767,203390,101.94,102.17,51366,69570,1.956,1.956,1426.15,1398.3,620.0,81.67,16300,53.650002,50.986671,5513900,7509300
2012-01-10,159.669998,159.470001,158.470001,8371400,112.145851,115282000,12394.50977,141230000,625600,1.2772,186770,101.31,103.42,51755,77990,1.963,1.963,1467.1,1426.2,636.9,81.27,14030,54.470001,51.765972,6615000,7062300
2012-01-11,160.380005,160.050003,158.910004,7968500,112.206642,111540700,12399.00977,130260000,641900,1.2704,191800,102.21,102.47,52230,60640,1.905,1.905,1499.55,1467.55,643.6,81.295,19400,54.310001,51.613911,6838500,8861100
2012-01-12,159.259995,161.619995,159.830002,8602500,112.47583799999998,118983700,12385.08008,128230000,629100,1.2826,148850,101.01,102.99,52603,67550,1.926,1.926,1498.95,1498.35,635.1,81.535,21280,54.720001,52.003555,8358700,18350600
2012-01-13,160.5,159.589996,158.009995,8910300,111.893974,179836200,12311.79004,161470000,504000,1.2677,108350,99.22,100.21,51871,63940,1.871,1.871,1493.45,1498.35,639.8,81.06,5650,54.049999,51.366817,7322500,11269200
2012-01-17,161.600006,161.649994,160.419998,8313300,112.328224,132209200,12423.12012,148670000,503100,1.274,189960,98.96,101.02,52392,88660,1.858,1.858,1528.4,1501.55,652.9,81.67,20230,53.18,50.540005,8412800,10174500
2012-01-18,161.220001,161.639999,159.679993,9341200,113.570152,163395200,12453.2002,154170000,506700,1.2854,213900,100.92,102.08,52845,70390,1.898,1.898,1527.95,1528.4,668.3,81.28,22230,53.240002,50.597027,7007800,12455200
2012-01-19,162.070007,161.449997,160.330002,8114200,114.16938,126328900,12563.58008,148030000,498300,1.2965,173950,101.16,102.08,53232,58990,1.982,1.982,1524.75,1528.3,675.2,80.715,21620,52.150002,49.561138,12918900,10521700
2012-01-20,163.160004,162.089996,160.0,11616700,114.594948,138230200,12620.75977,255110000,528800,1.2938,161670,100.59,100.94,53170,84030,2.025,2.025,1537.9,1524.8,678.2,80.275,14820,52.18,49.589649,8845400,13205600
2012-01-23,162.009995,163.470001,162.320007,8832100,114.299622,129295800,12665.83008,149860000,615100,1.3030000000000002,143540,98.37,100.26,55232,95790,2.0580000000000003,2.0580000000000003,1568.65,1529.6,688.1,80.535,24810,53.009998,50.378445,12818900,8470500
2012-01-24,166.419998,162.369995,161.529999,7502100,114.16938,103083300,12613.54004,125420000,503900,1.3022,178430,99.89,100.19,55235,59280,2.063,2.063,1550.75,1568.7,682.2,79.925,24900,51.82,49.24752,12761700,6466300
2012-01-25,168.970001,166.550003,160.28999299999995,28957700,115.124702,198613200,12580.12012,135430000,1366800,1.311,234590,99.22,100.42,54671,93780,2.002,2.002,1583.65,1550.15,694.2,79.965,36150,55.23,52.488239,26995600,14198600
2012-01-27,168.029999,169.0,167.410004,13030100,114.48203999999998,135259100,12630.71973,164410000,993200,1.3226,218690,99.95,100.64,56573,66450,1.891,1.891,1624.6,1609.85,690.6,79.62,28700,57.139999,54.30342099999999,14823200,7246800
2012-01-30,169.309998,168.53999299999995,167.740005,8438000,114.091202,147311800,12529.41016,130430000,695100,1.3127,163790,100.01,100.06,56425,59920,1.846,1.846,1612.8,1624.2,689.3,78.96,22360,56.459999,53.657177,8660600,5349600
2012-01-31,169.559998,169.860001,167.720001,11192500,114.047813,157212000,12567.33008,168070000,735400,1.3079,238210,98.89,101.31,56112,74590,1.795,1.795,1593.75,1612.9,685.2,79.165,24950,56.459999,53.657177,14442300,9687300
2012-02-01,171.050003,170.179993,169.080002,7734200,115.046532,166234500,12632.75977,143500000,617200,1.3159,210930,98.39,99.5,56356,67470,1.83,1.83,1620.95,1594.05,697.6,79.48,34830,56.560001,53.752213,8178400,10363300
2012-02-02,167.639999,171.229996,169.679993,11509600,115.228912,113090400,12676.04981,114360000,681800,1.3146,213050,97.11,97.99,56326,73400,1.823,1.823,1630.3,1621.1,709.6,78.905,19650,57.470001,54.617039,10696000,9175800
2012-02-03,167.179993,170.139999,167.509995,23355300,116.844284,160598500,12704.95996,142840000,700700,1.3144,235990,96.62,98.05,55650,97150,1.924,1.924,1625.35,1631.15,707.6,79.125,25780,56.439999,53.638172,16557400,11447300
2012-02-06,169.699997,167.679993,166.610001,8807400,116.76613600000002,107694500,12793.42969,108040000,426400,1.3134,212320,97.75,97.77,55675,67230,1.901,1.901,1623.95,1625.45,705.3,79.19,18550,56.18,53.39107900000001,9668400,6126100
2012-02-07,168.5,170.089996,167.149994,11614300,117.061401,135528100,12782.57031,116150000,532800,1.3266,245840,97.13,99.13,56011,69910,1.977,1.977,1649.25,1623.9,708.7,79.2,34450,55.880001,53.105972,13118400,10237000
2012-02-08,168.020004,169.96000700000005,167.5,10655500,117.408775,139361400,12817.69043,138250000,539800,1.3258,217970,98.78,100.1,56689,77350,1.982,1.982,1665.55,1650.2,715.0,78.645,25580,55.540001,52.782852,8798100,9045800
2012-02-09,167.139999,170.369995,167.669998,16085200,117.556435,148602900,12846.41016,157080000,659900,1.3283,189770,99.11,100.2,56831,74380,2.036,2.036,1660.0,1665.05,711.5,78.8,26570,55.25,52.50724399999999,8596700,4663500
2012-02-10,167.509995,167.639999,166.330002,10326800,116.687958,167907500,12743.55957,123620000,595000,1.3175,169310,99.89,99.89,56378,67420,1.984,1.984,1661.75,1659.4,703.2,78.655,28290,54.490002,51.78497700000001,9900900,6008600
2012-02-13,167.119995,167.940002,166.740005,7088900,117.556435,115841900,12799.11035,112240000,565400,1.3194,120610,99.34,100.88,56433,47150,1.978,1.978,1649.05,1666.5,698.0,78.95,20790,54.299999,51.604408,6050800,14408000
2012-02-14,168.110001,167.929993,166.419998,7862500,117.408775,165329500,12786.92969,120050000,754700,1.3119,24280,100.75,101.86,56220,57600,1.938,1.938,1634.25,1649.1,686.7,79.2,32500,53.77,51.100712,10699100,8418600
2012-02-15,168.0,168.75,167.190002,11638500,116.861656,195195100,12753.62012,127560000,711700,1.3071,223490,100.91,102.55,56250,54880,1.933,1.933,1635.0,1634.5,684.2,79.56,33370,53.560001,50.901142,10014200,8856600
2012-02-16,167.350006,168.139999,166.169998,10734000,118.155678,186567800,12779.58008,134450000,590500,1.3141,205130,101.92,102.7,55551,74030,1.984,1.984,1630.65,1635.85,696.5,79.86,35090,54.950001,52.222141,15885900,6360000
2012-02-17,171.020004,168.330002,166.869995,7286900,118.468315,129869400,12903.25,234650000,471100,1.3152,183830,102.36,104.16,55781,48010,2.0,2.0,1635.6,1629.6,685.9,79.485,5530,54.150002,51.46185300000001,9653200,7894800
2012-02-21,172.940002,171.070007,169.589996,13611200,118.520416,134042300,12926.11035,164780000,1097600,1.3241,156160,105.67,107.09,56242,57250,2.061,2.061,1690.85,1647.55,709.7,79.2,23770,55.82,53.048946,11722700,11389500
2012-02-22,173.020004,173.169998,170.190002,16676500,118.13831299999998,124455300,12914.83008,124200000,1095900,1.3245,180940,106.02,106.73,56856,60230,2.002,2.002,1725.25,1690.9,721.5,79.2,22460,56.830002,54.008816,13146400,8848200
2012-02-23,172.229996,173.770004,172.279999,11654200,118.65936299999998,137704300,12882.66992,120480000,1031600,1.3369,214760,105.96,108.75,57218,96110,1.996,1.996,1724.65,1725.2,718.0,79.345,34290,57.259998,54.417465,14465100,9719900
2012-02-24,171.699997,173.03999299999995,172.0,9293700,118.919945,105539100,12950.58984,89440000,803800,1.3457,146860,108.67,109.96,58254,62130,1.977,1.977,1714.0,1724.7,711.8,78.68,34100,56.459999,53.657177,9122200,12031900
2012-02-27,173.490005,172.919998,171.580002,7340900,119.119675,145728900,12882.58984,143530000,840100,1.34,177940,109.68,109.78,58311,51460,1.925,1.925,1704.6,1717.6,705.3,78.45,34100,56.060001,53.277035,8395400,11337500
2012-02-28,164.28999299999995,174.0,172.600006,12413000,119.467079,129355900,12952.82031,114490000,837000,1.347,195250,107.96,108.8,58525,88430,1.941,1.941,1724.2,1704.55,723.6,78.55,27920,57.330002,54.483997,15019900,9943300
2012-02-29,166.610001,173.589996,164.0,44149000,118.998093,185934700,12929.66016,182460000,1525800,1.3326,243680,106.47,107.44,57230,85150,1.974,1.974,1678.35,1724.65,706.65,78.22,36180,55.400002,52.64980300000001,34053800,19797400
2012-03-01,166.339996,167.720001,165.75,19200700,119.614723,145023500,12943.05957,139670000,683100,1.3312,260750,106.82,110.56,57120,5100,2.03,2.03,1705.7,1677.55,716.0,78.8,20820,55.889999,53.115479,15032900,24575900
2012-03-02,165.649994,166.830002,165.630005,9298100,119.249947,120638300,12927.76953,93900000,619500,1.3203,196630,108.76,109.04,57701,690,1.979,1.979,1700.6,1705.95,710.8,78.825,30120,54.790001,52.070087,12757700,15442200
2012-03-05,162.699997,165.910004,164.550003,12071400,118.763596,140765000,12883.91016,108630000,822700,1.3218,166570,106.76,107.43,56810,440,2.007,2.007,1667.7,1699.15,707.4,79.515,19120,53.619999,50.95816,13539600,7398900
2012-03-06,163.630005,162.809998,161.779999,15533200,117.02668,202129900,12734.86035,142330000,772200,1.3115,233270,107.12,107.36,57370,89920,1.95,1.95,1619.15,1667.65,670.0,79.37,28180,52.470001,49.865253,20943600,10091800
2012-03-07,165.279999,164.020004,162.509995,9553300,117.843025,143692200,12751.50977,175110000,657600,1.315,199250,104.94,106.55,57622,59480,1.972,1.972,1634.3,1618.8,687.4,79.83,25370,52.669998,50.055317,11751800,8874300
2012-03-08,166.380005,165.550003,164.050003,8858200,119.015457,116968900,12835.53027,103530000,554900,1.3271,191530,106.25,107.21,58315,35630,2.016,2.016,1664.4,1634.45,697.4,79.785,24710,53.32,50.673054,9950500,7290600
2012-03-09,165.070007,166.570007,163.25,13698200,119.475792,122836800,12906.42969,103240000,652300,1.3114,140590,106.92,108.21,57567,82970,2.03,2.03,1686.15,1664.45,708.2,79.225,28390,53.240002,50.597027,8384800,7487200
2012-03-12,162.300003,165.580002,164.399994,6523800,119.48443600000002,104003500,12919.98047,100000000,594500,1.3155,151690,107.51,107.57,58222,67150,2.037,2.037,1696.95,1690.4,702.75,80.025,22990,52.369999,49.770214,8761400,5160600
2012-03-13,159.570007,165.410004,161.429993,20047000,121.638229,184090500,12953.12988,163130000,591100,1.3084,133720,106.56,107.36,57815,68020,2.126,2.126,1692.9,1697.2,707.6,79.82,38080,52.110001,49.523121,13602500,7147000
2012-03-14,161.080002,160.580002,158.800003,28822100,121.50798,145163600,13166.25,163610000,1258700,1.3029,106670,106.7,107.03,57027,79300,2.274,2.274,1673.35,1693.45,699.2,80.15,38980,50.119999,47.631908,24309200,8743000
2012-03-15,161.300003,161.979996,159.279999,12689300,122.211433,165118500,13170.19043,161650000,784300,1.3083,20330,105.54,106.22,56835,63690,2.279,2.279,1687.95,1673.15,708.4,80.63,22100,50.139999,47.650917,11196700,27314800
2012-03-16,161.589996,161.53999299999995,159.919998,12549200,122.380676,152893500,13231.4502,392620000,1745300,1.3175,159880,105.45,107.36,56673,81880,2.298,2.298,1672.4,1688.35,701.9,80.23,21960,49.93,47.451344,11395500,8612400
2012-03-19,160.130005,162.300003,160.720001,9920800,122.860443,125291100,13208.62988,147120000,576800,1.3241,128750,107.2,108.26,56838,47060,2.375,2.375,1679.75,1678.8,707.6,80.065,20190,49.599998,47.137726,11432600,5793500
2012-03-20,160.21000700000005,161.080002,159.770004,11643700,122.5028,121729700,13123.37988,131660000,906000,1.3225,185590,108.42,108.51,56300,65600,2.363,2.363,1656.45,1679.75,695.6,79.755,13890,49.860001,47.384819,15287200,9727300
2012-03-21,159.570007,161.479996,160.149994,6672700,122.302139,122388400,13112.92969,124860000,779300,1.3212,152410,106.34,107.66,56510,63580,2.296,2.296,1640.95,1656.5,687.15,79.805,15860,49.759998,47.28978,14024800,8419200
2012-03-22,161.529999,159.71000700000005,158.130005,11107700,121.421143,135216700,13017.41992,122060000,692500,1.3198,189190,106.81,107.12,55901,80660,2.282,2.282,1624.15,1641.15,649.55,79.77,21990,48.75,46.329918,11460500,10619600
2012-03-23,164.399994,161.880005,160.520004,10689000,121.813698,120521000,13002.76953,129930000,887900,1.3273,207430,105.53,108.25,56223,59430,2.233,2.233,1627.5,1624.4,658.4,79.895,24700,49.759998,47.28978,14594200,17600400
2012-03-26,163.240005,164.53999299999995,162.949997,13226700,123.523338,120164000,13082.38965,122080000,836100,1.3358,128770,106.81,107.33,57040,53550,2.253,2.253,1654.35,1640.05,667.25,79.495,19120,50.630001,48.1166,12638700,4348200
2012-03-27,161.509995,164.889999,163.130005,10908700,123.139542,119868500,13194.33008,129280000,855000,1.3318,211600,107.09,107.73,57330,53630,2.187,2.187,1656.75,1655.45,662.1,79.125,20780,49.91,47.432335,10166200,7460100
2012-03-28,161.279999,162.979996,160.660004,11008200,122.528969,148562100,13069.25977,141540000,483600,1.3317,212670,106.83,106.96,56467,60340,2.201,2.201,1641.75,1656.4,646.4,79.29,27630,48.93,46.500984,14557900,9820600
2012-03-29,162.119995,161.46000700000005,159.809998,11026900,122.319626,164963700,13032.66992,136250000,689200,1.3302,224420,105.59,105.71,56401,55080,2.1590000000000003,2.1590000000000003,1637.15,1641.85,646.9,79.275,19450,49.060001,46.624531,12259600,12803900
2012-03-30,162.940002,162.330002,161.220001,7534000,122.825531,135486800,13147.78027,171190000,605400,1.3344,185190,103.3,104.16,56727,41100,2.214,2.214,1643.15,1637.0,654.2,79.225,24070,49.540001,47.080704,9890400,5883800
2012-04-02,159.889999,163.559998,161.809998,7541700,123.723953,151741100,13153.69043,108790000,654500,1.3323,229530,103.28,105.5,56686,48940,2.18,2.18,1657.35,1650.0,655.9,79.035,19340,50.389999,47.888508,13114500,7676900
2012-04-03,157.21000700000005,163.229996,159.169998,16822300,123.218033,155806700,13131.20996,123980000,1338900,1.3234,197650,105.06,105.19,57103,52880,2.293,2.293,1646.45,1657.4,653.7,78.9,28230,48.75,46.329918,17390400,5029200
2012-04-04,158.309998,158.029999,156.580002,15975600,121.996834,146896000,13020.86035,125000000,1042500,1.3142,250190,104.1,104.13,55027,96340,2.2230000000000003,2.2230000000000003,1603.05,1645.65,634.6,79.565,22840,46.709999,44.391193,27237700,8693400
2012-04-05,159.369995,158.679993,157.779999,8967700,121.935814,137439400,13012.45996,109530000,764500,1.3064,183560,101.97,103.41,55390,38630,2.18,2.18,1607.5,1602.35,645.7,79.915,4130,46.200001,43.906509,11559200,4258300
2012-04-09,161.100006,160.009995,158.910004,8245800,120.56633,127555900,12903.78027,105580000,601400,1.3102,91960,102.55,102.61,55601,49490,2.047,2.047,1617.75,1622.7,645.8,80.05,11580,46.48,44.172607,9302200,5724000
2012-04-10,161.070007,161.580002,158.470001,14288500,118.542625,235360300,12710.55957,159290000,813600,1.3081,223010,102.34,102.97,55701,63790,1.986,1.986,1606.2,1617.8,641.4,79.955,26100,47.040001,44.704815,18461300,6602000
2012-04-11,162.699997,161.53999299999995,160.740005,10005400,119.502167,154133000,12716.91992,125210000,577800,1.311,178710,100.95,103.14,55851,56360,2.037,2.037,1589.35,1606.0,638.0,80.105,18550,46.490002,44.182117,10167900,8232700
2012-04-12,160.850006,163.199997,160.46000700000005,9229900,121.063538,154321500,12806.29981,119780000,2283600,1.3186,125980,102.56,104.25,55901,70120,2.056,2.056,1609.4,1589.65,654.8,79.92,25770,48.150002,45.759712,14841700,5793600
2012-04-13,160.46000700000005,162.46000700000005,160.169998,10041000,119.62426,169246700,12845.28027,140990000,1576100,1.3077,15610,103.66,103.91,55630,75060,1.989,1.989,1585.9,1609.45,644.1,79.495,19560,47.5,45.141975,12925100,4071700
2012-04-16,160.25,161.179993,159.529999,6670500,119.545753,147825300,12850.79981,120990000,773600,1.3139,232830,102.81,103.38,55501,57360,1.982,1.982,1577.15,1583.05,652.9,80.085,25310,46.639999,44.324665,12576000,5762700
2012-04-17,159.309998,160.96000700000005,158.75,7587100,121.316505,147877600,12921.79004,115320000,691100,1.3125,248480,103.17,105.08,55666,59360,1.996,1.996,1584.1,1576.95,662.2,79.775,15480,47.110001,44.771336,10549000,5407300
2012-04-18,159.429993,160.119995,159.070007,7463000,120.906502,123884200,13027.49023,113520000,661800,1.3121,251110,104.22,104.52,55905,44790,1.975,1.975,1581.05,1584.05,658.1,79.7,15910,46.630001,44.31517,10432800,5135400
2012-04-19,159.53999299999995,160.639999,159.020004,9914400,120.13018,198666700,12896.82031,139810000,684000,1.3136,204710,102.75,103.23,55921,66210,1.968,1.968,1578.8,1581.45,666.3,79.725,19390,46.610001,44.29615,10358700,5512700
2012-04-20,159.070007,159.910004,159.199997,9148800,120.330811,143199600,12964.25,212080000,510700,1.3224,178700,104.01,105.71,56307,38990,1.959,1.959,1581.4,1578.7,675.9,79.675,23410,46.119999,43.830482,10535400,5364200
2012-04-23,159.300003,159.179993,157.880005,8876800,119.318947,171844900,12845.58008,139370000,1327700,1.3155,203510,103.83,103.91,55303,69710,1.94,1.94,1560.1,1584.8,671.6,79.375,18450,45.040001,42.8041,19325900,5551300
2012-04-24,159.619995,160.179993,159.28999299999995,5200600,119.772537,137484200,12926.49023,134110000,849700,1.3194,173510,103.12,104.11,55527,46760,1.974,1.974,1549.35,1560.15,668.6,79.495,16020,45.139999,42.899132,10375100,4142800
2012-04-25,161.029999,159.96000700000005,157.759995,15093700,121.412399,150252200,12993.59961,135260000,964900,1.3223,242120,103.77,104.57,54426,76820,1.988,1.988,1556.1,1549.25,662.6,79.295,20420,46.290001,43.992046,21177600,8560500
2012-04-26,161.380005,161.380005,160.100006,10918700,122.258545,136291600,13075.95996,107570000,810400,1.3209,225240,103.97,104.94,55259,52290,1.947,1.947,1569.35,1556.4,668.8,79.1,17260,46.25,43.954029,12882600,5353300
2012-04-27,161.880005,161.970001,161.149994,8906600,122.459175,130725000,13192.20996,110850000,585100,1.3255,173890,104.12,105.02,55669,37840,1.937,1.937,1573.75,1569.2,683.1,79.21,22820,46.799999,44.476723,9498400,3845100
2012-04-30,161.320007,161.880005,160.309998,8007300,122.005577,115092200,13176.00977,127870000,646500,1.3241,174060,104.95,105.17,54825,46310,1.919,1.919,1573.8,1576.45,683.5,78.79,19460,46.389999,44.08707800000001,9197900,4873200
2012-05-01,160.589996,162.179993,160.889999,7414800,122.764465,138832200,13174.65039,123400000,543800,1.3239,160250,104.91,106.45,54805,6000,1.945,1.945,1573.1,1574.55,680.0,78.875,13050,46.439999,44.13459,8883700,6059600
2012-05-02,158.970001,160.779999,159.759995,5632300,122.398117,121081000,13192.20996,100770000,522400,1.3157,216220,105.99,106.06,54961,2130,1.928,1.928,1562.25,1572.65,668.7,78.9,19300,45.66,43.393314,10172800,5708100
2012-05-03,159.470001,159.479996,158.369995,13172000,121.464783,143759700,13175.63965,102090000,1097700,1.3152,231990,105.41,105.44,54950,1410,1.933,1.933,1538.1,1562.2,662.3,79.26,20460,43.880001,41.701687,19120600,9079700
2012-05-04,159.080002,159.979996,158.570007,11389600,119.502167,193927300,13022.33984,113790000,782600,1.3083,323770,102.6,102.73,54756,1810,1.879,1.879,1526.35,1538.35,651.2,79.24,24760,44.049999,41.863247,14631400,20087800
2012-05-07,156.0,159.339996,158.449997,4927800,119.589378,127765900,12970.0,110080000,723700,1.3054,159880,98.06,98.25,55267,63890,1.873,1.873,1524.0,1523.0,647.7,79.79,21660,43.669998,41.502106,13775000,10765200
2012-05-08,154.470001,156.729996,154.919998,17852300,119.109604,213377700,12810.38965,138620000,1701300,1.3003,252430,97.98,98.14,54855,71600,1.842,1.842,1509.55,1523.95,622.3,79.68,25490,42.169998,40.076572,23654800,10699100
2012-05-09,154.770004,154.979996,153.600006,13864000,118.403091,220752500,12748.48047,147460000,1449300,1.2933,239780,97.39,97.41,54272,74380,1.826,1.826,1497.7,1509.5,613.5,80.005,38810,43.02,40.884373,28890800,11412000
2012-05-10,153.559998,155.570007,154.639999,7460100,118.647324,150600000,12820.29981,151650000,975700,1.2936,198340,96.46,97.7,54370,45990,1.874,1.874,1487.85,1497.6,614.2,80.295,28160,43.09,40.950897,18881400,4746600
2012-05-11,151.330002,154.470001,153.240005,8285600,118.289673,153032400,12779.28027,148370000,1011900,1.2917,189450,96.53,97.21,53561,72160,1.841,1.841,1464.45,1487.7,602.4,80.35,21690,42.419998,40.314159,12632900,4507100
2012-05-14,149.740005,152.029999,151.0,13388200,116.981247,163910000,12661.48047,143190000,954100,1.2826,199080,95.8,95.84,53463,59330,1.769,1.769,1441.55,1467.65,594.4,80.56,30320,40.970001,38.936146,21789800,5259700
2012-05-15,149.46000700000005,151.440002,149.630005,13354500,116.309593,207629300,12608.16016,156060000,1393200,1.2731,146270,93.92,95.49,52820,71770,1.77,1.77,1436.3,1440.65,595.6,80.825,49130,39.34,37.387062,24527000,6275000
2012-05-16,152.800003,150.699997,148.600006,16750700,115.864746,207265500,12597.33984,143130000,1333900,1.2716,22420,93.17,94.17,51201,107620,1.759,1.759,1438.15,1436.2,596.1,81.415,37930,39.560001,37.596138,28720000,10645100
2012-05-17,154.550003,153.399994,150.380005,18080700,114.146362,247992900,12440.51953,147430000,1606100,1.2694,293240,92.78,93.89,51893,99350,1.69,1.69,1452.45,1438.2,603.3,81.52,47980,41.34,39.287773,30740700,5773000
2012-05-18,154.649994,155.130005,153.970001,12994200,113.16938799999998,319615900,12336.75977,240720000,1224100,1.2783,206500,92.86,92.88,53170,90450,1.723,1.723,1455.75,1452.2,603.6,81.65,31550,41.619999,39.553875,21909600,7211400
2012-05-21,152.080002,154.949997,153.860001,7542400,115.11458600000002,177861100,12367.71973,142110000,495100,1.2814,171290,91.28,93.08,53865,66130,1.743,1.743,1472.6,1459.85,615.8,81.295,28520,43.009998,40.874866,13536300,5540200
2012-05-22,151.619995,154.419998,151.550003,11302700,115.315186,197531200,12447.33008,133650000,762900,1.2684,180210,94.59,94.96,53873,78150,1.777,1.777,1443.85,1472.55,610.5,81.115,33090,42.540001,40.4282,20767800,5284200
2012-05-23,151.410004,151.839996,148.839996,18854500,115.376244,204958400,12311.55957,152190000,1635200,1.2586,227010,91.55,91.73,53320,87070,1.733,1.733,1422.85,1444.15,591.8,81.905,38280,44.439999,42.233879,31400000,9300000
2012-05-24,152.679993,152.910004,150.619995,9697100,115.603043,167357600,12419.62988,126810000,1284100,1.2536,191100,90.55,91.53,53980,74940,1.783,1.783,1421.15,1422.65,587.7,82.28,35860,44.630001,42.414452,21742500,7171800
2012-05-25,151.020004,152.850006,151.630005,6212900,115.227974,135465600,12421.53027,93000000,701000,1.2517,145990,90.8,91.33,53882,61460,1.746,1.746,1431.5,1421.25,589.5,82.445,10960,44.91,42.68055,12572600,3102000
2012-05-29,151.910004,153.619995,150.25,11243100,116.623619,152883500,12454.59961,107510000,1109800,1.2498,223910,91.01,92.22,53790,82450,1.7480000000000002,1.7480000000000002,1428.6,1437.4,603.55,82.415,25450,44.09,41.90126,16699100,6223500
2012-05-30,151.619995,152.380005,148.529999,16764800,114.931389,162370400,12396.40039,122830000,1188200,1.237,225430,90.88,90.94,53560,87320,1.619,1.619,1407.3,1428.9,604.7,82.605,28930,44.240002,42.043808,20220700,7279100
2012-05-31,157.5,152.71000700000005,150.619995,10114300,114.678444,196186000,12316.48047,205140000,1042200,1.2359,258760,87.56,88.28,53820,72230,1.5630000000000002,1.5630000000000002,1406.75,1407.4,612.1,83.13,31360,43.779999,41.60664000000001,15763700,10904000
2012-06-01,157.320007,158.309998,154.869995,27399400,111.791191,253240900,12107.48047,162940000,1323400,1.2435,324330,86.45,86.61,52813,107050,1.459,1.459,1444.05,1406.15,612.3,83.21,57680,46.580002,44.267654,35430300,14618000
2012-06-04,157.139999,157.440002,156.160004,11462100,111.738869,202545800,12035.08984,126440000,1113200,1.2498,174170,82.97,84.39,53759,60330,1.524,1.524,1432.55,1438.65,612.25,82.885,26980,47.330002,44.980419,20460800,11859500
2012-06-05,157.21000700000005,157.270004,156.419998,8095300,112.584969,164149400,12072.16992,108970000,944400,1.2454,145830,84.16,84.94,53905,46480,1.5730000000000002,1.5730000000000002,1440.1,1432.8,618.05,82.495,28850,47.529999,45.170483,14154900,7431400
2012-06-06,154.5,159.199997,156.589996,15771600,115.11458600000002,184202800,12125.0,140110000,1312100,1.2572,238420,84.12,86.28,54565,88920,1.661,1.661,1464.3,1439.3,631.25,82.82,33400,47.619999,45.256016,24414600,10490600
2012-06-07,154.729996,157.839996,153.190002,18921600,115.184349,184772700,12416.53027,131150000,966400,1.2562,284010,85.5,87.03,53840,105990,1.644,1.644,1445.0,1464.15,624.35,82.25,27250,45.990002,43.70694,28584100,8172300
2012-06-08,155.360001,154.830002,153.0,11074800,116.100296,143915400,12398.44043,111810000,1188100,1.2517,252950,83.63,84.68,53557,59030,1.632,1.632,1433.75,1444.6,610.65,82.28,30050,46.330002,44.03006,14443000,8895600
2012-06-11,156.46000700000005,155.399994,153.550003,9166600,114.626129,169756100,12398.48047,121060000,612100,1.2475,233780,85.72,86.65,54280,56430,1.586,1.586,1437.8,1446.1,620.8,82.0,30960,45.66,43.393314,13785700,9981000
2012-06-12,157.119995,157.03999299999995,155.449997,13241100,115.943237,181931800,12411.91016,111360000,595800,1.2513,245700,81.21,83.75,54500,59390,1.664,1.664,1451.7,1437.6,622.45,82.63,41580,46.759998,44.438713,13719300,6772900
2012-06-13,157.75,157.649994,156.419998,10109800,115.201836,172223900,12453.69043,125780000,1125100,1.2556,138290,83.53,84.03,54836,54440,1.599,1.599,1459.3,1451.4,618.8,82.445,44600,46.790001,44.46722800000001,13250500,7133200
2012-06-14,157.839996,157.940002,156.240005,11502400,116.423027,230615500,12497.66016,128640000,1147200,1.2631,35170,82.45,84.43,53951,67260,1.642,1.642,1491.65,1459.8,633.6,82.125,29760,46.93,44.600266,15090600,4941300
2012-06-15,157.929993,158.46000700000005,157.419998,13099300,117.613701,169444500,12651.37988,284290000,2662300,1.2638,148880,84.34,84.81,54400,43140,1.586,1.586,1482.6,1491.9,629.1,81.905,12980,46.919998,44.590763,12873200,4882600
2012-06-18,157.160004,158.21000700000005,156.53999299999995,6733000,117.841667,131360900,12696.17969,111280000,886300,1.2576,233810,85.1,85.61,54253,55740,1.574,1.574,1487.6,1493.45,633.9,81.235,110,47.73,45.36055800000001,13099100,5550600
2012-06-19,155.970001,158.139999,156.970001,6945900,118.981483,137382600,12744.46973,125180000,775900,1.2688,276700,83.06,84.41,54250,53010,1.62,1.62,1484.8,1487.5,630.0,82.11,34980,47.68,45.313046,10395000,7323500
2012-06-20,152.020004,157.369995,154.259995,16970200,118.788589,206451800,12744.91992,119110000,886200,1.2704,328770,86.03,86.33,53813,93980,1.65,1.65,1457.8,1484.9,618.35,81.65,42480,47.27,44.923393,21410300,21889300
2012-06-21,152.639999,154.229996,151.800003,14447500,116.123146,205272200,12561.45996,146750000,1074500,1.2544,351700,81.09,81.21,52815,90650,1.62,1.62,1435.9,1457.6,607.4,81.69,29680,44.82,42.595016,17763000,18460600
2012-06-22,153.759995,152.699997,151.21000700000005,6755200,117.01748700000002,130029200,12574.66992,209990000,619900,1.257,238670,78.12,80.39,52554,55420,1.676,1.676,1435.8,1436.15,609.3,82.49,22110,44.580002,42.366936,13971400,10231100
2012-06-25,152.619995,154.160004,152.25,6183600,115.14113600000002,146375700,12458.00977,134090000,696200,1.2505,211660,80.22,80.7,52307,66090,1.604,1.604,1444.9,1437.75,606.2,82.49,18420,45.16,42.91814,11187900,8658200
2012-06-26,152.830002,153.300003,152.130005,6123400,115.719803,141634000,12452.03027,109270000,539300,1.249,236480,79.23,79.69,52703,54970,1.628,1.628,1431.65,1445.9,592.65,82.65,25700,44.450001,42.243385,10339500,6897600
2012-06-27,151.050003,153.449997,152.149994,4840700,116.763191,108088000,12532.70996,97950000,637200,1.247,231830,79.48,80.93,52463,65650,1.621,1.621,1416.6,1431.0,577.75,82.585,19500,44.279999,42.081825,9853800,9332000
2012-06-28,155.190002,152.160004,150.149994,8755600,116.42997,169242100,12450.16992,125870000,625600,1.244,235160,80.5,80.86,51660,57020,1.584,1.584,1391.1,1416.55,562.4,82.755,31160,43.310001,41.159981,15493700,14080600
2012-06-29,155.089996,155.949997,154.520004,10378200,119.332214,212250900,12604.53027,191630000,738200,1.266,275790,78.47,85.36,51751,66900,1.643,1.643,1449.35,1391.0,582.5,82.885,40490,44.77,42.547501,12481800,20413600
2012-07-02,157.46000700000005,155.550003,154.339996,3654200,119.691673,129524500,12795.48047,109640000,394400,1.2586,245470,84.66,85.06,51912,8430,1.587,1.587,1450.75,1449.55,575.8,81.73,17070,44.759998,42.537994,6302200,17550700
2012-07-03,155.679993,157.720001,156.770004,5037700,120.480865,80450000,12845.28027,63850000,527100,1.2607,289690,83.69,88.06,52200,1680,1.628,1.628,1487.2,1450.9,599.5,82.025,14990,46.450001,44.1441,11298800,13959000
2012-07-05,153.71000700000005,156.399994,154.449997,5359900,119.93721,126177500,12852.24023,97800000,974600,1.2393,314930,87.75,88.98,52257,470,1.599,1.599,1477.6,1484.0,585.3,82.34,27610,45.77,43.497856,8584600,9915900
2012-07-06,154.03999299999995,154.490005,152.949997,7045700,118.797394,151192100,12702.99023,96760000,804200,1.2288,223920,86.86,87.25,52960,69520,1.5490000000000002,1.5490000000000002,1445.85,1477.65,577.2,82.91,30580,44.43,42.224377,12260200,9573900
2012-07-09,152.149994,154.580002,153.429993,4468500,118.648331,103780500,12686.57031,100150000,552600,1.2319,225170,84.34,86.62,53174,42530,1.513,1.513,1446.6,1441.55,583.2,83.56,23710,44.25,42.053314,8547200,6693700
2012-07-10,152.990005,155.179993,151.779999,9747900,117.613701,167884800,12606.91016,114760000,801200,1.2252,201850,86.02,86.12,52580,65660,1.5019999999999998,1.5019999999999998,1428.35,1446.45,576.7,83.305,18930,42.869999,40.741821,14906800,8195000
2012-07-11,152.589996,153.449997,152.020004,6838500,117.631233,141733400,12534.33008,128420000,1255000,1.2239,171820,84.14,86.61,52456,50580,1.515,1.515,1427.6,1428.4,581.6,83.54,19050,41.970001,39.886501,16633700,12335300
2012-07-12,154.139999,153.070007,150.850006,11394800,117.061317,143583200,12492.25,142760000,1229100,1.2198,175040,86.31,86.48,52202,72390,1.4780000000000002,1.4780000000000002,1419.0,1427.6,579.6,83.6,18840,41.709999,39.639408,24067000,7590800
2012-07-13,154.21000700000005,154.940002,153.440002,5080300,119.025352,129642600,12573.04004,121080000,526200,1.2252,110860,85.94,87.69,52718,46880,1.491,1.491,1432.5,1419.1,585.4,83.855,23230,42.310001,40.209618,13690600,4922500
2012-07-16,153.470001,154.75,153.979996,5710900,118.744736,97525200,12690.04981,93500000,493300,1.2273,18630,87.21,88.56,52413,40770,1.471,1.471,1422.6,1436.8,577.9,83.4,15630,42.16,40.06707,7989500,6852200
2012-07-17,153.050003,154.5,152.449997,13021800,119.560173,138860300,12645.09961,119620000,670100,1.2294,186280,88.33,89.53,52370,65660,1.508,1.508,1420.8,1422.65,584.0,83.26,19750,41.700001,39.629902,12185200,9198100
2012-07-18,153.380005,153.600006,152.399994,6807600,120.44574,113349700,12754.61035,130070000,385400,1.2284,198740,89.23,90.14,52535,39850,1.494,1.494,1408.9,1420.65,575.6,83.12,14570,41.119999,39.078697,8492600,6966100
2012-07-19,153.669998,154.320007,152.929993,6070000,120.761414,129847300,12889.92969,139480000,381600,1.228,199490,90.52,93.38,52609,43090,1.511,1.511,1420.45,1409.0,584.7,83.105,18930,41.59,39.52536,7725100,11888800
2012-07-20,153.029999,154.0,152.75,8583800,119.65663899999998,142904500,12810.34961,210770000,518000,1.2157,168460,96.22,96.3,52305,55240,1.4580000000000002,1.4580000000000002,1415.35,1420.25,575.9,83.015,22200,41.720001,39.648911,8173800,8440300
2012-07-23,153.520004,153.330002,152.28999299999995,5256700,118.446625,145210900,12583.41016,137760000,873300,1.2115,215640,91.68,91.71,52502,45850,1.4380000000000002,1.4380000000000002,1399.4,1407.85,573.3,83.75,22950,40.700001,38.679546,10124000,9779200
2012-07-24,155.669998,153.800003,152.199997,6538900,117.429565,173301200,12521.83984,131530000,921400,1.206,221460,88.13,89.18,52570,47540,1.391,1.391,1387.95,1400.75,564.2,83.835,18640,40.720001,38.698551,8483400,8374500
2012-07-25,156.770004,156.28999299999995,155.050003,9355900,117.455833,129122300,12617.62012,127320000,679700,1.2159,217390,88.21,89.37,52861,59850,1.3969999999999998,1.3969999999999998,1399.15,1387.9,565.8,84.135,18750,41.959999,39.876991,14456000,8850200
2012-07-26,157.53999299999995,157.259995,156.050003,7343500,119.393593,156526500,12680.58984,133620000,812700,1.2283,218010,89.16,90.53,53150,57180,1.4380000000000002,1.4380000000000002,1405.3,1400.25,570.6,83.755,35680,42.830002,40.703804,13397600,5639000
2012-07-27,157.429993,157.96000700000005,156.660004,9772600,121.594353,236768900,12888.53027,161510000,1189800,1.2319,185600,89.56,90.59,53001,50440,1.545,1.545,1411.45,1405.2,571.05,82.93,34350,43.130001,40.988918,12202100,5816600
2012-07-30,156.490005,157.660004,154.809998,7212100,121.594353,106782000,13042.84961,91730000,760000,1.226,128630,90.2,91.01,53125,51030,1.5,1.5,1416.05,1410.9,588.2,82.755,13970,43.720001,41.549625,7071700,5197000
2012-07-31,155.139999,157.720001,156.259995,10919700,120.743851,120575900,13006.48047,125980000,823600,1.2304,210360,89.68,90.31,53920,47420,1.47,1.47,1410.5,1415.85,588.0,82.865,14740,42.830002,40.703804,9413800,9083300
2012-08-01,154.130005,155.78999299999995,154.410004,12714500,120.638641,138293800,12951.16016,132780000,884600,1.2226,206850,88.17,89.61,52662,70640,1.524,1.524,1402.2,1410.15,583.4,82.78,20040,42.25,40.152596,30714900,8895700
2012-08-02,155.550003,155.139999,153.610001,11538800,119.80571,199556600,12778.90039,112770000,731400,1.218,259590,88.96,89.72,52818,63710,1.4780000000000002,1.4780000000000002,1388.7,1402.15,568.6,83.17,37920,42.040001,39.953022,11901900,8292200
2012-08-03,156.300003,155.889999,154.419998,10670700,122.181831,157825000,12884.82031,112390000,760000,1.2387,215450,87.42,91.9,52708,54050,1.568,1.568,1406.05,1388.2,579.6,83.43,24430,42.860001,40.732319,14580100,11879600
2012-08-06,156.279999,156.729996,155.740005,4610800,122.418549,86326200,13099.71973,84270000,568100,1.2401,149980,91.39,92.38,53151,32800,1.565,1.565,1401.3,1407.15,579.0,82.405,15130,43.73,41.559124,12916100,6693600
2012-08-07,156.479996,156.630005,156.009995,5923300,123.032303,109545100,13118.41992,95240000,936200,1.2401,177350,92.06,94.43,53261,35090,1.628,1.628,1409.4,1401.1,585.8,82.33,16550,44.23,42.034302,8880400,6784300
2012-08-08,156.990005,156.860001,156.259995,3620500,123.181374,89754700,13115.24023,84910000,716300,1.2365,188640,93.51,94.82,53087,43850,1.651,1.651,1409.25,1409.0,586.8,82.375,15850,43.990002,41.806221,10652200,6055600
2012-08-09,157.179993,157.0,156.279999,3177800,123.286575,90291700,13125.08984,84350000,310600,1.2306,141860,93.58,94.36,53322,32310,1.695,1.695,1413.2,1409.15,586.2,82.355,17790,44.560001,42.347923,8443400,2836500
2012-08-10,155.990005,157.820007,156.649994,4608000,123.488235,99792700,13094.95996,86640000,321800,1.229,139050,93.5,93.91,53027,52700,1.659,1.659,1400.95,1412.85,582.1,82.7,16660,44.849998,42.623524,5845300,3512300
2012-08-13,155.130005,157.449997,155.899994,4573300,123.426857,79426900,13112.94043,67550000,444700,1.2332,146510,93.38,94.27,53312,29700,1.666,1.666,1388.85,1401.1,574.8,82.64,13100,44.240002,42.043808,8020400,4096800
2012-08-14,156.559998,155.580002,154.830002,5075200,123.444382,102379400,13142.09961,84430000,328100,1.2322,103780,92.85,94.06,53309,34860,1.733,1.733,1396.85,1390.1,579.3,82.525,15660,43.93,41.749203,6268600,4291400
2012-08-16,156.720001,157.089996,155.5,8838300,124.496574,112014200,13145.84961,114580000,618000,1.2355,14430,94.41,95.96,53385,43380,1.835,1.835,1436.65,1396.25,582.5,82.695,19640,45.650002,43.383816,14382600,7147500
2012-08-17,157.259995,157.070007,156.220001,7812100,124.663124,90813700,13244.84961,138550000,457000,1.2334,178790,95.49,96.53,53610,36760,1.814,1.814,1474.75,1437.0,607.2,82.445,15870,45.34,43.08920300000001,7456000,5130700
2012-08-20,158.830002,157.399994,156.470001,7846200,124.671921,78255700,13230.05957,87590000,415100,1.2344,162570,96.66,96.83,53520,37210,1.81,1.81,1489.65,1477.75,606.8,82.56,11080,45.619999,43.355305,6397600,5292000
2012-08-21,160.53999299999995,159.199997,158.690002,11833100,124.294899,105581100,13186.59961,117060000,1092400,1.2472,172400,96.13,97.76,54315,60710,1.802,1.802,1508.9,1489.45,625.1,82.485,27410,46.380001,44.077568,16393800,6949700
2012-08-22,161.889999,160.630005,158.509995,13605900,124.347504,133243500,13120.33984,111220000,1258000,1.2528,203760,97.03,97.62,55115,54000,1.695,1.695,1539.1,1508.95,631.9,81.9,26960,47.5,45.141975,15922200,7176900
2012-08-23,161.970001,162.449997,161.229996,17237600,123.330429,111466400,13046.45996,108800000,1173400,1.2564,196030,97.41,98.4,55425,107340,1.675,1.675,1542.25,1539.6,652.0,81.48,22210,47.419998,45.065945,14891700,9755100
2012-08-24,161.360001,162.350006,161.330002,8497200,124.075722,99481200,13027.2002,88030000,519600,1.2513,215530,96.31,97.42,56389,71330,1.6869999999999998,1.6869999999999998,1550.45,1542.1,652.5,81.39,15490,47.57,45.2085,7617800,4281800
2012-08-27,161.639999,162.28999299999995,161.339996,5380200,124.101974,68785900,13115.45996,96070000,662900,1.25,171390,96.77,97.82,57409,78720,1.652,1.652,1545.3,1550.7,653.1,81.615,9520,46.900002,44.571758,8282900,7410800
2012-08-28,160.589996,162.190002,161.300003,5074200,123.979202,75689600,13081.12012,81630000,378200,1.2565,191610,95.69,96.57,57351,48880,1.6369999999999998,1.6369999999999998,1518.2,1545.55,635.9,81.7,12830,46.849998,44.524242,7093000,5587500
2012-08-29,160.520004,161.679993,160.179993,9287700,124.075722,65421300,13081.26953,91530000,505100,1.2529,181930,96.17,96.47,57160,54930,1.652,1.652,1517.35,1518.15,630.1,81.365,11040,46.389999,44.08707800000001,8076100,7633500
2012-08-30,164.220001,161.309998,160.009995,5813700,123.181374,96589900,12978.91016,89980000,528000,1.2506,157320,95.33,95.63,56731,51430,1.628,1.628,1507.65,1517.0,614.9,81.57,12380,46.02,43.735447,8065700,5136100
2012-08-31,164.479996,164.220001,159.559998,18024200,123.76886,151970400,13002.63965,119780000,1010200,1.2577,209500,94.92,97.09,56613,60170,1.548,1.548,1540.15,1507.7,627.95,81.7,24480,47.939999,45.560131,26221700,8277800
2012-09-04,164.309998,164.770004,163.660004,12034800,123.654823,120226200,12977.08984,103920000,729800,1.2567,216750,96.38,97.38,59700,1540,1.574,1.574,1566.9,1553.1,640.25,81.235,12610,47.77,45.398571,10668700,6593100
2012-09-05,164.889999,164.389999,163.809998,8401900,123.549622,100660300,13018.74023,92550000,469400,1.2601,229600,95.62,96.03,60199,1250,1.596,1.596,1567.8,1567.2,646.15,81.49,19880,47.93,45.550632,6741300,6826200
2012-09-06,168.440002,165.779999,164.800003,12961100,126.057251,158272500,13045.08008,128650000,641700,1.2631,234050,96.01,97.72,62027,119570,1.676,1.676,1581.1,1568.05,647.0,81.255,24210,49.130001,46.691063,15134600,12623300
2012-09-07,167.28999299999995,169.0,167.369995,19138600,126.548294,107272100,13266.21973,142210000,1534900,1.2816,227680,94.72,96.75,61398,106660,1.668,1.668,1591.75,1580.85,654.0,81.12,28230,50.459999,47.955032,18402500,10436700
2012-09-10,167.899994,168.139999,167.229996,7760600,125.829247,86458500,13251.38965,123810000,737900,1.2759,149700,96.3,96.69,63759,70280,1.654,1.654,1592.35,1597.5,672.25,80.185,20650,49.48,47.023682,11893500,4298800
2012-09-11,167.919998,168.529999,167.78999299999995,7522900,126.180031,88760000,13253.20996,104920000,890300,1.2855,151870,96.4,97.41,63638,55880,1.7,1.7,1606.0,1592.5,674.4,80.36,20180,49.810001,47.337299,9796700,5879100
2012-09-12,171.309998,168.869995,167.25,9945400,126.600876,87640900,13317.51953,111520000,958600,1.29,135260,96.91,98.12,61912,119570,1.758,1.758,1643.45,1605.95,678.8,79.86,35300,50.009998,47.527367,18235400,5777700
2012-09-13,171.800003,171.910004,166.300003,28336900,128.52981599999998,225470200,13325.11035,151770000,1724900,1.2989,25030,97.01,98.66,62273,129420,1.721,1.721,1692.85,1643.3,688.5,79.665,29550,52.52,49.912773,32409600,9560300
2012-09-14,170.399994,172.229996,171.309998,16847500,129.099747,169777000,13533.94043,185160000,1678800,1.3127,181370,98.08,100.46,63801,87100,1.869,1.869,1709.0,1693.05,698.8,79.23,16150,53.860001,51.186249,27035600,7355700
2012-09-17,171.720001,171.96000700000005,170.059998,11281600,128.661346,119427800,13526.669919999998,128020000,1213100,1.3117,212970,99.36,99.73,63605,48070,1.843,1.843,1665.3,1708.3,688.6,78.84,880,53.889999,51.214756,12992700,24872100
2012-09-18,171.740005,171.949997,170.669998,12486600,128.556137,98326600,13517.80957,120720000,1557300,1.3048,212110,96.92,97.44,63323,85350,1.812,1.812,1621.6,1665.2,666.85,79.085,15260,54.32,51.623409,16323500,8091900
2012-09-19,171.470001,172.029999,171.190002,9125800,128.626266,128318300,13556.74023,116210000,1200600,1.3048,298800,95.72,96.41,64132,35970,1.774,1.774,1641.5,1621.6,671.9,79.27,19020,54.790001,52.070087,15389300,21758500
2012-09-20,171.96000700000005,171.690002,170.229996,8703000,128.635056,154009800,13503.0,117910000,1636600,1.2969,250450,96.58,97.18,63711,60800,1.765,1.765,1628.9,1641.45,659.6,79.135,27150,54.360001,51.661423,11582300,8541800
2012-09-21,171.050003,173.179993,171.53999299999995,13361300,128.581268,108737500,13571.53027,429610000,2746100,1.298,161970,93.06,93.97,63111,85910,1.754,1.754,1635.8,1629.8,672.1,79.46,18660,54.810001,52.089088,13869600,7118500
2012-09-24,170.770004,171.389999,170.570007,9177900,128.38734399999998,95682000,13521.67969,120370000,964900,1.2931,187250,93.23,93.23,62034,69120,1.715,1.715,1626.5,1634.35,644.35,79.42,18010,52.959999,50.330925,16072900,5414600
2012-09-25,169.809998,172.110001,170.5,10365300,127.021065,133165200,13457.25,138630000,1136900,1.29,195940,92.2,93.3,62112,61820,1.671,1.671,1632.85,1626.7,638.4,79.555,16290,52.169998,49.580139,17410200,5975400
2012-09-26,172.339996,170.050003,168.339996,12064800,126.30706,146502200,13406.91016,124350000,1502500,1.2872,198470,91.0,91.52,61830,73710,1.609,1.609,1641.0,1632.8,624.7,79.725,17200,52.400002,49.798725,18635900,11275400
2012-09-27,171.889999,172.600006,170.759995,10539500,127.49706299999998,111830300,13413.46973,113990000,752200,1.2914,226560,90.18,92.49,62250,68650,1.656,1.656,1657.65,1641.2,637.0,79.865,18220,53.889999,51.214756,17141300,7854200
2012-09-28,172.28999299999995,172.479996,171.339996,9681200,126.906509,150696100,13367.26953,146950000,803400,1.2858,184800,92.38,92.73,62626,54880,1.633,1.633,1667.25,1657.85,638.3,79.625,22450,53.689999,51.024689,10909100,5524200
2012-10-01,172.410004,173.619995,171.770004,10676400,127.241432,135911200,13437.66016,106120000,973400,1.2889,161820,92.19,93.36,62203,91110,1.618,1.618,1677.5,1656.65,643.5,80.045,18310,53.93,51.252769,10912600,6005100
2012-10-03,173.610001,172.610001,171.889999,5647600,127.893715,121283100,13439.12012,103890000,793700,1.2906,240500,91.67,91.84,62252,50420,1.616,1.616,1691.15,1679.45,655.7,79.855,13940,52.720001,50.102837,11934900,16350900
2012-10-04,172.619995,174.070007,172.919998,10376800,128.810486,124311600,13495.17969,106390000,828000,1.3018,240030,88.06,91.89,61891,56920,1.673,1.673,1726.7,1691.45,673.1,79.94,20030,54.25,51.556885,14103200,12085500
2012-10-05,170.990005,173.369995,172.009995,8871000,128.81926,124842100,13568.75,115500000,915500,1.3034,237740,91.61,91.8,61651,59680,1.732,1.732,1711.25,1727.05,661.4,79.48,17730,53.650002,50.986671,12997100,7233000
2012-10-09,170.839996,172.169998,170.559998,7750700,127.109215,148872900,13473.30957,103630000,795800,1.2885,213790,89.75,93.04,61120,62590,1.713,1.713,1688.55,1696.2,655.8,79.65,24270,52.080002,49.494617,13256500,13362800
2012-10-10,171.320007,171.339996,170.300003,7361300,126.298241,124247500,13327.62012,101120000,1372100,1.2875,180310,92.36,93.75,61562,56690,1.68,1.68,1671.05,1688.15,649.2,80.185,18390,52.48,49.874752,11006200,8406700
2012-10-11,170.059998,171.949997,171.130005,5714900,126.368767,123601500,13326.12012,86630000,563000,1.2927,144680,91.34,93.01,61731,49540,1.668,1.668,1686.15,1669.8,652.5,80.145,17280,52.490002,49.884258,7463700,8009100
2012-10-12,168.350006,171.410004,169.809998,8266000,125.95446,124181900,13296.42969,113740000,701200,1.295,119850,92.64,92.87,61061,56190,1.656,1.656,1655.35,1686.25,634.3,79.85,15020,51.66,49.09545900000001,10958100,4685500
2012-10-15,169.419998,169.100006,167.529999,10704900,127.003426,107689100,13325.92969,114880000,735100,1.295,108780,91.72,92.28,59858,64930,1.668,1.668,1642.6,1639.55,633.4,79.82,14000,51.639999,49.076454,10377700,10542400
2012-10-16,169.53999299999995,169.449997,168.669998,6204000,128.29039,108815500,13423.75977,113450000,789600,1.3054,20620,91.83,92.38,59761,47630,1.722,1.722,1654.15,1642.6,641.8,79.745,19140,52.669998,50.055317,11357500,6138300
2012-10-17,168.78999299999995,169.949997,168.919998,5203400,128.872177,128834100,13468.90039,135570000,676800,1.3119,197960,92.13,92.91,60060,45460,1.822,1.822,1667.5,1654.0,651.0,79.215,18830,53.110001,50.473476,10937100,5150000
2012-10-18,166.970001,169.309998,168.589996,6607100,128.537201,148108500,13510.92969,128410000,801300,1.3066,212560,92.19,92.72,60050,52270,1.831,1.831,1647.35,1667.6,645.0,79.12,17860,51.52,48.962418,14783900,8306800
2012-10-19,167.580002,168.449997,166.229996,13860400,126.395218,185645200,13312.21973,239080000,697900,1.3022,231130,92.79,93.8,59623,68370,1.766,1.766,1621.75,1647.75,625.7,79.425,17720,51.73,49.161987,19920000,12271300
2012-10-22,165.429993,167.630005,167.029999,6366200,126.412872,125578600,13235.15039,121880000,689200,1.306,218730,91.14,92.42,59325,46590,1.815,1.815,1615.15,1617.45,625.5,79.7,14740,52.43,49.827232,10197500,17213400
2012-10-23,164.860001,166.059998,165.119995,11892500,124.658699,192056300,13083.28027,122220000,729000,1.2986,254990,89.22,89.37,58841,57970,1.761,1.761,1581.8,1615.0,598.9,79.62,21580,50.959999,48.430214,14897400,14037500
2012-10-24,166.020004,165.830002,164.600006,10794600,124.306152,120179400,13063.62988,110670000,694200,1.2974,233370,86.62,87.49,58860,29840,1.794,1.794,1568.85,1582.15,595.5,80.035,18540,50.060001,47.574883,15897400,13591100
2012-10-25,165.929993,166.529999,165.770004,7013800,124.667503,134457400,13017.37012,114590000,619400,1.2934,216600,85.71,86.81,59151,33270,1.812,1.812,1571.85,1568.4,606.1,80.075,17230,51.59,49.028938,17175500,8489600
2012-10-26,166.830002,166.600006,165.770004,6441300,124.597,146023500,13040.16992,134640000,633600,1.2942,210560,86.12,86.5,58951,40520,1.749,1.749,1547.15,1572.1,597.1,80.185,24920,51.240002,48.696312,8553500,7962600
2012-10-31,166.070007,167.279999,166.380005,4681500,124.597,103438500,13052.07031,138160000,731000,1.296,174270,85.8,87.25,59455,44930,1.694,1.694,1570.3,1557.65,606.7,80.005,16080,52.900002,50.273903,17965000,5258000
2012-11-01,162.600006,167.03999299999995,166.03999299999995,6018000,125.90155,100995600,13099.11035,140510000,497900,1.2942,205330,86.19,87.5,59660,52630,1.73,1.73,1570.15,1571.25,610.5,79.99,18560,52.009998,49.428085,10229600,7899100
2012-11-02,163.229996,164.470001,162.300003,14763100,124.782082,137702200,13076.57031,137660000,928700,1.2837,222830,87.01,87.34,57455,87520,1.717,1.717,1545.5,1570.25,600.7,80.115,28230,49.759998,47.28978,20450400,8000900
2012-11-05,166.300003,163.419998,162.809998,6156200,125.03775,98378500,13038.70996,95350000,446000,1.2797,217320,84.67,85.92,57582,58760,1.679,1.679,1549.2,1551.2,612.7,80.71,18160,49.389999,46.938156,10855400,6981200
2012-11-06,166.490005,166.770004,163.610001,16051800,126.016159,107068100,13112.90039,105710000,784300,1.2814,259930,85.75,89.31,58355,70950,1.751,1.751,1556.45,1549.5,615.3,80.8,24330,50.34,47.840996,18612700,9763600
2012-11-07,167.990005,167.130005,165.03999299999995,13195200,123.160194,264304500,12876.59961,164250000,667200,1.2771,265330,88.46,88.84,58385,108360,1.644,1.644,1546.6,1555.95,611.8,80.785,34740,51.07,48.534748,15286700,14121100
2012-11-08,167.820007,168.160004,166.119995,8829000,121.679314,181517300,12811.24023,138350000,623600,1.2747,200130,84.54,85.72,59213,63150,1.618,1.618,1547.5,1546.5,614.8,80.94,20680,51.41,48.857872,15624700,7545600
2012-11-09,167.100006,168.53999299999995,167.550003,7361000,121.785072,201055300,12743.38965,131670000,512000,1.2709,201020,85.16,86.92,60000,72790,1.6130000000000002,1.6130000000000002,1554.95,1547.1,606.4,80.95,23740,50.669998,48.154606,10771000,6885400
2012-11-13,167.139999,167.940002,166.630005,6463300,121.458916,123018300,12748.50977,142200000,478700,1.2704,140010,85.71,86.07,60587,17370,1.595,1.595,1585.85,1563.75,635.3,81.19,20690,49.48,47.023682,10448100,6217700
2012-11-14,166.089996,168.03999299999995,166.779999,8510500,119.819359,191505000,12542.67969,162180000,604300,1.2736,113910,85.44,86.72,60680,46290,1.589,1.589,1586.45,1586.15,633.4,81.15,23310,47.220001,44.875877,25574300,11898600
2012-11-15,165.880005,167.050003,165.179993,10023200,119.616631,178128400,12496.55957,129150000,796100,1.278,21030,86.57,87.04,60335,58290,1.595,1.595,1572.35,1586.55,632.5,81.205,24280,45.970001,43.687931,29679400,11982900
2012-11-16,167.869995,166.360001,165.470001,6944000,120.207245,239483900,12471.49023,197110000,678400,1.2744,200900,85.3,87.03,60511,62420,1.584,1.584,1560.25,1572.3,626.9,81.095,28850,46.470001,44.163116,22350700,10099100
2012-11-19,167.389999,168.160004,167.380005,6764500,122.64011399999998,151495800,12590.23047,136910000,701400,1.2813,232660,87.38,89.88,60962,55410,1.6130000000000002,1.6130000000000002,1577.7,1564.95,641.3,81.25,17490,47.77,45.398571,15537800,9312500
2012-11-20,167.559998,168.020004,166.839996,5496100,122.693008,119807400,12701.07031,134160000,638000,1.2818,236770,89.22,89.26,61425,53080,1.668,1.668,1580.85,1577.5,637.0,81.025,13520,47.360001,45.008923,10107900,16924600
2012-11-21,169.610001,167.820007,166.970001,3810700,122.92218,81710800,12786.12988,97300000,675000,1.2829,192520,87.33,87.94,61510,45720,1.68,1.68,1580.35,1580.8,646.0,80.98,4950,48.080002,45.69318,8856600,9170100
2012-11-23,169.429993,170.009995,167.800003,6110100,124.597,65409200,12832.98047,61110000,452800,1.2976,103820,87.71,88.56,62115,66190,1.693,1.693,1622.6,1583.05,666.3,80.755,20540,48.740002,46.320419,12737700,2181900
2012-11-26,168.71000700000005,169.729996,169.25,5377700,124.332558,100124400,12900.16992,114360000,678200,1.2973,134490,88.29,88.38,63225,63210,1.666,1.666,1615.6,1616.6,665.8,80.23,13150,48.75,46.329918,12536000,2919200
2012-11-27,166.550003,169.399994,168.619995,7314400,123.697891,128646200,12868.25977,117900000,586800,1.2945,178240,87.91,88.34,63361,51680,1.639,1.639,1612.4,1615.65,669.1,80.12,18600,47.459999,45.103958,18502000,4624300
2012-11-28,167.179993,166.839996,165.380005,12880100,124.69397,177086500,12765.32031,131000000,972200,1.2953,192920,87.42,87.44,61951,62090,1.633,1.633,1612.3,1611.55,674.6,80.39,15930,47.900002,45.52212100000001,14299200,6680400
2012-11-29,166.050003,167.5,166.850006,7446800,125.275719,151085900,12961.91992,113620000,1033200,1.2978,254910,86.62,88.75,62264,56910,1.62,1.62,1614.15,1612.6,685.2,80.32,19820,48.040001,45.655167,9941800,5670600
2012-11-30,166.130005,167.220001,165.529999,8412300,125.302147,136568300,12988.67969,171070000,683100,1.2986,162850,87.79,89.12,60968,33780,1.616,1.616,1603.8,1614.2,686.25,80.195,15930,47.549999,45.189491,11111000,3811900
2012-12-03,164.419998,166.919998,166.03999299999995,6363400,124.685127,124656300,12959.41992,112900000,663300,1.3054,195730,88.89,90.37,61505,1460,1.622,1.622,1608.1,1605.3,689.45,80.195,23560,46.48,44.172607,14753700,5152600
2012-12-04,164.119995,164.830002,163.869995,10208900,124.508881,127512200,12940.07031,125290000,802900,1.3094,213910,89.02,89.27,60433,610,1.605,1.605,1583.5,1608.05,681.1,79.885,21330,46.650002,44.33417100000001,11930500,3167500
2012-12-05,164.5,164.5,163.199997,10646800,124.72921,147300500,12923.44043,161230000,1231900,1.3068,184650,88.54,89.09,60033,440,1.591,1.591,1581.85,1583.0,685.95,79.62,17870,45.349998,43.098705,16368500,4802100
2012-12-06,165.160004,165.0,163.529999,7301600,125.152298,103220600,13007.83984,116850000,733800,1.2968,215280,87.91,88.27,61601,75900,1.586,1.586,1596.7,1581.8,695.55,79.865,25640,45.549999,43.28878,13228400,6449400
2012-12-07,165.800003,165.220001,164.600006,7289500,125.531403,108726400,13072.87012,124130000,479900,1.2927,181180,86.47,87.0,61908,64010,1.6230000000000002,1.6230000000000002,1607.85,1596.65,696.5,80.27,32250,45.93,43.64991,10047800,3483600
2012-12-10,165.649994,166.160004,165.71000700000005,4646600,125.584244,98840700,13139.08008,118530000,536000,1.2941,168700,86.05,86.85,62658,38760,1.618,1.618,1622.85,1608.9,703.25,80.54,19740,46.52,44.210629,9836300,3165500
2012-12-11,165.770004,165.660004,165.119995,4724000,126.439278,152570400,13170.33984,124510000,383800,1.3006,160060,85.76,86.43,62102,40030,1.656,1.656,1632.9,1623.15,695.3,80.32,17270,46.279999,43.982536,7457600,4883300
2012-12-12,164.369995,166.940002,165.360001,14164700,126.500969,145880100,13227.44043,127510000,913700,1.3074,169430,85.76,87.75,62260,65250,1.702,1.702,1628.3,1633.0,699.65,80.07,45360,47.630001,45.265526,23020300,6033600
2012-12-13,164.130005,164.899994,163.779999,9332800,125.725304,135715000,13147.19043,101190000,560400,1.3078,77620,86.78,86.98,61415,80300,1.732,1.732,1614.35,1628.4,690.25,79.9,19360,46.34,44.039562,15955300,2738100
2012-12-14,164.440002,164.479996,164.020004,5351700,125.258102,137701700,13118.45996,117620000,442200,1.3163,16500,86.22,87.01,61223,46610,1.704,1.704,1618.2,1614.4,703.4,79.955,13370,46.48,44.172607,12424800,2527000
2012-12-17,162.080002,164.619995,164.130005,8173300,126.730164,143238200,13134.62988,142980000,553000,1.3165,129070,86.98,87.81,61230,50580,1.773,1.773,1608.25,1614.85,697.2,79.59,2240,46.509998,44.201118,9087200,2790100
2012-12-18,161.690002,164.429993,160.899994,23995000,128.140533,177762800,13232.58008,152920000,834800,1.3230000000000002,137270,87.69,88.4,60566,75070,1.821,1.821,1598.4,1608.35,689.85,79.62,21580,45.75,43.478855,14998700,3494600
2012-12-19,159.729996,162.220001,161.110001,12991600,127.188545,150895400,13251.74023,149020000,509300,1.3228,162390,89.44,91.4,59525,86290,1.807,1.807,1588.45,1598.35,694.0,79.38,31550,45.360001,43.108212,10954600,5515200
2012-12-20,160.330002,160.119995,158.389999,25148400,127.920128,168487000,13216.03027,119800000,703500,1.3244,136540,89.73,90.59,57223,108530,1.8,1.8,1555.5,1588.6,679.25,79.405,21970,45.07,42.832607,14517200,3195900
2012-12-21,160.619995,160.759995,159.779999,13445400,126.759018,245883800,13122.53027,413270000,566500,1.3188,132660,90.1,90.16,57288,85470,1.77,1.77,1539.3,1555.0,681.3,79.375,22720,45.18,42.937145,11377700,6278500
2012-12-24,160.779999,160.96000700000005,160.470001,3699400,126.368462,53874600,13128.54981,47710000,164500,1.3186,49450,88.66,88.91,57665,41990,1.776,1.776,1538.75,1544.15,685.8,79.7,8260,44.849998,43.063889,5888200,1541600
2012-12-26,161.160004,161.490005,160.639999,4961800,125.83578500000002,106947700,13076.87012,79410000,266000,1.3224,75290,88.66,91.34,57270,42960,1.749,1.749,1544.15,1550.3,691.4,79.735,9970,45.150002,43.351944,7026700,5560400
2012-12-27,160.53999299999995,161.309998,160.050003,8937700,125.667068,167920600,12964.08008,100160000,691500,1.3236,104800,91.06,91.5,57227,66890,1.734,1.734,1537.6,1544.0,707.35,79.64,15350,45.439999,43.630394,17914700,3909400
2012-12-28,162.020004,160.970001,160.149994,6852900,124.308876,148806700,12926.86035,85980000,350300,1.3216,117890,91.31,91.65,57440,41920,1.7009999999999998,1.7009999999999998,1524.7,1536.6,699.6,79.725,15290,44.93,43.140705,10707600,4069100
2012-12-31,163.169998,162.75,160.770004,11786200,126.421715,243935200,12883.88965,145740000,485300,1.3196,98680,90.44,92.02,57523,37410,1.756,1.756,1543.0,1527.3,704.6,79.735,11780,46.389999,44.542557,16214700,4750100
2013-01-02,161.199997,164.139999,163.139999,10431800,129.66188,192059000,13104.29981,161430000,456900,1.3186,183140,91.88,93.97,57896,88590,1.835,1.835,1571.5,1540.15,706.9,79.62,18900,47.099998,45.224281,13210600,5544800
2013-01-03,160.440002,162.880005,160.830002,16117500,129.368927,144761800,13358.29981,129630000,649600,1.3048,190290,92.93,93.32,58550,56890,1.911,1.911,1555.15,1571.65,693.2,79.93,33630,45.139999,43.342342,22829200,3915400
2013-01-04,159.429993,160.630005,158.889999,19179800,129.937088,116817700,13376.23047,107590000,596000,1.3069,191330,92.91,93.25,56805,110300,1.903,1.903,1560.8,1555.1,687.8,80.77,40390,45.330002,43.524776,16822300,5940900
2013-01-07,160.559998,159.96000700000005,159.149994,9361800,129.582047,110002500,13343.32031,113120000,462800,1.3117,203500,93.23,93.38,57768,67630,1.901,1.901,1561.1,1563.8,672.7,80.61,36590,44.48,42.708626,15483900,2853400
2013-01-08,160.490005,160.990005,160.009995,7694800,129.209152,121265100,13293.12988,129570000,552700,1.3083,194000,93.41,93.89,58050,64000,1.864,1.864,1582.35,1560.95,673.7,80.31,15520,44.650002,42.871861,11815600,3841500
2013-01-09,161.979996,160.830002,159.899994,8334200,129.537582,90745600,13329.08008,123070000,712800,1.3064,171950,93.18,93.68,57705,52280,1.86,1.86,1594.95,1582.0,686.9,80.51,27720,44.360001,42.593407,7690400,2752600
2013-01-10,161.059998,162.559998,161.610001,11432600,130.567337,130735400,13382.29004,133520000,638400,1.3271,196970,93.22,94.73,57881,58550,1.899,1.899,1634.95,1594.85,698.6,80.75,38460,45.41,43.601585,16542800,3457900
2013-01-11,161.53999299999995,161.899994,160.110001,13675600,130.558502,113917300,13439.96973,119200000,715200,1.3344,168070,93.9,94.16,57810,60300,1.866,1.866,1632.4,1635.85,702.1,79.86,30220,45.400002,43.591984,12013900,3560300
2013-01-14,162.559998,161.970001,161.130005,7289000,130.46975700000002,89567200,13459.83984,118460000,469400,1.3383,110230,93.78,94.33,58300,55520,1.848,1.848,1656.75,1634.85,703.7,79.535,25940,45.23,43.428757,8074700,3146900
2013-01-15,162.649994,163.169998,162.350006,10077800,130.558502,93172600,13445.79981,102280000,534300,1.3304,101260,94.23,94.47,58765,57660,1.836,1.836,1685.5,1656.85,712.6,79.54,33210,45.59,43.774422,9774200,2991700
2013-01-16,163.350006,163.029999,162.149994,9214700,130.540771,104849500,13468.95996,118540000,303500,1.329,19710,93.44,94.39,59174,51520,1.819,1.819,1690.65,1684.4,722.8,79.765,21230,45.209999,43.409554,8441200,4235400
2013-01-17,163.089996,164.399994,161.830002,14911400,131.384079,133833500,13510.24023,183900000,446400,1.3377,206290,94.24,96.09,58528,81090,1.884,1.884,1687.6,1691.0,725.4,79.8,25250,45.0,43.207912,12326900,6644100
2013-01-18,163.669998,163.970001,163.020004,10038100,131.67706299999998,169906000,13571.86035,260900000,306700,1.3319,182510,95.34,95.82,59155,54380,1.84,1.84,1670.45,1687.35,720.2,79.76,26100,45.110001,43.313538,8141400,3997500
2013-01-22,163.21000700000005,164.220001,163.369995,8587900,132.387238,111797300,13622.95996,144300000,556000,1.3321,207850,95.25,96.38,59217,48130,1.843,1.843,1700.55,1683.55,726.8,80.185,24740,45.82,43.995258,12118800,4393500
2013-01-23,161.419998,163.949997,163.0,6697000,132.600281,104596100,13710.12988,104490000,469600,1.3318,239710,96.87,97.03,59525,52520,1.828,1.828,1688.4,1701.0,724.1,79.94,18760,44.560001,42.785439,16697100,6150300
2013-01-24,160.649994,162.270004,161.179993,13188300,132.635803,146426400,13779.330080000002,124780000,593500,1.3376,211580,95.56,96.75,58881,65490,1.852,1.852,1681.1,1688.55,726.7,80.05,18940,43.23,41.508408,25261700,4813600
2013-01-25,160.28999299999995,161.03999299999995,160.309998,9037400,133.3815,147211600,13825.330080000002,130300000,1317700,1.3462,204350,95.98,96.59,58176,50630,1.949,1.949,1696.15,1681.35,741.8,80.08,28050,41.919998,40.250576,35696400,3823000
2013-01-28,160.990005,160.729996,160.020004,8491600,133.22166399999998,113357700,13862.57031,113570000,950800,1.3456,172160,96.09,96.86,57677,62550,1.965,1.965,1668.65,1693.75,737.5,79.84,19550,41.48,39.828098,18548900,3657800
2013-01-29,162.190002,161.309998,160.690002,7364900,133.745453,105694400,13880.00977,108230000,853900,1.3493,208910,96.5,97.85,57711,44520,1.999,1.999,1682.3,1668.7,751.1,79.85,21060,42.25,40.567436,16484400,5911200
2013-01-30,161.199997,163.03999299999995,162.029999,12010000,133.22166399999998,137447700,13896.9502,117200000,727600,1.3568,200610,97.39,98.31,57712,77590,1.992,1.992,1688.85,1682.35,749.3,79.625,35290,41.959999,40.288982,19525600,5432400
2013-01-31,161.449997,161.809998,160.470001,9334000,132.893219,108975800,13860.580080000002,142600000,643000,1.3579,195490,98.0,98.08,57472,71740,1.985,1.985,1677.1,1688.8,743.8,79.275,30050,41.619999,39.962521,12440500,4417800
2013-02-01,162.0,162.770004,160.869995,12904300,134.26036100000002,131173000,13860.580080000002,128420000,622500,1.364,245850,97.44,98.17,57729,75360,2.025,2.025,1684.7,1677.15,756.3,79.14,43790,42.220001,40.538628,17063300,5387500
2013-02-04,161.96000700000005,162.419998,161.149994,7354900,132.75116,159073600,13866.830080000002,130420000,679400,1.3514,214960,97.75,97.79,57910,51800,1.957,1.957,1699.85,1688.35,756.7,79.175,27260,42.34,40.653843,9921100,5119900
2013-02-05,162.389999,162.78999299999995,161.330002,8979400,134.09166000000002,113912400,13880.080080000002,134390000,626900,1.3584,227100,96.14,97.08,58052,63870,2.005,2.005,1714.15,1700.0,765.6,79.65,31430,42.259998,40.57703400000001,7646100,3171500
2013-02-06,161.839996,162.630005,161.990005,6138700,134.189316,138762800,13913.17969,127560000,299300,1.3523,207780,96.7,97.05,58076,41840,1.964,1.964,1737.6,1713.55,764.2,79.555,25290,42.540001,40.845882,8173500,4254000
2013-02-07,161.570007,162.96000700000005,161.130005,12827200,134.01178000000002,162490000,13852.2002,118530000,819900,1.3396,242300,96.94,97.29,57762,78760,1.959,1.959,1718.35,1737.8,750.3,79.805,46430,42.599998,40.903496,9787300,3943100
2013-02-08,159.699997,162.020004,161.199997,6085900,134.757431,103133700,13944.04981,99860000,298600,1.3365,206480,95.94,96.58,57966,45690,1.95,1.95,1716.75,1718.55,754.0,80.3,25100,42.32,40.634644,5593600,3134300
2013-02-11,159.889999,159.979996,159.25,12083500,134.73085,73775000,13940.41016,75090000,592000,1.3407,141280,95.86,97.16,57542,56740,1.964,1.964,1696.3,1713.9,758.5,80.275,29300,41.470001,39.818501,11962600,4737100
2013-02-12,159.050003,160.050003,158.880005,7632300,134.952759,65392700,13968.94043,117180000,657700,1.3454,98000,97.02,97.85,57211,55460,1.979,1.979,1722.45,1696.75,773.5,80.415,27870,41.919998,40.250576,11065200,2730600
2013-02-13,158.350006,159.639999,158.770004,8961300,135.06814599999998,82322600,13945.78027,130520000,668700,1.3453,27820,97.62,98.14,57405,41920,2.028,2.028,1722.9,1722.15,765.3,80.1,28470,41.200001,39.559254,14594300,5132600
2013-02-14,155.759995,159.649994,158.03999299999995,12410200,135.192444,80834300,13921.94043,114800000,434300,1.3361,186860,97.2,97.74,56550,67250,1.998,1.998,1714.15,1722.85,764.5,80.18,34170,41.360001,39.712872,9956400,2113900
2013-02-15,155.330002,156.580002,154.559998,23374100,135.032669,215226500,13906.73047,195670000,1177500,1.3363,216480,97.42,97.55,55947,70160,2.005,2.005,1680.65,1713.4,756.1,80.48,19400,39.889999,38.301418,22895700,7041000
2013-02-19,151.440002,155.839996,154.929993,11803900,136.04466200000002,95105400,13977.90039,136410000,1008400,1.3388,134900,96.02,96.78,54872,75260,2.028,2.028,1692.6,1699.1,764.3,80.745,15640,39.369999,37.802124,15353800,4226400
2013-02-20,152.619995,153.929993,150.839996,30924000,134.349121,160574800,13919.28027,138540000,1086100,1.3281,219240,98.59,99.0,53266,115610,2.01,2.01,1648.8,1692.55,741.1,80.46,40940,37.450001,35.958584,37094600,11400700
2013-02-21,152.970001,153.410004,151.899994,17964800,133.532425,183257000,13834.40039,131410000,1104200,1.3189,248790,94.78,94.98,53077,107880,1.974,1.974,1624.75,1648.65,735.5,81.175,39690,38.119999,36.601902,23221700,7793300
2013-02-22,154.339996,152.990005,151.929993,10093200,134.837387,106356600,13880.62012,139850000,696300,1.319,173500,93.04,93.56,53156,66530,1.962,1.962,1609.9,1624.45,738.2,81.485,33310,37.93,36.419476,11323300,4511500
2013-02-25,156.220001,154.559998,153.309998,9488200,132.27182,245824800,13784.00977,152190000,1231200,1.3062,190540,93.31,94.54,53512,66100,1.865,1.865,1612.5,1607.45,741.1,81.705,50840,38.57,37.033989,17100500,4401300
2013-02-26,154.570007,156.800003,153.320007,18182300,133.177338,186596200,13784.169919999998,132580000,1223900,1.3062,257230,91.99,93.51,53401,81870,1.886,1.886,1622.25,1611.3,745.8,81.93,46510,39.049999,37.494869,19392300,6548500
2013-02-27,153.0,155.600006,154.080002,9596100,134.855133,150781900,13880.19043,107010000,887300,1.3139,220010,92.78,93.43,53680,54830,1.9,1.9,1604.3,1622.35,743.15,81.94,38850,38.259998,36.736332,14560700,5019700
2013-02-28,152.440002,154.160004,152.389999,14864400,134.588837,126866000,14050.17969,177150000,796700,1.3056,224450,92.9,93.19,53145,59510,1.881,1.881,1585.25,1604.8,732.6,81.605,27990,37.400002,35.91058,15832200,5313000
2013-03-01,152.300003,153.610001,152.139999,11178800,135.032669,170634800,13937.59961,125920000,815400,1.3022,251900,91.81,92.03,52621,9310,1.845,1.845,1573.5,1585.15,718.65,82.01,34830,37.110001,35.63213,13137000,4953300
2013-03-04,152.380005,152.740005,151.869995,6643800,135.751724,99010200,14030.37012,110810000,784600,1.3026,226780,90.78,90.98,53587,1110,1.879,1.879,1571.95,1578.05,712.5,82.355,19760,35.91,34.479916,24525200,6009300
2013-03-05,153.229996,153.389999,152.110001,10804200,136.967926,121431900,14127.82031,112100000,620600,1.3051,233650,90.3,91.06,53750,780,1.898,1.898,1593.5,1572.5,732.6,82.21,25020,35.93,34.499123,17759700,4195700
2013-03-06,152.690002,153.380005,151.649994,10856000,137.154327,94469900,14253.0,116510000,1570900,1.2967,201770,90.9,91.24,54502,66920,1.939,1.939,1591.25,1593.55,738.05,82.02,26040,37.439999,35.948986,33784100,4855900
2013-03-07,152.71000700000005,153.21000700000005,152.399994,6586700,137.402924,86101400,14296.24023,117080000,702800,1.3106,213070,90.47,91.78,54616,51390,1.995,1.995,1603.95,1591.35,757.05,82.615,35170,36.91,35.44009000000001,22037400,5622500
2013-03-08,152.990005,153.28999299999995,151.399994,11859500,137.988846,123477800,14329.49023,115630000,1025100,1.3006,228950,91.47,92.09,53892,75930,2.049,2.049,1604.8,1604.25,780.65,82.165,39050,37.110001,35.63213,23003100,3067500
2013-03-11,154.190002,153.059998,152.649994,4810700,138.512604,83746800,14373.32031,94880000,738100,1.3045,164820,91.9,92.22,54437,35940,2.061,2.061,1605.15,1600.85,780.1,82.76,31260,36.959999,35.488098,11375600,1997900
2013-03-12,153.660004,154.690002,153.899994,7265700,138.201843,105755800,14412.05957,102100000,1058400,1.3034,146000,91.97,93.5,54582,47430,2.019,2.019,1594.25,1605.2,773.6,82.675,30030,37.880001,36.371468,21810500,3393500
2013-03-13,153.679993,154.600006,153.419998,7436400,138.397171,92550900,14411.66016,83920000,752200,1.2961,106230,92.66,93.44,54580,55240,2.023,2.023,1589.0,1593.95,769.25,82.575,50330,36.869999,35.401684,18937900,3377400
2013-03-14,154.0,154.169998,153.009995,11410400,139.13398700000002,126329900,14455.28027,117390000,798300,1.3005,18270,92.56,93.3,54084,60130,2.037,2.037,1592.25,1589.0,768.8,82.915,36800,37.25,35.766556,12373800,2103400
2013-03-15,155.380005,154.720001,153.970001,5701300,138.950287,138601100,14470.5,407770000,2878400,1.3076,186110,93.29,93.98,54146,40190,1.991,1.991,1590.95,1592.55,776.0,82.53,15350,37.34,35.852974,12569800,2490400
2013-03-18,156.080002,155.929993,155.0,9302400,138.183517,126704300,14404.20996,119640000,820900,1.2956,180930,93.39,94.06,54057,130360,1.955,1.955,1581.5,1589.75,764.3,82.68,680,37.48,35.987389,9937400,3471500
2013-03-19,155.369995,156.339996,155.100006,11023400,137.862427,167567300,14382.08984,122170000,985800,1.2883,226680,94.0,94.29,54201,49190,1.904,1.904,1560.55,1581.55,733.4,82.935,32720,37.580002,36.083408,12018400,6547500
2013-03-20,156.25,155.830002,154.880005,8221500,138.825424,113759300,14455.82031,121240000,530300,1.2933,169060,92.09,93.28,54279,30760,1.958,1.958,1577.2,1561.5,756.4,83.24,30490,37.450001,35.958584,8447200,4502100
2013-03-21,155.550003,156.429993,155.880005,4992000,137.639511,128605000,14383.01953,110450000,994000,1.2898,190900,93.48,93.61,54150,50730,1.915,1.915,1577.65,1577.85,755.05,83.0,22590,38.43,36.899555,17376100,4308400
2013-03-22,155.240005,155.990005,155.419998,4746300,138.745224,111163600,14421.49023,101450000,1258700,1.2988,174360,92.41,94.03,53972,58850,1.927,1.927,1583.25,1577.25,759.75,82.96,27120,38.16,36.640312,10310300,3120600
2013-03-25,154.720001,155.570007,154.360001,6819100,138.165634,151322300,14395.0,124840000,958300,1.2852,199230,93.77,95.7,53614,53820,1.92,1.92,1590.25,1589.75,755.55,82.61,30090,37.669998,36.169823,14494300,6512300
2013-03-26,155.360001,154.910004,154.279999,7388700,139.271286,86856600,14447.75,96030000,775200,1.2861,207410,94.78,96.48,53924,36490,1.911,1.911,1577.6,1589.1,765.1,83.02,19340,37.380001,35.891376,19264000,6624600
2013-03-27,154.449997,155.619995,154.509995,6717000,139.271286,99950600,14439.54981,92680000,889000,1.278,217520,96.22,96.88,53250,41770,1.845,1.845,1583.7,1578.1,767.5,83.04,28790,38.0,36.486687,16701600,4640500
2013-03-28,154.669998,154.800003,154.220001,6851200,139.69931,102932800,14520.86035,153710000,604000,1.2816,164970,96.75,97.41,53385,44930,1.852,1.852,1574.65,1583.65,773.0,83.42,20730,37.849998,36.34265900000001,7672800,3501100
2013-04-01,152.429993,154.929993,154.300003,4288100,139.146439,99194100,14531.48047,91400000,499200,1.2849,102140,97.43,97.87,52554,45250,1.835,1.835,1596.55,1575.1,781.9,83.175,12020,37.450001,35.958584,12218000,3506200
2013-04-02,150.729996,153.309998,152.259995,9398300,139.833023,101504300,14572.84961,98420000,1729800,1.2819999999999998,205640,97.03,97.47,51254,73650,1.862,1.862,1577.75,1596.35,770.4,82.87,16800,35.880001,34.451115,22194000,4569400
2013-04-03,150.28999299999995,152.529999,149.919998,15740800,138.415298,154167400,14525.36035,127140000,2331500,1.2851,304650,96.98,97.0,50423,89880,1.816,1.816,1531.75,1577.1,754.3,83.075,20050,34.25,32.886028,42315900,8728900
2013-04-04,152.809998,150.600006,149.440002,12429000,138.97701999999998,131885000,14538.71973,104790000,1510800,1.2936,284410,94.53,94.87,50553,75150,1.766,1.766,1521.45,1531.1,726.2,82.84,43460,35.220001,33.817398,29846900,8714700
2013-04-05,152.160004,152.96000700000005,151.070007,14491800,138.352875,159666000,14434.42969,131250000,1448900,1.2990000000000002,273970,93.45,93.66,50763,62510,1.714,1.714,1539.3,1521.7,728.4,82.88,30710,35.060001,33.663769,21249100,5820700
2013-04-08,153.339996,152.589996,151.600006,6246000,139.28913899999998,86571200,14497.79981,106680000,699100,1.3009,245680,93.05,93.78,51070,31530,1.745,1.745,1538.9,1540.8,728.65,82.75,19370,34.650002,33.270092,18689700,3063800
2013-04-09,150.75,153.850006,152.279999,7042200,139.77063,101922200,14598.5,128580000,1156200,1.3082,173290,93.54,94.53,51164,58810,1.7519999999999998,1.7519999999999998,1546.95,1539.25,731.85,82.78,21870,36.029999,34.595131,20471900,3646500
2013-04-10,151.050003,152.71000700000005,150.580002,18507400,141.482651,135711100,14673.45996,120520000,857900,1.307,136060,93.99,94.85,51465,65260,1.805,1.805,1524.4,1547.3,720.3,82.485,24750,34.650002,33.270092,26201600,3904900
2013-04-11,143.949997,151.71000700000005,150.630005,8063200,141.94635,110142500,14785.36035,144570000,861500,1.3103,116870,94.62,94.7,51215,52430,1.791,1.791,1535.45,1524.3,732.2,82.65,27950,34.18,32.818813,15927900,4188100
2013-04-12,131.309998,148.850006,143.429993,55601800,141.598557,116359900,14790.57031,119570000,1961100,1.3112,121490,93.54,93.57,49000,119650,1.721,1.721,1486.45,1535.7,707.95,82.295,25290,32.220001,30.936871000000004,40555900,10147800
2013-04-15,141.110001,136.75,130.509995,93804200,138.317184,217259000,14598.580080000002,161680000,2529800,1.3036,23650,91.16,91.19,43522,203730,1.6880000000000002,1.6880000000000002,1396.25,1484.55,665.85,82.19,30020,29.02,27.864305,74239200,10887200
2013-05-01,141.919998,141.550003,139.300003,13931100,141.134918,138874200,14687.04981,112620000,1288600,1.318,267100,93.16,93.34,43172,5720,1.632,1.632,1478.15,1506.65,686.5,81.74,24790,29.65,28.469217,27633100,9949000
2013-05-02,142.089996,142.470001,141.639999,11502200,142.445679,96407600,14700.9502,91180000,738300,1.3064,287670,91.07,94.32,43598,3910,1.624,1.624,1505.5,1477.9,695.2,81.64,43070,29.629999,28.450012,12825400,7914600
2013-05-03,142.149994,142.71000700000005,141.399994,11667100,143.890228,144202300,14831.580080000002,119890000,983300,1.3115,257170,94.07,96.12,43916,1210,1.74,1.74,1500.1,1505.35,693.6,82.29,41770,29.690001,28.507624,14874300,9565800
2013-05-06,140.380005,142.46000700000005,141.630005,7730300,144.255783,66882100,14941.08984,116160000,772000,1.3076,135080,95.65,97.24,44905,37060,1.764,1.764,1500.75,1502.15,695.6,82.14,20040,29.73,28.546026,7885300,4699200
2013-05-07,142.46000700000005,140.639999,139.369995,13627400,144.986954,90359200,14968.88965,117230000,742200,1.3079,264560,95.88,96.34,44180,59680,1.78,1.78,1484.4,1500.4,682.2,82.38,18350,28.85,27.701075,21191600,4929300
2013-05-08,140.809998,142.809998,141.490005,11161100,145.64678999999995,97419200,15021.87012,113510000,859200,1.3152,229320,95.62,96.83,44462,47210,1.767,1.767,1501.45,1484.75,694.5,82.365,25100,30.440001,29.227755,33362600,4918500
2013-05-09,139.600006,142.360001,140.509995,8263000,145.236649,106738600,15046.87012,97810000,892800,1.3043,197070,96.62,96.79,44742,40050,1.813,1.813,1503.8,1501.4,707.6,81.965,34970,29.85,28.661253,22262200,4178500
2013-05-10,138.429993,139.75,137.259995,14650600,145.709259,103203000,15038.17969,98980000,891000,1.2993,215450,96.25,96.33,44275,64900,1.9,1.9,1493.8,1503.0,708.0,82.815,45850,29.809999,28.622843,20007800,7454800
2013-05-13,137.809998,138.970001,138.160004,6714100,145.825119,81843200,15053.45996,94280000,545600,1.2976,173550,95.84,95.89,44861,44410,1.917,1.917,1487.65,1491.8,718.5,83.265,21770,29.030001,27.873911,11824200,4362300
2013-05-14,134.630005,139.160004,137.639999,9895700,147.332062,119000900,15089.29981,124590000,749100,1.2919999999999998,160030,95.03,95.75,44152,55410,1.982,1.982,1506.5,1487.1,730.3,83.245,44350,28.709999,27.566652,14384500,4731000
2013-05-15,134.089996,136.979996,134.229996,19062400,148.125656,120718500,15175.38965,124030000,874100,1.2887,106540,94.19,94.5,42950,81020,1.94,1.94,1489.2,1506.65,728.9,83.72,41080,27.4,26.308817,31353000,9863700
2013-05-16,131.070007,134.479996,133.0,12759200,147.43014499999995,109913600,15215.82031,145090000,916200,1.2882,26350,94.44,95.66,42281,80180,1.879,1.879,1484.55,1488.65,738.5,83.89,40060,27.48,26.385633,21859900,4835200
2013-05-17,135.119995,133.479996,131.020004,20346500,148.856842,129801000,15234.75,175750000,741300,1.2839,193730,95.32,96.62,42551,59890,1.954,1.954,1454.5,1484.5,738.1,83.88,47330,26.379999,25.329441,23628300,5677900
2013-05-20,132.880005,135.320007,130.850006,21594000,148.847946,85071200,15314.15039,116420000,990200,1.2883,164960,96.06,97.24,40749,97500,1.965,1.965,1482.5,1435.85,745.6,84.24,34690,28.02,26.904129,39215400,3742300
2013-05-21,131.940002,133.649994,131.449997,14542500,149.061905,95804200,15325.67969,122970000,1159400,1.2906,179060,96.7,96.97,42420,73390,1.93,1.93,1461.75,1482.05,744.9,83.885,42610,27.32,26.232006,24521400,4424000
2013-05-22,134.610001,136.770004,130.949997,25975200,147.956223,244031800,15265.95996,171850000,1216100,1.2858,207420,95.97,96.26,43021,85170,2.037,2.037,1462.85,1462.15,745.1,83.865,70880,27.67,26.568066,38650700,10596600
2013-05-23,133.759995,134.839996,133.119995,10267600,147.528229,211064400,15180.23047,148810000,730100,1.2936,230370,94.27,94.55,42733,66580,2.016,2.016,1460.3,1463.7,736.5,84.435,61590,27.870001,26.760103000000004,15396700,9088200
2013-05-24,133.490005,134.509995,133.639999,5522600,147.403427,151573900,15199.62988,105660000,748700,1.2932,136630,94.43,94.44,43050,38180,2.011,2.011,1453.45,1459.5,726.3,83.92,39610,27.5,26.404837,19892600,4149200
2013-05-28,134.830002,135.570007,132.800003,12466400,148.286179,143679800,15307.330080000002,130680000,880200,1.2856,195120,93.98,96.01,42960,61650,2.167,2.167,1455.75,1455.1,755.3,83.725,39150,27.219999,26.13599,21388200,3782500
2013-05-29,136.699997,134.910004,133.639999,8762200,147.323135,160363400,15229.53027,114020000,1132500,1.2941,209650,95.09,95.27,43126,39860,2.119,2.119,1457.3,1455.7,750.3,84.385,47180,28.5,27.365013,28924800,9191200
2013-05-30,133.919998,137.110001,136.259995,8611700,147.867096,107793800,15280.99023,121150000,1550700,1.305,232910,92.97,94.07,43526,67400,2.119,2.119,1481.1,1457.3,758.0,83.605,50610,30.059999,28.862886,39676500,8960900
2013-05-31,136.509995,136.050003,133.889999,9726600,145.74487299999996,176850100,15115.57031,208830000,1308600,1.2999,215280,93.75,93.95,43350,52910,2.132,2.132,1456.75,1480.6,751.05,83.1,40090,29.5,28.325190000000006,20244000,6456700
2013-06-03,135.229996,136.979996,134.429993,9173000,146.547424,168390700,15123.54981,147980000,1235800,1.3076,255710,91.78,93.75,43616,51990,2.128,2.128,1492.9,1461.95,756.8,83.355,50020,30.360001,29.150942,22263600,4926800
2013-06-04,135.520004,135.440002,134.270004,5505200,145.84298700000005,157631500,15100.78027,134280000,1076600,1.3081,300890,93.41,94.47,43500,40430,2.15,2.15,1490.15,1493.1,748.85,82.73,25270,29.84,28.651649,18458000,3633700
2013-06-05,136.529999,136.369995,135.009995,7444900,143.801025,211737800,14945.57031,141400000,820200,1.3094,202950,93.94,94.56,43770,51660,2.091,2.091,1509.95,1490.05,754.3,82.855,42710,29.93,28.738064,16816400,4373900
2013-06-06,133.279999,137.619995,134.979996,9847700,145.102875,200225500,14844.21973,140410000,1242200,1.3247,173410,93.75,95.36,43786,54250,2.079,2.079,1525.95,1509.5,760.75,82.605,106680,30.299999,29.09333,17932900,5936200
2013-06-07,133.940002,134.619995,133.179993,11054400,146.948624,188337800,15044.45996,137380000,1131500,1.3223,234180,94.75,96.42,42933,76050,2.1790000000000003,2.1790000000000003,1500.15,1525.75,759.45,81.585,74330,28.99,27.835499,21212000,6812500
2013-06-10,133.25,134.279999,132.990005,6142800,146.948624,105667100,15211.25,94250000,669300,1.3257,159650,96.14,96.3,42682,58800,2.213,2.213,1505.05,1499.95,767.65,81.8,54890,29.09,27.931519,14144800,2473600
2013-06-11,134.25,133.509995,132.240005,7199300,145.4328,159505400,15086.08984,101610000,1286100,1.3315,156140,95.83,95.98,43307,50390,2.19,2.19,1480.2,1504.65,750.75,81.72,59580,28.129999,27.009748,21145700,4317000
2013-06-12,133.740005,134.830002,132.830002,6550600,144.229034,177361500,14981.20996,105770000,846900,1.3337,94920,94.95,96.51,43165,41190,2.228,2.228,1478.45,1479.3,755.25,81.1,66880,28.35,27.220989000000007,17782700,5527100
2013-06-13,134.429993,134.199997,132.820007,7161800,146.42259199999995,163587800,14953.4502,104490000,763200,1.3375,21310,95.87,97.02,43180,51340,2.149,2.149,1461.7,1478.5,729.35,80.865,28560,28.629999,27.489836,17264300,2741700
2013-06-14,133.770004,134.600006,133.880005,4278700,145.50412,141197500,15044.79981,107430000,477400,1.3347,197140,96.74,98.34,43020,54060,2.13,2.13,1445.15,1461.45,729.8,80.755,14580,28.120001,27.000145,12271700,6256300
2013-06-17,132.130005,134.059998,133.520004,4072300,146.627625,136295600,15078.70996,139250000,534300,1.3369,160180,97.88,98.77,43336,32910,2.178,2.178,1434.65,1447.75,716.3,80.64,790,28.190001,27.06736,8644600,4296100
2013-06-18,130.589996,132.96000700000002,131.529999,7379300,147.786819,114695600,15186.29981,99210000,904000,1.3394,150870,97.94,98.68,43620,48120,2.185,2.185,1440.15,1435.5,706.8,80.81,43940,27.379999,26.289616,19369600,2554600
2013-06-19,123.599998,133.149994,130.380005,13017800,145.74487299999996,206149500,15112.11035,111380000,1278100,1.3295,164860,98.85,99.27,43675,32770,2.354,2.354,1408.85,1440.0,694.85,80.86,47800,26.51,25.454266,21733700,3543400
2013-06-20,125.050003,126.379997,123.330002,28872100,142.13356000000005,321255900,14732.03027,172630000,2141600,1.3219999999999998,301240,98.02,98.03,41186,120410,2.421,2.421,1336.7,1408.9,663.55,81.555,58000,24.549999,23.572317,67786300,9095000
2013-06-21,123.93,125.57,124.459999,16600000,142.58985900000005,271956800,14688.42969,420080000,1290300,1.3123,263370,95.09,95.97,40716,64640,2.542,2.542,1375.0,1334.5,673.25,81.91,53830,24.9,23.908381,32954800,10381300
2013-06-24,123.470001,124.699997,123.309998,12749300,140.788101,222329000,14551.26953,158670000,1428300,1.3119,254190,93.88,95.62,40570,58170,2.544,2.544,1339.25,1380.65,656.1,82.71,42420,23.75,22.804176,36549500,6734700
2013-06-25,121.129997,123.900002,122.879997,9369200,142.141663,162262200,14669.69043,135940000,1237700,1.3085,182090,95.09,96.24,40360,47490,2.612,2.612,1349.75,1340.45,667.15,82.58,38000,23.66,22.717762,23530200,4527600
2013-07-01,120.050003,121.949997,119.379997,15945200,144.64260900000005,131954800,14911.59961,120570000,1012800,1.3064,230920,96.62,98.33,39690,3910,2.477,2.477,1372.4,1349.2,684.9,83.41,25010,24.889999,23.898779,32205000,4710100
2013-07-02,120.739998,121.470001,119.779999,10550300,144.50813300000004,154863700,14870.50977,116610000,1124700,1.2979,186520,98.08,99.89,39750,920,2.471,2.471,1371.35,1372.1,684.7,83.205,31750,23.75,22.804176,34482700,8762200
2013-07-03,118.089996,121.769997,120.540001,6750300,144.570877,75216400,14858.92969,61000000,644100,1.3009,258390,99.7,102.28,40120,580,2.503,2.503,1353.8,1370.55,685.7,83.79,33940,24.18,23.217056,21909200,12203200
2013-07-05,119.510002,118.18,116.739998,11592500,146.1306,122416900,14971.2002,94560000,854700,1.2832,233340,101.16,103.75,39365,490,2.736,2.736,1327.8,1343.8,682.7,84.125,50500,23.42,22.48732,43649000,7227600
2013-07-08,120.620003,119.660004,118.93,8652200,146.964249,108092500,15137.21973,136820000,631400,1.287,185820,104.0,104.17,39960,27170,2.638,2.638,1356.0,1328.35,692.4,84.83,31400,22.9,21.988029,21770700,4212300
2013-07-09,120.949997,121.510002,120.050003,8201400,148.02203400000005,119298000,15228.45996,109270000,667000,1.2781,163660,103.04,104.8,40118,24690,2.64,2.64,1368.3,1355.75,700.0,84.485,41450,23.219999,22.295284,20635900,5712400
2013-07-10,124.239998,122.349998,120.589996,14697100,148.075806,121410100,15258.88965,105050000,860900,1.2976,199700,104.64,106.73,39930,22300,2.674,2.674,1397.35,1368.15,725.5,84.875,51060,23.190001,22.266479,22679700,11033400
2013-07-11,124.129997,124.360001,123.470001,11279400,150.092712,135592200,15298.0,124950000,1208400,1.3096,184690,106.27,107.57,40300,40310,2.572,2.572,1411.9,1397.65,723.7,82.87,52530,24.969999,23.975592,38637300,8150900
2013-07-12,124.18,124.300003,123.32,6583800,150.155426,104212700,15410.26953,130140000,741400,1.3068,127810,104.72,106.47,41090,23590,2.592,2.592,1408.0,1411.8,722.2,82.93,32220,24.370001,23.399488,23268700,5606200
2013-07-15,124.889999,124.389999,123.839996,4133200,150.729141,69450600,15455.76953,99430000,569300,1.3062,100860,106.12,106.7,40871,29330,2.543,2.543,1419.45,1417.25,731.9,83.115,27750,24.290001,23.322674,12949200,4741900
2013-07-16,123.32,125.209999,124.330002,5577300,150.164444,88702100,15415.70996,105970000,1048800,1.3162,19970,106.54,107.28,40674,22920,2.532,2.532,1424.6,1418.85,734.2,83.245,32230,25.65,24.628511,35463700,3229900
2013-07-17,124.010002,125.699997,122.730003,10882400,150.54985,92873900,15438.12012,126240000,1269900,1.3125,183570,105.84,106.66,39931,43140,2.491,2.491,1411.15,1424.3,735.5,82.685,52420,24.879999,23.889175,37268500,3291000
2013-07-18,125.110001,124.519997,123.779999,6150900,151.374557,103620100,15465.91016,136270000,821700,1.311,196440,106.69,108.56,40050,29640,2.5340000000000003,2.5340000000000003,1416.0,1411.2,744.7,82.82,25500,24.780001,23.793159,16323800,4838600
2013-07-19,128.839996,125.419998,124.650002,5767800,151.643463,103831700,15491.95996,229260000,715700,1.3142,212190,108.91,110.1,40143,20240,2.482,2.482,1430.45,1416.15,747.5,82.91,21300,25.860001,24.830149,27363400,6041100
2013-07-22,129.71000700000002,129.46000700000002,127.589996,10851900,151.939285,79428600,15516.2002,180920000,1647400,1.3186,198420,108.34,108.79,40449,40240,2.484,2.484,1448.6,1442.15,746.6,82.7,31660,27.440001,26.347229,43719300,6416600
2013-07-23,127.480003,130.139999,128.350006,8820100,151.61656200000004,80829700,15544.05957,98700000,1555600,1.3224,190200,107.07,107.62,41711,20650,2.507,2.507,1447.75,1448.35,742.2,82.27,25190,28.35,27.220989000000007,39798800,4616400
2013-07-24,128.669998,129.399994,126.870003,9979100,151.06083700000005,112914000,15496.83984,99320000,1485700,1.3201,197800,107.4,107.56,41281,26930,2.584,2.584,1443.55,1447.95,748.7,82.12,34340,26.950001,25.876741,43653900,7193900
2013-07-25,128.779999,128.869995,127.639999,4702400,151.428329,111088600,15455.58984,103260000,1343200,1.3277,176110,105.46,105.96,40661,32100,2.577,2.577,1450.45,1443.5,739.9,82.45,26390,27.209999,26.126387,28249400,5201600
2013-07-26,128.470001,128.970001,126.779999,6148500,151.589676,107814600,15405.16016,94880000,807600,1.3279,119940,105.7,105.77,40502,29850,2.564,2.564,1430.95,1450.55,726.0,81.88,25300,27.58,26.481651,25046200,3200300
2013-07-29,128.119995,128.779999,128.25,3554100,151.12355,79695000,15482.26953,87240000,1507400,1.3262,178930,104.65,105.41,40726,30080,2.599,2.599,1438.8,1431.15,743.75,81.775,27240,27.23,26.14559,19000000,2720400
2013-07-30,126.610001,128.309998,127.220001,4487700,151.12355,85209600,15479.12988,117550000,1043100,1.3263,160000,104.59,104.61,40651,28450,2.6060000000000003,2.6060000000000003,1438.4,1438.85,730.7,81.805,34460,27.059999,25.982359,17316000,5248200
2013-08-01,126.360001,127.889999,126.330002,10564300,152.97908,110438400,15503.84961,111040000,1463200,1.3207,234850,105.34,108.14,41200,24590,2.708,2.708,1438.9,1443.0,730.7,81.76,44850,26.17,25.127806,28548000,8851800
2013-08-02,125.699997,127.25,126.32,6466300,153.239044,91116700,15558.67969,104840000,1295700,1.3283,160760,107.95,108.97,40661,41510,2.5980000000000003,2.5980000000000003,1449.3,1438.75,729.9,82.43,43030,25.59,24.570902,32483200,4404700
2013-08-05,123.970001,126.639999,125.339996,4003900,153.014938,54072700,15584.830080000002,76850000,674200,1.3258,168830,106.89,107.74,41454,19260,2.64,2.64,1450.9,1444.9,731.7,82.01,24480,25.43,24.417274,18584400,2727400
2013-08-06,124.150002,124.550003,123.550003,6016200,152.145432,87495000,15473.40039,87730000,1223000,1.3306,229160,106.58,107.37,41460,23280,2.642,2.642,1427.7,1450.95,724.2,81.93,28730,24.030001,23.073027,38664100,6090600
2013-08-07,126.860001,124.599998,123.849998,5304700,151.652451,84854700,15421.75,88430000,888200,1.3337,208430,105.73,105.82,40765,29920,2.599,2.599,1435.65,1427.4,723.0,81.625,39510,23.940001,22.98661,19506600,5931300
2013-08-08,126.860001,126.989998,124.769997,8653600,152.208191,102181300,15418.59961,90990000,1592100,1.3382,175730,104.23,105.01,41505,32330,2.587,2.587,1491.05,1435.85,739.1,81.325,36430,26.0,24.964575,65972000,10858100
2013-08-09,129.130005,127.269997,126.300003,6192000,151.768921,91757700,15346.65039,81180000,1712600,1.3343,148430,104.03,106.41,42066,16440,2.58,2.58,1503.2,1491.35,741.0,81.1,18620,26.469999,25.415855,45317800,7252100
2013-08-12,127.739998,129.71000700000002,128.880005,7414300,151.589676,68593300,15359.92969,78060000,1579400,1.33,147830,105.89,106.5,42820,51830,2.622,2.622,1494.9,1508.4,736.9,81.195,21120,28.01,26.894527000000004,49441900,4306400
2013-08-13,129.0,128.649994,127.379997,7336100,152.037872,80806000,15342.33984,84790000,1387100,1.3262,112230,106.24,107.29,45267,46810,2.721,2.721,1493.85,1494.85,736.7,81.515,26370,27.190001,26.107185,36959000,4470300
2013-08-14,132.580002,129.070007,127.57,8713200,151.258041,79829200,15316.62012,91030000,1783600,1.3256,97930,106.62,107.14,45815,27440,2.712,2.712,1512.25,1493.5,744.8,81.795,20070,28.700001,27.557049,53862500,5099900
2013-08-16,132.009995,133.270004,131.389999,14447100,148.64949,130868200,15054.37988,151620000,1771200,1.3329,195850,107.32,108.31,46673,33780,2.825,2.825,1527.1,1528.8,762.7,81.175,25750,29.790001,28.603642,48518000,5340900
2013-08-19,132.449997,132.5,131.589996,8118400,147.699326,96437600,15005.419919999998,111660000,1579500,1.3335,188060,108.03,108.05,50250,24890,2.882,2.882,1512.0,1528.95,752.8,81.32,21270,29.23,28.065941,31219400,3401200
2013-08-20,132.070007,133.130005,132.020004,7809100,148.4254,89294400,14992.16016,102340000,1287700,1.3417,233190,106.93,107.1,49167,32410,2.818,2.818,1520.9,1511.45,747.2,81.315,30890,30.33,29.122135,44816400,6767200
2013-08-21,132.809998,133.229996,131.509995,10720200,147.511093,159530500,14880.83984,98340000,1370700,1.3357,195770,105.26,105.42,50005,25190,2.892,2.892,1508.5,1520.85,741.4,80.945,37470,28.93,27.777889,53748500,5484900
2013-08-22,134.899994,133.46000700000002,132.270004,5741800,148.855698,101471400,14899.0,153490000,898500,1.3356,154990,103.96,105.34,50975,27870,2.892,2.892,1541.45,1508.6,754.5,81.45,34230,29.370001,28.200367,35527500,4511400
2013-08-23,135.449997,135.240005,132.5,11623400,149.35762,90888900,14931.24023,131860000,1209800,1.3382,219410,105.26,106.98,50980,29640,2.818,2.818,1540.9,1541.35,751.2,81.545,30450,30.139999,28.939703,42793200,5943300
2013-08-26,136.75,135.600006,134.149994,7692100,148.801865,89702100,14945.24023,102820000,1340700,1.3369,92720,106.95,107.41,53515,28610,2.787,2.824,1551.85,1548.65,749.9,81.4,16700,30.41,29.198952,34120400,5700600
2013-08-27,136.71000700000002,137.550003,136.520004,11283300,146.408493,158619400,14765.419919999998,118610000,2256000,1.3393,288710,106.19,109.37,53850,33910,2.709,2.798,1535.5,1552.05,748.3,81.385,34090,29.1,27.941116,63019200,14494400
2013-08-28,135.869995,137.46000700000002,136.660004,13650400,146.928452,108113000,14760.41016,104620000,1876300,1.334,286090,109.25,112.28,55410,40130,2.765,2.718,1538.95,1534.4,746.6,81.165,31640,28.299999,27.172977000000003,62618100,12930500
2013-08-29,134.619995,136.550003,135.419998,7939400,147.16146899999995,119200500,14792.11035,93170000,1899600,1.3241,248520,109.59,110.13,54270,29600,2.762,2.778,1515.1,1538.75,737.75,81.5,41840,28.540001,27.403423,61229600,8141800
2013-08-30,136.419998,135.71000700000002,134.440002,7680000,146.695374,134928900,14762.34961,135850000,898600,1.3222,245060,108.25,108.83,53411,19630,2.789,2.7710000000000004,1523.45,1515.3,722.1,82.025,27160,28.129999,27.009748,40929400,10364900
2013-09-03,134.660004,136.78999299999998,135.029999,8100700,147.35870400000005,142375100,14777.48047,142530000,1372800,1.317,234730,107.14,108.9,54890,370,2.863,2.837,1536.3,1524.3,716.2,82.35,31780,28.4,27.268997,35970300,7917800
2013-09-04,132.199997,134.839996,133.720001,7785400,148.57782,97389400,14799.08984,122150000,976300,1.3209,209650,108.53,108.7,52800,220,2.897,2.865,1499.15,1536.25,696.6,82.405,22100,28.58,27.441828000000005,34233800,4293200
2013-09-05,134.149994,134.350006,131.800003,11118600,148.766083,63090500,14923.26953,101010000,1580700,1.3119999999999998,151290,107.64,108.59,52195,90,2.9960000000000004,2.895,1485.15,1499.7,685.8,82.225,44640,27.530001,26.433643,48364600,4415300
2013-09-06,133.910004,134.399994,133.330002,8448700,148.837738,159756500,14789.40039,108410000,1246300,1.318,168830,108.64,110.83,53351,22920,2.934,2.99,1495.5,1485.3,695.45,82.67,39060,28.01,26.894527000000004,31426800,10433100
2013-09-09,131.740005,134.320007,133.669998,5090500,150.263,87559300,14927.19043,90660000,1320200,1.3255,200570,110.34,110.52,53937,7540,2.914,2.942,1486.8,1497.8,681.4,82.25,31870,27.65,26.548862,29911900,7909900
2013-09-10,131.699997,132.0,131.110001,8433100,151.374557,105847200,15067.23047,103200000,1813700,1.3268,176160,109.05,109.08,51759,20140,2.966,2.918,1476.2,1486.75,695.7,81.835,29330,26.57,25.511873,46624300,10700900
2013-09-11,127.669998,131.809998,131.259995,5046600,151.84964,94545900,15194.12988,102090000,1362700,1.3312,109340,107.44,108.16,51824,18160,2.912,2.97,1474.6,1476.6,689.6,81.83,43840,26.790001,25.723114,34982000,5546400
2013-09-12,127.82,128.779999,127.610001,12944000,151.446274,83209000,15283.25977,99760000,1532600,1.3299,93450,107.85,109.24,50337,24500,2.905,2.92,1445.2,1474.75,691.2,81.49,20720,25.290001,24.28285,64028900,4897300
2013-09-13,126.449997,127.959999,126.209999,12060400,151.78686499999995,72727800,15312.86035,90890000,1538100,1.3294,18640,108.7,108.8,49160,24630,2.89,2.914,1453.75,1445.25,697.5,81.535,16040,25.629999,24.609308,50205800,3234200
2013-09-16,126.5,128.020004,126.330002,9829100,152.665344,106299200,15381.36035,105740000,1556900,1.3334,249440,107.59,108.09,48866,22900,2.862,2.89,1438.0,1455.95,704.3,81.16,610,25.389999,24.378866,36537700,6052600
2013-09-17,132.009995,126.989998,126.110001,8135500,153.346619,82523300,15503.15039,104480000,1063000,1.3359,214350,106.31,106.52,49281,20690,2.849,2.8680000000000003,1424.0,1437.9,704.4,81.42,13010,25.93,24.897364000000003,39034600,6761700
2013-09-18,131.75,132.160004,125.150002,24780000,155.12149,203460600,15470.16016,145410000,2875900,1.3522,200710,105.66,108.62,48488,24080,2.692,2.844,1469.75,1424.05,701.45,81.3,48160,28.25,27.124969,114753100,7837200
2013-09-19,127.959999,132.779999,131.220001,14353900,154.861542,146616900,15625.4502,116280000,1607600,1.3530000000000002,201580,108.56,109.32,49956,25640,2.752,2.704,1461.7,1469.8,734.7,80.285,36220,27.360001,26.270414,72377600,6891700
2013-09-20,127.550003,130.910004,127.900002,19558200,153.778763,132867100,15448.08984,379650000,4471800,1.3524,160650,106.37,106.46,49170,28000,2.736,2.752,1431.15,1461.4,716.8,80.45,22690,25.76,24.734133,95898100,5630500
2013-09-23,127.660004,128.440002,127.330002,7421800,153.06715400000004,104616500,15368.25,94920000,1305500,1.3493,169120,104.94,105.17,48432,17530,2.701,2.736,1427.25,1432.7,716.3,80.47,14780,25.17,24.167629,55259900,5853200
2013-09-24,128.78999299999998,128.21000700000002,126.339996,7349700,152.706863,106333100,15327.13965,85430000,1481000,1.3474,197990,103.47,103.68,48460,20880,2.655,2.7030000000000003,1428.2,1427.2,718.35,80.57,15620,25.08,24.081213,41784500,5837700
2013-09-25,127.790001,129.21000700000002,127.519997,7519100,152.265503,117306500,15253.16016,81890000,1059100,1.3526,211600,103.47,104.02,48650,21280,2.6260000000000003,2.657,1429.95,1428.25,724.2,80.69,19240,25.52,24.503691,52931800,4913600
2013-09-26,128.970001,128.990005,127.32,9491300,152.850998,77146900,15274.419919999998,79050000,956100,1.3489,143120,102.34,103.33,48322,22500,2.648,2.635,1415.05,1429.55,723.3,80.485,17850,25.110001,24.110018,39161000,2942700
2013-09-27,128.179993,129.580002,128.839996,7430200,152.14840700000005,99141800,15211.80957,95660000,1357000,1.3522,190340,102.98,103.84,48191,23110,2.628,2.648,1422.75,1415.1,730.2,80.65,17030,25.17,24.167629,25521800,4181700
2013-09-30,124.589996,129.139999,127.699997,8979000,151.337677,143937000,15086.70996,122330000,973800,1.3526,149010,102.51,102.81,48652,19480,2.615,2.595,1405.05,1420.6,723.3,80.46,16350,25.02,24.023598,28640200,5326500
2013-10-01,127.18,125.260002,123.809998,16721100,152.535706,127160000,15110.33984,82460000,1190300,1.3526,189650,102.34,102.61,46866,30720,2.65,2.614,1386.25,1405.1,718.2,80.35,28640,24.41,23.437893,48633800,6338200
2013-10-03,126.529999,127.690002,126.220001,11632900,150.986374,176698000,14947.03027,91300000,868800,1.3618,212250,103.89,104.45,47870,22640,2.605,2.617,1377.65,1393.1,703.0,79.935,15640,24.26,23.293867,27697600,4842500
2013-10-04,127.639999,127.150002,126.0,6923700,152.13038600000004,96878000,14972.330080000002,75100000,864900,1.3558,144470,103.06,104.32,47788,20350,2.645,2.61,1390.05,1378.1,700.1,79.85,14310,24.190001,23.226654,24234600,2772300
2013-10-07,127.400002,128.330002,127.120003,6732800,150.815277,96295000,14920.830080000002,79620000,902700,1.3582,227730,103.5,103.79,48350,19660,2.63,2.634,1399.7,1392.2,703.4,80.2,13140,24.59,23.610727,33627300,4606500
2013-10-08,126.110001,128.449997,127.209999,6999700,149.058746,178015000,14773.46973,102690000,1456200,1.3573,163840,103.21,104.13,49261,18320,2.638,2.6260000000000003,1402.9,1399.4,713.2,80.0,15810,23.82,22.871387,48557000,3451300
2013-10-09,124.269997,126.889999,124.970001,10705100,149.166809,168973000,14719.42969,103190000,1615900,1.3524,171120,103.52,103.78,48578,20030,2.661,2.623,1387.8,1402.45,703.2,79.97,29220,23.92,22.967407,33991300,10998900
2013-10-10,122.599998,125.830002,124.099998,10523600,152.382568,195955000,14806.38965,106540000,766500,1.352,212350,101.58,103.69,48165,19390,2.6830000000000003,2.667,1386.0,1387.65,708.0,80.5,16000,23.559999,22.621744,36571100,6817800
2013-10-11,122.830002,122.809998,121.849998,15972600,153.364395,105040000,15100.12988,85730000,1285300,1.3542,141350,103.05,103.06,46700,23090,2.6910000000000003,2.687,1373.1,1386.15,712.9,80.58,14420,23.049999,22.132055,46747300,6146800
2013-10-14,123.730003,124.239998,122.809998,6118200,153.976929,112106000,15136.37988,81420000,813500,1.3561,106790,101.44,102.69,46654,16480,2.74,2.74,1379.5,1371.2,714.6,80.385,10070,23.110001,22.189667,22566300,2665400
2013-10-15,123.540001,124.360001,122.220001,8384200,152.860001,155485000,15161.330080000002,91440000,1920800,1.3523,93750,102.24,102.51,45951,30470,2.728,2.739,1380.1,1379.7,705.4,80.445,25390,23.76,22.81378,49631500,5475100
2013-10-16,127.419998,123.889999,122.510002,8523400,154.994797,161676000,15170.7002,92850000,1850300,1.3535,15370,100.95,103.05,46910,11950,2.667,2.74,1402.05,1380.15,717.0,80.585,18320,23.280001,22.352896,39103400,4902600
2013-10-17,126.849998,127.860001,126.809998,11785100,156.03067,129389000,15229.01953,108490000,2079700,1.3676,233730,102.16,102.35,46762,28790,2.592,2.6710000000000003,1431.55,1401.7,737.9,80.635,26220,24.5,23.524311,61897600,9756900
2013-10-18,126.980003,127.330002,126.599998,5350500,157.084564,138316000,15321.80957,156660000,1050100,1.3685,181540,100.84,101.83,47606,18020,2.583,2.6010000000000004,1439.0,1431.25,741.3,79.77,12860,24.379999,23.409086,23734800,4157200
2013-10-21,129.339996,127.339996,126.790001,3395200,157.093552,104104000,15362.66016,93660000,697000,1.3683,190110,100.96,101.28,48255,17350,2.6010000000000004,2.59,1435.9,1438.8,751.9,79.73,11060,24.93,23.937185,27070400,4922200
2013-10-22,128.690002,129.809998,128.220001,8849000,158.00337199999996,126663000,15394.21973,107030000,1145300,1.3781,238660,99.06,99.77,48550,25920,2.511,2.607,1450.7,1435.95,753.8,79.785,20370,26.02,24.98378,53476300,10216300
2013-10-23,129.899994,129.089996,128.350006,5092200,157.24671899999996,105484000,15366.19043,90630000,1812700,1.3777,324610,98.21,98.38,49656,16330,2.498,2.507,1436.85,1450.65,744.5,79.31,13440,25.18,24.177231,45435300,12477900
2013-10-24,130.46000700000002,130.529999,129.410004,10221400,157.76918,70350000,15414.12988,89240000,1711300,1.38,242300,97.16,97.75,49719,18330,2.52,2.5,1449.7,1437.15,747.1,79.355,13680,26.129999,25.089396,56123000,5583100
2013-10-25,130.559998,130.919998,129.46000700000002,8767900,158.489792,93625000,15512.95996,109900000,1172600,1.3805,212280,97.27,98.14,49151,21540,2.511,2.52,1454.1,1449.6,742.9,79.255,11620,26.32,25.27183,24939200,3832900
2013-10-28,129.770004,131.440002,130.100006,6807800,158.741989,84979000,15533.48047,92760000,1422000,1.3784,266180,97.94,98.88,49432,17490,2.523,2.514,1468.7,1452.8,745.2,79.3,10850,26.540001,25.483068,27557200,4293400
2013-10-29,129.600006,130.589996,129.570007,5328500,159.588699,87401000,15572.20996,86600000,1360700,1.3746,185010,98.62,98.64,49060,19610,2.503,2.52,1459.45,1468.4,745.2,79.385,18070,25.780001,24.753336,38950500,2333100
2013-10-30,126.949997,131.220001,128.809998,8896000,158.796005,140002000,15574.51953,79170000,1964600,1.3736,234600,97.79,97.84,49334,20250,2.5380000000000003,2.509,1465.0,1459.5,744.0,79.7,16310,26.23,25.185415,42162800,5929200
2013-11-01,126.809998,127.169998,126.050003,9566200,158.72401399999995,142805000,15543.25,101830000,898500,1.3487,298580,96.38,96.71,48200,17330,2.62,2.56,1455.2,1452.1,740.5,80.33,31320,24.08,23.121037,59342300,9774900
2013-11-04,126.559998,127.519997,126.739998,3819300,159.282471,85677000,15588.48047,71200000,636900,1.3516,230570,94.57,95.16,48120,4560,2.603,2.615,1455.3,1454.45,748.95,80.81,17470,24.809999,23.821966,36347100,4571600
2013-11-05,127.199997,126.860001,126.0,4941200,158.778,85825000,15522.17969,91890000,819000,1.3474,186820,94.51,94.94,47732,13070,2.67,2.602,1452.55,1455.25,749.75,80.63,15130,24.49,23.514708,24843100,6565300
2013-11-06,126.160004,127.360001,126.919998,3544900,159.588699,87348000,15628.71973,109200000,914800,1.3512,243840,93.79,95.45,48002,16700,2.644,2.668,1465.0,1452.55,763.7,80.785,14700,24.790001,23.802761,22748600,9995400
2013-11-07,124.279999,126.849998,125.860001,7700100,157.570953,157000000,15586.330080000002,103860000,1322800,1.342,291120,95.0,95.4,47901,23580,2.602,2.644,1456.8,1465.25,761.5,80.625,42950,24.139999,23.178644,37682400,4754500
2013-11-08,123.870003,124.459999,123.620003,8427300,159.696793,136713000,15579.34961,101200000,1580400,1.3371,242700,94.39,94.95,48004,19880,2.7510000000000003,2.602,1445.4,1457.05,759.0,80.955,32560,24.280001,23.313072,40162600,3722200
2013-11-11,122.449997,123.970001,123.660004,3277700,159.723816,62614000,15737.21973,58860000,1155600,1.3407,172680,94.51,95.44,48137,14010,2.768,2.7510000000000003,1433.9,1441.85,753.6,81.38,15260,24.299999,23.332272,27788400,2533500
2013-11-12,122.849998,123.870003,121.730003,7705600,159.399521,83990000,15708.29004,79260000,879500,1.3436,156690,95.05,95.27,47659,19480,2.774,2.766,1432.15,1434.1,739.1,81.19,21320,23.780001,22.832985,37518000,7539200
2013-11-13,124.269997,123.239998,122.389999,5967000,160.678619,103844000,15672.0,92450000,706500,1.3487,114000,93.14,94.61,46547,23890,2.716,2.77,1439.6,1432.0,735.1,81.22,20980,23.91,22.957806,21370400,3965600
2013-11-14,124.32,124.910004,123.879997,7669700,161.480316,103435000,15798.74023,123860000,1187000,1.3459,20850,93.59,94.52,46780,17960,2.693,2.718,1448.7,1438.95,739.1,80.865,18550,24.549999,23.572317,48882100,6325300
2013-11-15,122.900002,124.519997,124.07,4660700,162.18293799999995,102818000,15875.90039,126460000,838600,1.3495,198640,93.99,94.65,46655,6730,2.7030000000000003,2.696,1441.1,1448.6,732.3,81.11,14950,24.129999,23.169044,37580000,3964500
2013-11-18,122.949997,123.959999,122.550003,6241300,161.61541699999995,104796000,15942.169919999998,94860000,795600,1.3505,185490,93.81,94.33,45265,18930,2.6660000000000004,2.714,1412.8,1441.3,714.1,80.875,13750,23.67,22.727362,37617300,5333000
2013-11-19,120.120003,123.400002,122.830002,3666500,161.26411399999995,93891000,15943.78027,84570000,490900,1.3539,224430,93.25,93.71,45060,16940,2.712,2.669,1418.1,1412.9,720.4,80.74,14420,23.690001,22.746571,19716300,3968700
2013-11-20,119.940002,122.440002,119.760002,14281000,160.75968899999995,124909000,15865.37012,84350000,1290300,1.3439,220190,93.33,93.93,44900,21350,2.804,2.707,1394.7,1417.5,712.3,80.62,31440,22.85,21.94002,62055700,5168000
2013-11-21,119.919998,120.349998,119.309998,7557500,162.056793,92841000,15908.07031,79000000,1211000,1.3482,253960,93.78,95.67,44551,23550,2.7880000000000003,2.8110000000000004,1390.95,1394.45,712.3,81.19,17610,22.530001,21.632767,44479000,5488600
2013-11-22,120.459999,120.400002,119.82,6774400,162.867477,81296000,15976.26953,81000000,859700,1.3558,276250,95.4,95.68,44455,16450,2.744,2.784,1384.6,1391.05,714.1,81.04,14670,22.25,21.363913,29647700,5740000
2013-11-25,119.82,121.0,119.129997,7266300,162.705353,79486000,16055.45996,94040000,1335800,1.3516,278780,94.2,94.55,43925,18880,2.73,2.755,1390.95,1382.45,722.5,80.72,14880,22.200001,21.315907,49429800,5226600
2013-11-26,119.459999,120.400002,119.589996,9053300,162.750381,86994000,16070.92969,107450000,1291400,1.3572,199750,94.26,94.74,44361,15860,2.71,2.719,1376.95,1391.0,719.5,80.83,21770,21.66,20.797409,35439100,3262700
2013-11-27,120.699997,120.690002,119.25,6144600,163.14671299999995,58800000,16057.33984,65730000,742000,1.3579,193980,93.58,93.68,44086,14960,2.739,2.714,1354.7,1377.05,714.35,80.69,16930,21.809999,20.941437,26314800,7847400
2013-11-29,117.580002,121.050003,120.620003,2364700,163.038651,55870900,16074.13965,69190000,484700,1.359,126880,92.35,93.93,43986,16280,2.7460000000000004,2.7460000000000004,1362.8,1358.45,718.0,80.565,9810,22.280001,21.392719,27521400,3870000
2013-12-02,117.959999,119.290001,117.5,10297100,162.61528,99726000,15986.23047,92590000,1549900,1.3542,266950,92.77,94.14,42856,3560,2.797,2.753,1347.0,1366.05,712.4,80.685,19880,20.9,20.067675,73218400,4298200
2013-12-03,119.959999,118.309998,117.230003,7004800,161.912704,116563000,15859.67969,103910000,1253400,1.359,217610,93.89,96.99,42600,1270,2.784,2.801,1358.8,1346.95,714.05,80.95,17510,20.57,19.750818,39831700,14014800
2013-12-04,118.300003,120.760002,118.160004,9110700,161.894653,123033000,15791.29004,111180000,1519500,1.3594,235280,96.96,97.64,42418,860,2.837,2.7880000000000003,1364.5,1358.55,728.6,80.675,23060,21.219999,20.374931,60397000,9551500
2013-12-05,118.550003,119.239998,117.410004,10254700,161.183075,106934000,15809.37012,128080000,922300,1.3668,191780,97.41,98.07,42700,750,2.873,2.835,1361.1,1364.45,736.75,80.675,33750,20.67,19.846836,47038600,4896500
2013-12-06,119.720001,119.260002,118.010002,7909500,162.984604,127728000,15825.54981,98260000,832100,1.3706,155520,97.47,98.16,43584,27310,2.857,2.879,1356.15,1360.65,735.45,80.305,22550,20.66,19.837233,24136900,2713800
2013-12-09,121.82,119.919998,118.949997,5510400,163.398926,70124000,16015.29004,91810000,960600,1.3739,202850,97.72,98.03,43737,15710,2.841,2.864,1369.5,1355.7,734.5,80.23,15630,21.209999,20.365332,46482400,5699700
2013-12-10,120.860001,122.32,121.470001,9155600,162.813446,80976000,15969.53027,79420000,1170900,1.3761,230620,97.28,98.77,44398,25990,2.803,2.844,1387.85,1369.7,738.0,80.155,24110,22.030001,21.152678,53807700,5743300
2013-12-11,118.290001,121.809998,120.760002,9934900,160.98490900000004,130591000,15827.7002,107170000,997300,1.3786,158720,98.71,98.81,45251,19040,2.855,2.821,1383.6,1387.9,736.3,79.99,29720,21.190001,20.346128,41639900,7297700
2013-12-12,119.379997,118.82,118.029999,8810800,160.45343,115565000,15703.79004,105870000,1151800,1.3755,128310,97.62,98.26,44370,26840,2.879,2.859,1364.15,1383.65,719.8,79.965,22430,21.01,20.173296,29255000,4328100
2013-12-13,118.0,119.489998,118.760002,6482100,160.435425,107808000,15717.919919999998,83180000,757400,1.3743,98100,97.68,97.72,44051,20500,2.866,2.877,1362.5,1363.85,715.75,80.22,12710,21.110001,20.269314,27341400,6217500
2014-01-02,119.290001,118.730003,117.75,7551000,165.662872,119636900,16416.49023,80960000,1064200,1.3672,200650,98.54,99.01,44000,30700,2.991,3.0380000000000003,1402.3,1377.1,730.9,80.43,22420,22.030001,21.351316,50923300,10740700
2014-01-03,119.5,119.620003,118.589996,5874400,165.635696,81390600,16439.30078,72770000,917900,1.3588,191130,95.62,95.89,45064,24570,2.998,2.984,1412.45,1402.25,728.0,80.765,19020,21.83,21.157478,24075200,9658500
2014-01-06,118.82,120.389999,117.110001,10106500,165.155701,108028200,16405.51953,89380000,945900,1.3628,181820,94.27,94.68,45033,27420,2.958,3.013,1415.6,1406.85,739.4,81.0,24670,21.93,21.254395,27905100,4544600
2014-01-07,118.120003,118.919998,118.129997,6433700,166.170044,86144200,16429.01953,81270000,729900,1.3616,188200,93.63,94.25,44350,26850,2.9410000000000003,2.9610000000000003,1413.65,1415.85,741.2,80.86,24800,21.969999,21.293163,20746000,3126800
2014-01-08,118.459999,118.519997,117.5,7428500,166.206268,96582300,16416.68945,103260000,935300,1.3575,185540,94.01,94.23,43600,28650,2.991,2.945,1416.65,1413.6,737.7,81.065,38070,21.610001,20.944258,32699500,5741500
2014-01-09,120.260002,118.690002,117.989998,3972800,166.314957,90683400,16378.61035,83990000,909600,1.3609,175370,92.62,92.97,43680,22530,2.969,2.987,1418.9,1416.95,737.4,81.215,28070,21.27,20.614731,26816900,6525000
2014-01-10,121.019997,120.43,119.580002,7993200,166.767776,102026400,16379.01953,85190000,823100,1.367,198570,92.35,93.43,43950,25730,2.86,2.9730000000000003,1437.35,1418.8,744.3,81.085,38730,22.01,21.331932,48807100,5452000
2014-01-13,119.889999,121.040001,120.199997,5872700,164.548904,149892000,16240.59961,111680000,1147000,1.3672,151800,92.84,92.89,44350,21640,2.829,2.864,1446.55,1438.5,741.8,80.745,18580,22.65,21.952213,40953500,6247500
2014-01-14,119.660004,121.059998,119.720001,7505400,166.342148,105016100,16260.830080000002,98610000,1150400,1.3679,111280,91.59,92.95,44652,20320,2.873,2.8360000000000003,1429.65,1446.65,738.0,80.67,13170,22.1,21.419161,44762000,3967300
2014-01-15,119.790001,119.809998,119.110001,5474300,167.238724,98525800,16376.78027,101130000,823900,1.3605,70780,92.71,94.7,44314,17960,2.893,2.875,1430.2,1429.75,742.6,80.755,23120,22.389999,21.700224,25062000,7292600
2014-01-16,120.93,119.959999,119.57,3949500,167.021378,72290600,16375.55957,87370000,1351700,1.362,14560,94.36,94.71,44402,19100,2.841,2.893,1432.2,1430.6,743.1,81.185,21420,22.620001,21.92314,17849900,4317400
2014-01-17,119.699997,121.019997,120.199997,7923400,166.314957,107848700,16378.79981,184970000,1697800,1.3541,198420,94.28,95.04,44380,22630,2.821,2.845,1454.85,1432.4,748.3,81.045,21140,23.33,22.611265,39755700,6876800
2014-01-21,119.190002,119.970001,119.230003,6763500,166.804001,88621200,16316.25,111570000,1379200,1.3561,254310,94.0,95.23,44140,26520,2.832,2.827,1455.55,1465.65,749.1,81.305,25590,23.700001,22.96987,36615000,3925900
2014-01-22,121.790001,119.769997,119.169998,4891800,166.912689,61270900,16332.98047,87470000,1070800,1.3548,184000,95.28,96.97,44200,14510,2.867,2.83,1459.9,1455.6,747.5,81.175,15000,23.09,22.37866,36751100,4995700
2014-01-23,122.290001,122.019997,120.970001,11028200,165.54513500000004,132496900,16140.580080000002,100540000,1351600,1.3695,241800,96.75,97.9,44112,30120,2.779,2.8710000000000004,1460.65,1459.65,745.0,81.38,34880,23.719999,22.989252,45871700,5677200
2014-01-24,120.959999,122.5,121.550003,8515700,162.013046,208677100,15879.11035,141450000,1222100,1.3678,244560,97.38,97.81,44622,29320,2.719,2.781,1430.15,1460.55,734.8,80.565,26810,23.67,22.940794,35768500,4915700
2014-01-27,120.949997,122.059998,120.720001,7528600,161.216095,180843100,15783.54981,127540000,1248000,1.3672,203300,96.98,97.26,44810,20860,2.75,2.715,1418.3,1439.35,722.1,80.53,14360,22.889999,22.184822,39306300,5524600
2014-01-28,122.470001,121.400002,120.410004,5149500,162.176102,110463200,15840.83984,89110000,1109800,1.3669,188300,95.69,97.69,44127,24490,2.752,2.753,1411.3,1418.2,715.8,80.59,13150,23.4,22.679111,35800200,4313100
2014-01-29,119.769997,122.510002,121.129997,12257500,160.61836200000005,216597300,15708.98047,109590000,1223400,1.3663,207310,97.22,97.8,43844,33440,2.679,2.775,1416.1,1410.9,715.1,80.71,22060,24.01,23.270317,45294600,4952900
2014-01-30,121.32,120.220001,119.599998,8746500,162.32103,118938100,15733.26953,92100000,1042300,1.3556,188730,97.5,98.66,43080,36370,2.697,2.688,1385.3,1415.9,706.8,80.64,24070,23.49,22.766338,39061500,3274800
2014-02-03,120.989998,122.110001,120.32,9267300,157.738373,254837100,15356.169919999998,151050000,1011900,1.3525,264730,97.47,98.0,42928,25650,2.577,2.6660000000000004,1387.1,1376.4,702.3,81.385,20220,23.299999,22.582191,29233300,12222700
2014-02-04,121.290001,121.089996,120.389999,7027400,158.843277,165012400,15356.62012,124110000,737100,1.3519,186440,96.6,97.89,43405,22220,2.631,2.5860000000000003,1375.65,1387.15,701.8,81.17,14220,23.59,22.863256,25405500,2633800
2014-02-05,121.239998,121.879997,120.730003,6800000,158.64404299999995,164230500,15340.69043,105130000,937800,1.3533,193780,97.75,98.34,43772,35400,2.669,2.629,1383.45,1375.65,707.3,81.215,24510,23.209999,22.494963,26263800,3671700
2014-02-06,122.169998,121.510002,120.779999,4745800,160.73611499999996,132877600,15443.0,106980000,652500,1.359,205080,97.3,98.88,44280,26240,2.702,2.669,1376.75,1383.35,709.6,81.16,28100,23.190001,22.475584,17131300,2205900
2014-02-07,122.919998,122.239998,121.230003,6674700,162.728561,170787200,15625.53027,105780000,727400,1.3635,215630,98.05,100.32,44160,22080,2.684,2.7,1384.3,1376.8,709.6,80.965,20860,23.91,23.173399,41599600,6344500
2014-02-10,124.360001,123.160004,122.720001,7931200,163.02740500000004,92218800,15733.69043,84110000,1363400,1.3647,162660,100.1,100.6,44487,18960,2.669,2.684,1386.0,1383.65,715.5,80.82,10590,24.700001,23.939062,46083500,2941200
2014-02-11,124.43,124.75,123.360001,11546000,164.811554,117814100,15803.40039,95930000,1492800,1.3639,137260,99.98,100.61,44411,23570,2.7260000000000004,2.682,1387.35,1385.6,717.8,80.61,24070,25.65,24.859795,60141000,2084800
2014-02-12,125.489998,124.980003,124.129997,6651900,164.893066,94717700,15928.75,77310000,1312400,1.3594,105890,100.49,101.41,44523,14370,2.763,2.72,1404.95,1387.55,727.2,80.705,18610,24.77,24.006905,58448600,4408000
2014-02-13,127.150002,125.599998,124.660004,9167900,165.74435400000004,100542200,15863.25,99470000,1361700,1.3681,18080,100.3,100.69,44618,15290,2.734,2.786,1414.45,1405.0,730.7,80.745,25280,25.870001,25.073017,59204100,2185000
2014-02-14,127.400002,127.379997,126.75,11147900,166.65910300000004,96498400,15985.38965,84060000,1223900,1.3693,146750,100.37,100.5,44999,32010,2.745,2.739,1427.9,1414.7,736.2,80.35,17480,26.35,25.538229,52546300,1751700
2014-02-18,126.269997,127.75,127.089996,7685800,166.858337,80460900,16107.04004,91250000,1262900,1.3758,150350,100.35,103.28,46932,33470,2.709,2.75,1422.5,1431.0,738.2,80.2,17200,26.459999,25.64484,30546700,4759600
2014-02-19,127.599998,127.449997,126.160004,9384100,165.753448,126524300,16031.66016,80560000,1921100,1.3733,163340,103.16,103.82,47381,23510,2.739,2.707,1415.2,1423.25,732.4,80.01,17970,25.629999,24.84041,49689800,4682800
2014-02-20,127.580002,127.75,126.400002,10572900,166.731537,104998100,16006.58984,77720000,1224000,1.3718,151210,103.41,103.5,47151,20330,2.752,2.734,1416.8,1414.95,736.3,80.215,19570,26.67,25.848370000000006,48798000,2738100
2014-02-21,128.990005,128.070007,127.150002,7298200,166.541351,118116400,16093.79981,126580000,1231700,1.374,154900,102.89,102.94,47250,15410,2.732,2.755,1428.8,1417.1,739.6,80.355,13850,26.530001,25.712685,38899700,4283000
2014-02-24,129.21000700000002,129.070007,128.339996,12114200,167.465149,114063900,16102.26953,244580000,1181000,1.3735,202520,102.31,103.47,47162,24300,2.741,2.736,1435.05,1427.3,742.8,80.275,11980,26.700001,25.877447,26237700,3499200
2014-02-25,128.110001,129.529999,128.570007,5786000,167.401733,117085000,16147.25,99470000,1306100,1.3746,198160,102.85,102.89,47362,21520,2.7030000000000003,2.744,1439.55,1435.0,738.6,80.255,16550,26.33,25.518847,33248100,3379200
2014-02-26,128.199997,128.759995,127.419998,7052900,167.410782,98677200,16155.86035,93980000,1284000,1.3688,186710,102.07,102.93,46202,29830,2.6660000000000004,2.707,1429.5,1439.7,731.9,80.16,22710,26.049999,25.247469,37403200,2029100
2014-02-27,130.28999299999998,128.800003,127.889999,5066500,168.289276,93880800,16159.80957,97640000,1079500,1.3709,192910,102.61,103.12,46289,11430,2.639,2.673,1451.85,1429.45,742.25,80.42,19970,25.969999,25.169935,24135500,2687600
2014-03-03,128.679993,130.589996,129.809998,11741100,167.528534,167748500,16071.25,92760000,1011400,1.3735,291310,103.02,105.24,46362,2700,2.603,2.61,1458.55,1452.8,749.8,79.855,22930,26.299999,25.489767,38957700,7476300
2014-03-04,128.889999,129.240005,128.320007,6341700,169.88324,167545900,16169.32031,96120000,649400,1.3744,218500,104.92,104.99,46278,660,2.701,2.605,1458.55,1458.45,763.7,80.1,15660,26.1,25.295931,21126300,3726700
2014-03-05,130.169998,129.339996,128.580002,4878500,170.03718600000005,88376900,16343.95996,73980000,738300,1.3733,220180,103.4,103.58,46136,180,2.708,2.692,1474.8,1458.6,772.65,80.14,15260,26.5,25.683611,24839500,5500600
2014-03-06,129.089996,130.470001,129.470001,5408900,170.42662,82516500,16360.55957,75900000,721300,1.3861,228720,101.08,102.12,46436,21910,2.739,2.7030000000000003,1484.3,1475.15,780.95,80.12,35470,26.790001,25.964674,30022900,3648500
2014-03-07,129.130005,129.229996,128.21000700000002,7575000,170.4991,114513500,16398.85938,80690000,811800,1.3878,172050,102.11,103.05,45835,29870,2.79,2.744,1483.55,1484.1,781.6,79.675,26140,26.18,25.373466,41153600,2217700
2014-03-10,129.860001,129.610001,128.779999,4169900,170.408493,74939200,16334.2002,68210000,732300,1.3877,149340,102.81,102.88,45570,19420,2.779,2.79,1478.75,1478.7,776.65,79.685,19690,25.969999,25.169935,22459800,3210900
2014-03-11,131.759995,130.149994,128.929993,7289800,169.566254,99009100,16325.169919999998,78150000,821300,1.3859,146850,100.97,101.55,45522,30750,2.77,2.783,1467.7,1478.45,770.3,79.77,21540,26.129999,25.325005,40182800,3580900
2014-03-12,132.21000700000002,132.119995,131.389999,11094200,169.611542,104824400,16260.03027,77900000,870500,1.3904,159230,99.56,99.68,45921,27520,2.732,2.77,1476.1,1468.1,776.7,79.8,33360,26.92,26.090670000000006,48251500,6572600
2014-03-13,133.100006,132.53999299999998,131.559998,8007700,167.709656,155014300,16084.09961,86160000,1110100,1.3869,86260,98.13,98.63,46411,24490,2.645,2.734,1479.15,1476.2,778.3,79.64,26540,27.629999,26.778795,51290800,2211300
2014-03-14,131.639999,133.690002,132.350006,11939600,167.238724,153919600,16046.99023,85660000,992000,1.3914,12880,98.28,99.31,46723,31050,2.656,2.647,1470.6,1478.75,773.05,79.605,14410,27.73,26.875717,33467300,3605100
2014-03-17,130.619995,133.220001,131.220001,14626800,168.75116,98359500,16066.37012,88930000,1389800,1.3922,166230,99.43,99.43,46583,8390,2.694,2.642,1469.15,1473.5,773.7,79.425,1430,26.799999,25.974365,57393200,2552500
2014-03-18,128.089996,131.270004,130.330002,6424400,169.955658,101804600,16245.92969,79140000,764600,1.3934,170580,98.03,99.84,45555,25860,2.674,2.694,1459.4,1468.35,771.75,79.515,16750,26.43,25.615767,35900800,2586000
2014-03-19,127.860001,129.679993,127.940002,12932900,169.050003,176267300,16126.29004,90110000,1459100,1.3833,188480,99.72,100.66,45227,28940,2.773,2.674,1449.8,1459.55,766.1,79.52,25760,25.440001,24.656263,59004800,2333400
2014-03-20,128.470001,128.410004,127.580002,7690800,170.03718600000005,117241000,16160.330080000002,91530000,794600,1.3779,205210,100.39,100.82,44720,28650,2.773,2.768,1436.6,1450.25,772.0,80.18,28090,25.469999,24.68533900000001,30817600,2295800
2014-03-21,126.18,129.089996,128.410004,7237300,169.377365,163128000,16290.79004,353670000,2957800,1.3794,167800,98.71,100.37,44600,21620,2.7460000000000004,2.766,1436.3,1436.5,788.75,80.335,20160,25.52,24.733799,23183300,2708000
2014-03-24,126.410004,127.139999,126.029999,13076500,168.676895,121411000,16215.55957,110620000,1352200,1.3839,142790,99.56,100.36,43900,20660,2.73,2.757,1434.8,1440.7,795.35,80.27,18280,24.33,23.580462,60563300,1648400
2014-03-25,125.410004,126.82,126.239998,6566900,169.477402,103852000,16279.2002,89110000,959100,1.3827,167090,99.52,100.34,43451,23240,2.75,2.735,1423.35,1434.55,789.4,80.085,17640,24.48,23.72584,40283600,2183900
2014-03-26,124.589996,126.379997,125.129997,8575400,168.258484,119843000,16268.99023,92770000,1175900,1.3783,166380,99.21,100.48,42870,22130,2.694,2.75,1415.2,1423.7,781.15,80.12,11940,23.49,22.766338,60261900,1941100
2014-03-27,124.559998,125.290001,124.209999,7312300,167.90373200000005,142383000,16191.79004,93650000,1411300,1.374,184830,100.37,101.77,42559,24940,2.6830000000000003,2.695,1403.8,1415.3,761.0,80.165,15610,23.82,23.086172,38461400,2081900
2014-03-28,123.610001,124.959999,123.879997,7253700,168.73152199999996,101642000,16267.76953,86370000,1021500,1.3753,140350,101.47,102.36,42411,21210,2.7230000000000003,2.685,1411.15,1404.15,773.7,80.295,12670,24.1,23.357544,46141600,2000500
2014-03-31,123.389999,124.790001,123.57,12379200,170.114197,99745000,16324.21973,104510000,1464900,1.3771,145620,101.73,102.01,42701,18480,2.719,2.724,1417.45,1414.35,777.1,80.35,21110,23.610001,22.882641,45688600,2124000
2014-04-01,124.32,123.849998,123.110001,5992000,171.24211100000005,89193000,16457.59961,88010000,833200,1.3794,195030,101.56,101.6,42551,14760,2.755,2.7260000000000004,1425.55,1417.5,782.35,80.255,10640,23.690001,22.960176,19095400,4688600
2014-04-02,123.919998,124.75,124.190002,4907800,171.815216,78774000,16506.59961,78120000,1047400,1.3767,271600,99.67,99.86,42528,20850,2.806,2.757,1437.85,1425.8,787.8,80.245,15830,24.32,23.57077,50757600,3366200
2014-04-03,125.57,124.260002,123.589996,3658800,171.58781399999995,77435000,16527.59961,77220000,692500,1.372,220540,99.34,100.54,42722,21050,2.801,2.806,1440.0,1437.7,788.85,80.38,40190,24.07,23.328470000000006,29477700,1867800
2014-04-04,124.910004,125.959999,124.860001,7278400,169.55926499999995,169381000,16392.76953,104350000,1283200,1.3703,184070,100.5,101.75,42925,23780,2.7260000000000004,2.799,1449.05,1440.1,790.75,80.6,24500,24.26,23.512615,30183500,2427600
2014-04-07,126.089996,125.470001,124.839996,3967200,167.68541000000005,140803000,16244.00977,116540000,843700,1.3741,215200,100.94,101.35,42770,16610,2.701,2.7230000000000003,1429.25,1449.35,767.9,80.57,10470,24.26,23.512615,26017500,2030200
2014-04-08,126.32,126.339996,125.900002,6939100,168.37673999999996,112660000,16180.28027,98510000,761300,1.3796,193360,100.75,102.77,43165,8330,2.6830000000000003,2.708,1441.75,1429.3,775.85,80.345,25960,24.879999,24.113516,35477500,4498000
2014-04-09,127.010002,126.720001,125.330002,5305600,170.186935,100254000,16256.37012,91550000,1081400,1.3855,144720,102.36,103.78,42301,20510,2.693,2.684,1443.9,1441.8,782.55,79.875,20310,25.07,24.297661,28068600,4467200
2014-04-10,126.93,127.370003,126.82,5003200,166.612015,172959000,16153.33984,112550000,865300,1.3888,124820,103.49,103.86,42817,26800,2.647,2.695,1454.8,1443.8,792.3,79.615,22540,24.57,23.813065,33824400,2969100
2014-04-11,127.849998,127.309998,126.730003,4697200,165.111084,167251000,16015.32031,119550000,1090900,1.3885,105400,103.39,104.49,43016,16190,2.628,2.641,1458.95,1454.9,806.8,79.48,12800,24.219999,23.473846,25661000,2638300
2014-04-14,125.489998,128.25,127.620003,6677400,166.41186499999995,132382000,16028.29004,90020000,942500,1.3821,95830,103.61,104.6,42803,11550,2.65,2.603,1466.85,1467.2,811.5,79.63,10510,24.52,23.764606,26719400,1348400
2014-04-15,125.540001,125.699997,124.599998,9967600,167.55806,157093000,16063.2002,97850000,902200,1.3814,19550,103.67,104.12,41526,34280,2.63,2.6460000000000004,1442.3,1466.4,795.9,79.85,11180,24.02,23.28001,40829300,2715200
2014-04-16,124.75,125.57,125.029999,4071300,169.31368999999995,105197000,16266.23047,94650000,842700,1.3816,229360,103.81,105.04,41761,24430,2.635,2.6260000000000003,1440.5,1442.25,802.3,79.895,10730,23.799999,23.066788,24011100,4669400
2014-04-17,124.239998,125.529999,124.57,5901900,169.550186,105255000,16368.13965,136190000,683000,1.3815,163990,103.98,104.92,42166,17550,2.721,2.632,1415.15,1440.65,807.1,79.87,7530,23.57,22.843874,19332100,3083900
2014-04-21,123.779999,124.330002,123.760002,6579200,170.141434,68329000,16402.08008,79500000,1007000,1.3792,71870,104.76,104.99,41760,16270,2.715,2.719,1405.05,1412.8,777.8,79.94,7590,23.51,22.785723,33215100,1353600
2014-04-22,123.760002,124.160004,122.919998,6898100,170.914658,85790000,16449.38086,84830000,1232800,1.3805,201110,104.36,104.36,41943,18470,2.7110000000000003,2.717,1403.8,1404.8,783.65,80.065,11180,23.790001,23.057096,21896000,3118600
2014-04-23,125.43,123.940002,123.379997,3736600,170.514404,73869000,16477.2793,76830000,716200,1.3817,181740,101.92,102.14,42335,14090,2.693,2.717,1406.45,1403.7,786.0,79.98,13260,24.27,23.522308,44932000,2389600
2014-04-25,124.879997,125.709999,125.07,7023700,169.45921299999995,100380000,16333.78027,90630000,442300,1.3833,216210,101.95,102.06,42381,22280,2.6660000000000004,2.6860000000000004,1424.15,1412.75,811.2,79.845,8590,24.459999,23.706455,32620000,1991400
2014-04-28,124.860001,125.339996,124.449997,4897900,169.995926,135121000,16312.66016,105510000,629400,1.385,246470,100.52,101.55,42301,17360,2.708,2.675,1419.35,1430.4,800.7,79.805,11600,23.99,23.250933,28567200,1391500
2014-04-29,123.800003,125.379997,124.650002,5241600,170.787308,84098000,16451.17969,71240000,629300,1.3812,206500,100.91,102.22,41810,19110,2.697,2.708,1429.5,1419.4,807.9,79.76,10320,24.309999,23.561073,25448500,1398800
2014-05-01,125.059998,123.830002,123.059998,6687300,171.31491100000005,93019000,16525.25,75630000,597200,1.3869999999999998,186880,99.8,99.97,40514,3640,2.613,2.659,1425.25,1427.15,814.15,79.57,7320,23.790001,23.057096,21062200,2539800
2014-05-02,126.220001,125.669998,123.330002,9912900,171.069305,98122000,16488.31055,78910000,673500,1.3869999999999998,215150,99.24,100.21,40900,790,2.5860000000000003,2.615,1439.55,1424.95,812.4,79.56,23760,24.32,23.57077,30655700,1846200
2014-05-05,125.980003,126.629997,126.0,5196500,171.396774,75883000,16377.08984,70320000,479000,1.3876,139530,99.98,100.47,41835,220,2.6060000000000003,2.575,1451.9,1441.95,816.5,79.56,8130,24.41,23.657995,13954400,2344000
2014-05-06,124.169998,126.110001,125.629997,3488000,169.904984,85454000,16399.99023,74340000,303700,1.3928,194540,99.44,100.47,42489,15820,2.593,2.6060000000000003,1454.05,1451.95,818.4,79.55,27540,24.280001,23.532001,8793200,1642300
2014-05-07,124.169998,125.57,123.919998,8469900,170.905563,106500000,16357.34961,93870000,643700,1.3912,217140,99.86,101.02,41870,24590,2.59,2.599,1439.05,1454.1,796.7,79.165,16460,23.809999,23.076481,34352300,1938300
2014-05-08,124.099998,124.470001,123.889999,3695500,170.723648,93618000,16502.00977,75620000,347000,1.3841,163880,100.86,100.97,41537,18940,2.611,2.623,1438.4,1439.0,804.05,79.27,44180,23.77,23.037712,13305600,1303500
2014-05-09,124.940002,124.470001,123.82,3120000,170.97833300000005,83679000,16498.71094,74980000,363000,1.376,179230,100.36,101.27,41318,16020,2.623,2.611,1431.15,1438.3,799.75,79.46,27410,23.73,22.99894500000001,10691700,1552300
2014-05-12,124.599998,125.419998,124.690002,4025500,172.64300500000004,86940000,16584.82031,71550000,357300,1.3757,145650,100.14,100.95,41393,20510,2.661,2.631,1438.1,1426.2,808.75,79.915,12500,23.93,23.192781,16204900,1498300
2014-05-13,125.809998,125.099998,124.5,2643500,172.797668,66454000,16695.91992,71340000,492700,1.3704,130640,100.65,102.07,41750,16000,2.611,2.661,1453.4,1438.3,817.3,79.955,26800,23.75,23.018328,12505800,2221900
2014-05-14,124.769997,125.959999,125.440002,4015900,171.978973,72367000,16595.0,71970000,471100,1.3715,115260,101.97,102.71,42149,13310,2.548,2.616,1480.8,1453.25,828.6,80.17,15350,24.01,23.270317,16749000,2575000
2014-05-15,124.5,125.510002,124.540001,5861100,170.468948,154956000,16397.46094,106610000,447700,1.3711,20370,102.06,102.29,41575,21160,2.496,2.543,1471.85,1480.85,812.1,80.115,23000,23.620001,22.892334,26428900,1339000
2014-05-16,124.580002,124.769997,124.290001,4052100,171.060226,97458000,16414.32031,119330000,490500,1.3695,229930,101.62,102.28,40854,18190,2.523,2.495,1466.4,1472.35,815.0,80.06,12150,23.42,22.698494,14762700,1574900
2014-05-19,124.690002,125.470001,124.480003,3902600,171.687866,63839000,16442.11914,82180000,419900,1.3709,171710,102.6,103.56,40780,19800,2.545,2.521,1473.25,1468.95,816.35,80.11,10520,23.41,22.688801,11015300,1644800
2014-05-20,124.389999,124.910004,124.089996,3770800,170.605392,111644000,16341.29981,75150000,373100,1.3703,172790,102.6,102.86,40715,19410,2.514,2.543,1470.75,1473.15,826.35,80.08,7930,23.389999,22.669416,9777000,1348600
2014-05-21,124.669998,124.550003,123.529999,6846500,172.042618,89093000,16376.169919999998,76730000,649700,1.3687,220000,102.99,104.32,40818,19080,2.5340000000000003,2.509,1474.7,1470.9,831.1,80.075,17890,23.450001,22.72757,11669100,4562600
2014-05-22,124.510002,125.239998,124.540001,3458800,172.46108999999996,61549000,16489.60938,59250000,433600,1.3656,200090,103.86,104.23,40833,24360,2.5540000000000003,2.543,1489.25,1474.45,837.1,80.135,10920,23.389999,22.669416,10736700,3436500
2014-05-23,121.849998,124.660004,124.190002,2205900,173.152451,61092800,16544.49023,61340000,586100,1.3634,143660,103.77,104.56,40575,18720,2.536,2.552,1475.1,1488.8,832.2,80.295,10910,23.309999,22.591883,8163800,2545800
2014-05-27,121.199997,123.07,121.75,10895800,174.21670500000005,72010000,16607.41992,80870000,1312100,1.3634,173410,104.38,104.54,40212,25210,2.518,2.539,1465.85,1479.6,831.55,80.335,12490,22.41,21.71961,42767100,1155500
2014-05-28,120.940002,121.699997,120.919998,6736800,174.089371,66723000,16620.2207,62480000,1678700,1.3591,175310,104.16,104.41,40000,20240,2.445,2.514,1458.95,1465.9,840.75,80.4,13970,22.040001,21.361008,38713400,1885000
2014-05-29,120.43,121.459999,120.769997,5551900,174.98992900000005,64377000,16620.42969,55500000,734200,1.3602,174680,103.09,103.97,39604,25360,2.47,2.448,1462.45,1458.7,833.8,80.61,12370,22.24,21.554848,20726800,1189600
2014-05-30,119.699997,120.809998,119.620003,8749600,175.271881,76316000,16648.84961,105190000,789200,1.3631,175050,103.59,103.64,39517,23230,2.475,2.466,1453.55,1462.4,835.65,80.535,10070,22.5,21.806839,28665000,1311000
2014-06-02,120.010002,120.459999,119.610001,5916100,175.472046,64656000,16682.07031,57560000,549200,1.3597,194250,102.94,103.38,39465,18610,2.527,2.484,1436.45,1452.35,832.05,80.405,21370,22.290001,21.603308,21523400,3111500
2014-06-03,119.760002,120.089996,119.419998,5008300,175.381058,65047000,16690.00977,67830000,585900,1.3628,177670,102.47,102.89,39633,18360,2.599,2.529,1431.35,1436.65,836.2,80.69,13460,22.370001,21.680843,17797700,1160100
2014-06-04,120.660004,120.160004,119.68,3859500,175.73584,55529000,16673.65039,65570000,532300,1.3599,211090,102.8,103.69,39708,13030,2.6060000000000003,2.595,1439.5,1431.4,836.65,80.6,13360,22.280001,21.593615,16684600,1711300
2014-06-05,120.610001,120.879997,120.43,4180400,176.882004,92103000,16709.94922,70460000,795700,1.366,193330,102.39,102.7,39615,22740,2.584,2.597,1443.05,1439.55,838.85,80.685,53910,22.65,21.952213,23394100,1268400
2014-06-06,120.650002,120.769997,119.940002,4807700,177.72796599999995,78696000,16839.64063,80530000,898900,1.3643,155000,102.47,103.1,39828,18270,2.597,2.582,1454.25,1443.25,843.95,80.4,26060,22.639999,21.942524,16146600,1035100
2014-06-09,121.389999,120.849998,120.57,2788000,177.909943,65119000,16912.91992,67130000,388400,1.3594,189210,102.82,104.61,39980,12440,2.608,2.595,1453.0,1453.25,841.95,80.445,17920,22.549999,21.855295,9406200,3071300
2014-06-10,121.410004,121.470001,121.209999,3556600,177.928085,57129000,16897.43945,64560000,621900,1.3548,214920,104.48,105.08,40113,16460,2.64,2.602,1475.75,1452.85,854.9,80.645,19330,23.030001,22.320511,23569000,1764300
2014-06-11,122.639999,121.610001,121.18,3572300,177.30950900000005,68772000,16821.84961,61860000,1012500,1.3533,131570,104.32,104.83,40475,14280,2.64,2.653,1478.95,1475.65,860.7,80.835,25400,23.41,22.688801,26206500,1171000
2014-06-12,122.959999,122.75,121.830002,7388500,176.05423000000005,106350000,16703.73047,72560000,1075900,1.3553,133070,104.49,106.97,40486,22330,2.597,2.644,1454.05,1478.2,820.15,80.78,19600,24.030001,23.289701,36108300,5809900
2014-06-13,122.419998,123.040001,122.510002,4026600,176.590912,82017000,16718.59961,95220000,1249000,1.3542,16050,107.01,107.85,41305,17390,2.608,2.6060000000000003,1435.25,1454.05,813.35,80.595,13680,24.110001,23.367239,27970100,2955100
2014-06-16,122.279999,123.010002,122.300003,5832800,176.73641999999995,87424000,16722.85938,77900000,635300,1.3575,175900,106.93,107.59,41999,18780,2.597,2.602,1438.85,1443.55,810.1,80.64,1330,23.98,23.241241,26461100,1819600
2014-06-17,122.669998,122.5,121.82,4032800,177.227646,84834000,16732.91016,63530000,459800,1.3546,240520,106.62,107.21,41766,19890,2.653,2.6010000000000004,1440.0,1438.8,817.45,80.555,10820,24.120001,23.37693,18753900,2166500
2014-06-18,126.940002,122.800003,122.089996,4601700,178.52844199999996,105267000,16755.28906,73720000,618100,1.3596,240750,106.73,107.1,42128,15970,2.59,2.659,1454.5,1440.0,823.65,80.7,20250,24.76,23.997215,37017800,2240300
2014-06-19,126.5,127.230003,124.32,24374800,178.728561,85929000,16858.88086,80220000,2489900,1.3609,250240,106.51,107.1,42350,34420,2.6210000000000004,2.59,1469.05,1454.6,839.35,80.47,25780,26.09,25.286238,79263400,2359800
2014-06-20,126.849998,127.07,126.209999,9954700,179.091171,100587000,16920.61914,247350000,1259700,1.3599,198840,106.6,107.73,43981,29900,2.608,2.622,1458.4,1469.35,822.95,80.37,13790,25.82,25.024557,39255700,2688000
2014-06-23,126.980003,126.940002,126.370003,5142800,179.036316,70611000,16896.08984,63640000,605200,1.3605,220720,107.44,107.47,44240,16940,2.6260000000000003,2.612,1454.1,1457.25,823.6,80.445,9910,26.27,25.460695,29849300,2178300
2014-06-24,126.989998,127.32,126.730003,6350200,177.95777900000004,96237000,16805.23047,80220000,914200,1.3605,230490,106.04,106.48,44216,21650,2.577,2.619,1471.55,1454.05,831.8,80.355,15470,25.469999,24.68533900000001,47793000,1909600
2014-06-25,126.730003,127.550003,126.660004,6692300,178.76216100000005,82782000,16799.41016,73920000,784100,1.3630000000000002,211910,106.22,107.58,44114,20190,2.5610000000000004,2.577,1469.8,1471.7,834.25,80.385,27800,25.76,24.966406,26661400,2059500
2014-06-26,126.660004,126.919998,126.199997,5529800,178.634155,84312000,16746.08984,63650000,566900,1.3611,180860,106.77,106.87,44173,20550,2.532,2.5610000000000004,1470.85,1469.55,835.8,80.255,19950,25.950001,25.150555,24494300,2015600
2014-06-27,128.03999299999998,127.169998,126.650002,4200300,178.981506,71445100,16773.83984,137690000,1699300,1.3649,135710,105.73,106.28,44422,17290,2.536,2.527,1480.4,1470.65,843.25,80.255,16750,25.98,25.17962600000001,18777600,1627400
2014-06-30,127.699997,128.03999299999998,126.370003,18123400,178.89009099999996,70201200,16801.93945,90360000,984100,1.3692,221840,105.72,105.79,43922,14880,2.532,2.529,1486.9,1478.0,843.55,80.075,24940,26.450001,25.635151,35173700,1829500
2014-07-01,127.699997,128.119995,127.489998,8145900,180.087402,90470000,16828.5293,74050000,644400,1.3679,229190,105.47,106.12,44236,3130,2.567,2.53,1505.15,1486.95,854.6,79.84,18400,26.24,25.43162,37682400,2373700
2014-07-02,127.160004,128.240005,127.639999,5738900,180.270218,52475000,16949.71094,57840000,554000,1.366,269760,105.24,105.56,44000,650,2.628,2.568,1507.7,1505.05,857.4,79.86,15150,26.48,25.664223,47776900,2655400
2014-07-03,127.019997,127.290001,126.610001,4922500,181.15683,52938800,16979.0,66800000,482300,1.3611,218980,104.36,104.38,44121,140,2.641,2.625,1500.05,1507.75,861.9,79.99,23380,26.5,25.683611,24026700,1447500
2014-07-07,127.07,127.029999,126.230003,4630200,180.526169,61696000,16992.44922,61480000,769700,1.3605,152510,104.12,104.16,44576,12320,2.614,2.656,1498.2,1505.25,868.95,80.33,11010,26.040001,25.237778,27758400,1428400
2014-07-08,127.839996,127.529999,126.43,6216600,179.365341,108143000,16874.78906,75250000,778300,1.3613,232730,103.5,104.31,44661,16090,2.559,2.616,1502.3,1498.25,872.9,80.265,7890,26.459999,25.64484,39251800,2418100
2014-07-09,128.53999299999998,128.259995,127.18,8362700,180.169693,72992000,16913.81055,67120000,1319300,1.3645,173180,103.53,103.68,44735,11600,2.556,2.559,1510.0,1502.15,872.7,80.195,18690,27.15,26.313583,45722200,5838100
2014-07-10,128.779999,129.21000700000002,128.490005,6313300,179.456741,99040000,16805.38086,67510000,1392800,1.361,152470,102.0,103.06,44840,31730,2.5380000000000003,2.5580000000000003,1516.2,1510.35,873.05,80.055,13260,26.610001,25.790222,56464800,3672300
2014-07-11,125.720001,128.830002,128.380005,4322100,179.703598,64243000,16860.30078,61000000,779600,1.3609,171040,102.98,103.04,45921,12100,2.516,2.536,1515.65,1516.0,875.3,80.185,11980,27.32,26.478346,44288000,4947100
2014-07-14,124.529999,126.099998,125.449997,11465500,180.608429,58658000,16950.92969,60570000,828400,1.362,99200,100.53,101.27,44885,22790,2.547,2.525,1499.55,1515.65,872.0,80.22,8430,26.6,25.780529,50884100,6182100
2014-07-15,124.970001,126.32,124.360001,10541700,180.270218,111307000,17006.39063,101730000,974500,1.3572,63860,100.99,101.12,44601,19660,2.552,2.547,1488.05,1499.65,868.55,80.21,26230,25.780001,24.985792,57239800,4427000
2014-07-16,127.089996,125.470001,124.779999,4099800,180.937454,79986400,17061.91016,111500000,739500,1.3525,11520,100.24,101.63,44371,17560,2.53,2.547,1487.95,1487.8,876.75,80.42,16340,26.280001,25.470387,35829100,4183900
2014-07-17,126.129997,127.550003,125.110001,11423900,178.880951,145398000,16966.18945,99240000,1151700,1.3527,296510,101.53,103.94,44642,23040,2.442,2.525,1505.45,1488.0,885.1,80.595,13440,26.99,26.158512,49433900,6476600
2014-07-18,126.339996,126.209999,125.669998,6460900,180.708939,124330000,16977.51953,112530000,634900,1.3525,210880,103.84,104.06,44761,16320,2.482,2.451,1492.7,1506.1,881.5,80.605,20980,26.940001,26.110054,29638500,3368400
2014-07-21,125.739998,126.550003,126.110001,3296300,180.370758,67592000,16974.33984,67590000,564800,1.3523,211700,103.09,105.11,44975,14570,2.469,2.482,1490.8,1493.65,877.15,80.58,11520,26.9,26.071283,20045600,3468600
2014-07-22,125.620003,126.43,125.470001,3882000,181.15683,67678000,17040.13086,77960000,455600,1.3466,183100,104.58,105.25,44734,20020,2.466,2.4730000000000003,1489.4,1490.55,874.85,80.64,31960,26.59,25.770838,24406300,1485900
2014-07-23,124.349998,126.040001,125.400002,3041400,181.55899,65612000,17058.05078,73440000,775700,1.3465,207150,102.01,103.39,44878,11260,2.469,2.467,1484.6,1489.5,874.3,80.87,14120,26.49,25.673916,20042200,2257500
2014-07-24,125.790001,124.870003,123.900002,8111600,181.5681,56888000,17061.07031,66390000,747500,1.3464,179570,103.27,103.38,43728,23590,2.502,2.469,1473.1,1484.65,870.95,80.89,17430,26.08,25.276546,32711300,2746500
2014-07-25,125.580002,125.93,124.43,5638800,180.718124,76837000,16915.65039,67290000,812100,1.3432,253170,102.12,102.61,43875,14820,2.467,2.503,1481.2,1473.15,878.8,80.945,24570,26.82,25.99375,37295300,2727700
2014-07-28,125.199997,125.669998,125.300003,3212900,180.791229,69259000,16877.7207,66190000,612300,1.3441,139520,101.96,102.19,44065,13650,2.487,2.471,1491.25,1480.55,880.75,81.15,11560,26.99,26.158512,16168400,2189500
2014-07-29,124.830002,125.879997,124.720001,5267700,180.014328,80466000,16912.10938,75980000,342400,1.341,176640,101.69,101.92,44140,10620,2.462,2.491,1484.65,1491.05,878.3,81.09,15270,26.76,25.935596,22239100,2709200
2014-07-30,123.389999,124.93,124.410004,5614800,180.04174799999996,104222000,16817.16016,77750000,532600,1.3397,218390,101.07,101.71,44076,12700,2.56,2.46,1481.9,1484.6,880.15,81.29,29800,26.469999,25.65453,32753900,5005500
2014-07-31,124.379997,124.07,123.230003,9896500,176.486221,183479000,16563.30078,101670000,697300,1.3389,234550,99.51,99.89,44272,17740,2.562,2.5580000000000003,1464.9,1482.05,873.7,81.5,24110,25.91,25.111784,33849300,4778500
2014-08-01,123.989998,124.809998,124.230003,7397000,175.946991,189261000,16437.07031,84860000,1215500,1.3430000000000002,216360,97.73,98.13,44309,16710,2.494,2.562,1465.75,1464.5,864.55,81.53,33880,26.200001,25.392851,30954500,4284100
2014-08-04,123.870003,124.470001,123.730003,6499400,177.217468,91340000,16447.19922,76260000,674900,1.3422,207790,97.71,98.71,44088,12280,2.485,2.502,1466.65,1465.7,855.1,81.395,11580,25.950001,25.150555,24726000,2421600
2014-08-05,125.669998,124.519997,123.400002,8342500,175.499084,152690000,16369.54981,76630000,723100,1.3376,209180,98.42,98.69,43266,19540,2.489,2.487,1459.85,1466.45,849.25,81.4,24500,26.1,25.295931,25597200,3289700
2014-08-06,126.18,126.0,125.519997,9327800,175.553925,94818000,16372.32031,78600000,881100,1.3382,204920,97.66,98.16,43492,18680,2.469,2.487,1467.3,1459.3,849.4,81.615,27740,26.690001,25.867754,38162200,5175700
2014-08-07,126.190002,126.510002,125.370003,7298900,174.603363,135733000,16333.78027,80430000,785700,1.3363,189820,96.92,97.75,43628,15660,2.4090000000000003,2.471,1478.3,1467.45,856.05,81.5,27730,26.76,25.935596,17953800,2356700
2014-08-08,125.959999,126.410004,125.889999,5728200,176.623322,117014000,16364.21973,82420000,699400,1.3411,203740,97.8,98.61,43472,18640,2.422,2.42,1477.45,1478.35,860.5,81.625,27750,26.780001,25.954983,13860400,2253900
2014-08-11,125.989998,126.040001,125.639999,3163500,177.135208,74544000,16557.26953,65560000,657900,1.3386,143610,97.62,98.66,43414,9870,2.4290000000000003,2.431,1472.85,1475.45,874.7,81.47,8320,26.969999,26.13913,13519500,1886200
2014-08-12,126.199997,126.809998,125.870003,4609700,176.888382,73632000,16518.06055,62770000,1103000,1.3369,139910,97.89,97.99,43555,13630,2.449,2.431,1470.75,1472.85,878.0,81.535,15290,27.43,26.584957,31400400,2885500
2014-08-13,126.309998,126.529999,125.900002,3967500,178.085739,69047000,16567.53906,66020000,822100,1.3365,99100,97.32,97.9,43091,18630,2.42,2.458,1470.35,1470.35,881.6,81.575,21240,27.4,26.555882,16989400,2443700
2014-08-14,124.959999,126.529999,126.129997,3348500,178.926605,57371000,16651.66992,62370000,802900,1.3365,18570,97.31,97.6,43070,15870,2.403,2.43,1468.55,1470.25,886.15,81.665,18880,27.129999,26.294201,27201700,7901200
2014-08-18,124.68,125.080002,124.650002,4952500,180.389069,75424000,16664.44922,75670000,430600,1.3363,181100,97.21,97.27,42507,11050,2.394,2.356,1447.7,1457.9,895.65,81.5,11650,26.99,26.158512,16707000,2778100
2014-08-19,124.220001,125.0,124.480003,4878400,181.33049,59135000,16839.06055,67220000,621100,1.332,177100,96.89,97.38,42111,14990,2.403,2.396,1440.25,1447.55,881.6,81.65,24220,26.690001,25.867754,20323300,4028500
2014-08-20,122.879997,124.82,123.879997,4395600,181.814926,72763000,16896.55078,61960000,420500,1.3259999999999998,166190,94.7,96.47,42165,12010,2.428,2.401,1428.9,1439.75,869.35,81.94,22180,26.66,25.83868,15985200,3178800
2014-08-21,123.190002,123.239998,122.449997,8008800,182.345032,67791000,16983.88086,65160000,1150900,1.3282,179610,93.54,94.5,41883,14520,2.4090000000000003,2.434,1422.65,1428.6,880.8,82.29,17390,26.07,25.266855,47056300,3888100
2014-08-22,122.739998,123.330002,122.57,4739200,182.061691,76107000,16984.51953,64330000,428900,1.3243,132510,94.01,94.16,41780,15180,2.403,2.41,1421.85,1421.9,888.7,82.235,31680,26.1,25.295931,15593600,3906400
2014-08-25,123.349998,123.040001,122.720001,5012400,182.984833,63855000,17011.81055,57400000,522700,1.3192,82940,93.42,94.03,41812,10820,2.384,2.41,1418.1,1418.3,891.5,82.62,11960,25.620001,24.830719,25534700,3334200
2014-08-26,123.32,123.970001,123.279999,3882300,183.103683,47298000,17079.57031,50710000,654200,1.3169,149830,93.47,94.46,41940,16730,2.398,2.384,1417.9,1418.1,889.1,82.64,16420,26.190001,25.383158,31613500,3030200
2014-08-27,124.0,123.709999,123.25,2576800,183.030579,47874000,17090.60938,61690000,472900,1.3193,146230,93.92,94.28,41801,12840,2.361,2.393,1420.45,1417.85,894.7,82.69,19540,26.110001,25.305624,12577500,2540500
2014-08-28,123.860001,124.330002,123.809998,3296700,182.929993,58330000,17018.33008,51860000,431800,1.3183,184780,93.79,94.75,42050,22120,2.338,2.357,1425.05,1420.4,897.2,82.49,19800,26.459999,25.64484,18631500,2554200
2014-08-29,121.650002,124.220001,123.620003,3683500,183.451004,65907000,17035.38086,81500000,831500,1.3133,169330,94.59,96.03,42146,7180,2.345,2.343,1424.5,1425.1,908.65,82.495,19820,26.690001,25.867754,16430600,3182000
2014-09-02,122.150002,122.080002,121.43,10128600,183.359558,72426000,17009.07031,64820000,1025200,1.3133,243850,95.85,95.95,41515,460,2.423,2.357,1412.75,1424.15,882.6,82.78,20300,25.809999,25.014866,45629200,6031100
2014-09-03,121.480003,122.199997,121.660004,3414600,183.259033,57462000,17060.21094,62770000,552700,1.3151,233640,93.31,95.87,41430,270,2.398,2.419,1412.9,1412.65,875.35,83.005,17190,25.780001,24.985792,18809800,4412000
2014-09-04,122.059998,122.660004,121.25,7310600,182.993973,85236000,17030.11914,68120000,688100,1.2945,218440,95.13,95.45,41380,90,2.4530000000000003,2.403,1403.7,1412.5,890.4,82.89,42980,24.879999,24.113516,48013800,3533500
2014-09-05,120.730003,122.059998,121.629997,3490100,183.816574,102177000,17009.61914,76630000,781700,1.295,202140,94.66,95.08,41294,40,2.459,2.468,1410.75,1404.25,891.0,83.935,39220,25.07,24.297661,29706700,4543700
2014-09-08,120.870003,121.610001,120.370003,7506500,183.341324,64146000,17079.16992,65640000,749100,1.2897,197610,93.58,93.72,41640,14350,2.471,2.45,1399.65,1410.7,885.7,83.885,43300,24.190001,23.444773,44416600,2855200
2014-09-09,120.260002,120.940002,120.0,6157300,182.180527,88591000,16993.28906,69030000,762800,1.2938,172500,93.16,93.98,41784,12780,2.502,2.48,1390.35,1398.15,860.1,84.35,43280,24.559999,23.803373,29675800,2105100
2014-09-10,119.470001,120.540001,119.639999,7021500,182.866043,67251000,16974.57031,76780000,767100,1.2917,203280,92.87,93.11,41875,12670,2.543,2.5,1382.3,1389.6,848.85,84.12,58230,24.1,23.357544,33863700,5094100
2014-09-11,118.379997,119.699997,118.769997,7612000,183.076279,66774400,16983.88086,63650000,831000,1.2926,144790,91.72,93.45,41226,20030,2.55,2.532,1371.75,1382.25,833.35,84.255,33300,24.27,23.522308,29420500,8150600
2014-09-12,118.639999,118.900002,118.07,8126500,182.006836,117409300,16937.66992,82820000,1061800,1.2965,103490,93.08,93.7,41011,16960,2.609,2.547,1371.85,1370.95,836.05,84.295,16340,23.879999,23.144323,32421600,4112900
2014-09-15,118.830002,118.860001,118.459999,4775400,181.869736,76401000,16951.38086,71740000,694700,1.2942,19950,92.19,93.09,41213,13390,2.591,2.612,1364.15,1367.15,836.9,84.17,740,23.91,23.173399,20102500,3201000
2014-09-16,117.540001,119.43,118.440002,6544500,183.240753,116201000,16985.55078,73200000,785500,1.296,199770,92.84,95.22,41330,18380,2.594,2.591,1366.45,1364.9,844.2,84.375,35280,24.0,23.260626,27000500,5173800
2014-09-17,117.779999,119.239998,117.5,8328700,183.487579,151266000,17089.00977,87810000,790700,1.2866,190170,94.75,95.11,41204,11310,2.622,2.591,1349.7,1366.05,839.05,84.235,66610,23.43,22.708185,41435400,5156200
2014-09-18,117.089996,118.089996,117.190002,5368700,184.465546,94990000,17163.73047,85300000,1058000,1.2923,193580,94.04,94.89,40600,21230,2.6180000000000003,2.629,1348.2,1349.35,831.4,84.865,32280,23.129999,22.417429,35030900,4312500
2014-09-19,116.849998,117.57,116.720001,10930200,184.299469,121649000,17257.46094,349620000,1427300,1.2829,158390,93.19,93.44,39525,27330,2.5780000000000003,2.629,1336.05,1348.05,812.35,84.37,37090,22.66,21.961908,51690900,3403000
2014-09-22,117.599998,117.370003,116.580002,7601600,182.876175,125553000,17159.35938,74300000,1280500,1.285,171140,92.22,92.64,38831,27950,2.5660000000000003,2.569,1328.65,1333.45,803.15,84.93,18200,22.18,21.49669500000001,41175500,3948400
2014-09-23,117.050003,117.989998,117.309998,4664800,181.829315,111393000,17055.86914,77090000,972600,1.2847,192360,90.74,92.13,39110,22430,2.527,2.556,1333.55,1328.7,815.25,84.805,24750,22.540001,21.845606,34631500,2732700
2014-09-24,117.389999,117.720001,116.900002,5515000,183.25264,107276000,17033.92969,80530000,970400,1.278,216740,91.74,93.31,38964,24580,2.5660000000000003,2.531,1316.4,1333.45,819.5,84.775,30890,22.209999,21.52577,29477400,6149100
2014-09-25,117.059998,117.760002,116.199997,7631700,180.295761,150300000,16945.80078,93520000,1060900,1.275,190330,92.93,93.58,38722,28790,2.504,2.567,1315.05,1315.4,802.75,85.2,39060,22.35,21.661459,35894800,4266400
2014-09-26,117.029999,117.099998,116.580002,4185200,181.728317,103547000,16948.10938,74670000,524500,1.2685,165600,92.53,93.92,39000,20320,2.528,2.506,1300.9,1314.5,783.55,85.275,24320,21.98,21.302856,30222900,3034600
2014-09-29,116.209999,117.400002,116.900002,4049500,181.397705,95112000,16934.42969,70220000,385600,1.2685,170230,93.38,94.66,39036,15280,2.479,2.524,1304.5,1300.6,789.5,85.81,21880,21.75,21.079945,22893400,3333500
2014-09-30,116.769997,117.349998,115.849998,10170100,180.920258,131302000,17017.10938,102290000,847200,1.2632,261950,94.39,94.95,38112,38410,2.495,2.479,1293.3,1304.45,774.95,85.74,35420,21.360001,20.70196,44049300,11592100
2014-10-01,114.610001,117.260002,116.589996,7018800,178.468414,177798000,16776.13086,104240000,953400,1.2624,247990,91.47,93.07,38146,27210,2.389,2.5,1282.95,1292.9,784.55,86.05,38960,21.4,20.740725,32615000,6886000
2014-10-03,116.029999,115.510002,114.419998,11301300,180.46106,121569000,16802.19922,87940000,1371200,1.2517,239600,91.44,91.86,37211,18090,2.436,2.436,1225.7,1264.2,754.55,85.725,55580,20.629999,19.994444,72263700,6582300
2014-10-06,116.360001,116.309998,114.940002,7644100,180.249847,104778000,16930.38086,655450000,796000,1.2654,203600,89.81,90.78,37941,12680,2.42,2.439,1246.45,1204.05,766.1,86.8,43430,21.16,20.508116,43922100,4541400
2014-10-07,117.470001,116.629997,116.089996,5274700,177.467468,147913000,16715.78906,79420000,805500,1.267,222630,90.5,90.62,38130,30090,2.341,2.421,1266.5,1245.95,787.0,85.93,42700,20.42,19.790916,59344300,4323800
2014-10-08,117.639999,117.709999,115.849998,10670900,180.571274,186461000,16663.25977,106930000,2410300,1.2734,207630,88.48,88.67,38164,25880,2.318,2.352,1276.55,1266.45,796.45,85.755,51010,21.940001,21.26409,114256600,7458500
2014-10-09,117.589996,118.260002,117.489998,6610500,176.98998999999995,210705000,16649.03906,93210000,1578800,1.2691,216470,87.79,88.01,38350,30840,2.327,2.33,1265.7,1276.75,800.5,85.365,55450,21.219999,20.566269,77681600,7915300
2014-10-10,118.519997,117.739998,117.190002,4651400,174.96975700000004,221909000,16543.91016,136370000,1169600,1.2628,197680,84.66,86.56,38270,19990,2.286,2.316,1263.1,1265.75,785.05,85.655,28190,20.77,20.130135,52079000,7599200
2014-10-13,118.589996,118.669998,117.93,5396300,172.09552,230939000,16310.46973,107830000,1123100,1.2753,146530,85.26,85.93,38280,22460,2.238,2.234,1268.55,1270.85,785.95,85.9,21540,21.120001,20.469351,45807100,5086800
2014-10-14,119.220001,118.82,118.349998,5174800,172.36178600000005,215847000,16273.63965,110410000,1470000,1.2659,141660,85.03,85.65,38480,24150,2.197,2.24,1265.7,1267.9,795.1,85.42,29920,21.370001,20.711649,36062500,15403700
2014-10-16,118.989998,119.650002,118.879997,6545400,171.048706,270391000,15935.21973,131670000,1719300,1.2809,14940,81.12,84.88,38610,29110,2.151,2.111,1255.85,1262.0,746.0,85.0,59860,21.360001,20.70196,28753500,19073500
2014-10-17,119.800003,119.230003,118.419998,8059000,173.068893,214625000,16118.38965,137910000,1496300,1.2763,280470,83.43,84.7,38362,19770,2.199,2.155,1262.35,1256.2,756.7,85.025,26570,20.690001,20.052597,54513000,7509000
2014-10-20,120.019997,119.860001,119.540001,3033700,174.749344,130011000,16260.54004,94320000,791900,1.2799,247600,83.85,84.21,38410,17240,2.193,2.218,1267.25,1259.6,762.3,85.33,17650,21.200001,20.546886,32998700,6050400
2014-10-21,119.339996,120.5,119.910004,4566100,178.211273,154949000,16405.76953,105110000,803900,1.2715,258390,82.76,84.05,38540,21790,2.227,2.176,1282.1,1267.75,776.0,85.13,32410,21.1,20.449968,21702100,5778500
2014-10-22,118.519997,119.790001,119.25,3740200,176.944031,151822000,16459.84961,92050000,789000,1.2649,264810,82.61,83.22,38070,21430,2.22,2.216,1266.1,1282.5,776.7,85.47,34250,20.440001,19.810299,40030800,8602000
2014-10-23,118.349998,118.82,117.879997,6417500,179.00100700000004,154944000,16468.07031,99420000,961000,1.2647,306980,80.48,82.44,37988,5130,2.277,2.216,1260.8,1266.0,779.3,85.87,20050,20.559999,19.926601,36274300,7258800
2014-10-24,118.059998,118.629997,118.120003,3610600,180.378433,117927000,16649.7207,90400000,579100,1.267,208220,82.03,82.03,38014,9230,2.266,2.275,1250.9,1260.5,780.9,85.925,25210,20.469999,19.839373,16302400,5649300
2014-10-27,118.099998,118.370003,118.010002,2443600,180.130493,82954000,16729.83008,72580000,571700,1.2698,228430,81.32,81.34,37935,13590,2.259,2.287,1258.35,1250.85,787.15,85.8,22240,20.110001,19.490467,28523200,5203300
2014-10-28,116.410004,118.480003,118.010002,3260100,182.196655,106736000,16825.18945,83870000,597800,1.2734,198830,80.71,81.73,38106,17740,2.3,2.262,1267.25,1258.25,792.5,85.615,28260,20.530001,19.897528,32570200,4078000
2014-10-29,115.190002,117.910004,116.139999,7900800,181.921143,142557000,16895.38086,76450000,1209500,1.2632,243750,81.59,82.92,37968,14950,2.321,2.296,1258.25,1268.1,800.7,85.435,35650,19.639999,19.034945,68045200,7632900
2014-10-30,112.660004,115.830002,114.940002,7852200,183.087341,113330000,16920.75977,80180000,1815600,1.2613,191860,81.97,82.13,36310,43090,2.3080000000000003,2.31,1246.9,1258.15,780.7,86.095,35210,18.200001,17.639307000000006,113088500,6003000
2014-10-31,112.150002,112.879997,111.660004,18208200,185.181076,146903000,17208.7793,121610000,2344300,1.2525,225370,81.15,81.38,35123,45950,2.335,2.307,1237.05,1246.85,791.8,86.25,64770,17.209999,16.679804,103841400,4680900
2014-11-03,112.220001,112.68,112.0,6589800,185.282074,93600000,17339.84961,80030000,1441600,1.2483,248170,80.65,81.03,35290,23710,2.346,2.309,1230.75,1233.3,804.4,87.13,40070,17.91,17.358242,74222500,18894200
2014-11-04,109.790001,112.709999,112.080002,6430100,184.639297,93343000,17278.35938,81390000,1441900,1.2546,313670,78.32,78.51,35340,13270,2.335,2.341,1225.5,1229.8,790.65,87.365,32510,17.209999,16.679804,67537600,12654700
2014-11-05,109.879997,110.839996,109.669998,13560100,185.805511,91709000,17385.75977,76030000,2362800,1.2486,364450,77.44,79.43,33730,53320,2.346,2.333,1208.6,1225.15,757.85,87.105,35200,16.59,16.078909,86227300,13851100
2014-11-06,112.970001,110.489998,109.75,7019900,186.549286,107089000,17440.34961,70670000,1595500,1.2375,224780,78.9,79.01,33901,18010,2.382,2.344,1196.55,1209.15,752.6,87.58,55060,17.209999,16.679804,103000000,6351700
2014-11-07,110.459999,113.150002,110.730003,10916500,186.72377,89540000,17493.36914,82860000,1594200,1.2454,195440,77.92,79.47,33491,47820,2.301,2.387,1217.95,1196.85,772.55,88.175,65230,18.639999,18.065752,136476900,6585100
2014-11-10,112.040001,112.239998,110.279999,8548500,187.311462,66319000,17547.50977,71430000,1369100,1.2421,219910,78.57,79.92,34537,22570,2.36,2.3080000000000003,1202.45,1209.15,766.25,87.63,35400,17.450001,16.912416,111605600,7499200
2014-11-11,111.5,112.760002,110.870003,8603200,187.495117,54499400,17584.93945,52880000,1766600,1.2475,213420,77.22,78.08,34287,26290,2.371,2.373,1201.2,1202.35,772.7,87.83,26760,18.219999,17.658693,86722200,4859600
2014-11-12,111.669998,112.169998,111.230003,5133300,187.293091,90120300,17536.16992,75980000,1263300,1.2439,116120,77.64,78.22,34514,21020,2.373,2.373,1199.65,1201.4,773.65,87.765,32510,18.24,17.678076,46634200,6031000
2014-11-13,114.470001,112.260002,111.220001,4874600,187.504318,85357900,17583.88086,80540000,1055100,1.2477,21790,77.03,77.23,34581,22690,2.345,2.377,1196.3,1199.8,770.85,87.9,24050,17.940001000000006,17.387318,56202100,17638100
2014-11-14,114.050003,114.720001,110.650002,14173600,187.550232,80417500,17613.19922,72850000,1677700,1.2523,267610,74.49,76.43,33938,50600,2.319,2.345,1213.7,1196.2,771.35,87.95,54440,19.02,18.43405,110735500,7998900
2014-11-17,115.050003,114.269997,113.559998,5441000,187.669601,80441000,17606.81055,70330000,1469000,1.245,189080,75.99,76.24,35520,30090,2.34,2.313,1201.9,1200.8,770.05,87.65,28650,19.389999,18.792646,58651700,5791300
2014-11-18,113.68,115.169998,114.550003,5586700,188.753174,76068100,17642.0293,87420000,1715600,1.2537,209550,75.58,76.53,35661,29110,2.317,2.335,1203.5,1201.85,778.0,87.95,26250,20.299999,19.674614,79925400,7272600
2014-11-19,114.860001,115.349998,112.879997,11997700,188.45015,82373000,17624.5,73780000,2080600,1.2554,247150,74.75,75.93,35341,37720,2.358,2.317,1189.45,1203.45,771.2,87.74,45970,19.190001,18.59881,120983300,6732900
2014-11-20,115.389999,115.019997,114.089996,5607800,188.780716,72840300,17603.89063,77740000,1030700,1.254,206380,74.25,75.76,35632,24790,2.338,2.358,1206.7,1189.05,768.4,87.78,38420,19.709999,19.102789,58492700,7225700
2014-11-21,115.110001,115.959999,114.470001,6564300,189.790817,142327300,17721.01953,140940000,1342000,1.239,264610,76.41,77.95,35703,32890,2.312,2.34,1227.1,1206.75,796.3,87.72,55320,19.879999,19.267551,45994100,10808000
2014-11-24,115.379997,115.370003,114.790001,4695000,190.32341,65880800,17793.18945,85510000,921400,1.2443,151150,76.66,77.06,36000,18140,2.305,2.31,1207.85,1223.45,791.65,88.445,26080,19.59,18.986485,40821500,8451700
2014-11-25,115.160004,115.470001,114.900002,9051800,190.185699,79108300,17790.89063,88190000,1734100,1.2475,256830,75.54,76.61,36350,29170,2.259,2.305,1222.95,1207.8,796.85,88.225,33880,20.389999,19.761843,72984400,24788500
2014-11-26,112.110001,115.339996,114.980003,3184000,190.672379,62167800,17791.16016,67450000,1117200,1.2506,202190,73.89,74.5,36432,12960,2.245,2.259,1229.0,1222.85,801.6,87.925,27570,20.1,19.480774,36643000,14993400
2014-11-28,116.580002,113.830002,111.949997,9616300,190.268356,57890100,17807.7793,80470000,939700,1.2452,262030,73.72,73.78,34385,23870,2.173,2.215,1200.7,1215.8,812.4,88.135,26820,18.360001,17.794376,113272100,20256800
2014-12-01,115.139999,117.360001,113.739998,15644000,188.945999,103968400,17726.55078,86390000,2214200,1.247,369850,66.12,69.66,32626,6310,2.236,2.178,1226.9,1188.95,808.1,88.37,43340,19.719999,19.112482,87972600,25990000
2014-12-02,116.330002,115.709999,114.720001,6378100,190.167328,74507200,17778.84961,81970000,1317300,1.2383,252520,69.35,69.44,35600,1030,2.294,2.234,1217.8,1227.4,803.05,88.025,36440,19.200001,18.608501,54543300,20382100
2014-12-03,115.879997,116.760002,115.559998,5758800,190.901978,68952000,17855.58984,99400000,1268900,1.2311,244860,67.7,68.33,35931,260,2.282,2.292,1224.5,1217.7,796.85,88.675,34680,19.25,18.65696,52488100,12303500
2014-12-04,114.43,116.339996,115.610001,3623600,190.690765,91316600,17814.81055,76270000,884700,1.2379,190550,67.48,68.3,36081,350,2.236,2.282,1235.85,1224.6,801.45,88.97,67520,19.200001,18.608501,49542400,6917900
2014-12-05,115.779999,115.18,114.239998,6331000,191.002975,91025500,17903.05078,79110000,899800,1.2285,196040,66.97,67.06,35760,150,2.307,2.245,1224.0,1235.8,803.2,88.665,42740,18.75,18.172365,46715200,11508000
2014-12-08,118.190002,116.160004,114.459999,5224500,189.726563,108588200,17804.2793,88680000,1444700,1.2317,191670,65.52,65.61,36537,13980,2.259,2.31,1232.5,1222.15,797.8,89.435,45090,18.889999,18.30805,52915800,15299600
2014-12-09,117.959999,118.989998,116.980003,10467200,189.597977,125180100,17629.57031,100400000,1593800,1.2375,190520,63.14,64.34,36711,35290,2.213,2.264,1248.1,1231.95,812.1,89.21,64120,19.77,19.160938,78927800,12067000
2014-12-10,117.690002,118.470001,117.809998,4277400,186.558502,159856400,17508.09961,115100000,1181900,1.2448,249640,63.4,63.5,38162,28670,2.173,2.218,1246.5,1248.05,821.8,88.685,57050,19.209999,18.618191,61161000,26212500
2014-12-11,117.410004,118.379997,116.82,5214500,187.504318,159012800,17534.30078,90100000,1437600,1.2411,185630,61.19,61.75,38330,19010,2.169,2.167,1241.35,1246.35,819.6,87.97,45950,19.0,18.414663,41317400,21566900
2014-12-12,114.389999,117.800003,116.68,4736500,184.473953,202330200,17280.83008,121950000,1627200,1.2462,153890,59.3,59.7,38460,16120,2.083,2.171,1230.0,1241.05,816.55,88.59,13160,18.65,18.075447,43489900,26468600
2014-12-15,114.949997,116.970001,114.360001,8796000,183.206741,189965800,17115.2793,114050000,1590600,1.2437,107890,57.15,58.81,38198,18480,2.115,2.0780000000000003,1212.95,1229.75,802.55,88.145,780,17.34,16.805803,90290400,25743700
2014-12-16,114.269997,116.5,114.07,9174000,181.737488,259543800,17067.58984,116640000,1216100,1.2511,19700,55.52,57.27,36162,47990,2.061,2.116,1202.7,1212.75,784.0,88.68,56870,17.1,16.573196,64026200,47696000
2014-12-17,115.150002,115.480003,113.580002,9097300,185.30043,253910100,17069.16016,118220000,1462000,1.2343,304050,55.6,59.08,36226,22810,2.136,2.061,1195.15,1202.85,779.25,88.19,60780,17.98,17.426085,90028100,47424400
2014-12-18,114.769997,115.809998,114.580002,5258100,189.882645,257633900,17367.84961,123940000,1202800,1.2286,294890,56.53,59.43,36449,22070,2.208,2.148,1199.1,1195.45,792.15,89.25,33220,18.76,18.182056,62391200,33130400
2014-12-19,112.550003,115.220001,114.769997,4652300,190.690521,245084600,17746.55078,343690000,3064900,1.2228,222070,55.5,56.91,36452,16180,2.16,2.213,1196.8,1198.25,805.1,89.51,28390,18.530001,17.959141,46674500,27840900
2014-12-22,112.739998,114.970001,112.410004,7483200,191.567703,148318900,17812.25,98460000,1369300,1.2231,195790,57.84,58.62,35830,18140,2.156,2.165,1179.9,1196.95,815.25,89.92,16460,17.459999,17.033329000000002,73948700,20581700
2014-12-23,112.769997,113.32,112.610001,7763300,191.826248,122167900,17970.16016,82890000,1025200,1.2172,159860,55.56,57.73,35924,17790,2.269,2.157,1192.85,1179.8,814.05,89.945,26080,17.299999,16.877241,41643500,16178600
2014-12-24,114.830002,112.919998,112.660004,1501600,191.844696,42963400,18027.7793,42870000,588500,1.2195,108670,56.84,57.19,36319,9140,2.264,2.26,1190.15,1192.45,807.8,90.245,13080,17.77,17.335758,40803300,9762600
2014-12-26,113.669998,114.980003,114.529999,3765600,192.463348,57326700,18038.30078,52570000,619500,1.2176,48780,55.93,56.66,36655,19740,2.252,2.255,1216.15,1192.75,818.6,90.12,6650,18.24,17.794273,39305800,12554500
2014-12-29,115.199997,114.639999,113.230003,12963700,192.721863,79643900,18021.57031,53870000,760300,1.2152,155110,55.13,55.82,36431,17400,2.204,2.248,1203.6,1214.55,812.0,90.31,22570,17.82,17.384532999999998,39723400,21605900
2014-12-30,113.580002,116.260002,114.900002,7987300,191.687714,73540800,17959.69922,47490000,1221800,1.2157,154110,53.83,54.44,36422,24640,2.192,2.202,1217.9,1203.95,804.2,90.515,25190,18.450001,17.99914,61264100,17107800
2014-12-31,114.080002,115.0,113.279999,7624200,189.785645,130333800,17820.88086,82840000,803800,1.2098,148140,53.99,54.14,35858,21330,2.17,2.1830000000000003,1209.15,1217.85,798.4,90.255,18530,18.379999,17.930849,29107600,24301300
2015-01-02,115.800003,114.800003,112.32,7109600,189.684052,121465900,17731.30078,76270000,1155900,1.2003,177980,53.93,55.28,35698,27850,2.114,2.2,1203.2,1213.65,794.85,90.81,44830,18.940001,18.477167,47287400,21106500
2015-01-05,117.120003,116.0,114.730003,8168500,186.258423,169632600,17475.92969,116160000,1232300,1.1934,289890,52.73,52.84,36385,25520,2.0340000000000003,2.102,1212.95,1201.75,793.2,91.73,42510,19.440001,18.964947,46021100,31499500
2015-01-06,116.43,117.5,115.800003,11232300,184.504105,209151400,17262.36914,101870000,1904200,1.1889,338880,50.03,50.4,37052,25880,1.938,2.037,1219.65,1212.9,800.4,91.57,44990,20.469999,19.969776,76091200,42235000
2015-01-07,115.940002,116.879997,116.169998,6434200,186.803207,125346700,17374.7793,91030000,1536400,1.1839,318280,48.05,49.36,37211,21020,1.969,1.944,1220.65,1219.75,792.45,92.0,43830,20.09,19.599064,45809700,31332600
2015-01-08,117.260002,116.870003,115.849998,7033700,190.118027,147217800,17591.9707,114890000,1309600,1.1793,243420,48.86,49.73,36850,21320,2.018,1.976,1220.3,1220.35,793.1,92.235,28010,19.790001,19.306395,46813900,26705500
2015-01-09,118.559998,117.339996,116.5,7952200,188.594528,150812300,17686.08984,93390000,796200,1.1841,285720,49.03,49.72,36530,21890,1.95,2.018,1233.75,1220.2,800.15,92.515,45230,20.709999,20.203911,55965200,26371600
2015-01-12,118.160004,118.709999,117.32,8318200,187.117142,144396100,17571.58008,92500000,1241000,1.1834,223920,48.22,48.22,36847,15530,1.909,1.964,1239.25,1234.45,814.1,92.04,32140,21.49,20.964849,62924400,30762400
2015-01-13,117.970001,119.190002,117.870003,7691300,186.590866,214553300,17498.23047,99360000,1327400,1.1772,208060,45.73,46.83,37240,29690,1.905,1.905,1244.5,1239.3,815.7,92.15,34170,20.549999,20.047821,75387000,33007700
2015-01-14,120.940002,119.32,117.900002,7727400,185.464355,192991100,17264.90039,109180000,1255600,1.1789,122340,46.2,48.95,37025,30060,1.855,1.9,1235.2,1244.55,780.65,92.46,50460,20.309999,19.813686,64255900,42369300
2015-01-15,122.519997,121.699997,120.339996,17692500,183.765396,176613900,17298.03906,94520000,2771200,1.1631,17930,48.64,51.31,37076,37800,1.7280000000000002,1.86,1259.9,1235.15,766.35,92.37,80170,21.48,20.955093,84358300,50092700
2015-01-16,124.199997,123.150002,121.709999,14428200,186.175339,211879600,17243.55078,140480000,1733700,1.157,293490,46.81,49.33,37610,31700,1.831,1.724,1268.65,1260.2,754.3,92.565,60080,22.16,21.618477,68948500,37738600
2015-01-20,124.230003,124.599998,123.489998,14957400,186.572357,129466200,17346.73047,119600000,1614100,1.1551,259580,48.69,48.77,38900,28690,1.791,1.8,1278.55,1263.45,778.75,93.05,32220,22.940001,22.379416,73274000,28446700
2015-01-21,125.230003,125.339996,123.370003,11082700,187.514191,122942700,17396.03906,95530000,6016100,1.161,268650,46.74,48.25,39565,38610,1.875,1.796,1272.6,1278.95,768.8,93.3,55510,22.540001,21.989195,60199000,23663900
2015-01-22,124.230003,125.580002,124.150002,10518400,190.302704,174356000,17482.53906,111980000,1904300,1.1366,321470,47.39,49.13,39401,32160,1.872,1.868,1282.75,1273.35,772.9,93.08,60130,22.42,21.872126,37732400,37781100
2015-01-23,124.400002,124.5,123.349998,6266900,189.259323,115637000,17667.5293,97110000,2365300,1.1208,245340,46.69,47.82,39725,19040,1.789,1.875,1269.1,1282.95,774.85,94.42,57850,21.74,21.208742,50922300,32067700
2015-01-27,123.419998,124.639999,123.510002,9584800,187.200287,134044600,17288.31055,135940000,1846600,1.1381,249570,45.17,46.59,39083,19650,1.828,1.827,1265.85,1253.5,782.05,95.325,57000,22.879999,22.320883,52575300,23210600
2015-01-28,120.760002,123.889999,122.940002,8470600,184.799545,168514300,17189.0,115980000,1439000,1.1288,275150,45.86,45.86,39307,15350,1.719,1.821,1256.8,1265.9,797.0,94.365,33190,21.969999,21.433119,69658600,40085000
2015-01-29,123.449997,122.290001,120.260002,11998000,186.507751,173585400,17136.30078,111690000,1404100,1.132,236630,44.49,45.02,37166,41500,1.756,1.727,1227.25,1256.85,772.35,94.875,48160,21.59,21.062408,48279300,28619100
2015-01-30,122.419998,123.550003,120.919998,14555900,184.162384,197729700,17156.82031,168560000,6627700,1.1288,335020,44.71,48.43,37201,26780,1.639,1.761,1240.9,1226.6,773.15,94.895,30680,22.290001,21.745302,51653100,47961500
2015-02-02,121.050003,123.160004,121.82,8885200,186.443115,163107000,17037.75977,108090000,3168800,1.1342,402070,47.65,50.62,37642,18730,1.6740000000000002,1.653,1230.3,1237.85,788.8,94.905,23090,22.450001,21.90139,41388300,41519800
2015-02-03,121.580002,121.760002,120.57,8246600,189.139313,122416200,17369.9707,112860000,1323400,1.1481,414590,49.85,54.3,37703,31970,1.798,1.673,1234.65,1230.35,786.3,94.71,58630,21.870001,21.335566,52820100,76164900
2015-02-04,121.790001,122.220001,120.919998,5386700,188.419083,134306700,17603.21094,102560000,1195100,1.1347,359740,51.7,52.59,37970,23900,1.747,1.791,1244.6,1234.6,790.5,93.95,21310,22.27,21.725792,37901100,66548700
2015-02-05,118.639999,121.830002,120.610001,6879900,190.321167,97953200,17677.25977,79890000,1082500,1.1477,338820,48.86,52.28,37410,31100,1.817,1.7380000000000002,1251.55,1244.65,796.6,94.66,28930,22.58,22.028217,26392000,50186200
2015-02-06,119.169998,119.519997,117.949997,12949800,189.794861,119694900,17764.40039,93610000,1417400,1.1315,253310,51.02,53.32,36731,30940,1.958,1.82,1223.85,1250.75,781.6,93.73,48610,21.33,20.808762,83648300,41504800
2015-02-09,118.470001,119.400002,118.769997,5237200,188.945343,87219000,17685.32031,81590000,934700,1.1324,213520,52.05,54.03,37072,20610,1.978,1.941,1219.4,1228.55,780.6,94.9,27720,21.690001,21.159964,31117400,34839200
2015-02-10,117.07,119.059998,118.209999,4085300,190.958282,96164200,17729.24023,89930000,1205600,1.1321,157170,52.49,52.71,37179,22060,2.004,1.969,1207.75,1218.95,766.75,94.63,32170,21.280001,20.759985,35880700,33741800
2015-02-11,117.339996,118.57,117.0,6784400,191.069092,91087800,17759.65039,89890000,1062900,1.1334,116810,51.07,51.23,37251,18850,2.021,1.977,1198.4,1207.6,767.75,94.805,24860,20.860001,20.350246,37436200,36156300
2015-02-12,117.980003,117.82,117.089996,4344400,192.906555,97545900,17862.14063,117160000,616800,1.1403,16210,49.58,51.75,37050,23880,1.988,1.997,1201.1,1198.1,774.9,95.015,41120,21.15,20.63316,36041000,31924200
2015-02-13,116.010002,118.580002,117.790001,4108900,193.700638,93670400,17961.75977,85230000,655500,1.1385,348800,51.61,53.69,37333,26160,2.047,1.984,1208.15,1200.85,795.7,94.32,20760,21.26,20.740473,20499400,30903900
2015-02-17,116.339996,116.540001,115.580002,7225200,194.00531,76968200,17951.41016,98760000,881800,1.1412,277970,52.77,54.16,36201,25390,2.145,2.017,1181.75,1208.25,784.55,94.515,25850,20.57,20.067333,47904200,30491200
2015-02-18,115.940002,116.529999,114.989998,8320400,194.023819,74848400,17982.19922,75090000,1336300,1.1397,224100,53.4,53.57,36170,24440,2.085,2.138,1173.35,1181.8,778.0,94.195,24460,21.040001,20.525848,62220600,23944000
2015-02-19,115.279999,116.540001,115.739998,6528700,193.885315,91462500,17924.59961,79130000,1156700,1.1366,303860,50.94,52.53,36320,27780,2.122,2.082,1172.3,1173.25,788.4,94.165,31840,20.540001,20.038067,44351800,48220100
2015-02-20,115.43,116.459999,115.050003,6681700,195.048721,140896400,17878.36914,111390000,1118900,1.1381,221760,54.17,54.78,36227,23660,2.115,2.119,1164.45,1172.25,780.85,94.475,48780,20.450001,19.950268,28204700,28544300
2015-02-23,115.260002,116.220001,115.07,4812400,195.021072,74411100,18054.83984,83670000,921900,1.1332,268640,50.78,51.03,35791,30530,2.061,2.113,1165.0,1165.4,787.6,94.415,27310,20.540001,20.038067,29428700,49834600
2015-02-24,115.699997,115.550003,114.290001,7598600,195.575027,70943200,18098.73047,79310000,928900,1.1341,245520,49.5,50.41,35760,30170,1.972,2.066,1168.8,1164.95,791.5,94.66,36520,20.42,19.920998,26107300,18075100
2015-02-25,116.07,115.889999,115.330002,5032500,195.408829,73061700,18182.75977,80480000,1579700,1.1362,279650,49.21,51.33,36200,22240,1.972,1.988,1174.15,1167.05,809.3,94.445,25310,20.790001,20.28196,42515900,38292100
2015-02-26,116.160004,116.550003,115.830002,4025400,195.177979,72697900,18157.07031,81500000,1240800,1.1198,261450,51.03,51.25,36559,21500,2.031,1.972,1177.85,1173.75,810.25,94.26,56170,20.959999,20.447803,23794700,40116700
2015-02-27,115.68,117.07,116.160004,8255600,194.513199,108076000,18132.38086,101110000,1416900,1.1195,255020,49.16,50.13,36231,18700,1.996,2.026,1188.7,1177.75,818.45,95.23,33730,21.280001,20.759985,33900100,28470300
2015-03-02,115.470001,116.639999,115.620003,7993300,195.741257,87491400,18122.58984,89790000,1806700,1.1185,286070,49.5,51.09,36600,2740,2.089,2.005,1187.4,1184.8,830.3,95.375,20480,20.76,20.252691,51326400,23907700
2015-03-03,115.110001,116.610001,115.349998,4738300,194.937943,110325800,18136.88086,83830000,1252600,1.1176,281780,49.89,50.92,36198,700,2.122,2.08,1186.45,1187.15,831.15,95.505,21800,20.379999,19.881975,36239400,22874500
2015-03-04,115.0,115.790001,115.019997,4756000,194.11618,105665800,18029.5,80900000,859600,1.1079,260540,50.66,52.04,36230,220,2.119,2.122,1183.7,1186.25,830.4,95.385,57090,20.040001,19.550283,34045000,32583500
2015-03-05,111.860001,116.120003,114.839996,5872200,194.328537,76873000,18087.65039,75840000,667000,1.1031,215120,51.69,52.47,36199,80,2.117,2.112,1181.55,1183.6,825.0,95.98,37530,20.08,19.589308,19225600,22765200
2015-03-06,111.970001,113.260002,111.699997,11190800,191.595413,188128000,17825.15039,113350000,1493900,1.0844,181480,50.92,51.25,35911,19840,2.247,2.121,1160.6,1181.15,818.05,96.39,55090,18.58,18.125961,106781600,27456000
2015-03-09,111.419998,112.620003,111.949997,5534000,192.38945,89818900,17856.56055,85820000,1097700,1.0852,194780,49.64,50.83,35838,15060,2.192,2.25,1147.5,1158.3,822.6,97.77,45300,17.91,17.472334,66267700,19729000
2015-03-10,110.75,112.349998,111.220001,7003100,189.268539,153901500,17662.93945,120450000,887800,1.0698,191780,50.16,50.44,35557,23510,2.121,2.201,1130.55,1147.6,803.75,97.765,71850,17.67,17.238201,56945800,25942000
2015-03-11,110.720001,111.25,110.160004,6550400,188.825348,110145700,17627.0,102120000,1079500,1.0547,176060,48.82,49.1,34887,26950,2.109,2.128,1121.4,1130.25,789.05,98.565,88440,18.200001,17.755249,72568600,29810100
2015-03-12,110.879997,111.199997,110.25,6631500,191.226059,93993500,17620.49023,111550000,916700,1.0635,129730,48.49,48.81,35080,22320,2.11,2.105,1117.55,1122.0,786.6,99.66,72340,18.07,17.628428,50202100,23804900
2015-03-13,110.809998,111.279999,110.510002,4557600,190.053421,162410900,17629.89063,113620000,1151500,1.0495,84090,46.98,47.34,35370,17090,2.1180000000000003,2.116,1117.05,1117.65,788.35,99.18,28710,18.07,17.628428,38433500,44606100
2015-03-16,110.209999,111.209999,110.419998,3265300,192.592621,136099200,17751.24023,101760000,1148500,1.0568,15640,44.89,45.08,35352,19050,2.074,2.107,1108.15,1116.7,779.75,100.23,7810,18.110001,17.667448,28041200,39701700
2015-03-17,112.370003,111.349998,109.769997,8914600,192.020157,91167100,17785.78906,82560000,1249400,1.0598,240290,43.88,44.23,35019,23550,2.052,2.08,1094.45,1107.75,761.8,100.1,44890,17.93,17.491848,41083700,30606800
2015-03-18,112.290001,112.870003,110.089996,12628300,194.328537,220171200,17697.51953,130950000,1784500,1.0867,262440,42.66,45.49,35130,17820,1.918,2.056,1125.05,1093.75,764.3,99.99,101770,18.84,18.37961,83355000,54247000
2015-03-19,113.57,112.580002,111.580002,6537700,193.442123,117917300,17934.24023,107820000,1074400,1.0659999999999998,209650,45.3,45.41,35500,25480,1.97,1.916,1123.6,1125.1,765.45,97.85,96930,18.709999,18.252785,30136900,32420800
2015-03-20,114.290001,114.0,112.669998,8033400,195.149399,177715100,17961.13086,333870000,4067500,1.0822,186670,43.99,46.53,36239,31870,1.932,1.965,1137.65,1123.55,779.1,99.3,87650,19.33,18.857635,55471900,29395700
2015-03-23,114.57,114.370003,113.489998,4234900,194.769135,71310300,18116.03906,98030000,1192600,1.0947,191640,46.5,47.7,37333,19470,1.909,1.925,1146.5,1140.7,770.7,97.8,74920,19.75,19.267372,37272100,20934000
2015-03-24,114.730003,114.650002,113.82,2979300,193.674713,77805300,18010.43945,87190000,830700,1.0926,197480,47.56,48.66,37669,20020,1.873,1.92,1138.85,1146.65,763.7,97.255,70360,19.639999,19.160059,27594500,21248900
2015-03-25,115.480003,115.139999,114.650002,3021400,190.83667,159521700,17718.53906,106560000,750300,1.0972,256040,47.76,49.5,37750,18350,1.927,1.878,1143.2,1138.75,765.4,97.53,43560,19.360001,18.886902,32797200,31953900
2015-03-26,115.059998,115.839996,115.339996,5495200,190.382202,153067200,17579.26953,117740000,831300,1.0884,334870,49.06,52.52,38258,22740,1.996,1.927,1153.0,1143.7,773.0,97.14,58870,19.07,18.603987,53919800,43513700
2015-03-27,113.75,115.360001,114.449997,4921300,190.818115,109352100,17630.49023,103220000,709300,1.0888,223860,51.12,51.49,37925,18980,1.96,2.0,1138.95,1152.9,740.65,97.575,56440,18.84,18.37961,34823400,31436300
2015-03-30,113.660004,114.010002,113.540001,4383900,193.146057,96180400,17727.48047,104040000,1024200,1.0834,220110,48.61,49.19,37412,18920,1.953,1.956,1119.9,1138.6,729.0,97.62,39920,18.469999,18.01865,37549400,26075600
2015-03-31,115.599998,114.279999,113.410004,4383300,191.458054,126768700,17773.01953,119470000,832600,1.0731,238490,48.85,48.85,37044,20630,1.927,1.954,1139.55,1120.1,735.3,98.25,45400,18.24,17.794273,34256400,23077000
2015-04-01,115.279999,115.989998,114.540001,7275800,190.780991,132644700,17585.00977,103360000,1119200,1.0764,256900,47.63,50.53,37030,25590,1.859,1.93,1161.2,1139.6,748.85,98.73,48580,19.209999,18.740568,82293300,34552200
2015-04-02,116.690002,115.720001,114.68,3884100,191.467346,86900900,17673.49023,87370000,1204800,1.0884,288970,49.66,50.34,37107,14210,1.913,1.859,1155.5,1161.65,746.3,98.435,40550,18.99,18.525944,47542800,37392800
2015-04-06,116.110001,117.470001,116.519997,5914200,192.756531,114368200,17646.80078,100850000,862700,1.0924,126800,49.53,52.3,37635,23540,1.899,1.831,1174.9,1174.7,768.8,96.835,31130,19.700001,19.218594,50548500,41292900
2015-04-07,115.470001,116.510002,115.940002,2468500,192.246399,81236300,17871.21094,72150000,566900,1.0816,236710,52.02,54.2,37563,17490,1.887,1.899,1170.05,1174.75,769.0,97.25,39780,19.190001,18.721058,51149600,43949400
2015-04-08,114.669998,116.029999,114.900002,5568500,192.89563,89351900,17822.23047,76820000,873700,1.0781,250560,53.24,53.29,36761,21920,1.906,1.888,1164.3,1170.6,755.7,98.115,48800,19.09,18.623499,30498200,38892700
2015-04-09,115.970001,114.849998,114.480003,4706000,193.748932,85548900,17823.09961,86740000,597100,1.0659,174810,51.11,52.17,36085,22160,1.963,1.902,1156.55,1163.85,762.4,98.26,52510,18.91,18.447897,19143000,18790000
2015-04-10,115.139999,116.190002,115.5,3932400,194.806244,72722900,17945.55078,116410000,557800,1.0604,137660,50.81,52.01,36317,24910,1.949,1.963,1173.6,1156.8,776.05,99.215,46420,19.450001,18.974703,41732000,16313100
2015-04-13,114.440002,115.389999,114.800003,3190100,193.92514,74436600,17974.81055,120090000,838400,1.0568,119320,51.84,53.12,36423,17240,1.93,1.949,1155.15,1174.55,771.4,99.66,57810,19.26,18.789345,24567200,18524600
2015-04-14,115.43,115.07,114.389999,3649200,194.296143,73013500,17905.48047,82830000,735600,1.0654,106800,52.13,53.88,35900,18280,1.9,1.928,1153.25,1155.1,762.5,99.775,65990,19.41,18.935678,24706200,21512100
2015-04-15,115.029999,115.599998,114.470001,3656000,195.167969,99529300,18045.71094,113610000,1047800,1.0686,21180,53.61,56.75,36066,18480,1.89,1.891,1164.25,1153.3,767.1,99.005,76200,19.98,19.491751,45624200,52135400
2015-04-16,115.599998,115.660004,114.639999,3132300,195.112289,68934900,18063.85938,89520000,662400,1.0762,293490,55.97,57.47,36125,21490,1.895,1.895,1161.95,1164.2,779.75,98.58,71190,19.74,19.257614,36435000,33753500
2015-04-17,114.720001,115.790001,115.230003,3496300,192.867813,191113200,17748.5293,138860000,593600,1.0807,220120,56.63,56.95,36369,23160,1.865,1.891,1171.9,1161.9,782.95,97.89,57700,19.719999,19.238104,25575900,21790300
2015-04-20,115.379997,114.949997,114.32,3902200,194.630005,82969100,17841.17969,103160000,487200,1.0737,239800,56.82,57.83,35950,24860,1.886,1.87,1150.2,1173.4,772.4,97.6,35000,19.83,19.345417,22087700,22228600
2015-04-21,113.830002,115.559998,114.650002,3317700,194.398132,72559800,17929.63086,95180000,532500,1.0736,218310,56.41,56.91,36031,22130,1.911,1.884,1149.6,1150.25,774.55,98.08,38930,19.969999,19.481995,18308100,23231900
2015-04-22,114.660004,114.959999,113.769997,5696000,195.35347,78264600,17887.75977,91260000,730000,1.0726,230060,56.43,57.28,35591,24130,1.982,1.909,1132.55,1149.65,755.9,98.18,34950,19.309999,18.838125,52298200,17294700
2015-04-23,113.050003,114.959999,113.809998,3459500,195.845032,102585900,17966.76953,100240000,566100,1.0827,326740,56.35,58.48,35805,20190,1.954,1.98,1136.35,1132.6,769.6,98.23,47030,19.780001,19.296638,43056500,25409400
2015-04-24,115.330002,114.07,112.769997,7152900,196.299484,61327400,18009.08008,119130000,967600,1.0874,259490,57.59,58.01,35677,21560,1.914,1.958,1123.85,1136.25,770.25,97.535,53910,19.360001,18.886902,41542900,19317600
2015-04-27,116.330002,115.82,113.669998,7487600,195.483307,79358100,18024.66016,121110000,1231300,1.0888,189770,57.37,57.96,36016,29060,1.926,1.91,1142.75,1123.5,782.45,97.125,40080,19.76,19.27712600000001,56813000,15792900
2015-04-28,115.510002,116.620003,115.339996,8054400,196.104706,86863500,17917.35938,124930000,1030800,1.0981,196460,56.71,57.89,36960,23970,2.003,1.924,1155.8,1142.75,781.15,96.95,52160,20.530001,20.028311,61169700,20846800
2015-04-29,113.470001,116.389999,115.279999,7170400,195.297806,125684900,17953.68945,102080000,1309600,1.1132,238440,57.0,59.4,37150,21970,2.046,1.986,1153.45,1155.85,784.75,96.245,101560,20.719999,20.213667,48166600,31333300
2015-04-30,113.080002,113.879997,112.959999,9440300,193.340836,161304900,17774.89063,129180000,1022400,1.1225,223480,58.6,59.9,36060,24530,2.035,2.033,1142.35,1153.05,776.5,95.305,83920,20.110001,19.618576,58552500,19074900
2015-05-01,114.099998,113.309998,112.279999,7597000,195.43692,103399700,17859.26953,91700000,1517300,1.1202,189320,59.93,60.04,36077,2090,2.112,2.049,1131.4,1142.4,773.75,94.94,53210,20.27,19.774666,30991700,14546000
2015-05-04,114.419998,114.440002,113.879997,3648100,195.993423,70927200,18026.01953,86010000,963600,1.1146,120210,59.36,59.79,36763,530,2.146,2.133,1148.3,1129.55,782.65,95.4,29210,20.41,19.911242,20459700,14035600
2015-05-05,114.360001,115.110001,114.389999,3856500,193.748932,113326200,17905.71094,95340000,676400,1.1186,255640,58.98,61.13,36970,410,2.182,2.148,1148.4,1148.25,794.95,95.595,48160,20.219999,19.725883,30224300,27865700
2015-05-06,113.419998,114.75,114.019997,3280700,192.951294,135060200,17733.11914,100430000,772900,1.1353,296740,60.81,62.67,37742,23620,2.252,2.185,1143.85,1148.55,792.65,95.3,77820,19.709999,19.228348,46000500,35374900
2015-05-07,113.970001,114.010002,113.32,5455100,193.721054,88244900,17796.93945,80920000,658200,1.1267,292890,60.72,61.34,37640,24640,2.178,2.241,1132.55,1143.05,785.75,94.25,43630,19.83,19.345417,48920300,24544300
2015-05-08,113.529999,114.43,113.589996,9963700,196.271622,155877300,17933.64063,94960000,742000,1.1204,248590,59.11,59.98,37620,24020,2.142,2.176,1141.75,1132.65,802.35,94.745,57610,19.969999,19.481995,24672100,17487100
2015-05-11,114.5,114.309998,113.080002,2916700,195.3349,75708100,18089.10938,86050000,365000,1.1155,202510,59.52,59.95,37549,20700,2.287,2.137,1126.1,1142.15,780.45,94.88,27360,20.02,19.530777,15760400,12749400
2015-05-12,116.550003,114.669998,114.07,3256700,194.750595,119727600,17924.80078,89270000,527500,1.1214,183270,59.3,61.39,37520,27940,2.247,2.276,1133.05,1126.6,786.4,95.15,32140,20.290001,19.794176,32359200,19553400
2015-05-13,117.18,116.93,115.68,11768200,194.787689,94667900,18039.19922,85180000,949600,1.1357,120830,61.3,61.92,38253,37260,2.295,2.26,1147.5,1132.5,790.7,94.605,40880,20.780001,20.272203,48741500,23773400
2015-05-14,117.529999,117.75,117.029999,6923000,196.818832,95934000,18062.49023,91580000,858200,1.141,23190,60.15,60.89,39273,32960,2.235,2.28,1159.4,1147.3,780.8,93.73,53550,20.82,20.311224,49156300,17129800
2015-05-15,117.519997,117.629997,116.68,4447300,197.032166,76510100,18215.07031,108220000,586600,1.1452,206140,59.8,60.1,39350,24870,2.148,2.23,1168.7,1159.35,796.3,93.475,41580,20.719999,20.213667,25460800,16858800
2015-05-18,115.889999,117.879997,117.269997,5079500,197.644302,72785600,18244.25977,79080000,327200,1.1315,198220,60.25,61.28,40050,23200,2.234,2.153,1174.3,1167.85,793.0,93.31,36970,20.75,20.242933,17987200,15230500
2015-05-19,116.080002,116.730003,115.650002,5052100,197.579391,72114600,18261.34961,87200000,1051000,1.1149,253350,59.54,59.63,38856,37120,2.29,2.23,1153.8,1174.25,776.55,94.13,62670,20.0,19.511265,45125400,28520400
2015-05-20,115.690002,116.379997,115.760002,4432600,197.440262,76857500,18272.56055,80190000,330400,1.1093,210400,58.35,59.07,38932,21870,2.257,2.28,1156.1,1153.65,778.3,95.385,52440,20.08,19.589308,24315600,22755900
2015-05-21,115.599998,116.0,115.470001,2514700,198.015305,64764600,18249.90039,84270000,447900,1.1113,250910,58.84,60.97,38939,18560,2.195,2.248,1154.75,1156.2,777.6,95.635,39460,19.940001,19.452728,17569100,26573600
2015-05-22,113.910004,115.93,115.32,1779300,197.542282,57433500,18217.14063,78890000,503100,1.1018,184550,60.69,60.83,38773,23790,2.215,2.195,1146.95,1154.35,784.0,95.46,65470,19.83,19.345417,22209700,12854200
2015-05-26,113.889999,114.230003,113.699997,5769600,195.418396,124308600,17990.01953,109440000,827900,1.0873,224130,60.1,60.3,38324,26370,2.142,2.204,1126.5,1149.1,781.2,96.54,62430,19.25,18.779589,48088400,20395300
2015-05-27,114.019997,114.019997,113.629997,2681100,197.273315,93214000,18045.08008,96400000,641000,1.0905,257060,58.45,59.09,38255,16540,2.13,2.153,1119.75,1126.45,785.6,97.315,55130,19.440001,18.964947,25463000,19496800
2015-05-28,114.099998,114.160004,113.209999,5266000,197.050705,74974600,18066.40039,67510000,441700,1.0949,238590,57.66,58.1,38026,21310,2.135,2.135,1118.15,1119.75,784.8,97.375,64030,19.6,19.121037,28073800,26848100
2015-05-29,114.0,114.480003,114.0,3406700,195.826462,111964800,17967.74023,139810000,296600,1.0988,278460,58.06,60.8,38217,15500,2.123,2.137,1112.4,1118.25,776.75,97.015,49480,19.58,19.101526,16270600,31812500
2015-06-01,114.459999,115.5,113.900002,8254000,196.225296,93338800,17982.06055,85640000,389800,1.0928,217980,60.32,60.67,38030,28630,2.1830000000000003,2.128,1104.35,1111.45,772.65,96.99,50330,19.49,19.013725,25069200,15483800
2015-06-02,113.639999,114.650002,114.169998,3985700,196.030502,89527800,17925.33008,77550000,406300,1.1155,245910,60.2,61.6,38175,19870,2.266,2.185,1113.35,1104.4,768.2,97.53,86880,19.780001,19.296638,32519600,16841500
2015-06-03,112.839996,114.370003,113.080002,4886100,196.549927,87820900,18010.41992,73120000,1080700,1.1275,262660,61.07,61.48,37810,24540,2.361,2.259,1105.05,1113.4,757.8,96.0,75830,19.41,18.935678,37003600,16725400
2015-06-04,112.239998,113.150002,112.480003,5566600,194.889725,151882800,17876.94922,93470000,437100,1.1239,235210,59.66,60.02,37114,26510,2.309,2.361,1101.0,1105.25,755.1,95.43,62380,19.07,18.603987,26423400,20375100
2015-06-05,112.57,112.389999,111.57,5561300,194.555832,121704700,17822.90039,89140000,565000,1.1113,248870,58.03,59.27,36725,24080,2.4090000000000003,2.316,1096.1,1100.95,750.4,95.715,74990,18.83,18.369854,29508600,21114200
2015-06-08,112.82,112.660004,112.129997,3080600,193.303741,85339800,17760.60938,86300000,371200,1.1292,205400,59.05,59.22,36769,15960,2.382,2.4130000000000003,1102.75,1094.4,743.1,96.445,57540,19.02,18.555212,41120200,11200200
2015-06-09,113.779999,113.230003,112.709999,3529900,193.331573,105034700,17714.9707,90550000,450100,1.1284,223360,58.33,60.7,36775,17140,2.442,2.388,1109.1,1102.95,739.4,95.27,52050,18.77,18.311319,24942400,15696100
2015-06-10,113.260002,114.139999,113.690002,5452900,195.659515,134551300,17765.38086,96980000,442100,1.1326,210400,60.61,61.86,36682,20910,2.486,2.4330000000000003,1114.55,1109.0,743.0,95.1,82060,18.959999,18.496675,30386300,22667900
2015-06-11,113.230003,113.410004,112.919998,4434700,196.299484,73876400,18001.26953,89490000,1237600,1.1258,113460,61.2,61.59,36450,22330,2.381,2.475,1107.65,1114.7,742.6,94.74,37630,18.74,18.282053,23837100,9285100
2015-06-12,113.730003,113.5,112.959999,2998500,194.704224,135382400,17857.07031,83760000,786600,1.1269,101410,60.59,60.67,36534,14240,2.39,2.384,1095.0,1107.55,738.15,95.1,36250,18.559999,18.106453,22851000,9692800
2015-06-15,113.32,114.150002,113.209999,5054000,193.934418,124384200,17698.41992,91920000,692100,1.1284,26680,59.94,60.02,36507,24770,2.36,2.349,1088.45,1097.55,734.1,95.155,1760,18.59,18.135717,28170400,10051700
2015-06-16,113.849998,113.449997,112.790001,4032500,195.001022,85308200,17774.11914,77510000,763700,1.1248,279740,59.66,60.42,36651,16820,2.309,2.352,1080.45,1088.5,732.75,95.12,35490,18.35,17.901583,30638900,6442000
2015-06-17,115.32,114.040001,112.629997,6456000,195.316299,126708600,17839.65039,92410000,743100,1.1337,331880,60.12,61.47,36652,14440,2.32,2.309,1082.05,1080.3,720.3,95.27,58260,18.83,18.369854,54948300,19734800
2015-06-18,115.120003,115.610001,114.889999,8041300,197.282562,165867900,17944.60938,94460000,694300,1.136,217210,59.85,60.96,36842,30110,2.334,2.3,1084.45,1081.95,718.6,94.35,52560,19.09,18.623499,38765100,14864100
2015-06-19,113.639999,115.459999,114.949997,4611600,196.471832,130478700,18010.58008,258300000,1893500,1.1353,216170,60.78,60.84,36250,19270,2.261,2.326,1084.7,1084.55,707.35,94.2,28080,18.65,18.194252,45124600,14193700
2015-06-22,112.889999,113.940002,113.339996,5763700,197.478378,70696000,18027.63086,77780000,637700,1.1341,216390,59.44,60.3,36431,21900,2.374,2.286,1063.3,1082.95,695.4,94.275,30430,18.33,17.882072,27510800,11266900
2015-06-23,112.589996,113.169998,112.790001,4522800,197.627457,68476800,18108.09961,75970000,432700,1.117,266020,60.28,61.56,35891,26960,2.414,2.374,1069.0,1063.35,695.55,94.5,47350,18.370001,17.921097,21862400,18136200
2015-06-24,112.440002,112.739998,112.309998,2974700,196.192215,92307300,17966.07031,104980000,360400,1.1207,256390,61.2,61.62,35938,18920,2.373,2.4,1075.35,1068.5,695.45,95.58,35300,18.360001,17.911341,14923600,21365500
2015-06-25,112.559998,112.709999,112.32,2904700,195.558472,97107400,17890.35938,78990000,505400,1.1204,213750,60.27,60.51,35939,12960,2.412,2.365,1084.0,1075.05,679.15,95.42,26730,18.18,17.735737,31516900,12068000
2015-06-26,113.07,112.68,112.129997,4392600,195.623718,104174800,17892.0293,158120000,515100,1.1166,212120,59.74,60.04,35416,23900,2.474,2.403,1084.1,1083.55,678.0,95.36,33080,18.110001,17.667448,19863800,10914900
2015-06-29,112.370003,113.230003,112.529999,5820200,191.495026,202621300,17590.55078,116340000,867300,1.1236,266550,58.9,59.33,35803,18460,2.3280000000000003,2.303,1082.55,1081.6,666.45,96.41,72740,17.91,17.472334,28759800,18898400
2015-06-30,111.980003,113.050003,111.839996,7897000,191.886459,182925100,17576.5,126460000,990500,1.1138,256880,58.41,59.83,35272,18790,2.349,2.326,1079.35,1082.65,672.65,95.185,40810,17.76,17.326002,32479300,14732600
2015-07-01,111.760002,112.510002,111.940002,4409000,193.452179,135979900,17638.11914,87010000,611500,1.1054,266620,59.02,59.02,35335,2850,2.427,2.373,1083.55,1076.7,701.2,95.795,45910,17.290001,16.867487,35526400,25025900
2015-07-02,112.059998,111.839996,111.410004,3838600,193.219238,104373700,17687.51953,83080000,546200,1.1084,206000,56.89,57.98,35147,600,2.386,2.4290000000000003,1084.55,1083.5,694.15,96.58,40950,17.629998999999994,17.199177,35636600,18402500
2015-07-06,110.760002,112.580002,111.629997,4259800,192.613419,117975400,17564.35938,90130000,660000,1.1057,294890,56.45,56.82,35775,17620,2.29,2.274,1064.4,1080.75,676.15,96.77,38440,17.83,17.394289,34573800,41715000
2015-07-07,111.089996,111.139999,110.050003,9073400,193.862274,173820200,17465.67969,105840000,898000,1.1012,331590,52.84,53.52,34011,44160,2.255,2.296,1032.45,1064.1,652.4,96.5,50120,16.99,16.574818,66785200,43672000
2015-07-08,111.360001,111.650002,111.080002,5694900,190.618958,164020100,17496.2207,69830000,303400,1.1077,301110,52.97,53.03,34100,31630,2.197,2.256,1025.6,1032.55,652.5,96.905,39480,16.860001,16.447994,23785000,23668700
2015-07-09,111.489998,111.93,111.150002,3802900,190.870605,144113100,17530.38086,100520000,561400,1.1038,277590,51.91,53.62,34711,29290,2.317,2.197,1022.65,1025.4,637.0,96.44,32280,16.93,16.516282999999998,14404800,17266300
2015-07-10,110.989998,111.709999,111.029999,3594900,193.368332,129456900,17561.11914,85800000,663900,1.1164,154370,52.49,53.9,35342,17490,2.401,2.35,1033.15,1022.55,650.35,96.55,46500,16.75,16.340683,31843300,17063800
2015-07-13,110.739998,111.139999,110.360001,4279300,195.49321,106069400,17787.26953,86380000,813200,1.1004,176870,52.19,53.2,35241,20890,2.446,2.388,1034.15,1031.65,658.95,96.065,46050,16.790001,16.379707,17813200,16825300
2015-07-14,110.160004,111.080002,110.629997,2601000,196.387939,81709600,17956.16992,76740000,359200,1.1012,143120,52.02,53.45,35080,18690,2.397,2.447,1028.2,1034.6,657.1,97.095,29550,16.700001,16.291904000000002,16502400,19802400
2015-07-15,109.760002,110.190002,109.580002,9286200,196.304092,97914100,18010.15039,80460000,506300,1.0949,79690,53.45,53.55,34561,23280,2.356,2.39,1021.2,1028.15,642.9,96.815,42320,16.309998999999998,15.911433,47109000,28590500
2015-07-16,108.650002,110.010002,109.599998,4629700,197.832535,106683300,18065.33008,85030000,609600,1.0875,14290,51.73,52.29,34256,21550,2.356,2.374,1009.75,1021.5,630.95,97.35,39390,16.15,15.755343,20774600,19428100
2015-07-17,105.699997,109.160004,108.400002,14858300,198.018936,89030000,18032.06055,106510000,812600,1.0829,157130,50.98,51.3,34121,16450,2.347,2.361,994.05,1009.8,619.0,97.755,27100,15.43,15.052939000000002,67369900,23811900
2015-07-20,105.370003,106.650002,105.620003,15751700,198.158722,65523100,18064.5,75060000,1561400,1.0827,161060,51.03,51.53,33430,33730,2.38,2.36,973.4,996.45,611.05,98.09,26100,13.78,13.44326,169146000,16445500
2015-07-21,104.800003,106.32,105.25,10519800,197.357208,77965000,17868.33984,100170000,824200,1.0937,188880,49.95,51.02,33882,19520,2.331,2.372,974.85,973.8,629.45,98.15,43420,14.12,13.774951,90063100,12817100
2015-07-22,104.330002,105.089996,104.18,8349200,196.919159,88667900,17807.41016,112370000,815600,1.0934,221460,50.75,50.75,33663,25460,2.327,2.331,984.75,974.75,626.75,97.45,35540,14.08,13.735929,39924800,27095700
2015-07-23,105.349998,105.300003,104.199997,5779300,195.847366,90509100,17705.0293,88600000,887300,1.0983,207130,49.29,49.69,33855,18180,2.269,2.325,981.8,984.5,617.85,97.6,41750,13.62,13.287169,69592000,22692200
2015-07-24,104.860001,105.589996,103.43,11572700,193.797012,117755000,17553.73047,103470000,1316000,1.0984,195040,48.85,49.09,33310,27520,2.262,2.275,988.15,981.55,622.6,97.3,27600,14.07,13.726173,141204200,23246200
2015-07-27,105.019997,105.68,104.660004,10690100,192.678665,132361100,17399.16992,117860000,1122100,1.1094,226370,48.03,48.23,33750,20630,2.216,2.262,982.95,988.55,613.1,97.36,48480,13.56,13.228635999999998,76274700,38041400
2015-07-28,105.169998,105.330002,104.830002,5549200,195.073837,123544800,17449.81055,103450000,773700,1.1059,290600,47.08,48.49,33566,16740,2.25,2.221,984.4,983.05,621.6,96.66,24180,13.69,13.355459,39223000,21996900
2015-07-29,104.269997,105.629997,104.489998,5616900,196.43457,105791300,17629.19922,93140000,845300,1.0986,290430,47.86,49.56,33668,19760,2.289,2.259,988.45,984.45,615.6,96.705,31980,13.97,13.628617000000002,56984100,34719700
2015-07-30,104.93,104.970001,103.860001,6652000,196.481171,91304400,17640.84961,76650000,702500,1.0933,217290,48.88,49.41,33750,20110,2.257,2.295,991.8,988.25,620.55,97.265,35190,13.48,13.15059,73229900,13871500
2015-07-31,104.099998,105.75,104.690002,6689200,196.136307,103266900,17671.58984,106120000,1109600,1.0988,212820,48.56,48.71,33625,29060,2.187,2.257,984.15,991.8,610.85,97.555,60530,13.75,13.413993,41361100,24602000
2015-08-03,104.309998,104.82,104.050003,3528600,195.465286,113965700,17496.60938,87880000,604900,1.0951,306500,46.94,47.02,33431,18470,2.15,2.2,956.35,985.25,602.7,97.305,30070,13.27,12.945723,61550200,34792300
2015-08-04,103.93,104.75,103.949997,3241000,195.083145,81820800,17505.5,99060000,835200,1.0882,221650,45.41,46.28,33328,17220,2.2230000000000003,2.144,951.1,956.4,598.6,97.61,37130,13.29,12.965234,69613800,14542300
2015-08-05,104.389999,104.5,103.779999,5041000,195.810104,85786800,17492.90039,102450000,604400,1.0906,280760,46.02,46.76,33355,17060,2.27,2.234,950.05,950.95,593.0,98.075,47150,13.09,12.770122,41758700,26607600
2015-08-06,104.650002,104.860001,104.139999,3908100,194.179138,116030800,17362.85938,96170000,812400,1.0925,236360,45.2,45.31,33370,18010,2.227,2.272,952.8,950.1,599.8,97.955,26780,13.36,13.033523,69121200,23933000
2015-08-07,105.720001,105.379997,104.550003,4400900,193.778381,117858000,17279.08008,81800000,1035900,1.0968,245820,44.91,45.25,33571,31250,2.166,2.228,963.1,952.9,596.9,97.925,58350,13.4,13.072546,50618200,19804200
2015-08-10,106.260002,106.269997,104.919998,5892600,196.304092,80270700,17375.17969,92430000,998300,1.1019,208260,43.67,45.1,33957,29080,2.232,2.177,986.6,958.25,605.7,97.66,34740,14.27,13.921287,91376800,20482700
2015-08-11,107.75,106.629997,105.769997,4007300,194.468033,117481700,17352.63086,103010000,1303500,1.104,223210,44.86,45.39,34814,29510,2.143,2.23,987.8,986.65,599.6,97.24,44820,14.53,14.174931,53731900,25048200
2015-08-12,106.860001,107.910004,106.93,10022500,194.710342,172123700,17125.81055,120400000,1367400,1.1157,153810,43.35,43.95,35252,31300,2.148,2.15,1000.65,988.45,623.45,97.235,68810,15.52,15.14074,123217200,18405400
2015-08-13,106.849998,107.18,106.709999,4761700,194.505325,89383300,17341.33984,88550000,1181700,1.1149,115920,43.39,43.77,35685,21460,2.189,2.141,991.15,1001.05,616.05,96.37,36250,14.64,14.282245,101956100,26464400
2015-08-14,107.129997,107.410004,106.540001,3497600,195.120453,69387000,17394.06055,82120000,1351800,1.1107,21370,42.28,43.02,35360,25090,2.201,2.184,992.75,991.25,617.75,96.36,41610,14.49,14.135909,31581500,16567400
2015-08-17,107.110001,107.510002,107.0,5769100,196.238831,79072600,17341.7207,73380000,1253300,1.1081,195610,42.2,42.72,35520,15610,2.17,2.198,998.8,993.35,614.0,96.57,31630,15.01,14.643202,66966000,16646700
2015-08-18,108.550003,107.330002,106.309998,4121800,195.651688,71692700,17486.41992,79900000,865800,1.1021,191530,42.06,43.08,34551,30350,2.192,2.164,994.95,998.5,597.05,96.845,25300,14.77,14.409067000000002,52911000,15460100
2015-08-19,110.440002,108.669998,107.629997,7035100,194.113907,172946000,17282.41992,104720000,1999700,1.1119,250810,42.81,43.08,34658,28220,2.129,2.194,1012.5,995.0,609.45,97.025,44760,15.2,14.828559,65822400,35899200
2015-08-20,111.129997,110.610001,109.699997,12549000,190.134308,194327900,16990.68945,128530000,700600,1.1242,221540,40.58,41.48,35735,25990,2.073,2.133,1032.9,1012.55,622.95,96.47,47780,15.81,15.423653,86900000,31520200
2015-08-21,110.529999,111.330002,110.120003,13917600,184.188263,346588500,16459.55078,225170000,1758300,1.1389,231800,41.12,41.49,35682,33980,2.045,2.0780000000000003,1019.8,1032.75,604.4,95.78,61650,15.39,15.013918,84174900,31418800
2015-08-24,109.160004,112.120003,109.769997,18388700,176.657837,507244300,15370.330080000002,293920000,1344900,1.162,305730,40.39,40.56,34930,40170,2.012,2.031,973.35,1024.35,575.05,94.88,142820,14.14,13.794462,131865300,49320900
2015-08-25,107.669998,110.050003,108.720001,9974200,174.495621,369833100,15651.24023,213220000,1504400,1.1517,292100,38.28,40.0,34471,27640,2.0780000000000003,2.012,982.4,973.25,539.15,93.52,82430,13.69,13.355459,72336000,32305300
2015-08-26,107.730003,108.059998,107.080002,10856600,181.438873,339257000,15676.25977,208420000,1299500,1.1315,267560,39.73,39.91,33151,34410,2.18,2.057,984.9,982.35,529.35,93.78,81420,13.04,12.721343,97910100,32439600
2015-08-27,108.699997,108.040001,107.110001,8102100,185.614197,274143900,16285.50977,171980000,1659400,1.1245,333700,39.03,42.93,33401,27240,2.191,2.168,1009.1,984.7,567.9,95.21,55510,13.79,13.453015,111023300,56170200
2015-08-28,108.82,109.300003,108.120003,7558900,185.688721,160414400,16535.17969,131790000,1438700,1.1179,418780,42.8,46.02,33666,20700,2.184,2.193,1018.6,1008.8,589.55,95.805,45740,14.25,13.901774,94381300,68784100
2015-08-31,109.199997,108.919998,108.029999,4253600,184.104355,154471400,16444.05078,141440000,962000,1.1214,321320,45.01,49.34,34235,12420,2.214,2.195,1007.35,1012.65,602.25,96.19,36270,14.11,13.765196,54103100,87527400
2015-09-01,108.620003,109.769997,108.940002,7077800,178.72683700000005,256000400,15979.9502,171390000,875900,1.1319,373640,48.15,48.92,34368,2860,2.1590000000000003,2.214,1007.0,1007.45,579.2,95.89,53680,13.67,13.335948000000002,56978800,57386600
2015-09-02,107.839996,109.339996,108.459999,4115700,182.119263,160269300,16058.34961,133480000,967000,1.1227,324840,44.34,46.85,34270,560,2.188,2.161,1014.5,1006.85,583.35,95.455,46440,13.63,13.296926,38700500,59080600
2015-09-03,107.489998,108.32,107.559998,3913100,182.342911,152087800,16317.30957,109730000,717600,1.1124,270540,46.14,48.45,34530,170,2.1630000000000003,2.1790000000000003,1009.9,1014.45,581.55,96.01,56010,13.38,13.053035,49765400,45697100
2015-09-04,107.519997,107.559998,107.07,4025000,179.491058,207081000,16026.61035,127270000,843500,1.1147,221220,46.78,47.33,34600,70,2.131,2.165,991.1,1010.0,577.15,96.4,44760,13.39,13.06279,45569700,22123900
2015-09-08,106.129997,107.940002,107.309998,5982100,184.029846,116025700,16109.92969,123870000,624900,1.12,253290,45.89,46.48,35032,23570,2.186,2.151,1005.65,989.85,586.55,96.215,40380,13.55,13.21888,36832900,29156700
2015-09-09,106.379997,106.709999,105.480003,8800600,181.513458,140901400,16220.09961,118790000,1131200,1.1207,173220,45.83,46.3,35260,20060,2.195,2.186,983.7,1005.75,577.95,95.86,57440,13.17,12.848166,52551500,21631600
2015-09-10,106.160004,106.699997,106.18,6204000,182.529327,158611100,16212.080080000002,122690000,775500,1.128,192420,44.21,46.09,35321,20580,2.227,2.1830000000000003,982.8,983.65,592.5,95.885,39620,13.12,12.799388,33086600,19494300
2015-09-11,106.220001,106.199997,105.269997,4023900,183.35881,119691200,16244.65039,104630000,1784000,1.134,143410,45.74,45.91,34551,23740,2.187,2.222,970.95,982.8,591.0,95.525,22970,13.21,12.887189,63781500,25713900
2015-09-14,105.900002,106.389999,105.779999,2350800,182.650467,79452000,16330.87012,92660000,785700,1.1321,104060,44.83,45.02,34630,14710,2.1830000000000003,2.201,957.35,968.5,587.8,95.175,510,13.12,12.799388,37077400,17791100
2015-09-15,107.309998,106.059998,105.68,2896400,184.952469,108455800,16382.580080000002,93050000,717000,1.1267,18460,44.13,45.27,34451,13910,2.292,2.185,962.45,957.45,600.45,95.46,22340,13.13,12.809144,26127500,16682700
2015-09-16,108.410004,107.709999,106.559998,5315600,186.527542,99581600,16593.90039,99620000,797400,1.129,288330,45.23,47.42,34580,27810,2.296,2.274,973.25,962.65,611.95,95.765,26770,13.89,13.550571,81356400,44264700
2015-09-17,109.209999,108.580002,106.959999,8403800,186.117477,276046600,16639.92969,129600000,1384600,1.1437,228860,47.19,47.77,35509,14240,2.192,2.298,978.2,973.5,599.2,95.455,48960,14.25,13.901774,79245400,28414100
2015-09-18,108.529999,109.379997,108.82,6759400,183.019775,213315400,16343.75977,341690000,2562000,1.1305,225720,47.26,47.4,35855,28000,2.134,2.194,982.45,978.1,610.85,94.75,35460,14.47,14.116399,51966600,27875900
2015-09-21,107.790001,108.660004,108.330002,4104800,184.03154,105726200,16391.88086,90730000,1034000,1.1189,179900,46.14,47.91,35872,14890,2.199,2.148,971.75,981.65,616.1,95.44,36500,14.01,13.66764,58502000,23099000
2015-09-22,108.220001,107.959999,107.440002,5483300,181.651978,153890900,16221.73047,119010000,976500,1.112,185410,46.45,46.48,35186,25830,2.132,2.198,936.3,971.7,610.95,96.07,30280,13.36,13.033523,73786500,28357100
2015-09-23,110.489998,108.639999,108.199997,2744200,181.370926,92790600,16211.98047,86030000,574800,1.1187,232270,46.57,47.18,35163,17160,2.151,2.123,945.95,936.25,645.7,96.525,40600,13.26,12.935966,37996400,36964200
2015-09-24,109.809998,110.82,109.629997,11024300,180.743256,159378800,16016.36035,122220000,1049000,1.123,198040,44.7,45.26,35375,22520,2.128,2.146,948.95,945.75,656.45,96.36,49550,14.22,13.872507999999998,102655900,26674400
2015-09-25,108.419998,110.029999,109.550003,5209500,180.687057,155054800,16205.07031,130790000,836600,1.1195,189400,45.16,46.48,35775,13040,2.166,2.151,948.25,948.9,667.6,96.385,43890,13.99,13.648127,34885700,22267500
2015-09-28,107.980003,108.910004,108.269997,3809600,176.040375,178515900,15981.84961,139930000,621400,1.1246,188280,45.43,45.55,34815,28020,2.0980000000000003,2.157,917.2,949.25,651.85,96.36,28670,13.32,12.9945,67205900,20331400
2015-09-29,106.860001,108.690002,107.879997,4043600,176.1996,159045600,15942.37012,121160000,881300,1.1249,181410,44.54,45.74,34705,22830,2.06,2.0980000000000003,915.65,917.1,657.7,96.19,28190,13.41,13.082301,34734800,14700400
2015-09-30,106.730003,107.080002,106.470001,7247800,179.487885,152593200,16057.080080000002,145740000,1155000,1.1177,219890,45.01,45.94,34427,29840,2.035,2.063,907.75,915.75,650.95,96.055,24120,13.73,13.394481,39778900,24459700
2015-10-01,108.769997,107.209999,106.629997,4278600,179.99382,131079000,16073.82031,111420000,855400,1.1195,239320,45.44,47.16,34404,23540,2.042,2.042,907.2,907.95,679.4,96.4,20390,13.41,13.082301,54110100,32351700
2015-10-05,109.860001,109.379997,108.459999,5490200,185.933319,126320800,16502.09961,127660000,1736700,1.1185,215450,45.72,47.0,34800,47480,2.0580000000000003,1.984,917.1,915.7,689.2,96.015,23980,15.12,14.750514,102197900,23181800
2015-10-06,109.699997,110.260002,109.629997,7513900,185.296234,110274500,16746.0293,120010000,1653600,1.1271,303580,46.23,49.11,36622,34590,2.035,2.049,937.45,917.05,707.7,96.165,19190,15.68,15.296829999999998,92653200,44544600
2015-10-07,109.139999,110.139999,109.339996,5355500,186.81395,124307300,16765.0,115690000,1377300,1.1235,299910,49.08,49.79,37043,26860,2.065,2.037,947.25,937.5,699.5,95.58,21730,15.61,15.22854,53677000,40832800
2015-10-08,110.870003,110.269997,109.059998,5038200,188.500275,153055200,16859.33984,100730000,1431500,1.1279,219940,48.18,50.14,36150,29770,2.102,2.069,952.2,947.2,703.15,95.665,28540,15.41,15.033426,62811000,29660500
2015-10-09,111.309998,111.050003,110.230003,7907300,188.612671,107069200,17027.23047,103730000,1386700,1.1358,174340,49.75,50.98,36700,24460,2.09,2.099,983.4,952.3,708.15,95.35,31770,16.26,15.862657,86931800,29778600
2015-10-12,111.860001,111.730003,111.010002,6257900,188.79068,56395600,17064.58008,72500000,922200,1.1355,166830,49.57,50.19,36870,21390,2.07,2.069,989.55,978.3,694.65,94.94,15580,15.78,15.394385,73832600,28961100
2015-10-13,113.809998,111.870003,111.279999,5149600,187.600876,88038700,17034.44922,99400000,703500,1.1379,108370,47.56,48.53,36649,22440,2.042,2.069,989.1,989.5,685.35,94.96,21230,15.87,15.482187,48817600,29870500
2015-10-14,113.290001,113.949997,112.300003,10207800,186.701492,99106200,16887.66992,120110000,1237300,1.1473,63280,46.81,47.09,36953,25150,1.975,2.047,1000.3,989.15,700.85,94.79,36030,16.9,16.487017,126780700,18763700
2015-10-15,112.489998,113.989998,112.940002,14083900,189.568207,134142200,16933.57031,122960000,1200700,1.1383,16790,46.43,47.17,37068,22740,2.019,1.988,1006.3,1000.3,705.0,93.98,33340,16.889999,16.477261,46677600,36168600
2015-10-16,112.019997,113.440002,112.43,7328000,190.430115,114580100,17107.34961,145880000,1117800,1.1347,225960,46.91,47.55,37135,16360,2.035,2.026,1015.55,1006.35,699.4,94.59,20540,16.389999,15.989479,65976600,22381000
2015-10-19,112.730003,112.690002,111.889999,3959400,190.523788,76523900,17129.18945,118430000,895400,1.1327,223310,47.45,47.67,36727,18630,2.023,2.023,1013.95,1017.25,688.1,94.72,19110,15.7,15.316341,111747800,21189800
2015-10-20,111.730003,113.089996,112.379997,4903200,190.280212,78448500,17147.99023,106670000,902300,1.1345,253330,46.25,46.52,36773,21310,2.069,2.024,1020.7,1013.75,694.85,94.97,16710,16.33,15.930945,88202900,20257700
2015-10-21,111.690002,112.370003,111.410004,3908800,189.099808,102038000,17153.13086,107100000,620100,1.1339,244640,45.96,46.16,36621,17080,2.028,2.06,1004.4,1020.75,677.15,94.855,16140,15.85,15.462675,63704100,26555000
2015-10-22,111.5,112.209999,111.43,3436400,192.247574,174911700,17180.88086,152420000,752300,1.1107,201590,45.35,46.18,36764,10370,2.028,2.023,1011.25,1004.2,685.6,95.05,52440,16.120001000000002,15.726079,48065200,16625200
2015-10-23,111.43,111.839996,110.959999,4868400,194.411652,144442300,17525.10938,158090000,1027200,1.1018,242060,45.52,45.83,36662,25360,2.087,2.035,1002.6,1011.2,693.85,96.595,46040,16.52,16.116301999999994,65417200,26774800
2015-10-26,111.68,111.980003,111.330002,2573500,193.915146,69033000,17602.50977,116660000,716800,1.1056,193980,44.82,45.02,36865,14550,2.0580000000000003,2.083,997.55,1003.35,683.9,97.235,24110,16.01,15.618766,58216300,21154500
2015-10-27,110.75,111.809998,111.290001,2646100,193.521667,77905800,17540.57031,113960000,497400,1.1048,243110,43.83,43.96,36853,14470,2.037,2.055,986.65,997.55,678.75,96.885,27190,16.059998999999998,15.667542,25161300,26384900
2015-10-28,109.720001,113.25,110.309998,8201200,195.741974,135906700,17556.71094,115630000,1109500,1.092,306600,43.48,46.26,37095,24950,2.101,2.044,1000.65,986.7,686.1,97.05,47240,15.86,15.472431,76262400,48935900
2015-10-29,109.300003,110.599998,109.660004,5147100,195.695099,84727800,17684.7207,90300000,880200,1.0976,213930,46.14,46.86,36466,36550,2.172,2.092,992.65,1000.65,670.8,97.705,34760,15.16,14.789535999999998,77724800,21915100
2015-10-30,108.589996,109.580002,109.059998,5543200,194.795761,131076900,17662.86914,149250000,958500,1.1006,238590,45.81,47.1,36343,18170,2.146,2.162,987.35,992.65,677.25,97.3,41180,14.96,14.594423999999998,42003200,19322300
2015-11-02,106.980003,108.839996,108.459999,5843300,197.100357,86270800,17655.01953,100840000,973100,1.1015,224280,46.48,46.78,35951,19840,2.176,2.137,977.15,986.1,650.35,96.815,16590,15.02,14.652957999999998,40933400,16075600
2015-11-03,105.970001,107.809998,106.68,7145300,197.671844,95246100,17796.01953,92290000,973000,1.0968,283360,46.2,48.45,35765,19980,2.218,2.167,965.85,976.8,644.0,97.0,19060,14.94,14.574912,27659100,36340300
2015-11-04,105.639999,107.089996,105.919998,7366400,197.091003,90967700,17828.83008,99890000,938000,1.0863,328140,47.78,48.32,35478,19370,2.227,2.209,958.1,966.25,623.4,97.335,29910,14.64,14.282245,42958000,25572400
2015-11-05,104.099998,106.099998,105.580002,5931100,196.875519,78408700,17779.18945,98910000,1211400,1.0884,228000,46.66,46.74,35272,16960,2.236,2.229,952.9,958.15,606.3,98.015,27040,14.08,13.735929,89901000,26139000
2015-11-06,104.400002,104.419998,104.019997,8831900,196.772461,110471500,17768.59961,107450000,912200,1.0741,245490,45.46,45.7,34870,19710,2.325,2.236,942.35,953.3,612.95,98.06,49530,13.46,13.131079,73796300,22399700
2015-11-09,104.18,104.580002,104.190002,4129200,194.936295,131008700,17667.7793,121210000,1151900,1.0752,202180,44.55,45.15,34500,14420,2.349,2.329,917.55,941.05,596.95,99.375,26610,13.83,13.492038,76441900,22257700
2015-11-10,103.830002,104.650002,103.870003,4450800,195.385956,75874600,17657.7207,108640000,902100,1.0724,206340,44.14,44.8,34034,18820,2.336,2.347,903.15,917.4,597.8,99.1,23420,13.47,13.140835,54219000,15887800
2015-11-11,103.849998,104.230003,103.779999,3527600,194.617783,67846000,17696.91016,95230000,626300,1.0744,193340,43.72,44.2,34160,2210,2.331,2.335,884.05,903.1,577.0,99.2,27960,13.65,13.316435,29725700,24154300
2015-11-12,103.559998,104.32,103.040001,6300500,191.900955,121315200,17443.5,113660000,542900,1.0817,132490,43.08,43.36,33751,15120,2.315,2.331,881.95,884.0,558.7,98.885,44540,13.47,13.140835,41792900,33567000
2015-11-13,103.709999,103.739998,103.449997,3224200,189.746262,153577100,17238.89063,134640000,640100,1.0779,28630,41.64,42.24,33753,14440,2.275,2.317,861.7,881.95,539.25,98.645,35040,13.62,13.287169,31486300,34583500
2015-11-16,102.339996,104.029999,103.519997,2951200,192.631683,117645200,17210.42969,137590000,533700,1.0686,310120,40.99,42.32,33773,17940,2.271,2.245,867.85,863.65,551.55,99.06,31580,13.74,13.404237,24226200,37787400
2015-11-17,102.43,103.400002,101.980003,8593100,192.49115,121123700,17451.41016,167190000,717900,1.0644,260700,42.05,42.12,33475,18700,2.268,2.275,854.75,867.8,546.5,99.475,27700,13.08,12.760365,70962600,22978800
2015-11-18,103.559998,102.949997,102.040001,5043800,195.545242,121342500,17485.49023,106810000,941300,1.0659,255680,41.52,41.95,33400,14510,2.273,2.273,852.5,854.75,532.05,99.755,32850,13.49,13.160346,69238200,24754800
2015-11-19,103.089996,104.089996,103.07,5087600,195.376602,88220500,17681.98047,114630000,505700,1.0734,201030,40.82,41.15,33582,19760,2.247,2.273,858.25,852.45,541.0,99.47,39260,13.97,13.628617000000002,57813000,22457200
2015-11-20,102.260002,103.660004,102.970001,5971600,196.088608,94011500,17732.75,153140000,586600,1.0646,245340,40.54,40.99,33474,21370,2.264,2.255,855.4,858.2,558.9,99.18,30330,13.4,13.072546,67610000,37776200
2015-11-23,102.940002,102.75,102.160004,4042500,195.863754,64931200,17751.5293,134680000,359300,1.0636,291000,41.55,42.81,33152,21460,2.2430000000000003,2.273,849.4,857.15,541.35,99.68,28300,13.33,13.004255,26679900,29045200
2015-11-24,102.459999,103.25,102.690002,3479600,196.126068,98874400,17683.50977,127170000,737800,1.0641,271930,42.08,43.5,33566,17400,2.239,2.2430000000000003,842.75,849.35,541.5,99.785,23230,13.84,13.501794,59251900,25560200
2015-11-25,101.25,102.690002,102.209999,2931300,196.097946,51980100,17801.83008,82540000,632200,1.0627,229110,42.7,43.27,33484,11490,2.234,2.246,846.2,842.6,551.3,99.61,6290,13.71,13.374969,35075100,27117000
2015-11-27,101.919998,101.620003,100.989998,4993600,196.322784,37317800,17749.32031,82540000,232500,1.0593,165310,43.27,43.32,33511,18240,2.222,2.222,836.45,854.7,549.6,99.93,14130,13.45,13.121325,38458000,10619600
2015-11-30,102.279999,102.379997,101.519997,6773000,195.507767,112822700,17719.78906,155560000,789400,1.0564,235940,41.79,42.62,33412,15410,2.208,2.218,832.2,833.15,541.95,100.115,22100,13.76,13.423749,43282800,22160200
2015-12-01,100.690002,102.43,101.809998,4645900,197.37204,97858400,17719.7207,103880000,660700,1.0631,301200,41.75,42.25,33256,3740,2.145,2.217,841.6,832.7,538.65,100.25,26910,14.16,13.813973999999998,55243200,19658700
2015-12-02,101.760002,101.349998,100.529999,10223500,195.357834,108441300,17708.19922,102860000,658700,1.0615,324060,41.71,41.99,33200,460,2.178,2.154,834.2,841.7,525.7,99.87,37700,13.79,13.453015,59197500,52543800
2015-12-03,104.019997,101.970001,100.849998,6499900,192.622314,166224200,17425.56055,126990000,506900,1.0941,271480,40.17,41.8,33102,180,2.321,2.1830000000000003,849.95,833.85,535.85,100.09,125220,14.08,13.735929,51983700,35997400
2015-12-04,102.669998,104.209999,102.650002,10670200,196.379028,192913900,17482.67969,137650000,693200,1.0886,345830,41.34,42.03,33521,160,2.273,2.303,880.2,850.1,566.2,98.015,55180,14.83,14.467601,76943200,41884500
2015-12-07,102.839996,103.370003,102.5,4393500,195.189224,102027100,17639.25,99670000,755100,1.0835,272440,40.12,40.17,34750,16120,2.236,2.285,858.65,877.75,555.75,98.33,29000,14.2,13.852996,69177200,53326400
2015-12-08,102.639999,103.260002,102.529999,3412300,193.87767,103372400,17485.39063,113720000,738900,1.0894,328380,37.7,38.6,34225,18890,2.222,2.236,851.35,857.65,548.1,98.745,23940,14.08,13.735929,58937700,39573700
2015-12-09,102.550003,103.660004,102.32,6026300,192.369354,162401500,17403.50977,122020000,526600,1.1025,284650,37.91,39.04,34301,18720,2.211,2.227,856.65,851.1,552.55,98.485,49350,14.27,13.921287,50909900,38871100
2015-12-10,103.110001,102.830002,102.339996,3699300,192.86586,115196800,17474.66016,107310000,405700,1.0941,188990,37.3,37.56,34190,14150,2.234,2.218,854.3,856.7,542.7,97.365,39190,14.21,13.862751,32698200,33745900
2015-12-11,101.790001,103.32,101.849998,6798400,189.127914,211173300,17230.5,134510000,743600,1.0989,167310,36.67,36.88,33626,22200,2.132,2.236,841.25,854.1,545.05,97.98,14990,14.38,14.028598,47148500,44460900
2015-12-14,101.519997,102.720001,101.739998,5527200,190.083466,176235400,17138.4707,142540000,708000,1.0992,115120,35.45,36.75,33380,19060,2.225,2.155,847.9,842.5,549.15,97.725,900,13.56,13.228635999999998,80391500,38607500
2015-12-15,102.75,102.059998,101.410004,6831100,192.078934,154069600,17341.17969,123430000,437500,1.0928,73700,36.34,37.9,33335,17780,2.268,2.218,855.8,847.85,567.4,97.655,24920,13.63,13.296926,37161500,35892100
2015-12-16,100.5,103.199997,101.660004,8292200,194.88945,197017000,17483.67969,123790000,926500,1.0913,18230,36.86,37.42,33502,23210,2.298,2.268,872.25,855.45,572.35,98.18,47390,14.17,13.82373,82756600,36387300
2015-12-17,102.040001,100.989998,100.230003,10156200,191.919662,173092500,17493.5,115780000,575600,1.0825,200850,35.92,35.96,33030,28440,2.225,2.283,848.2,872.4,557.85,98.655,30970,13.34,13.014012,92531900,30064600
2015-12-18,103.150002,102.529999,101.300003,8345900,188.500244,251393500,17124.31055,344560000,1429400,1.0868,218040,35.03,35.73,33115,24450,2.204,2.23,859.65,847.8,559.35,99.05,29690,13.64,13.306681,62472400,37112500
2015-12-21,102.610001,103.519997,102.830002,6378900,190.055161,99094300,17116.73047,114910000,688000,1.0915,175120,34.58,34.86,33874,22720,2.195,2.204,873.25,857.95,553.75,98.78,20930,13.76,13.538889,70487000,26532400
2015-12-22,102.309998,103.199997,102.559998,4061400,191.779755,103602200,17242.85938,91570000,474000,1.0955,166300,35.84,36.59,34140,16370,2.237,2.195,873.5,873.1,555.0,98.5,17750,13.68,13.460174,29832600,21685200
2015-12-23,103.050003,102.589996,102.209999,2821400,194.154648,110987200,17427.63086,92820000,456600,1.0909,196980,36.54,38.02,34065,15200,2.259,2.236,872.15,873.55,553.45,98.225,16790,13.97,13.745515,42889100,39354100
2015-12-24,102.269997,103.050003,102.769997,1710200,193.834213,48542200,17543.94922,40350000,200800,1.0972,111020,37.96,38.38,34173,7300,2.245,2.257,884.45,872.55,559.3,98.39,9150,14.27,14.040693,24429100,19038100
2015-12-28,102.199997,102.599998,102.029999,3353600,193.391281,64967100,17437.33984,59770000,381900,1.0968,84340,38.02,38.11,33421,21350,2.232,2.253,882.1,891.6,552.0,97.97,10770,13.79,13.568406,42454500,20108800
2015-12-29,101.419998,102.580002,102.110001,2832200,195.4552,92640700,17547.36914,69860000,481500,1.0917,171680,36.74,37.98,33513,17520,2.3080000000000003,2.232,890.8,881.85,556.45,97.925,17180,13.95,13.725835,28853300,23585200
2015-12-30,101.459999,101.599998,101.349998,3745000,194.069839,63317700,17588.86914,59760000,473100,1.0932,173510,37.41,37.45,33217,18830,2.294,2.3,872.05,891.85,549.25,98.305,9830,13.66,13.440495,40319300,24796400
2015-12-31,102.889999,101.720001,101.309998,3823600,192.128464,114877900,17421.16016,93690000,701100,1.0861,149600,36.9,37.88,33173,13270,2.269,2.303,892.5,871.75,562.25,98.26,18780,13.72,13.499532,27523300,30362300
2016-01-04,103.18,103.669998,102.489998,6440000,189.442627,222353500,16957.63086,148060000,885400,1.0831,321840,37.64,38.42,33364,34340,2.2430000000000003,2.293,881.65,891.7,544.55,98.76,39010,14.09,13.863585,53710100,36236700
2016-01-05,104.669998,103.459999,102.93,3500300,189.763031,110845800,17038.60938,105750000,567900,1.0748,275470,36.93,37.13,33543,21010,2.239,2.241,890.3,881.5,536.2,98.91,38360,14.02,13.794710999999998,29913400,32173600
2016-01-06,106.150002,104.800003,103.93,9316600,187.369339,152112600,16817.61914,120250000,640500,1.0781,296860,36.21,36.42,33625,29240,2.17,2.236,879.55,890.25,505.6,99.515,29730,14.25,14.021014,39864700,73087100
2016-01-07,105.68,106.239998,105.190002,11730400,182.874039,213436100,16463.63086,176240000,805200,1.0936,291510,34.11,34.27,33639,32570,2.149,2.1830000000000003,875.55,879.65,493.5,99.325,39140,14.88,14.640891,78644600,51997700
2016-01-08,104.739998,105.800003,105.040001,7678200,180.866699,209817200,16314.57031,141850000,692400,1.0932,206970,33.34,34.39,33706,25330,2.116,2.154,880.0,875.6,494.2,98.42,40220,14.52,14.286675,66017900,44688400
2016-01-11,104.209999,105.57,104.709999,5905500,181.045776,185113200,16232.03027,127790000,668100,1.086,202060,32.96,33.23,33530,16830,2.175,2.126,849.0,876.85,474.95,98.335,32090,13.92,13.696318,57223800,82008800
2016-01-12,104.720001,104.589996,103.650002,5540200,182.5065,172330500,16322.07031,117480000,2257100,1.0857,142530,31.23,32.34,33313,20300,2.105,2.175,833.2,848.85,470.45,98.945,27240,13.61,13.391298,66902500,102085300
2016-01-13,103.019997,104.82,103.779999,7324200,177.954697,221168900,16123.2002,153530000,853300,1.0877,91960,30.62,31.8,33325,27330,2.091,2.117,848.5,833.3,486.35,99.105,27270,13.61,13.391298,39568100,100555700
2016-01-14,104.080002,104.18,102.5,9989100,180.876144,240795600,16075.12012,158830000,874200,1.0865,16390,30.62,31.79,33579,24590,2.091,2.077,836.05,848.35,491.4,98.915,38490,13.13,12.919012,56311100,47627300
2016-01-15,103.980003,104.959999,103.970001,10052700,176.99340800000004,324846400,15842.11035,239210000,1144100,1.0917,344460,31.25,31.25,33670,25010,2.037,2.101,830.95,835.85,487.2,99.12,46070,13.09,12.879656,35653200,92820900
2016-01-19,105.370003,104.449997,103.650002,4588400,177.229004,195244400,15900.25,144360000,1032500,1.0909,419480,29.38,30.4,33962,22840,2.056,2.047,827.8,821.05,497.1,99.255,24180,12.47,12.269618,76883400,60322600
2016-01-20,105.489998,106.160004,104.940002,10120900,174.957825,286547800,15450.55957,191870000,1437100,1.0891,375400,28.33,28.58,34334,23820,1.988,2.056,823.8,828.2,489.25,99.075,33760,12.85,12.643512,64908600,83215600
2016-01-21,105.0,105.489998,104.519997,5425000,175.937912,195772900,15704.66016,145140000,1211700,1.0874,394260,28.4,30.3,34021,24640,2.028,1.996,820.0,823.45,499.25,99.27,68450,12.91,12.702547,32173600,87217400
2016-01-22,106.080002,105.510002,104.760002,4185300,179.547348,168319600,15921.09961,145850000,728900,1.0797,407780,29.88,32.39,34225,20180,2.057,2.035,831.75,820.2,500.25,99.28,26440,13.03,12.820619,32747300,62556200
2016-01-25,107.690002,106.089996,105.599998,6819400,176.83320600000005,130371700,15880.15039,123250000,1804700,1.0849,310140,32.1,32.79,34277,19290,2.006,2.059,859.3,833.3,491.85,99.64,16690,13.38,13.164994,51095400,55479000
2016-01-27,106.540001,107.93,106.650002,8273400,177.294998,185681700,15878.29981,138350000,773100,1.0893,257110,30.62,32.92,34964,18110,2.003,1.989,882.1,875.85,502.7,99.13,30070,14.2,13.971818,60024700,71429700
2016-01-28,106.949997,106.860001,106.480003,5914200,178.218582,143798800,15863.71973,130120000,559500,1.0939,195140,32.22,34.86,34500,21660,1.982,1.996,869.0,882.45,492.5,99.005,34540,13.86,13.63728,51302800,66151100
2016-01-29,108.050003,107.0,106.260002,8098700,182.563065,210529300,16090.25977,217940000,565900,1.0837,29660,33.73,34.43,34516,15960,1.923,1.987,871.85,869.25,499.0,98.68,53800,14.21,13.981657,46570700,47209700
2016-02-01,108.089996,108.150002,107.529999,10471800,182.497055,136061600,16299.46973,114450000,712700,1.0888,331870,33.86,34.21,34617,16080,1.95,1.933,872.5,873.7,502.85,99.7,27830,14.65,14.414587,48295600,48889800
2016-02-02,109.25,108.18,107.349998,6656000,179.208099,182564900,16108.44043,126210000,404300,1.0919,346890,31.43,31.59,34704,14890,1.852,1.943,856.5,872.45,491.75,99.035,19630,14.3,14.07021,59458800,44437500
2016-02-03,110.57,109.580002,107.900002,15785200,180.28244,205054900,15960.4502,141870000,990900,1.1104,396580,29.78,32.78,34852,26100,1.883,1.85,881.25,856.3,516.05,98.84,60540,15.35,15.103338,120309300,72246300
2016-02-04,112.32,110.699997,109.919998,13192300,180.56517,136318100,16266.16016,131490000,1321500,1.1208,323930,32.77,33.66,35541,17840,1.846,1.883,908.85,881.4,516.1,97.185,48430,16.15,15.890482,118000400,44030700
2016-02-05,113.830002,112.349998,109.580002,14777300,177.125351,180788300,16129.80957,139010000,992300,1.1159,296570,31.7,32.51,35526,23100,1.843,1.848,913.7,908.5,499.35,96.545,42340,17.049999,16.776020000000006,129420600,34847600
2016-02-08,113.580002,114.870003,113.389999,28341200,174.741058,191526700,15803.54981,165880000,1667400,1.1198,211550,31.01,31.42,36007,29560,1.7480000000000002,1.853,929.35,910.75,518.8,97.05,31570,17.469998999999998,17.18927,117795100,38298300
2016-02-09,114.459999,114.690002,113.550003,17065400,174.750473,176478700,15881.11035,127740000,1304300,1.1293,305770,30.25,30.69,36886,20480,1.731,1.745,934.65,929.5,517.6,96.685,41040,16.75,16.480843,100646600,56309100
2016-02-10,119.059998,114.519997,112.980003,13311100,174.59968600000005,148214100,15899.91016,122290000,1276100,1.129,332990,28.42,29.28,36425,22640,1.673,1.736,937.35,934.3,525.5,96.03,35600,17.139999,16.864573999999998,80445100,64182800
2016-02-11,118.360001,120.839996,117.769997,49139000,172.328537,219058900,15503.00977,172070000,1785200,1.1324,347590,27.47,27.61,36936,36450,1.664,1.681,956.65,937.75,525.2,95.685,49090,18.370001,18.07481,168723900,95990700
2016-02-12,114.769997,118.739998,117.879997,16981200,175.881378,127632400,15691.62012,132550000,761100,1.126,394480,27.34,29.7,37771,15830,1.746,1.663,958.15,956.7,527.75,95.695,27580,18.84,18.537258,93974000,67907200
2016-02-16,115.480003,116.309998,114.739998,14601700,178.84996,120250700,16012.38965,142030000,1265600,1.1144,398490,29.12,31.57,36777,20730,1.779,1.7719999999999998,935.8,937.05,510.3,96.635,17320,17.209999,16.933449,155672200,48950000
2016-02-17,118.290001,116.07,114.889999,10582400,181.771439,136009500,16217.98047,124080000,1074500,1.1128,355920,29.16,31.5,36933,15930,1.816,1.778,944.3,935.9,516.5,96.985,14190,17.82,17.533648,78925500,60273400
2016-02-18,117.580002,118.599998,115.290001,13586500,181.026901,102343000,16390.42969,104950000,1348400,1.1107,324100,31.55,32.17,36968,14840,1.741,1.812,948.2,944.6,505.45,96.835,13500,18.9,18.596292,106526900,55390100
2016-02-19,115.489998,117.970001,117.099998,15192000,180.942093,114793000,16278.0,134340000,1013100,1.1134,287090,31.23,31.37,37302,18160,1.743,1.74,940.45,947.95,499.75,96.75,17970,18.379999,18.084648,79098700,47562600
2016-02-22,117.220001,116.190002,115.410004,10677800,183.561981,103640300,16417.13086,102240000,820700,1.1029,233330,29.72,32.05,36392,21400,1.755,1.7480000000000002,930.2,940.15,500.5,96.745,15600,18.530001,18.232239,50464700,53972100
2016-02-23,117.610001,117.419998,116.519997,9033400,181.243668,111455300,16403.5293,98170000,732900,1.102,348080,33.39,33.58,36925,17240,1.716,1.757,945.2,930.25,500.35,97.35,14120,18.92,18.615971,73296800,62427200
2016-02-24,117.919998,119.860001,117.349998,17938800,182.072998,150812200,16165.86035,93620000,934100,1.1013,344000,31.32,32.44,36988,25200,1.7519999999999998,1.721,937.75,945.15,488.7,97.48,27970,19.110001,18.802919,91260400,48189900
2016-02-25,117.110001,118.910004,117.540001,12461600,184.278214,107512400,16458.41992,94120000,713900,1.1023,210570,32.23,33.53,36860,19790,1.714,1.7519999999999998,927.4,937.45,483.55,97.54,15810,19.389999,19.078419,54182700,39101900
2016-02-26,118.639999,117.720001,115.860001,12505100,183.854111,129833700,16623.91016,98480000,661500,1.0934,126420,33.2,34.85,36145,23650,1.764,1.724,915.15,927.25,482.45,97.34,26710,18.690001,18.389669,117343300,58799400
2016-02-29,117.769997,118.699997,117.529999,11517500,182.412262,125918100,16510.40039,126220000,524400,1.0873,30240,32.77,34.03,35910,13490,1.7380000000000002,1.757,934.05,914.4,495.65,98.18,19930,19.379999,19.068581,80199400,50604400
2016-03-01,118.68,119.110001,117.339996,14139300,186.700195,141799700,16545.66992,105050000,931300,1.0867,276260,33.95,34.81,35583,1950,1.827,1.737,937.5,934.65,517.35,98.205,19340,18.57,18.271595,119848300,47605400
2016-03-02,120.730003,118.970001,118.07,8903000,187.538971,102415000,16766.32031,104470000,755000,1.0868,278170,33.92,35.2,35680,390,1.835,1.816,937.4,937.5,515.3,98.33,14510,19.049999,18.743879,79717600,49507900
2016-03-03,120.540001,121.300003,118.809998,18634800,188.274017,94146200,16820.73047,91110000,1352300,1.0957,256490,34.77,35.36,35736,260,1.835,1.834,947.35,937.5,542.2,98.235,22220,19.82,19.501511,93432200,34161800
2016-03-04,121.139999,122.370003,120.220001,16261100,188.886597,129293600,16898.83984,106910000,2999300,1.1004,295790,34.7,36.38,36553,90,1.876,1.835,981.05,947.5,563.0,97.645,33760,19.709999,19.393276,138290700,48973800
2016-03-07,120.580002,121.580002,120.410004,9358600,189.037338,100219000,16940.48047,100290000,1652500,1.1014,341910,36.22,38.13,37402,11240,1.904,1.879,998.8,984.75,577.6,97.335,14490,20.4,20.072189,109608500,67097200
2016-03-08,119.580002,121.879997,120.470001,11531000,186.973495,123974900,16921.50977,108380000,1468300,1.1011,352250,38.0,38.45,37360,21570,1.831,1.908,984.15,998.9,566.85,97.07,16220,19.42,19.107935,137523000,45700500
2016-03-09,121.5,120.389999,118.839996,8672900,187.897064,94801200,16947.93945,116690000,1064200,1.0999,333490,36.38,38.53,36884,20020,1.879,1.829,980.55,984.1,566.15,97.26,27940,19.51,19.196491,79357800,43985300
2016-03-10,119.410004,121.760002,120.419998,18090200,188.047821,153608200,16821.85938,117570000,1960500,1.1177,287780,38.2,38.5,36655,26990,1.936,1.876,982.15,980.7,573.95,97.295,52910,20.379999,20.052509,85850900,32869700
2016-03-11,117.870003,121.389999,119.360001,10812300,191.082382,137964500,17014.99023,123420000,1953100,1.1153,276650,38.02,39.05,37408,16530,1.98,1.932,964.85,982.6,579.95,96.175,16880,19.98,19.658937,87906100,28144000
2016-03-14,117.959999,120.309998,117.5,14236200,190.837387,73612000,17161.16016,96350000,1377000,1.1106,264710,38.22,38.81,37283,22600,1.961,1.979,961.6,967.25,572.8,96.295,1290,19.120001,18.812759,122947800,37316700
2016-03-15,120.589996,118.040001,117.360001,9941800,190.526367,93169100,17120.34961,92830000,1054800,1.1109,224360,37.44,37.47,36883,17780,1.968,1.963,959.55,961.35,570.7,96.65,12480,19.530001,19.216169,73297400,35471100
2016-03-16,120.129997,120.760002,117.339996,17334000,191.628967,129303200,17204.07031,118710000,1525600,1.1225,263870,36.8,38.69,36855,11090,1.913,1.97,978.9,960.1,577.5,96.66,30940,20.860001,20.524797,167168100,38311700
2016-03-17,119.800003,121.18,120.029999,9914300,192.844727,134278500,17297.65039,117990000,1725300,1.1319,249230,38.66,40.42,37250,29530,1.898,1.908,987.6,979.0,597.8,95.775,30540,20.43,20.101707,131512400,41070700
2016-03-18,118.959999,120.339996,119.510002,16965900,193.602158,138372400,17481.49023,321230000,3043500,1.127,286650,41.72,42.67,37577,21720,1.877,1.901,973.65,987.4,590.05,94.8,20390,20.610001,20.278814,66406800,38919600
2016-03-21,119.309998,119.330002,118.730003,7240600,193.876831,72926700,17551.2793,84410000,954100,1.1241,234100,39.06,40.3,37486,18320,1.917,1.893,980.3,971.25,602.95,95.1,12490,20.57,20.239458,40155100,34995300
2016-03-22,116.610001,120.160004,118.959999,6786800,193.772629,97471900,17540.41992,95450000,1392900,1.1217,268210,41.65,41.95,37755,18700,1.944,1.919,996.45,980.15,605.6,95.445,20350,20.58,20.249296,42354400,28287400
2016-03-23,116.330002,117.120003,116.160004,15993700,192.493851,81052500,17486.26953,84240000,1117400,1.1184,240910,41.21,41.37,36737,26080,1.879,1.951,961.9,996.4,583.1,95.64,14470,19.030001,18.724205,156720700,40194200
2016-03-24,116.599998,116.940002,116.300003,6280900,192.4086,84360900,17399.00977,84100000,1149100,1.1174,203280,39.82,39.87,36621,6650,1.9,1.884,948.45,961.85,572.65,96.095,13120,19.459999,19.147293,64733000,50576300
2016-03-28,118.760002,116.910004,116.269997,3879100,192.522278,62408200,17493.0293,70460000,937800,1.1196,78610,39.61,40.2,36452,12370,1.883,1.914,948.85,943.9,567.0,96.27,10600,19.42,19.107935,35286700,27248100
2016-03-29,117.099998,118.809998,116.800003,14087300,194.303116,90418600,17434.26953,86160000,1316300,1.1291,149530,39.34,39.5,36241,19310,1.804,1.883,969.9,949.25,573.2,95.945,30020,20.540001,20.20994,113453400,34407600
2016-03-30,117.639999,118.199997,116.910004,10769100,195.155655,86365300,17652.35938,79330000,1051900,1.1338,103120,38.55,39.88,36256,18130,1.828,1.809,967.15,970.25,566.35,95.185,26870,20.23,19.904921,62118400,36954600
2016-03-31,116.93,118.389999,117.599998,9348200,194.682022,94584100,17669.7207,102600000,1351000,1.138,27800,38.38,39.12,36330,16060,1.77,1.816,976.3,967.1,564.0,94.85,20680,19.969999,19.649097,46237400,32692400
2016-04-01,116.150002,116.980003,115.550003,10405400,196.008209,114423500,17568.01953,104890000,599900,1.1387,286170,38.22,38.64,35419,28820,1.774,1.784,959.1,976.15,560.9,94.62,28250,20.120001,19.796688,58369200,40266100
2016-04-04,117.660004,116.730003,116.07,7643700,195.37355,63497000,17710.66992,85230000,697600,1.1392,286650,36.63,37.23,35551,13330,1.7619999999999998,1.765,940.2,960.65,552.4,94.56,11470,19.530001,19.216169,65764800,38727100
2016-04-05,116.940002,117.93,117.150002,8865900,193.422165,99662200,17579.56055,115230000,688800,1.1384,296450,35.52,36.6,35811,16880,1.72,1.764,953.8,940.15,543.65,94.615,21140,20.129999,19.806528,74601400,42668400
2016-04-06,118.610001,117.389999,116.260002,7415500,195.534561,89889800,17542.53906,99410000,821000,1.1399,323370,36.58,37.95,35752,18740,1.758,1.732,948.4,954.3,537.95,94.635,32360,20.15,19.826206,34937000,45573000
2016-04-07,118.43,118.849998,115.0,11900500,193.194794,113859000,17484.23047,90120000,1202100,1.1377,308720,37.81,38.35,36000,22680,1.6869999999999998,1.758,958.1,948.2,538.1,94.455,26250,20.780001,20.446083,81856200,28205000
2016-04-08,120.029999,118.769997,117.980003,9078900,193.715836,95040600,17528.16016,79990000,2365900,1.1401,340220,37.54,39.86,36150,14690,1.717,1.7009999999999998,968.75,957.9,538.65,94.585,19260,21.440001,21.095476,69638900,47156500
2016-04-11,120.050003,120.300003,119.419998,9846000,193.261124,83757500,17555.90039,107100000,1932900,1.1408,279920,39.76,40.79,36715,22720,1.722,1.732,989.45,969.6,545.5,94.15,20710,22.700001,22.33523,121978500,29067700
2016-04-12,118.769997,120.349998,119.550003,9607900,195.060944,110162100,17553.57031,81020000,1593500,1.1386,357350,40.38,42.28,37515,25970,1.776,1.729,1000.7,989.3,544.15,93.98,23990,22.879999,22.512337,59074700,56065200
2016-04-13,117.110001,119.43,118.559998,8841500,197.03125,96336400,17741.66016,91710000,1115400,1.1274,348590,41.66,42.45,37965,22510,1.766,1.778,998.7,1000.25,542.5,94.045,26030,22.25,21.89246,77053400,42934000
2016-04-14,117.919998,118.190002,116.949997,13125400,197.04071,60422700,17885.43945,84510000,798900,1.1268,234370,41.57,42.19,38005,12100,1.7919999999999998,1.773,991.0,998.5,560.9,94.83,23230,21.6,21.252907,91711600,31708200
2016-04-15,117.739998,118.120003,117.190002,7838100,196.822815,75761600,17867.41016,118160000,1034600,1.1283,285170,41.46,41.76,38160,9820,1.754,1.787,986.25,991.1,568.25,94.91,16300,22.200001,21.843266,69043500,34981000
2016-04-18,119.580002,118.559998,117.629997,5798400,198.205841,75277700,17848.2207,89390000,928600,1.1314,383370,38.9,40.39,38150,13320,1.771,1.726,977.2,986.65,568.0,94.69,14290,22.18,21.823586,36413800,38666300
2016-04-19,118.970001,120.089996,119.370003,21031500,198.831055,88316100,17984.42969,89820000,1380700,1.1358,355950,40.54,42.03,38548,20830,1.787,1.783,1012.95,977.25,582.15,94.5,17530,23.26,22.88623,101450600,37479900
2016-04-20,119.419998,120.080002,118.720001,10233200,199.020508,81100300,18031.21094,100210000,1321400,1.1297,297260,40.8,42.91,39578,28840,1.845,1.78,1019.9,1013.1,597.05,94.095,15590,22.84,22.472982,107920500,42501200
2016-04-21,117.889999,120.550003,119.129997,14612800,197.950089,85695000,17963.89063,102720000,1386400,1.1288,312600,44.04,44.56,39480,55370,1.865,1.84,1025.25,1019.85,610.05,94.51,44400,23.25,22.876392000000006,81445000,27139900
2016-04-22,118.230003,119.019997,117.279999,10047000,197.950089,99251700,17909.89063,134120000,1312900,1.1234,272850,43.49,44.52,39800,29590,1.891,1.868,1011.7,1024.65,606.2,94.605,21340,22.59,22.226997,101689200,29964200
2016-04-25,118.699997,118.709999,118.110001,4369400,197.609085,66166500,17855.55078,83770000,1226300,1.1266,211680,43.81,44.1,39705,23830,1.915,1.891,1016.95,1008.3,605.6,95.045,15040,22.459999,22.099087,39890900,21975800
2016-04-26,119.040001,118.889999,118.449997,9906800,197.90274,75864200,17934.16992,92570000,965900,1.1299,199240,42.98,44.85,39691,21610,1.931,1.907,1017.7,1016.9,604.5,94.73,21390,22.99,22.620569,63797900,19190200
2016-04-27,121.290001,119.699997,118.43,7976400,198.310059,77329400,17920.25977,109090000,970500,1.1321,150790,44.69,45.67,40190,25350,1.853,1.922,1026.35,1017.55,609.65,94.495,26140,23.24,22.866552,56420300,37920900
2016-04-28,123.650002,121.419998,119.730003,15133600,196.510239,97216200,17796.55078,100920000,1113900,1.1353,113080,45.34,46.18,40391,22340,1.824,1.847,1054.6,1026.25,624.35,94.35,29790,24.280001,23.889839,104264300,24935900
2016-04-29,123.239998,123.93,122.339996,19043900,195.44931,142424100,17651.98047,136670000,1592300,1.1456,29520,46.01,46.89,41250,25170,1.835,1.839,1080.0,1054.45,627.65,93.72,32880,25.83,25.414934,116216000,34802100
2016-05-02,122.959999,123.959999,123.050003,12137500,197.002823,62188000,17773.71094,80100000,1289400,1.1532,168090,45.95,46.2,41089,2490,1.872,1.83,1080.05,1078.2,624.75,92.995,22400,25.389999,24.982004,84514200,21614400
2016-05-03,122.209999,123.82,122.510002,9063600,195.288269,106422100,17670.88086,97060000,1634100,1.1497,276400,44.98,45.42,40741,630,1.796,1.856,1067.8,1081.1,608.85,92.62,31400,24.66,24.263735,94115500,28412200
2016-05-04,122.07,123.230003,121.510002,9327400,194.198898,92243800,17609.00977,95020000,1089500,1.1487,293820,43.87,44.9,40500,40,1.777,1.807,1063.05,1067.75,596.45,92.955,30460,23.41,23.033821,104691600,24287300
2016-05-05,123.18,122.730003,121.25,8846900,194.161041,67619200,17615.82031,81530000,1254100,1.1405,280790,44.11,46.14,40730,260,1.742,1.793,1065.7,1063.2,600.7,93.24,18220,24.18,23.791447,88670100,34159000
2016-05-06,120.650002,123.809998,122.589996,11366800,194.87149,89315000,17580.38086,80020000,1541900,1.1405,283650,44.59,45.41,41141,26020,1.779,1.756,1082.0,1065.75,607.2,93.75,21440,25.129999,24.726181,100086900,26396700
2016-05-09,120.980003,121.290001,120.589996,9236200,195.032501,74374900,17668.38086,85590000,2432300,1.1383,364580,45.03,45.97,40511,22000,1.751,1.789,1045.9,1078.15,584.1,93.87,14010,23.52,23.142054,128209000,22143100
2016-05-10,122.120003,121.379997,120.080002,9128500,197.45752,74236100,17726.66016,75790000,1852100,1.1372,343210,43.28,44.82,40620,13970,1.754,1.753,1053.85,1045.55,592.2,94.13,13360,24.4,24.007912,71223700,20448300
2016-05-11,121.160004,122.160004,121.379997,7590100,195.610352,81727000,17711.05078,87390000,2564800,1.1427,381740,44.63,46.39,40900,24270,1.735,1.767,1068.95,1053.65,608.05,94.215,18920,25.049999,24.647469,84347400,29338200
2016-05-12,121.709999,122.389999,121.0,7447100,195.667175,89586300,17625.38086,88560000,2187900,1.1377,353850,46.06,47.08,40673,22810,1.7480000000000002,1.724,1050.65,1068.65,596.65,93.82,18760,24.549999,24.1555,76147200,23946400
2016-05-13,121.800003,121.860001,120.660004,7672800,193.962097,96474600,17512.48047,86640000,1676000,1.1308,239050,46.46,46.55,40253,22110,1.702,1.7519999999999998,1054.25,1050.8,592.4,94.15,23160,24.790001,24.391647,47602900,15230000
2016-05-16,122.220001,122.970001,121.379997,7103000,195.875549,77486800,17531.75977,88440000,1526200,1.132,294380,46.29,47.99,40849,17780,1.757,1.702,1054.6,1053.0,591.0,94.61,13130,25.24,24.834414,64173700,26713400
2016-05-17,120.099998,122.519997,121.480003,8619800,194.047379,114924900,17469.91992,103260000,1343200,1.1314,262320,47.95,48.81,40760,19470,1.7719999999999998,1.753,1056.6,1054.5,584.6,94.55,11830,25.58,25.168951,60077800,22310900
2016-05-18,119.870003,121.919998,119.879997,13381700,194.104202,123493400,17418.21094,79120000,1828200,1.1217,319810,48.65,49.07,40576,21610,1.859,1.774,1032.3,1056.3,579.6,94.525,24260,23.559999,23.18141,190329800,29425500
2016-05-19,119.709999,119.980003,118.919998,14339700,193.431625,115430500,17331.07031,95530000,1260000,1.1203,302100,48.28,48.69,39621,31710,1.847,1.849,1018.0,1031.9,558.45,95.19,22690,23.959999,23.574982,88378000,21902500
2016-05-20,119.370003,120.32,119.309998,10379400,194.653595,104990400,17437.32031,111990000,2302800,1.1224,255580,48.67,49.25,39684,17560,1.844,1.849,1024.0,1017.95,562.85,95.295,10920,24.049999,23.663536,70444800,19220000
2016-05-23,117.300003,119.599998,118.75,8600100,194.388351,58117700,17480.05078,87790000,902600,1.1219,225090,48.48,48.53,39379,16250,1.835,1.838,1015.1,1024.35,550.25,95.31,11760,23.780001,23.397877,46150500,15395600
2016-05-24,116.980003,118.230003,117.25,12772000,196.908096,93537800,17525.18945,86480000,1308300,1.1141,211580,48.13,49.32,39290,18610,1.865,1.838,1000.45,1014.95,537.95,95.28,13640,22.469999,22.108927,124509700,17092900
2016-05-25,116.580002,117.059998,116.32,10487300,198.243729,76621400,17735.08984,79180000,1952500,1.1155,237790,49.15,49.8,39101,15920,1.872,1.859,995.5,1000.8,530.4,95.65,11330,23.030001,22.659927,74463300,24984100
2016-05-26,115.620003,117.629997,116.389999,5852100,198.300583,53087800,17803.82031,68940000,1155000,1.1194,221260,49.75,50.26,39014,21520,1.83,1.86,997.35,995.05,543.4,95.4,18580,22.950001,22.581213,50921400,21603300
2016-05-27,116.059998,116.360001,115.290001,8686700,199.153122,64211200,17824.73047,73190000,1339500,1.1115,130180,49.38,49.67,38778,14850,1.851,1.833,978.3,997.2,539.6,95.15,18430,22.280001,21.92198,100823000,14089100
2016-05-31,115.940002,116.400002,115.5,8187600,198.774216,109879400,17724.0293,147390000,1126900,1.1132,28690,49.59,50.15,38351,14850,1.851,1.86,981.1,974.45,547.75,95.6,17720,22.58,22.217159,78295000,16850700
2016-06-01,115.669998,116.139999,115.199997,8399600,199.181549,69936200,17664.78906,78530000,976500,1.1188,266000,48.88,49.3,38270,17350,1.839,1.844,974.7,981.15,549.45,95.8,19510,22.719999,22.354908,51078900,25553100
2016-06-02,118.879997,115.970001,115.580002,4514900,199.787781,60661400,17703.55078,75560000,1267100,1.1151,270120,48.92,49.49,38401,10480,1.7990000000000002,1.837,957.2,975.25,535.6,95.4,17540,22.77,22.404106,33886800,22253200
2016-06-03,118.919998,118.889999,118.230003,14605100,199.19101,101757100,17689.67969,82270000,2249000,1.1367,227820,49.09,49.46,38511,18760,1.702,1.808,988.05,957.4,549.25,95.565,34590,25.33,24.922968,190026800,19169900
2016-06-06,118.82,119.169998,118.459999,9887900,200.20459,64887000,17822.81055,71870000,1141700,1.1355,223760,48.91,49.93,39092,14060,1.737,1.704,996.85,988.5,557.05,93.945,30340,25.450001,25.04104,76841900,23410200
2016-06-07,120.580002,119.019997,118.410004,4602900,200.517181,60974800,17936.2207,78750000,1209700,1.1358,208820,49.73,50.56,38715,16140,1.716,1.733,1001.1,996.9,552.95,93.98,20410,25.110001,24.706505,52296400,18247700
2016-06-08,121.25,120.779999,120.230003,11661700,201.170792,66170900,17931.91016,71260000,1718800,1.1394,260750,50.45,51.66,39050,27390,1.704,1.719,1015.95,1000.9,562.0,93.87,35800,25.93,25.513329,98078700,26500300
2016-06-09,121.739998,121.480003,120.550003,12174000,200.896088,73786900,17915.88086,69690000,1628100,1.1316,213120,51.48,51.7,40180,24280,1.682,1.704,1001.1,1016.15,561.45,93.53,22650,26.33,25.906898,62777300,18027700
2016-06-10,122.639999,122.099998,121.18,13940000,198.992111,113829200,17812.33984,90540000,1462500,1.1251,210060,50.55,50.8,40681,20960,1.644,1.68,993.6,1001.0,548.4,94.135,21510,25.959999,25.542843,68347900,21021400
2016-06-13,122.769997,122.830002,122.029999,12594200,197.45752,117751200,17731.34961,101690000,1440200,1.1292,208810,48.9,49.33,40751,19920,1.6130000000000002,1.625,992.7,995.65,546.65,94.68,2300,25.91,25.493647,51094400,18163900
2016-06-14,123.68,123.059998,122.300003,11651700,197.069138,125059300,17595.78906,93740000,2305200,1.1208,224010,48.57,48.74,41105,19610,1.6130000000000002,1.611,975.45,992.75,536.55,94.48,22520,25.34,24.932806,71065700,15842400
2016-06-15,122.379997,123.870003,122.379997,15053000,196.794418,109124500,17629.00977,94130000,1758900,1.1259,298840,47.94,48.76,41315,15010,1.575,1.6130000000000002,977.6,975.2,534.65,95.02,23620,26.32,25.897058,104434600,23350400
2016-06-16,123.949997,125.669998,122.230003,26635000,197.381714,149533100,17471.28906,91950000,1584000,1.1226,287300,47.51,47.81,41451,30030,1.579,1.57,979.2,977.65,537.25,94.655,40520,25.49,25.080399,124160700,31068700
2016-06-17,123.209999,124.099998,122.690002,15573800,196.647064,117055700,17602.7793,248680000,6565300,1.1277,222730,46.06,48.36,40978,19650,1.611,1.589,970.95,979.3,532.65,94.49,23070,25.790001,25.375576,72290200,34921800
2016-06-20,120.839996,123.330002,122.129997,11866200,197.913467,82789600,17736.86914,99380000,1061600,1.1314,244410,48.45,49.58,41162,25140,1.6780000000000002,1.656,987.1,973.25,550.55,94.06,20690,25.639999,25.227985,58425400,26077300
2016-06-21,120.900002,121.860001,120.769997,14585600,198.475281,72461700,17799.80078,85130000,854100,1.1242,256950,49.14,49.32,41151,22760,1.709,1.671,978.65,987.25,554.05,93.62,19210,24.93,24.529396,78428000,21823000
2016-06-22,120.110001,121.25,120.68,7861000,198.15152,95560500,17770.35938,89440000,1444100,1.1297,282720,50.25,50.58,40942,17960,1.6869999999999998,1.6969999999999998,979.55,977.8,560.52,94.12,15470,25.5,25.090239,75614700,26056700
2016-06-23,126.0,121.029999,120.059998,10704900,200.731964,102731400,17844.10938,98070000,975800,1.1388,246950,49.15,50.3,40911,22910,1.744,1.702,973.0,979.8,566.05,93.62,29250,25.219999,24.814735,61697500,18947500
2016-06-24,126.68,126.82,125.0,35782900,193.523834,333444400,17356.33984,239000000,2010500,1.1117,351740,50.39,50.55,41749,34830,1.5619999999999998,1.682,987.15,972.75,548.8,93.75,66050,26.75,26.32015,142864600,32784500
2016-06-27,125.32,127.050003,125.830002,21228800,190.057892,230775800,17063.08008,138740000,2163100,1.1026,243260,47.91,48.06,42173,20220,1.444,1.507,982.6,989.7,559.75,96.115,28570,27.059999,26.62517,77756600,24678900
2016-06-28,125.839996,126.019997,125.059998,16001500,193.485779,159382400,17190.50977,112190000,1327700,1.1066,173180,46.62,48.22,41852,19450,1.465,1.439,983.4,982.4,573.65,96.565,20690,26.6,26.17256,80951500,23383000
2016-06-29,126.470001,126.809998,125.699997,12218400,196.780365,137328600,17456.01953,106380000,1263800,1.1125,112960,48.11,50.05,42599,26990,1.517,1.465,1008.8,983.55,587.8,96.14,20240,27.15,26.713722,68734100,24821700
2016-06-30,128.410004,126.519997,125.5,15981600,199.46553,165021900,17711.80078,133030000,976100,1.1105,25410,49.61,49.68,43104,14210,1.475,1.5119999999999998,1028.85,1009.05,599.98,95.7,40030,27.709999,27.264723,53540000,22048700
2016-07-01,129.470001,128.419998,127.440002,14940700,199.884521,106055300,17916.91016,82160000,1097300,1.1136,248690,48.41,49.33,44601,2730,1.456,1.471,1064.3,1028.5,606.3,95.955,21140,29.049999,28.583189,86021800,20567100
2016-07-05,130.229996,129.589996,128.169998,19026200,198.446701,109803700,17785.2793,103650000,1693000,1.1076,305740,49.16,49.41,46095,520,1.375,1.439,1079.4,1067.7,605.5,95.625,21410,29.639999,29.163712,70577700,30162300
2016-07-06,129.740005,131.149994,129.820007,17376700,199.636948,96021500,17713.44922,93000000,1816700,1.1099,279120,46.88,48.0,47450,22630,1.3730000000000002,1.367,1090.8,1079.65,607.88,96.335,31230,30.57,30.078764000000003,106290300,17436200
2016-07-07,130.520004,130.119995,128.979996,16469500,199.513153,81705800,17816.65039,81570000,1170500,1.1063,328100,47.91,48.28,46426,30780,1.385,1.37,1093.25,1090.6,610.38,96.125,16060,29.610001,29.134193,78127700,36199100
2016-07-08,129.28999299999998,130.520004,128.970001,17634200,202.483994,133971000,17971.2207,93460000,1114300,1.1055,237280,45.25,46.03,45840,39720,1.358,1.39,1101.95,1092.9,618.5,96.32,29460,30.540001,30.04925,94810000,21540700
2016-07-11,127.150002,129.899994,129.160004,10855600,203.198151,73633900,18161.5293,80880000,1427300,1.1058,229280,45.13,45.83,47621,27670,1.43,1.366,1102.7,1105.2,624.42,96.35,11610,30.6,30.108284,46584000,16805900
2016-07-12,128.320007,128.53999299999998,126.989998,26459600,204.674026,101275600,18259.11914,90170000,1190000,1.1059,321530,44.59,46.94,47000,34870,1.507,1.425,1096.05,1102.65,627.4,96.55,18970,29.4,28.927567,94497400,30624700
2016-07-13,127.330002,128.429993,127.610001,7377700,204.645493,87324100,18315.75977,80920000,882200,1.109,299800,46.61,46.75,47450,25000,1.473,1.508,1098.9,1096.75,646.7,96.565,12260,30.370001,29.881979,66785900,34345300
2016-07-14,126.839996,127.370003,126.029999,12132400,205.788116,91230900,18414.30078,87050000,834300,1.112,289400,45.18,45.84,47013,28470,1.537,1.471,1105.15,1098.75,650.0,96.315,13960,30.209999,29.72455,55919200,21465900
2016-07-15,127.040001,127.190002,126.330002,13892100,205.511993,107155400,18471.61914,123690000,1036300,1.1036,260430,45.58,46.38,47101,21710,1.558,1.52,1099.0,1104.95,651.02,96.15,22810,29.870001,29.390015,50421800,23656100
2016-07-18,127.209999,127.5,126.629997,8489700,206.06424,58725900,18489.83984,75540000,975900,1.1074,230500,46.2,46.22,46563,22430,1.582,1.575,1100.3,1097.6,646.12,96.615,11290,29.98,29.498247,50567100,19842200
2016-07-19,125.389999,127.349998,126.82,5170700,205.854752,54345700,18495.10938,85840000,783300,1.1022,214360,45.35,45.8,46720,18120,1.558,1.5730000000000002,1096.85,1100.05,657.42,96.59,24230,29.67,29.193228,44503800,17785400
2016-07-20,127.300003,126.120003,125.309998,11777700,206.711731,58159500,18555.65039,93230000,1382800,1.1015,296300,44.59,45.25,45951,27530,1.58,1.5590000000000002,1088.0,1096.65,671.8,97.1,22250,27.99,27.540222,130406100,26551900
2016-07-21,126.349998,127.370003,125.599998,9399200,205.930923,67777300,18469.66992,86800000,969600,1.1025,237480,45.67,46.12,45598,29350,1.556,1.58,1107.75,1087.75,687.2,97.15,24810,28.870001,28.406082,85509300,20343800
2016-07-22,125.470001,126.519997,126.010002,7716000,206.854599,62787500,18491.58984,87710000,1072800,1.0976,243490,44.62,44.99,46170,19370,1.5659999999999998,1.5490000000000002,1087.5,1107.25,685.67,96.895,19030,28.780001,28.31753,30446500,22494200
2016-07-25,126.0,126.209999,125.110001,13139400,206.29277,55873100,18452.61914,76810000,1193700,1.0994,188810,44.23,44.39,45801,19800,1.575,1.571,1088.0,1085.75,687.25,97.455,11320,27.73,27.28440100000001,89557100,24337300
2016-07-26,128.029999,126.139999,125.75,7613200,206.387985,70080500,18387.2207,85370000,760000,1.0987,240330,43.13,43.45,46289,13050,1.5630000000000002,1.568,1097.15,1087.9,689.6,97.31,10590,28.5,28.042028,74116400,23818200
2016-07-27,127.660004,128.119995,126.040001,16818400,206.169006,80870400,18430.93945,111370000,1031000,1.1058,194570,42.69,43.23,46154,23880,1.503,1.5630000000000002,1139.1,1097.5,705.8,97.17,18210,29.799999,29.321138,105377900,28714900
2016-07-28,128.979996,128.199997,127.209999,9261800,206.407043,65035700,18368.82031,85750000,813700,1.1076,110090,41.96,42.25,47128,29780,1.508,1.504,1138.25,1140.55,697.52,96.64,22980,29.75,29.27194,57024500,28370400
2016-07-29,129.220001,129.410004,127.879997,13708200,206.740295,79519400,18371.11914,111550000,1752400,1.1174,21540,41.14,41.69,46973,25540,1.45,1.501,1153.65,1139.15,711.35,96.595,35780,30.59,30.098446000000006,74383700,25507500
2016-08-01,130.270004,129.339996,128.559998,7109900,206.568939,73311400,18355.75,83470000,1169000,1.1162,234770,41.41,41.94,47588,18010,1.52,1.463,1162.95,1152.4,718.33,95.49,11370,30.93,30.432981,84315500,37967800
2016-08-02,129.649994,130.550003,129.940002,7652800,205.245361,92295500,18247.78906,89680000,1400300,1.1227,262560,40.11,40.94,47541,22420,1.554,1.52,1170.25,1163.15,713.35,95.7,21500,31.32,30.816713,68903600,30293900
2016-08-03,129.869995,129.96000700000002,129.270004,5010700,205.84523,53993600,18283.23047,78550000,1303200,1.1149,320440,39.73,41.23,47629,23070,1.545,1.5590000000000002,1168.15,1169.2,713.03,95.075,12680,30.940001,30.44282,50504200,36429700
2016-08-04,127.550003,130.279999,129.820007,4788700,206.06424,44476100,18325.16992,64500000,1096500,1.113,276420,41.2,42.12,46956,21740,1.5019999999999998,1.544,1161.55,1168.1,704.75,95.49,13790,31.23,30.728161,42630900,30164600
2016-08-05,127.440002,128.550003,127.389999,16205100,207.749619,71892200,18402.80078,92420000,1333100,1.1085,236870,41.89,42.15,46154,30060,1.59,1.501,1150.6,1162.55,696.9,95.705,24120,30.23,29.744228000000003,85813900,30849000
2016-08-08,127.959999,127.699997,127.269997,6773800,207.625839,39906500,18502.0293,71810000,583200,1.1093,221510,42.06,43.46,45877,16060,1.592,1.595,1154.95,1148.65,690.5,96.19,6380,30.5,30.00989,43730900,28890900
2016-08-09,128.559998,128.139999,127.75,7500400,207.749619,51251700,18507.75,60090000,549800,1.1119,216220,42.89,43.59,45911,15870,1.5490000000000002,1.59,1160.85,1155.05,696.65,96.31,12050,30.76,30.265713,42545400,25742400
2016-08-10,127.669998,129.199997,128.149994,6196200,207.235428,57941100,18468.7793,62780000,986500,1.1177,284860,42.77,43.42,46625,27520,1.513,1.545,1181.7,1160.5,729.2,96.075,16390,31.299999,30.797035,56247200,31031800
2016-08-11,127.400002,129.190002,127.480003,9669900,208.197159,68960100,18519.08008,71470000,900900,1.1137,335530,41.54,43.92,46477,26220,1.561,1.505,1153.55,1181.65,693.4,95.53,9070,31.040001,30.541214,44099500,31426700
2016-08-12,128.470001,129.259995,127.199997,15395800,208.016266,61313500,18535.85938,61580000,972600,1.1161,258000,43.52,44.84,46030,29780,1.51,1.5590000000000002,1128.55,1153.25,693.2,95.9,19040,31.049999,30.551052,44118800,31930100
2016-08-16,128.5,129.03999299999998,128.0,8678100,207.540146,53213600,18550.65039,67570000,945600,1.1278,331860,45.64,46.77,46060,24670,1.575,1.554,1126.35,1118.3,707.25,95.61,29140,30.809999,30.314907,35355600,34193800
2016-08-17,129.110001,128.990005,127.459999,12034800,207.930542,75134300,18468.67969,71000000,1708300,1.1288,377400,46.42,47.0,45728,22210,1.5490000000000002,1.568,1129.2,1126.35,693.75,94.76,22950,30.370001,29.881979,78518200,33402600
2016-08-18,127.970001,129.169998,128.580002,9500600,208.397125,52989300,18533.28906,70740000,1209500,1.1354,268830,46.95,48.44,45850,18570,1.534,1.539,1131.4,1129.05,715.85,94.6,22340,30.75,30.255873,60204200,58903400
2016-08-19,127.779999,128.669998,127.860001,10660100,208.092407,75443000,18491.24023,93170000,905500,1.1326,252340,48.59,49.02,45150,24990,1.58,1.546,1118.75,1131.55,712.4,94.18,24050,29.959999,29.478567,61761900,30987000
2016-08-22,127.760002,127.919998,127.449997,8627200,208.082901,61368800,18466.85938,73450000,844900,1.1319,270370,48.4,48.4,44417,22360,1.544,1.597,1107.35,1112.4,692.08,94.57,13920,29.459999,28.986603,47948100,24924100
2016-08-23,126.339996,128.220001,127.610001,9038500,208.501846,53399200,18545.51953,73990000,856700,1.1306,314180,47.4,48.33,44450,18760,1.546,1.551,1110.1,1107.05,702.7,94.545,15640,29.02,28.553675,57386700,47774500
2016-08-24,126.230003,126.970001,126.300003,13539700,207.435394,71728900,18448.26953,72270000,1573000,1.1263,280920,47.61,47.75,43722,23690,1.5630000000000002,1.556,1084.4,1109.9,687.65,94.55,13900,26.969999,26.536613,168133500,29804500
2016-08-25,126.050003,126.309998,125.959999,5926300,207.292572,69224800,18431.46094,64480000,1492200,1.1283,217130,46.81,47.48,43521,16500,1.578,1.564,1077.15,1084.0,688.8,94.76,7780,27.309999,26.871151,68662900,23730900
2016-08-26,126.300003,128.110001,125.82,17967700,206.902161,122506300,18335.33984,78730000,1871600,1.1198,209620,47.38,48.48,43657,26720,1.628,1.571,1076.15,1077.4,695.45,94.675,41260,27.18,26.743242,109036600,26286500
2016-08-29,125.029999,126.480003,125.93,5234800,207.921021,68606100,18419.91992,64480000,758600,1.1189,65670,47.23,47.3,43559,16540,1.5630000000000002,1.626,1083.3,1074.6,700.95,95.55,17790,27.24,26.802275,48779800,24748400
2016-08-30,124.779999,125.949997,124.879997,9877000,207.578232,58114500,18408.51953,68920000,951000,1.1143,124520,46.99,47.51,43916,15130,1.57,1.5730000000000002,1060.8,1083.45,681.45,95.52,20770,25.9,25.483809,104101200,27491800
2016-08-31,125.290001,125.110001,124.639999,13324100,206.987869,85269500,18333.56055,98250000,1791700,1.1158,20610,46.27,46.44,43924,14800,1.578,1.57,1055.95,1060.85,671.3,95.99,23730,25.49,25.080399,76912300,30520000
2016-09-01,126.57,125.510002,124.550003,12877700,206.997406,97844200,18295.48047,74780000,2600600,1.1198,290040,44.88,45.11,43832,2310,1.568,1.58,1052.2,1056.0,663.1,96.015,19220,26.42,25.995451,131755800,59055100
2016-09-02,128.71000700000002,126.57,125.580002,11318600,207.930542,79293900,18439.09961,74350000,2026100,1.1156,279340,43.63,44.76,44300,260,1.607,1.571,1066.4,1052.25,674.8,95.65,34950,27.35,26.910509,105245000,37178500
2016-09-06,128.270004,129.080002,127.269997,15115300,208.559006,56702100,18450.32031,83710000,2100400,1.1256,215060,44.16,46.55,46341,21360,1.536,1.609,1102.2,1073.75,702.2,95.775,26760,28.68,28.219137,109292600,33638100
2016-09-07,127.589996,128.860001,128.119995,8859800,208.539917,76554900,18474.76953,67570000,1562100,1.1239,224230,44.86,46.18,46915,16150,1.536,1.541,1092.45,1102.35,689.55,94.82,16520,28.52,28.061708000000007,76616800,35656800
2016-09-08,126.75,128.520004,127.400002,10306500,208.063843,73011600,18446.68945,79060000,1223800,1.1261,327240,46.13,47.76,46605,18970,1.601,1.541,1088.25,1092.3,689.3,94.99,33160,27.9,27.45167,74728600,53504000
2016-09-09,126.589996,127.510002,126.699997,12485600,203.083878,221589100,18085.44922,120670000,1512500,1.1233,262150,47.38,47.38,46125,16950,1.675,1.602,1064.8,1088.3,681.2,94.975,30820,26.41,25.985613,147300700,28882800
2016-09-12,125.75,126.919998,125.970001,11140300,205.997589,168110900,17994.83984,103260000,2010000,1.1234,258760,45.59,46.52,45080,27350,1.666,1.668,1060.05,1067.35,658.55,95.315,31110,27.040001,26.605490000000003,103987000,26830900
2016-09-13,126.18,126.599998,125.529999,8866400,203.03627,182828800,18028.06055,102830000,1716400,1.122,280020,46.08,46.14,45350,13090,1.729,1.661,1039.85,1059.85,657.95,95.095,25800,26.059999,25.641237,100593400,38346600
2016-09-14,125.370003,126.540001,126.029999,5820700,202.960068,134185500,17992.21094,103360000,1970600,1.125,332960,45.02,45.34,45408,18150,1.6980000000000002,1.725,1039.6,1039.7,658.15,95.55,29840,26.01,25.592043,58638100,53903600
2016-09-15,125.059998,126.099998,124.910004,12790400,204.988251,134427900,18015.49023,99550000,1397900,1.1244,320720,43.77,44.41,45280,22570,1.6980000000000002,1.696,1034.4,1039.25,658.35,95.34,15650,26.18,25.759312,59497200,37908400
2016-09-16,125.32,125.25,124.669998,18995100,204.195923,155236400,18070.21094,278510000,2404300,1.1155,226320,43.83,43.87,45051,17360,1.694,1.689,1017.6,1034.45,674.05,95.26,14900,25.959999,25.542843,78274900,39046900
2016-09-19,125.440002,125.620003,125.25,4945500,204.234238,78968600,18093.05078,78090000,1185500,1.1174,209910,43.3,44.27,45620,17320,1.707,1.693,1023.6,1021.05,688.05,96.03,670,26.09,25.670755,61225900,45691100
2016-09-20,127.269997,125.589996,125.169998,5672000,204.243774,69665300,18128.80078,72450000,871800,1.1155,298800,43.13,44.05,45851,14920,1.693,1.7080000000000002,1033.9,1023.45,685.3,95.775,16020,26.059999,25.641237,36482300,44729900
2016-09-21,127.57,127.419998,125.959999,13646400,206.540604,110284400,18121.57031,94090000,1952000,1.1189,249080,44.52,45.67,45890,28240,1.655,1.689,1054.25,1034.05,685.75,95.945,29370,27.9,27.45167,154524800,44116600
2016-09-22,127.650002,128.199997,127.5,15188000,207.842087,76678700,18343.75977,73030000,1818600,1.1207,290330,45.63,46.54,47070,24810,1.618,1.649,1058.25,1054.1,702.2,95.455,24310,27.74,27.294241,75802500,53465000
2016-09-23,127.550003,127.860001,127.43,7702300,206.703293,73630900,18254.83984,87170000,1171100,1.1226,306860,46.14,46.62,46686,22470,1.62,1.6230000000000002,1057.1,1058.1,707.9,95.31,16220,27.02,26.585812,71253200,51458800
2016-09-26,126.620003,128.03999299999998,127.419998,5842700,205.028564,89827300,18083.32031,95510000,804900,1.1254,208150,44.66,46.25,46310,18990,1.584,1.617,1044.45,1060.2,697.65,95.39,10780,26.780001,26.349669,34991100,42778100
2016-09-27,126.220001,126.900002,126.339996,6220700,206.301361,78494800,18052.16016,84130000,1242400,1.1215,241180,45.63,45.98,45357,25750,1.56,1.589,1031.65,1044.55,702.65,95.25,13880,26.280001,25.857704,63202200,55523700
2016-09-28,126.07,126.400002,125.730003,6757700,207.325333,87411000,18179.33984,97650000,1537100,1.1216,188670,44.98,47.47,45234,16940,1.5719999999999998,1.558,1040.6,1031.6,716.0,95.39,14830,26.91,26.477579,76698200,93841600
2016-09-29,125.639999,126.339996,125.540001,7448400,205.449615,128070600,18091.64063,95880000,682000,1.1223,114830,47.22,48.34,45550,20380,1.558,1.586,1032.35,1040.1,720.95,95.315,16750,26.690001,26.261116,43496600,63255900
2016-09-30,125.32,126.550003,125.239998,11204300,206.999939,117202900,18181.80078,135470000,736900,1.1241,26940,47.77,48.31,45616,30940,1.598,1.5530000000000002,1032.8,1032.55,722.95,95.47,32730,26.43,26.005293,45277400,43621300
2016-10-03,120.970001,125.459999,124.900002,9044100,206.502319,83512100,18203.75,68520000,1161600,1.1211,284260,48.05,49.03,44800,23240,1.6269999999999998,1.6,1010.6,1032.2,713.6,95.435,15630,25.959999,25.542843,60525600,37672500
2016-10-04,120.779999,123.18,120.860001,24372700,205.449615,119948100,18116.25977,79710000,1693000,1.1204,269270,48.66,49.27,42570,39760,1.69,1.629,990.9,1010.75,704.2,95.665,42190,23.4,23.023981,232153600,58343500
2016-10-05,119.660004,121.589996,120.400002,14718100,206.358765,72816000,18205.5,76190000,1106000,1.1205,302090,49.27,49.98,42120,30980,1.706,1.685,985.6,991.0,677.45,96.08,23770,23.58,23.201088,107388100,46603300
2016-10-06,119.739998,119.980003,119.239998,17917700,206.502319,62927400,18162.9707,78660000,1267800,1.1151,293870,49.67,50.66,41160,32920,1.739,1.709,971.85,985.55,668.05,96.135,26140,22.84,22.472982,99699500,42598800
2016-10-07,120.160004,120.580002,118.419998,17907300,205.794128,89788300,18149.34961,82680000,1277500,1.1201,310020,50.7,50.85,41060,38100,1.723,1.732,970.75,971.9,669.4,96.85,49510,23.0,22.630409,82953600,54470000
2016-10-10,119.550003,120.419998,119.739998,4402600,206.865982,50602600,18282.94922,72110000,621500,1.1138,334270,49.61,51.64,42100,17030,1.765,1.723,969.0,976.7,670.45,96.52,16360,23.16,22.787838,35637900,51699700
2016-10-11,119.739998,120.160004,119.529999,6065300,204.253342,130367400,18061.96094,88610000,837500,1.1054,373850,51.16,51.6,41801,9290,1.767,1.767,949.25,968.95,650.05,96.93,29650,22.58,22.217159,76085000,61357600
2016-10-12,120.029999,120.07,119.290001,4848600,204.521332,73866100,18082.08984,72230000,1445400,1.1008,254730,50.86,51.19,41755,9000,1.771,1.769,943.5,949.2,650.95,97.52,31660,23.07,22.699284,77536200,46290300
2016-10-13,119.360001,120.419998,119.800003,7184600,203.85141,101357000,17959.94922,83160000,924200,1.1057,310650,50.05,50.65,41851,17230,1.746,1.767,937.05,943.6,638.7,98.0,28200,23.49,23.112535,78278100,61376900
2016-10-14,119.68,120.160004,119.290001,6577300,203.95668,93346200,18138.38086,87050000,869400,1.0971,248440,50.62,51.19,41567,17880,1.805,1.7519999999999998,937.25,936.85,650.15,97.63,26260,22.99,22.620569,68079800,53206600
2016-10-17,120.419998,119.919998,119.580002,4777900,203.248505,58275700,18063.01953,75960000,540000,1.0999,247030,50.24,50.59,41627,12360,1.768,1.789,939.0,938.9,639.65,98.12,15360,23.34,22.964947,43448300,36033900
2016-10-18,121.110001,120.639999,119.82,4612500,204.521332,74250300,18129.44922,74600000,677600,1.098,274170,50.08,50.83,41978,18320,1.74,1.771,946.5,938.95,641.3,97.78,16770,24.200001,23.811127,69944200,37787100
2016-10-19,120.739998,121.459999,120.889999,6019800,205.066803,66519200,18169.25,88040000,1005500,1.0974,292950,51.09,52.25,42050,17240,1.747,1.745,946.45,946.35,637.4,97.91,17940,24.870001,24.470362,88193100,48222300
2016-10-20,120.830002,121.589996,120.629997,6496700,204.68399,73639800,18129.07031,88830000,684600,1.093,279310,51.4,51.58,41821,18770,1.756,1.75,933.7,946.35,634.7,97.885,32380,24.809999,24.411324,39322100,45205200
2016-10-21,120.559998,120.93,120.550003,6707800,204.779694,89089100,18049.76953,117810000,627300,1.0884,249160,50.71,51.08,41816,10740,1.736,1.761,935.0,933.35,622.65,98.3,20050,24.620001,24.224377,34304800,39657300
2016-10-24,121.470001,121.300003,120.160004,5481100,205.650589,60146600,18191.17969,88540000,899000,1.0883,277240,50.89,51.02,41931,19230,1.766,1.742,941.85,934.4,632.6,98.68,15330,24.09,23.702892,69003600,50940300
2016-10-25,120.790001,121.760002,120.860001,6141100,204.961533,66542300,18151.69922,83190000,1094400,1.0888,237730,50.55,50.99,42151,15070,1.758,1.766,961.95,941.95,636.7,98.75,23460,24.65,24.253895,68885200,46612700
2016-10-26,121.010002,121.529999,120.610001,3905900,204.550034,75705500,18062.30078,86340000,1231900,1.0909,304520,49.37,50.16,42053,16980,1.791,1.754,961.85,962.3,622.75,98.71,22720,24.129999,23.74225,80726800,57531500
2016-10-27,121.580002,121.18,120.75,4336000,204.004547,77220200,18149.19922,83530000,798800,1.0897,138090,49.25,50.09,42026,13170,1.85,1.797,967.25,961.8,615.05,98.6,20810,23.73,23.34868,64873500,24672900
2016-10-28,122.730003,122.480003,120.809998,11639900,203.401611,140623200,18094.9707,107850000,1239900,1.0987,94840,49.66,49.86,41925,20580,1.849,1.854,981.75,967.2,618.15,98.905,23970,23.809999,23.427393,61709800,28970400
2016-11-01,123.639999,123.209999,122.57,13384300,201.937408,122781800,17940.83984,101280000,1577400,1.1056,462800,46.84,47.42,42494,22890,1.827,1.838,992.95,981.75,636.05,98.39,25450,25.129999,24.726181,82620900,34298900
2016-11-02,124.300003,124.760002,123.559998,15692400,200.722031,103330800,17931.89063,88610000,2092100,1.1097,366820,46.34,46.48,43604,20490,1.801,1.829,994.65,993.05,636.4,97.77,27790,24.76,24.362127,114456900,49610200
2016-11-03,124.389999,124.330002,123.349998,10093100,199.803268,88939300,17904.07031,77860000,1162200,1.1105,283660,45.5,45.92,42660,26750,1.81,1.804,998.1,994.4,619.45,97.44,24230,25.299999,24.89345,67325600,39030600
2016-11-04,122.150002,124.540001,124.040001,8594600,199.583221,109122100,17883.56055,97760000,1148900,1.1138,384560,44.67,44.91,43000,16620,1.778,1.806,1000.4,998.15,626.65,97.225,18870,25.07,24.667145,64627900,55960200
2016-11-07,121.639999,122.709999,121.879997,10015000,203.985382,109794900,17994.64063,93450000,793500,1.104,276170,44.49,45.05,42609,16720,1.828,1.831,1002.35,992.65,658.2,97.34,19690,24.08,23.693054,91724900,34318700
2016-11-08,121.559998,123.089996,121.360001,9173700,204.904099,102268300,18200.75,79820000,1079600,1.1026,320980,45.0,45.42,42860,30770,1.858,1.826,1003.2,1002.45,667.3,97.79,18010,23.959999,23.574982,60899000,28975700
2016-11-09,119.75,124.349998,121.110001,18236500,207.076523,258429000,18252.55078,173110000,1837400,1.091,448120,44.87,46.0,43257,24870,2.068,1.858,996.1,1003.15,685.1,98.08,88380,24.59,24.194859,120870800,40174100
2016-11-10,116.110001,121.540001,119.379997,22268000,207.593292,172113300,18603.14063,164390000,2011200,1.0893,302450,45.39,45.72,43535,16620,2.138,2.042,979.65,996.15,699.8,98.535,39890,22.75,22.384426,180716500,34036000
2016-11-14,117.120003,117.139999,115.489998,20431800,207.277466,91861000,18815.75,112250000,2733500,1.0737,260150,43.26,43.87,40533,16720,2.254,2.171,936.35,949.1,698.7,99.135,54250,21.120001,20.780619,128503000,44721700
2016-11-15,116.769997,117.239998,116.290001,9348600,208.894836,91652600,18806.06055,100660000,1530700,1.0721,354270,43.8,46.12,40767,13720,2.229,2.251,943.85,936.15,706.95,99.81,43940,22.02,21.666159,107240500,61884700
2016-11-16,116.169998,117.269997,116.580002,5269900,208.502457,64761400,18825.89063,87320000,1683300,1.069,335480,45.81,46.45,41064,11400,2.214,2.226,944.75,943.55,720.15,100.07,43020,21.84,21.48905,55382700,41035900
2016-11-17,115.150002,117.220001,115.440002,10342300,209.574295,69797200,18845.26953,89940000,1364700,1.0626,280940,45.45,46.66,40665,11450,2.297,2.205,932.5,944.6,730.8,100.285,55290,21.299999,20.957726,97704100,40356100
2016-11-18,115.580002,115.769997,114.959999,10444300,209.105347,86265800,18853.83008,109880000,1090700,1.0588,249340,45.12,45.96,40130,15650,2.3480000000000003,2.322,923.4,932.65,729.45,101.07,57290,21.049999,20.711742,75593000,27769900
2016-11-21,115.540001,115.940002,115.290001,6654200,210.684402,72402600,18883.09961,80520000,812100,1.063,282700,45.83,47.8,40435,9650,2.314,2.353,942.55,921.15,727.75,101.4,41840,21.48,21.134834,63978400,42743200
2016-11-22,113.25,115.790001,114.980003,6391900,211.095947,67429000,18962.82031,85310000,1039000,1.0626,436930,48.41,49.24,40556,13260,2.314,2.303,941.95,942.5,745.6,100.835,33990,21.559999,21.213547,44435000,44315500
2016-11-23,112.610001,113.879997,112.650002,20864900,211.210785,54690100,19000.38086,77880000,1400400,1.0559,275290,47.97,48.47,39969,18710,2.355,2.312,932.6,941.9,739.45,101.105,43010,20.5,20.170582,122610500,25907100
2016-11-25,113.800003,113.510002,112.349998,5345900,211.995529,37872300,19093.7207,45890000,835600,1.0587,181170,48.02,48.31,39860,15950,2.359,2.382,908.0,918.25,743.65,101.84,31660,20.610001,20.278814,34433900,29733900
2016-11-28,113.269997,113.839996,112.769997,5655400,211.000229,76572500,19072.25,88460000,1171100,1.0615,207960,45.5,47.72,40535,11170,2.312,2.339,927.85,912.95,758.8,101.43,46060,21.4,21.05612,100582700,58180100
2016-11-29,111.75,113.480003,112.690002,7438600,211.41174300000003,69886700,19062.2207,81510000,713100,1.065,133110,46.95,47.04,40114,11430,2.293,2.312,919.9,927.7,766.05,101.27,38830,21.23,20.88885100000001,50015500,66923800
2016-11-30,111.540001,112.790001,111.5,10925500,210.904541,113291800,19123.38086,164570000,1036800,1.0588,43120,45.3,49.96,39930,10360,2.39,2.295,910.65,919.85,773.45,100.98,45370,20.83,20.495279,70615400,110265700
2016-12-01,112.139999,111.989998,110.629997,10237000,210.129349,79040500,19138.78906,108800000,995300,1.0662,460860,49.11,51.84,39601,2230,2.454,2.397,916.2,910.6,752.5,101.56,35280,20.66,20.328011,58942400,90865600
2016-12-02,111.540001,112.32,111.779999,7416500,210.234619,74840300,19141.17969,84920000,1335400,1.0673,312780,51.04,51.76,39667,280,2.392,2.437,929.9,916.15,746.3,100.95,41180,21.370001,21.026602,88022300,38122300
2016-12-05,111.43,112.110001,110.309998,10187900,211.497864,67837800,19186.73047,317800000,1265000,1.0764,288550,51.5,52.46,39970,80,2.401,2.363,936.75,927.75,747.15,101.555,80450,21.33,20.987246,64778100,45355700
2016-12-06,111.830002,112.029999,111.190002,5533700,212.16777,59877400,19184.74023,284960000,1298500,1.0719,280650,50.99,51.62,40973,11530,2.392,2.398,936.3,937.35,735.35,100.18,32300,21.200001,20.859335,43701300,30302200
2016-12-07,111.57,112.5,111.769997,4901800,214.9431,110738100,19229.83008,385200000,1385000,1.0753,298570,50.98,51.26,40851,15720,2.344,2.396,943.65,935.4,733.55,100.57,26700,21.440001,21.095476,63628600,42365200
2016-12-08,110.400002,111.870003,111.459999,5977800,215.469421,99714400,19527.83008,324570000,978000,1.0615,334180,49.93,51.03,41358,10950,2.4090000000000003,2.345,939.5,944.1,739.95,100.24,75790,21.459999,21.115154,35073600,32712100
2016-12-09,110.82,111.25,110.190002,10507700,216.770966,88005800,19623.18945,334470000,1299400,1.0562,264800,50.95,51.69,41126,13000,2.466,2.412,916.1,939.45,735.95,101.15,30120,20.67,20.337851,99890500,32887600
2016-12-12,110.449997,111.110001,110.269997,6156700,216.522156,102016100,19747.74023,333660000,1019500,1.0635,372170,52.65,54.58,41055,9290,2.477,2.489,931.6,918.15,728.45,101.645,38200,20.75,20.416563,54072800,52840100
2016-12-13,108.830002,110.790001,110.059998,7961600,217.967209,110477500,19846.44922,388420000,951500,1.0627,283430,52.53,53.43,40972,13390,2.4730000000000003,2.468,934.75,932.05,731.5,100.97,36790,21.040001,20.701906,58388500,33284600
2016-12-14,107.339996,110.980003,108.519997,12933600,216.168076,142501800,19748.66992,408430000,1870000,1.0536,353970,52.48,52.81,41227,13270,2.567,2.471,926.35,935.2,733.45,101.05,66530,19.889999,19.570385,154550100,40786600
2016-12-15,108.050003,107.989998,107.0,14427500,217.05806,124972600,19811.5,357350000,2686500,1.0414,266150,50.82,51.51,39120,33320,2.6060000000000003,2.58,900.1,927.25,706.6,102.48,57740,18.99,18.684847,175932700,36588500
2016-12-16,108.589996,108.779999,107.480003,9817300,216.633453,144174300,19821.0,573470000,2513300,1.0451,229190,51.17,52.15,39188,18590,2.599,2.6,927.6,899.9,698.2,103.13,13420,19.08,18.773399,92286500,32435200
2016-12-19,107.790001,108.879997,108.339996,5339100,217.105148,90341100,19832.94922,302310000,1901100,1.0402,228390,52.7,53.08,39336,8540,2.544,2.582,919.25,925.65,679.65,102.815,1220,19.08,18.827673,46656800,19235200
2016-12-20,107.849998,108.0,107.290001,7321100,217.942657,89838800,19920.41992,284080000,1188500,1.0387,257020,52.11,52.7,38670,17370,2.5610000000000004,2.54,919.4,919.1,671.8,103.09,29630,19.129999,18.87701,56487500,19031900
2016-12-21,107.589996,108.309998,107.68,5188700,217.336227,67909000,19941.96094,256640000,1414900,1.0425,277730,53.61,53.84,39066,15180,2.5380000000000003,2.5660000000000003,915.15,919.45,661.05,103.285,21100,19.09,18.837542000000006,75381500,23070300
2016-12-22,107.93,108.099998,107.489998,4942800,216.96077,56219100,19882.18945,258290000,964000,1.0437,194660,52.56,53.22,38860,13730,2.553,2.535,908.55,915.2,657.55,102.97,22640,19.07,18.817804,59725500,18279200
2016-12-23,108.559998,108.25,107.800003,5008300,217.278458,36251400,19899.06055,158260000,501700,1.0456,104090,52.71,53.31,38544,10050,2.543,2.556,893.1,908.5,657.25,103.095,11980,19.34,19.084234,52341800,10548200
2016-12-27,108.860001,108.669998,108.239998,3685500,217.817535,42672500,19939.80078,158540000,675200,1.0457,67840,53.33,54.14,38740,12720,2.5610000000000004,2.5540000000000003,908.25,900.5,674.75,103.055,8160,19.870001,19.607225,60061500,14143300
2016-12-28,110.290001,108.910004,108.290001,5091200,216.017349,64095000,19827.31055,188350000,933400,1.0412,109910,53.97,54.41,39070,11970,2.512,2.565,902.4,908.3,667.8,102.98,19850,20.24,19.972334,61690300,17743600
2016-12-29,109.610001,110.529999,109.160004,7513500,215.969238,47719500,19788.93945,172040000,1439000,1.0492,49080,53.69,54.23,39350,12220,2.477,2.512,907.85,902.5,676.55,103.195,31940,21.75,21.462362,126846300,16032300
2016-12-30,110.470001,110.620003,109.529999,8873700,215.179871,108998300,19718.66992,271910000,1422200,1.0516,129100,53.94,54.17,38931,13160,2.446,2.477,905.65,907.85,683.95,102.24,38080,20.92,20.643339,142043300,14844300
2017-01-03,110.860001,111.0,109.370003,7527400,216.826019,91366500,19775.92969,339180000,1059000,1.0406,340820,54.24,55.28,39250,23030,2.448,2.439,930.2,906.55,710.4,102.815,51700,21.76,21.472231,83239600,36183500
2017-01-04,112.580002,111.220001,110.610001,4904100,218.115921,78744400,19878.83008,280010000,1127200,1.0488,282550,52.53,53.47,39811,11590,2.441,2.454,947.75,930.2,739.0,103.35,36180,21.92,21.630116,59106200,18067800
2017-01-05,111.75,112.940002,112.07,9606800,217.942657,78379000,19811.11914,269920000,1369300,1.0607,269610,53.45,54.18,40328,14540,2.3480000000000003,2.435,974.1,947.75,738.35,102.065,60270,23.200001,22.893188,135142000,21346700
2017-01-06,112.669998,112.379997,111.57,7686100,218.722412,71559900,19834.08008,277700000,1613000,1.0533,234870,53.77,54.36,39703,18060,2.421,2.35,972.85,974.0,758.55,101.54,38070,22.389999,22.093899,123849500,15279600
2017-01-09,113.150002,113.040001,112.18,5353200,218.000443,46265300,19887.38086,287060000,1032800,1.0574,266390,53.77,53.85,40222,11480,2.3680000000000003,2.443,979.7,973.25,757.75,102.245,31020,22.459999,22.162973,60610000,20055400
2017-01-10,113.5,113.449997,112.639999,6093400,218.000443,63771900,19836.0293,299410000,896600,1.0554,332980,51.85,52.39,40556,13530,2.377,2.37,979.3,979.7,765.9,101.85,33330,22.620001,22.32086,69928600,23861600
2017-01-11,113.910004,114.190002,112.169998,9918700,218.616516,74650000,19833.16016,336150000,2007000,1.0582,419900,50.87,52.84,40570,15130,2.37,2.381,977.8,979.2,754.55,102.015,74590,22.57,22.271519,75435300,32067000
2017-01-12,114.209999,114.93,113.809998,8457300,218.067825,72113200,19770.4707,306290000,1752900,1.0613,331630,52.41,53.55,40770,14950,2.361,2.361,980.8,977.8,766.0,101.72,54030,22.620001,22.32086,67123800,27338600
2017-01-13,115.849998,114.309998,113.190002,7261500,218.568375,62717900,19849.38086,263780000,932300,1.0644,247090,53.17,53.29,40590,13050,2.398,2.363,987.75,980.35,749.85,101.52,38030,22.74,22.43927,48983500,15809600
2017-01-17,114.870003,115.959999,115.5,9108900,217.798279,59261200,19775.34961,341900000,1345500,1.0714,335730,52.59,53.56,41086,16110,2.325,2.376,981.7,986.0,753.6,101.56,61480,23.360001,23.051071,89471700,16927700
2017-01-18,114.769997,115.919998,114.559998,6498100,218.279602,54793300,19739.0,279760000,1423800,1.0631,360150,52.66,52.93,41515,11820,2.428,2.333,966.2,981.7,751.6,100.33,39870,23.01,22.7057,75029500,30554400
2017-01-19,115.050003,114.959999,113.940002,6437000,217.470978,66608800,19677.93945,301750000,900100,1.0664,346870,51.58,52.05,40850,18140,2.47,2.428,960.7,965.8,751.9,101.36,53380,22.879999,22.577419,60294600,15742900
2017-01-20,115.790001,115.760002,114.32,12261500,218.269989,129168600,19759.14063,435260000,857700,1.0703,293540,52.98,54.42,41102,15410,2.467,2.474,981.8,960.6,789.8,101.195,40550,23.120001,22.814245,56212400,26606900
2017-01-23,115.269997,116.169998,115.199997,6373100,217.701981,75061600,19732.35938,326690000,701200,1.0765,305850,53.34,53.48,41241,9450,2.401,2.441,984.3,985.45,773.1,100.75,40270,23.809999,23.495119,87895700,14650700
2017-01-24,114.32,116.019997,114.940002,5798800,219.097855,95555300,19786.71094,374460000,1155400,1.0731,254890,52.88,53.58,41565,9470,2.465,2.406,997.2,984.3,796.8,99.98,29390,23.83,23.514856,78455500,15367200
2017-01-25,113.489998,114.440002,113.68,6697500,220.99424700000003,84437700,19994.48047,372240000,888100,1.0748,275730,52.97,53.48,40860,14810,2.515,2.458,988.55,997.15,737.8,100.24,28270,23.469999,23.159616,64683100,19089800
2017-01-27,113.970001,113.550003,112.809998,6706600,220.416656,59711100,20072.64063,343130000,541900,1.0699,142070,53.81,54.16,40470,17940,2.486,2.51,988.45,980.45,739.65,100.515,30570,23.219999,22.912922,49016500,19895300
2017-01-30,115.550003,114.300003,113.540001,7687800,219.049713,79737300,19870.39063,317280000,608500,1.0695,104900,53.19,53.5,41300,10680,2.49,2.479,992.1,989.5,739.55,100.43,38520,23.15,22.843849,35261200,16441600
2017-01-31,115.199997,115.82,115.18,10421900,219.030441,75880800,19784.76953,373750000,1168300,1.0798,28800,52.65,53.61,41410,16620,2.466,2.484,999.25,992.05,755.4,100.39,57720,23.93,23.613533,92955600,19187000
2017-02-01,115.839996,115.449997,114.139999,6932900,219.117111,79117700,19845.99023,426670000,1134700,1.0769,301240,52.77,53.92,41701,16050,2.477,2.461,1003.65,999.05,764.0,99.58,42200,23.85,23.534592,56371600,20131300
2017-02-02,116.129997,116.57,115.629997,7189500,219.26149,69657600,19831.08984,347220000,813200,1.0758,297350,53.63,54.4,41730,15740,2.474,2.477,999.9,1003.8,760.35,99.56,40680,24.379999,24.057581,56822500,19759600
2017-02-03,117.699997,116.370003,115.709999,9455500,220.772842,80563200,19964.21094,344220000,605400,1.0784,264760,53.73,54.27,41444,13780,2.467,2.477,1006.85,1000.05,750.3,99.825,49520,24.5,24.175997,33050500,20923400
2017-02-06,117.459999,117.739998,116.739998,8547800,220.37817400000003,57790100,20002.81055,281720000,1004600,1.075,252700,53.84,54.16,41888,10640,2.417,2.472,1016.85,1007.5,775.6,99.7,27450,25.4,25.064093,74544000,24406200
2017-02-07,118.190002,117.739998,117.199997,8621000,220.387787,57931200,20068.67969,279670000,977400,1.0681,317180,53.19,53.28,42170,13290,2.397,2.4090000000000003,1007.75,1016.85,765.75,99.96,38830,25.290001,24.955549,58295200,38093500
2017-02-08,117.290001,118.589996,117.809998,9633400,220.676605,51566200,20015.33008,280410000,1433600,1.0698,409830,51.68,52.71,42195,11750,2.34,2.397,1017.75,1007.6,771.4,100.435,31540,25.57,25.231846,41295600,27492100
2017-02-09,117.599998,118.580002,117.199997,8177200,221.985748,65955200,20061.73047,325310000,773600,1.0656,263400,52.39,53.23,41884,14550,2.397,2.329,1015.2,1017.8,775.0,100.24,33570,24.91,24.580572,80783300,20406900
2017-02-10,116.800003,117.860001,116.669998,9072100,222.861786,66015900,20204.75977,312230000,1002300,1.0641,284710,53.19,54.17,41793,14930,2.4090000000000003,2.4,1014.3,1015.25,785.55,100.685,34600,25.290001,24.955549,65396100,26622800
2017-02-13,116.93,116.949997,116.150002,7354900,224.074707,55182100,20322.94922,314620000,949000,1.0598,234310,53.85,54.0,42355,11150,2.436,2.423,1000.85,1010.55,777.35,100.79,23850,24.950001,24.620045,49701600,20504000
2017-02-14,117.449997,117.559998,116.379997,6920800,224.969955,67794500,20374.01953,356580000,833900,1.0577,254980,52.94,53.75,42222,16520,2.472,2.436,1003.35,1001.05,783.45,100.95,38110,24.92,24.590441,56627800,18470900
2017-02-15,118.080002,117.480003,116.25,7088400,226.144394,86785800,20496.0293,384380000,935200,1.0601,272520,53.03,53.54,42286,11870,2.497,2.479,1012.35,1003.35,788.65,101.315,42910,24.93,24.600309,28928900,19615800
2017-02-16,117.68,118.349998,117.830002,6378700,225.951889,84722400,20556.83008,354120000,715300,1.0674,310840,53.06,53.64,42655,14720,2.447,2.499,1014.95,1012.1,795.8,100.935,41900,25.200001,24.86673900000001,46822700,13772400
2017-02-17,117.75,118.400002,117.620003,7338100,226.308044,77204100,20532.60938,340620000,794300,1.0614,270490,53.57,53.62,42782,9840,2.42,2.457,1006.35,1014.95,781.6,100.495,27270,24.790001,24.462162,50189500,13810200
2017-02-21,117.910004,118.0,116.769997,6166900,227.655746,88946100,20663.36914,336880000,684900,1.0537,335440,53.48,54.68,42415,13730,2.431,2.436,1004.3,1007.1,781.7,101.08,28830,24.620001,24.294409,50226300,25221400
2017-02-22,118.940002,118.019997,117.239998,6057200,227.453598,62115200,20692.39063,310530000,985800,1.0556,245160,54.27,54.61,42601,9640,2.415,2.438,1004.85,1004.4,771.5,101.36,38970,24.33,24.008244,78978500,18527400
2017-02-23,119.699997,119.160004,118.68,7523300,227.60762000000005,74615900,20746.41016,302110000,974400,1.0581,223590,53.94,54.97,42550,12850,2.376,2.417,1012.1,1004.8,775.75,101.35,32820,24.370001,24.047714000000006,45345000,19254600
2017-02-24,119.120003,119.879997,119.25,9809000,227.896423,82381600,20733.94922,292540000,1880300,1.0563,164960,54.36,54.55,43086,9150,2.315,2.377,1031.05,1012.3,773.75,101.04,35990,24.129999,23.810886,49738700,11322100
2017-02-27,119.230003,120.400002,119.120003,9263500,228.252594,56515400,20774.75977,256540000,1297500,1.0588,139290,54.03,54.61,43289,9070,2.367,2.324,1031.95,1028.15,785.7,101.155,24660,22.84,22.537949,112479400,10362500
2017-02-28,119.059998,119.839996,118.82,8727800,227.63649,96961900,20781.21094,339210000,1643500,1.0577,28350,54.07,54.26,43102,11250,2.397,2.363,1022.3,1031.95,772.4,101.2,31150,22.85,22.547815,83215200,16896500
2017-03-01,117.580002,119.120003,117.949997,8679600,230.82283,149158200,20957.28906,392820000,1147400,1.0548,261740,53.98,54.47,43065,760,2.458,2.415,1018.05,1022.2,779.75,101.475,54890,22.98,22.676096,64108600,14578500
2017-03-02,117.510002,118.339996,117.230003,10986300,229.369263,70246000,20996.60938,319910000,1332100,1.0507,350120,53.75,53.86,42069,370,2.482,2.467,993.95,1018.1,770.45,101.81,30510,21.93,21.639984,102332100,21734400
2017-03-03,116.720001,117.730003,116.440002,10665800,229.513641,81974300,20953.85938,254420000,1045800,1.0623,248710,52.6,53.41,41996,140,2.482,2.483,1000.6,993.95,768.25,102.08,61010,22.200001,21.906412,82068800,14425600
2017-03-06,115.779999,117.349998,116.629997,4883500,228.830185,55391500,20912.10938,266620000,1237600,1.0581,224200,53.21,53.58,42370,9170,2.494,2.474,980.6,1001.75,773.7,101.44,38660,21.639999,21.353817000000006,75805800,15630400
2017-03-07,115.059998,116.25,115.620003,6846300,228.146667,65103700,20901.25977,274630000,933300,1.0566,269520,53.2,53.83,41888,11370,2.518,2.494,963.8,980.65,775.55,101.74,20650,21.51,21.225536,49198800,10927500
2017-03-08,114.470001,115.360001,114.949997,7620900,227.723114,78168800,20835.58008,296780000,1344400,1.0541,444130,52.81,52.94,41377,12440,2.56,2.52,951.45,963.75,771.15,101.76,51020,21.35,21.067654,47354800,65761200
2017-03-09,114.720001,115.029999,114.410004,6410900,228.011917,90683900,20777.16016,275960000,1365800,1.0577,504120,50.3,50.92,40776,15610,2.609,2.56,936.5,951.45,748.85,102.15,31010,21.139999,20.86043,36909000,48216300
2017-03-10,114.739998,114.730003,114.129997,7929500,228.810928,81991700,20827.66016,315430000,952500,1.0672,351340,49.64,50.14,40420,15760,2.575,2.613,943.9,936.45,745.65,101.945,18210,21.73,21.442627,82724800,43623400
2017-03-13,114.120003,114.910004,114.510002,5807400,228.926453,57256800,20845.71094,289260000,881900,1.0654,276760,48.49,48.72,40360,4410,2.6260000000000003,2.584,939.15,944.0,755.3,101.28,1620,22.0,21.709057,52664600,41080000
2017-03-14,116.25,115.010002,114.029999,5301800,228.050415,59880800,20786.31055,246820000,888300,1.0604,411630,48.51,48.84,40006,10710,2.602,2.62,939.1,939.2,742.5,101.285,22530,21.34,21.057787,80950500,43678900
2017-03-15,116.730003,116.25,114.019997,13524100,230.023865,96081800,20859.59961,306590000,1520300,1.0735,327900,48.8,49.08,39808,10550,2.5,2.5980000000000003,958.9,939.15,746.1,101.57,47710,22.98,22.676096,150366100,34094800
2017-03-16,116.989998,117.290001,116.690002,9322000,229.571396,78344000,20893.5,264360000,982600,1.0766,281530,49.06,49.67,40450,15700,2.537,2.497,958.65,959.0,767.25,100.345,36550,22.77,22.468874,61512900,22429000
2017-03-17,117.510002,117.269997,116.910004,4683000,229.168243,89002100,20911.07031,535280000,1482100,1.0738,220350,48.87,49.28,40675,8190,2.501,2.544,965.8,958.65,776.4,100.065,23350,22.67,22.370197,49383500,17883700
2017-03-20,118.540001,117.599998,117.209999,4000200,228.91687,52537000,20885.69922,253610000,882000,1.0739,239250,48.8,48.84,40810,7270,2.463,2.508,972.85,967.0,782.2,100.11,19260,22.889999,22.587288,45769700,13767800
2017-03-21,118.830002,118.800003,117.760002,9567900,225.977692,131809300,20653.25977,369320000,1212900,1.0811,291710,47.93,48.73,40705,11590,2.416,2.466,972.6,972.9,788.2,100.175,33890,23.26,22.952394,75857100,24905200
2017-03-22,118.669998,119.150002,118.68,7287400,226.50944500000003,97569200,20578.94922,325090000,619000,1.0797,327910,48.19,48.35,41063,9210,2.403,2.414,962.35,972.6,790.0,99.5,30150,23.25,22.942526,61585400,22442800
2017-03-23,118.860001,119.25,118.32,6201100,226.267746,100410300,20618.61914,280050000,847900,1.0783,320210,48.17,48.5,41165,11570,2.418,2.4090000000000003,962.95,962.4,800.7,99.585,23580,23.030001,22.725435,67748100,18601100
2017-03-24,119.529999,119.209999,118.389999,6879600,226.103378,112504900,20529.66992,292980000,439400,1.0799,215340,47.7,48.23,41210,9690,2.418,2.418,966.35,962.9,813.8,99.57,22920,22.92,22.616892,35724900,16115000
2017-03-27,119.040001,120.080002,119.269997,8519600,225.871338,87454500,20412.80078,269380000,733800,1.0865,195520,48.14,48.3,41650,10640,2.378,2.382,970.6,973.65,794.95,99.335,31750,23.43,23.120148,61768100,22504200
2017-03-28,119.330002,119.830002,118.779999,7112800,227.514954,93483900,20520.09961,299670000,849100,1.0813,186410,47.91,48.76,41992,10870,2.42,2.382,956.75,970.7,793.1,99.055,26360,22.809999,22.508345,74233000,17808800
2017-03-29,118.470001,119.449997,119.050003,4911000,227.727676,61950400,20625.0293,238320000,1711300,1.0767,140440,48.51,49.67,42005,9730,2.38,2.425,959.2,956.9,790.65,99.56,25950,22.91,22.607023,33489000,23155500
2017-03-30,118.720001,119.120003,118.32,6894600,228.45277400000003,56737900,20643.59961,270900000,884900,1.0675,128550,49.64,50.51,41960,11470,2.421,2.385,952.2,959.3,798.05,99.85,28860,22.549999,22.251781,44880400,28570800
2017-03-31,119.349998,119.080002,118.459999,8520800,227.921021,73733100,20660.67969,303770000,1091200,1.0652,27460,50.38,50.91,41901,9380,2.389,2.414,953.4,952.15,798.5,100.34,25570,22.809999,22.508345,56753500,19430600
2017-04-03,119.620003,119.370003,118.669998,6105700,227.52464300000003,85546500,20517.82031,285670000,861000,1.0671,241750,50.72,50.86,42060,10870,2.323,2.396,962.65,956.95,802.85,100.405,19240,23.200001,22.893188,47771600,16796100
2017-04-04,119.620003,119.769997,119.379997,4687300,227.66964700000003,56466200,20605.30078,237390000,586300,1.0674,302110,50.29,51.35,42411,8770,2.364,2.326,963.1,962.6,807.15,100.34,15960,23.450001,23.139883,36716200,24385600
2017-04-05,119.18,119.629997,118.400002,8106000,226.99287400000003,108800600,20639.55078,284980000,1153100,1.0663,353020,51.21,51.91,42175,12290,2.339,2.361,965.3,962.95,808.05,100.415,26550,23.48,23.169485,65945600,28988000
2017-04-06,119.459999,119.419998,118.980003,4633500,227.630997,69135800,20612.16992,251720000,735300,1.0644,239470,50.83,51.85,41952,10640,2.341,2.332,959.9,965.3,804.45,100.37,18130,23.51,23.199089,35595900,21920900
2017-04-07,119.459999,120.669998,119.139999,12351100,227.398926,74412300,20606.94922,219730000,1006100,1.0590000000000002,317780,51.76,53.0,41128,17870,2.382,2.3480000000000003,956.8,960.05,804.05,100.645,37150,23.5,23.18922,53894800,19212800
2017-04-10,121.190002,119.690002,118.849998,4623700,227.534302,67615300,20614.85938,230480000,609600,1.0596,298900,52.34,53.21,41006,10960,2.366,2.384,945.8,956.1,790.35,101.12,21830,23.65,23.337234,44121700,22166500
2017-04-11,122.019997,121.400002,120.290001,12455300,227.263565,88045300,20512.56055,255120000,766800,1.0602,340420,53.16,53.48,41321,13590,2.298,2.353,971.7,945.7,803.45,100.9,24420,24.360001,24.037848,88138900,24549100
2017-04-12,122.599998,122.220001,121.139999,9502500,226.267746,81864400,20553.0293,267670000,1079000,1.0666,373530,53.48,53.84,42154,9030,2.244,2.3,976.05,971.8,796.65,100.595,22390,24.57,24.24507,64128000,25773000
2017-04-13,122.239998,122.650002,122.029999,9892600,224.798157,92880400,20453.25,235810000,2302000,1.0614,325310,52.87,53.41,42301,11570,2.232,2.248,976.1,976.15,796.25,100.03,22780,24.540001,24.215467,59164800,17369800
2017-04-17,122.82,123.07,121.989998,8469600,226.789856,68405400,20484.75,229240000,798700,1.0643,158970,52.99,53.23,42432,8600,2.248,2.2,983.7,984.55,788.9,100.405,14990,24.469999,24.146393,44182500,14853400
2017-04-18,121.730003,123.029999,121.730003,10903700,226.113037,83225800,20462.2793,263180000,1053700,1.0734,373100,52.82,52.92,41630,17480,2.172,2.255,979.95,983.65,771.2,100.24,26520,24.27,23.949038,53986000,14503600
2017-04-19,121.959999,122.260002,121.279999,8472700,225.697327,68699900,20379.55078,294790000,2241300,1.0711,435410,52.92,53.21,41704,10420,2.216,2.182,970.2,980.1,775.4,99.455,17790,23.389999,23.080673,111847200,50463000
2017-04-20,122.309998,122.169998,121.5,11787300,227.534302,92572200,20406.67969,312440000,1151400,1.0717,401850,50.63,50.97,41200,14050,2.236,2.207,979.7,969.95,802.8,99.7,22300,23.58,23.268162,48955800,29358300
2017-04-21,121.480003,122.610001,121.730003,15608000,226.809158,110389800,20505.33008,369600000,1225800,1.0728,348480,50.73,50.95,41100,12290,2.246,2.2430000000000003,974.65,979.4,790.65,99.75,23080,23.610001,23.297766,52601700,38664800
2017-04-24,120.25,121.510002,120.660004,11053600,229.303589,119209900,20723.58984,342400000,1086600,1.0868,267280,49.7,50.24,40800,11580,2.273,2.314,966.45,972.7,795.35,99.18,30220,23.200001,22.893188,69344300,27837300
2017-04-25,120.839996,120.870003,120.050003,10344800,230.637833,76698300,20909.38086,348180000,1470400,1.0926,272760,49.24,49.85,40338,12900,2.334,2.27,956.95,966.7,796.5,98.965,26510,22.219999,21.926147,130026200,23694300
2017-04-26,120.389999,120.959999,119.870003,9758800,230.492798,84702500,20972.26953,328550000,1585100,1.0903,206560,49.39,50.23,39748,15260,2.3040000000000003,2.334,951.85,956.75,804.95,98.725,32960,22.26,21.965618,75540500,26806700
2017-04-27,120.769997,120.599998,119.970001,8267000,230.686157,57410300,20935.80078,305690000,1433800,1.0873,187130,49.26,49.47,39625,12850,2.3,2.313,948.15,952.0,812.85,98.855,40180,21.809999,21.521568,71964000,34004000
2017-04-28,119.669998,120.769997,120.269997,8928200,230.183411,53247400,20926.75,329990000,1539800,1.0897,23200,49.33,49.81,39400,17230,2.289,2.295,948.15,948.35,826.45,99.07,26320,22.23,21.936014,66558600,15798000
2017-05-01,119.650002,120.75,119.349998,9331800,230.763489,66882500,20898.38086,288160000,1412100,1.0899,121530,49.19,49.34,38530,2660,2.322,2.282,934.8,950.55,814.35,98.93,17670,21.690001,21.403158,67101600,16116300
2017-05-02,117.980003,119.650002,119.239998,4900800,230.850525,57375700,20904.06055,338810000,1354300,1.093,364060,48.82,49.32,38685,710,2.287,2.32,928.5,934.75,813.45,98.93,19830,21.74,21.452496,43845800,44146300
2017-05-03,116.790001,119.339996,117.919998,10811100,230.570145,73137700,20874.17969,310920000,1799800,1.0885,357190,48.16,48.27,38108,270,2.322,2.293,898.95,928.7,799.05,98.77,27170,21.51,21.225536,67303100,36540400
2017-05-04,117.010002,117.279999,116.629997,12406900,230.840866,61462700,20847.94922,274720000,1069900,1.0984,541580,47.63,47.78,37504,230,2.352,2.325,904.85,898.9,800.35,99.23,31360,21.1,20.820961,70495200,70243500
2017-05-05,116.75,117.07,116.68,7127200,231.74968,62001300,20905.0,260960000,1199100,1.0998,530440,45.55,46.72,37593,60,2.35,2.343,914.4,904.6,812.55,98.63,24980,21.549999,21.265007,58316100,35582100
2017-05-08,116.050003,117.139999,116.68,5438400,231.710999,48385700,20971.05078,276150000,1603300,1.0924,400720,46.36,46.98,37926,10880,2.389,2.361,919.45,924.25,804.9,98.37,29510,21.540001,21.25514,26305200,30537500
2017-05-09,116.040001,116.239998,115.559998,6801300,231.49832200000003,51363200,20938.03906,273000000,1072600,1.0874,332910,46.55,46.84,37720,12510,2.398,2.389,907.1,919.5,792.85,99.02,29650,21.52,21.235405,42362800,20430200
2017-05-10,116.5,116.5,115.860001,4290500,231.914032,54293800,20884.15039,283340000,1040200,1.0868,368110,46.23,47.84,37870,13270,2.41,2.39,910.45,907.25,798.55,99.34,21260,21.93,21.639984,48357300,33397600
2017-05-11,116.830002,116.849998,116.190002,6274400,231.440308,62358300,20798.90039,287680000,1251500,1.0861,315590,47.43,48.26,37861,13470,2.393,2.4,919.1,910.6,797.95,99.565,18320,22.370001,22.074165,66080500,19372200
2017-05-12,117.139999,117.160004,116.730003,5434500,231.05357400000003,53912700,20869.74023,288500000,1081700,1.0931,304760,47.86,48.11,38093,10700,2.326,2.389,922.0,919.0,802.5,99.53,24670,22.719999,22.419535,44397500,19435600
2017-05-15,117.650002,117.540001,116.989998,5019600,232.329773,61918900,20923.63086,313170000,2370600,1.0975,331420,47.89,49.7,38231,14560,2.343,2.326,931.95,924.05,796.05,99.06,18480,22.799999,22.498476,43566900,36712500
2017-05-16,119.790001,117.910004,117.400002,4942800,232.117081,51241800,20932.88086,311580000,1625600,1.1082,340960,48.86,49.42,38580,9860,2.326,2.34,944.0,932.15,791.55,98.76,32800,22.959999,22.656361,32089000,16824900
2017-05-17,118.809998,120.019997,119.269997,13936900,227.998383,172174100,20601.08008,423200000,3130100,1.1159,331360,48.25,49.53,38909,16780,2.2230000000000003,2.298,947.8,944.1,776.25,97.99,29340,23.370001,23.06094,67494600,27053700
2017-05-18,119.400002,119.839996,118.559998,10341100,228.91687,107047700,20553.44922,422590000,3940100,1.1103,363690,49.02,49.69,38541,27680,2.228,2.236,933.95,948.0,764.45,97.41,46220,22.65,22.350462,76638200,21291700
2017-05-19,119.900002,119.550003,118.879997,6787300,230.405792,115011400,20687.93945,365180000,2659900,1.1207,333270,49.41,50.66,38808,14400,2.235,2.231,940.4,934.05,759.8,97.715,26380,22.860001,22.557684,38486000,24768200
2017-05-22,119.139999,120.139999,119.580002,5132500,231.575653,61010600,20860.16016,276120000,1305500,1.1238,379120,50.6,51.06,39123,16330,2.252,2.245,949.9,942.1,758.2,97.03,24310,23.16,22.853718,40356400,24494100
2017-05-23,119.610001,120.190002,118.980003,8305400,232.08807400000003,48341700,20896.2207,244950000,2263900,1.1183,328330,51.07,51.82,39658,20360,2.282,2.234,944.4,949.7,771.8,96.83,34010,22.639999,22.340593,58240500,26251000
2017-05-24,119.480003,119.739998,118.919998,7025000,232.629517,46927700,20933.58008,283180000,1495000,1.1219,351640,51.47,51.92,39471,15030,2.252,2.283,950.4,944.45,761.2,97.32,31820,22.969999,22.666229,55901900,32217200
2017-05-25,120.540001,119.699997,119.290001,4105100,233.741348,64071700,21051.41016,268970000,857100,1.1211,464500,51.3,52.05,39755,11370,2.255,2.257,949.55,950.45,768.5,96.9,21260,22.709999,22.409666,42202900,83813000
2017-05-26,120.139999,120.790001,120.330002,6791600,233.693024,46629900,21050.49023,208000000,1154300,1.1183,265830,48.8,49.98,39795,14560,2.25,2.255,961.95,949.4,786.7,97.15,24100,22.940001,22.636627,33135000,31424500
2017-05-30,120.620003,120.330002,119.949997,4507500,233.48999,35201900,21009.59961,242810000,1404800,1.1185,137210,49.97,50.33,39925,17720,2.208,2.245,941.35,956.4,802.65,97.615,27990,22.59,22.291254,35882500,15950800
2017-05-31,120.720001,121.230003,120.260002,10360700,233.431961,91796000,20942.57031,371580000,2774600,1.1243,41680,49.67,49.73,39910,13260,2.206,2.22,949.95,940.9,815.95,97.355,27260,22.690001,22.389933,41639300,33314100
2017-06-01,121.610001,120.739998,120.059998,8702500,235.288284,68962000,20994.2207,276730000,837700,1.1213,462920,48.69,49.23,39333,21410,2.213,2.213,932.15,949.8,823.1,96.955,16410,22.6,22.301123,27032600,30181300
2017-06-02,121.730003,121.709999,121.190002,7268100,236.071411,88666100,21129.56055,329700000,935400,1.1282,451460,48.14,48.29,39440,18860,2.1590000000000003,2.217,955.35,932.2,834.05,97.165,29200,22.76,22.459007,43410900,30743200
2017-06-05,123.099998,121.940002,121.580002,3979200,235.8974,44698800,21168.68945,269790000,793700,1.1255,348410,47.72,48.43,40283,13100,2.1830000000000003,2.161,954.8,952.15,841.85,96.67,14970,22.74,22.43927,26543100,28136700
2017-06-06,122.449997,123.309998,122.769997,10798500,235.14328,50375400,21118.46094,283550000,1862800,1.1278,329710,47.43,48.43,40452,14290,2.145,2.18,962.4,954.75,848.4,96.75,18620,23.799999,23.485252,97130500,26368100
2017-06-07,121.650002,123.160004,122.019997,9039200,235.578354,54144300,21113.31055,273400000,1273700,1.1257,461750,48.0,48.25,40412,14860,2.176,2.154,945.8,962.3,828.2,96.565,24750,23.65,23.337234,56209800,58698800
2017-06-08,120.540001,122.080002,120.949997,8157700,235.694351,63989800,21138.16016,330330000,2681300,1.1214,445970,45.89,46.22,39775,20260,2.192,2.185,940.4,945.85,846.5,96.695,33920,23.219999,22.912922,63504300,39626600
2017-06-09,120.360001,120.910004,120.400002,7054700,235.336609,132256400,21159.44922,397200000,1203400,1.1196,285820,45.77,46.24,39558,13610,2.202,2.174,940.4,940.35,856.2,97.26,29760,22.83,22.52808,50189900,25624700
2017-06-12,120.480003,120.690002,120.269997,4927400,235.288284,86108100,21186.15039,528080000,3786800,1.1203,316560,45.83,46.73,39075,17950,2.215,2.213,944.35,938.95,864.25,97.235,24180,22.74,22.43927,44601500,25478800
2017-06-13,119.82,120.709999,119.919998,3786600,236.438828,60067000,21256.83008,323510000,1797900,1.1216,321280,46.05,46.61,38632,16910,2.211,2.218,928.25,944.4,857.55,97.17,21800,22.969999,22.666229,40029400,25996700
2017-06-14,119.32,121.879997,119.57,21124800,236.139099,78602300,21294.08984,295090000,1957300,1.1218,464420,45.96,46.51,38830,19110,2.127,2.211,938.1,928.45,853.8,97.005,57200,22.219999,21.926147,107805400,60687800
2017-06-15,119.339996,119.5,119.129997,6796700,235.684708,66464900,21261.86914,317200000,2305700,1.1145,301400,44.72,44.84,38555,18620,2.164,2.125,922.6,938.15,857.95,96.91,21800,22.1,21.807735,74322300,31606500
2017-06-16,118.43,119.5,119.239998,6435700,235.736176,84553100,21308.00977,603260000,10061200,1.1198,227420,44.31,45.0,38430,14380,2.153,2.167,929.85,922.55,865.65,97.48,19110,22.059999,21.768263,50005000,21403800
2017-06-19,118.18,118.839996,118.330002,6787000,237.69873,65123800,21436.08008,289400000,1672900,1.1148,261490,44.78,45.16,38133,13200,2.191,2.158,924.85,927.05,855.6,97.115,1080,21.93,21.639984,46840300,25802300
2017-06-20,118.519997,118.459999,118.07,4617400,236.095657,56906400,21464.24023,310200000,777700,1.1135,343460,44.11,44.4,37931,16610,2.156,2.195,924.2,924.7,867.15,97.28,30220,21.799999,21.5117,31301100,48635000
2017-06-21,118.919998,118.660004,118.150002,4723700,236.037338,55977600,21390.0,292500000,698200,1.1168,389710,43.41,44.23,37811,13900,2.165,2.164,928.95,924.3,876.45,97.385,14390,22.110001,21.817604,37797100,61198200
2017-06-22,119.43,119.199997,118.599998,5811900,235.930481,44148100,21394.81055,270680000,721800,1.1153,346760,42.61,43.38,38100,14120,2.148,2.162,926.8,928.85,880.5,97.225,27550,22.360001,22.064299,47219900,31594100
2017-06-23,118.360001,119.660004,119.309998,9258600,236.21225,66986800,21333.89063,368400000,1120800,1.1194,252260,42.86,43.26,38320,12060,2.144,2.151,929.75,926.85,856.65,97.255,14010,22.74,22.43927,47655200,31028400
2017-06-26,118.809998,118.540001,118.169998,6593400,236.367661,56700500,21381.25,241880000,566700,1.1182,203220,43.19,43.69,37925,7630,2.135,2.144,919.25,931.15,863.95,96.94,15450,22.559999,22.26165,39689100,37263000
2017-06-27,118.900002,119.050003,118.480003,5759300,234.46344,82247700,21310.66016,292170000,738100,1.1339,263260,43.5,44.45,38175,11900,2.2030000000000003,2.142,921.2,918.95,858.35,97.12,33760,22.26,21.965618,66702600,29140000
2017-06-28,118.32,119.059998,118.690002,4220100,236.561996,70042600,21372.35938,271510000,1867100,1.1378,162580,43.73,44.93,38515,15860,2.226,2.2,922.55,921.15,854.6,96.175,39800,22.43,22.133371,30354600,29368000
2017-06-29,118.019997,118.639999,117.910004,7705200,234.482895,106949700,21197.08008,336750000,1295500,1.1441,179560,44.92,45.48,38361,15910,2.267,2.226,923.8,922.6,846.1,95.77,22610,21.950001,21.659719,54569900,31259000
2017-06-30,116.089996,118.410004,117.949997,7272600,234.92009,86820700,21325.08008,313260000,1541600,1.1426,26180,44.91,46.38,38157,15590,2.3040000000000003,2.268,927.7,923.7,836.65,95.31,20290,22.08,21.787998,46691900,32678800
2017-07-03,116.519997,116.849998,115.940002,12145000,235.31842000000003,39153800,21391.71094,186810000,606200,1.1364,244520,46.3,47.12,37197,3350,2.3480000000000003,2.314,907.35,929.45,842.4,95.405,19920,21.48,21.195932,43834500,20200800
2017-07-05,116.470001,116.669998,115.870003,7223300,235.862503,54427600,21404.75977,273690000,1252200,1.1353,372980,47.07,47.35,36900,110,2.327,2.336,911.2,916.95,834.4,95.905,19130,21.76,21.472231,58726000,68182000
2017-07-06,115.279999,116.610001,116.239998,4443400,233.705627,65400800,21305.38086,320450000,763200,1.1423,308260,45.67,46.56,37321,12820,2.3680000000000003,2.332,910.05,911.15,832.2,96.005,14270,21.49,21.205801,37409500,41881900
2017-07-07,115.470001,115.790001,114.800003,11153600,235.221252,57972300,21350.7207,242240000,1421800,1.1401,302320,45.39,45.45,35980,30980,2.386,2.371,909.0,909.6,831.25,95.585,20490,21.209999,20.929502,57304600,43291300
2017-07-10,115.620003,115.57,114.830002,4970900,235.47386200000005,36663300,21371.10938,270340000,1979300,1.14,268900,44.37,44.86,35460,31280,2.373,2.387,902.55,909.7,837.35,95.795,20010,21.51,21.225536,52988200,27664400
2017-07-11,116.029999,115.769997,114.879997,6637900,235.298981,50354600,21279.30078,247570000,1276500,1.1467,283390,44.62,45.85,36060,19920,2.361,2.38,904.6,902.6,846.85,95.83,16460,21.639999,21.353817000000006,35247100,24638500
2017-07-12,115.82,116.330002,115.870003,4654400,237.0672,59610400,21467.92969,267870000,968000,1.1412,333700,45.8,46.54,36668,19240,2.32,2.359,917.85,904.55,861.55,95.42,20850,21.74,21.452496,39815200,38201300
2017-07-13,116.769997,116.040001,115.669998,4148900,237.46553,39471600,21512.35938,232270000,806200,1.1399,262630,45.47,46.31,36530,16580,2.3480000000000003,2.321,906.95,917.8,854.75,95.53,18650,21.5,21.215670000000006,42072200,20580600
2017-07-14,117.290001,117.25,116.639999,5788200,238.57309,60262700,21521.7207,235590000,965700,1.1469,295660,46.14,46.81,36325,22560,2.332,2.352,923.45,906.95,856.75,95.55,23340,21.799999,21.5117,47456100,24820300
2017-07-17,118.110001,117.529999,117.230003,5170800,238.543961,33531900,21617.66016,244780000,750800,1.1479,227420,46.72,46.92,37060,16950,2.314,2.3280000000000003,925.15,925.55,865.55,94.885,12280,21.98,21.689322,28408400,25032500
2017-07-18,118.080002,118.330002,117.879997,7158600,238.670242,42742500,21471.14063,251110000,598700,1.1555,251500,46.07,47.0,37317,18240,2.261,2.312,930.05,925.05,864.4,94.95,33620,22.139999,21.847206,30865800,26992800
2017-07-19,118.239998,118.269997,117.839996,3205100,239.962418,51034300,21565.83984,253040000,612200,1.1516,300370,46.38,47.39,37435,15940,2.271,2.268,923.65,930.0,859.15,94.475,11880,22.18,21.886677,27487200,25576700
2017-07-20,119.260002,118.620003,117.660004,5571600,240.069275,47135200,21576.96094,313950000,918800,1.1631,315340,47.09,47.55,37425,20210,2.257,2.268,928.85,923.6,847.6,94.56,48230,22.32,22.024824,25254900,20593500
2017-07-21,119.309998,119.389999,118.75,10135900,239.855545,82340800,21503.7793,362830000,893500,1.1663,338350,46.92,47.23,37743,14930,2.237,2.266,937.8,928.8,844.35,94.115,15570,22.41,22.113636,21535000,37452800
2017-07-24,118.919998,119.580002,119.18,3654300,239.797272,46622300,21496.13086,284080000,614500,1.1642,287930,45.65,46.56,38040,15190,2.257,2.23,931.8,938.3,849.05,93.785,13390,22.049999,21.758394,45649400,19736600
2017-07-25,119.879997,119.32,118.790001,6203000,240.380173,54915600,21577.36914,304300000,697200,1.1652,284290,46.52,48.71,37652,26550,2.332,2.259,926.4,931.7,856.95,93.85,23120,22.27,21.975487,34211800,27615000
2017-07-26,119.790001,120.150002,118.550003,8527900,240.38989300000003,47575400,21683.28906,278240000,1525400,1.1734,258950,48.55,48.91,37778,15150,2.292,2.335,931.45,926.45,862.9,93.955,30050,22.84,22.537949,63816900,38918300
2017-07-27,120.690002,120.139999,119.279999,6385200,240.166443,70766600,21687.84961,407320000,1056500,1.1677,184430,48.73,49.28,38179,19980,2.319,2.2840000000000003,928.8,931.3,876.9,93.325,33810,22.57,22.271519,50762200,26971000
2017-07-28,120.75,120.860001,120.139999,7393600,239.884689,50088400,21756.11914,285630000,1853200,1.1752,159150,49.22,49.86,38110,14900,2.291,2.303,937.85,928.85,880.15,93.675,24440,22.91,22.607023,40162900,33308000
2017-07-31,120.650002,120.809998,120.449997,3944600,239.748688,65838700,21861.71094,307610000,1982800,1.1842,25540,49.88,50.44,38392,14210,2.296,2.282,941.65,938.7,885.4,93.17,29880,22.860001,22.557684,30392300,32549200
2017-08-01,120.400002,121.139999,120.440002,7365100,240.283051,55050400,21940.81055,328410000,1445100,1.1802,392640,50.22,50.44,38230,17940,2.253,2.303,946.95,941.5,893.4,92.805,18710,22.83,22.52808,32116800,41539700
2017-08-02,120.589996,121.019997,120.339996,5945300,240.399612,47211200,21967.46094,336820000,1624600,1.1856,406420,48.85,49.7,37687,22210,2.271,2.259,949.4,946.9,892.2,92.905,20520,22.77,22.468874,27185500,27049600
2017-08-03,119.650002,120.830002,120.309998,4275600,239.933273,40856000,21991.32031,278730000,2160900,1.187,402660,49.62,49.99,37561,19680,2.219,2.267,965.95,949.45,881.0,92.775,21580,22.700001,22.399801,24214900,23288000
2017-08-04,119.510002,120.040001,119.220001,8644800,240.370468,60191800,22024.64063,253640000,1870800,1.1772,278780,48.98,49.66,37052,27030,2.264,2.225,967.85,966.0,874.8,92.61,31040,22.32,22.024824,50891100,17626300
2017-08-07,119.860001,119.790001,119.43,3010100,240.817352,31995000,22081.9707,213010000,1295000,1.1796,260940,49.62,49.77,36935,13970,2.257,2.271,970.15,966.15,885.2,93.38,13480,22.200001,21.906412,32328000,19825500
2017-08-08,121.309998,120.120003,118.970001,7227200,240.224716,61719400,22057.28906,262000000,1036500,1.175,235160,49.33,49.81,37176,19120,2.262,2.257,975.9,970.2,898.4,93.285,20300,22.25,21.955751,34662200,23435400
2017-08-09,122.209999,121.550003,120.760002,9186200,240.215027,62632600,21996.68945,277800000,1346000,1.1759,265610,49.03,49.75,37680,25210,2.249,2.253,978.25,976.0,891.85,93.47,20180,22.6,22.301123,46821200,17346600
2017-08-10,122.790001,122.440002,122.029999,9817900,236.824295,120479500,21843.93945,303310000,1030000,1.1772,450280,49.7,50.24,38660,25680,2.201,2.25,986.3,978.05,897.05,93.385,17310,23.08,22.774775,65055700,24936600
2017-08-11,121.919998,122.830002,122.029999,8019500,237.174072,74869900,21842.74023,237790000,1051300,1.1821,245310,48.57,49.02,38801,24380,2.191,2.201,987.8,986.25,894.7,93.295,28530,23.15,22.843849,34549400,14900200
2017-08-14,121.870003,122.239998,121.68,5910200,239.525208,72139000,21945.64063,235030000,830400,1.178,281570,48.8,49.17,38875,17280,2.224,2.197,969.05,987.05,898.15,92.98,13440,22.83,22.52808,34040400,25130200
2017-08-16,122.489998,122.059998,120.660004,8267300,239.913834,56715500,22002.4707,264920000,967100,1.177,305550,47.74,48.01,38305,22790,2.225,2.269,982.55,966.25,910.2,93.735,35150,23.08,22.774775,50670000,37689700
2017-08-17,122.300003,122.610001,121.760002,8183800,236.173386,128490400,21750.32031,311030000,709300,1.1724,334300,46.84,47.23,38957,18400,2.185,2.229,980.0,982.45,926.15,93.38,40450,23.030001,22.725435,38285900,15970800
2017-08-18,122.760002,123.540001,122.0,13654200,235.804199,136748000,21641.63086,309070000,950200,1.1762,317440,47.05,48.86,38920,24370,2.197,2.194,981.75,980.05,927.1,93.65,23750,22.93,22.626759,55747000,30468000
2017-08-21,122.209999,122.980003,122.5,5549700,235.98877,65469700,21600.33984,277880000,755900,1.1816,271570,48.98,49.02,38785,15150,2.1830000000000003,2.208,985.7,980.4,939.0,93.365,18580,23.309999,23.001732,45542000,30279000
2017-08-22,122.669998,122.559998,121.849998,6493900,238.456528,63140100,21738.13086,244980000,567400,1.1762,313920,47.45,48.03,38722,18820,2.217,2.189,978.15,985.5,932.35,93.025,19610,23.09,22.784641,38877800,14248600
2017-08-23,122.290001,122.690002,122.309998,5038400,237.601547,50203800,21808.39063,234810000,421600,1.1807,287200,47.67,48.53,38860,12800,2.169,2.218,982.55,978.2,933.0,93.44,18700,23.26,22.952394,28781900,16572400
2017-08-24,122.739998,122.639999,122.129997,4193400,237.047791,49730500,21765.82031,228480000,572400,1.1799,255760,48.39,48.47,38580,17570,2.196,2.175,982.5,982.6,936.15,93.09,10740,23.35,23.041204,37205600,18166700
2017-08-25,124.690002,123.019997,121.290001,12398200,237.601547,64445900,21812.81055,217570000,834800,1.1926,218090,47.65,47.94,38313,18740,2.169,2.194,977.3,982.45,931.05,93.225,44540,23.41,23.10041,27137600,15187500
2017-08-28,124.419998,124.730003,123.330002,11578300,237.611282,40565600,21767.93945,218740000,1089100,1.1979,141580,47.94,48.25,39060,19740,2.1590000000000003,2.176,993.2,977.95,934.2,92.35,19550,24.26,23.939171,83129500,32482400
2017-08-29,124.360001,125.870003,124.050003,9861500,237.883316,51135700,21673.58008,227340000,1483500,1.1972,139970,46.87,46.97,39755,25120,2.129,2.128,997.2,993.25,945.05,92.185,51870,24.42,24.097054,53706100,19661000
2017-08-30,125.82,124.620003,124.160004,6328400,239.010284,62030800,21839.4707,242840000,778900,1.1883,152590,46.34,46.75,39455,16460,2.136,2.135,993.75,997.15,931.35,92.295,29840,24.16,23.84049,41441400,18890600
2017-08-31,126.059998,125.839996,124.550003,11775500,240.448196,103803900,21910.5,376790000,691400,1.1909999999999998,33500,45.97,47.49,39435,17950,2.12,2.143,1001.25,993.65,931.95,92.86,38280,24.719999,24.393084,51429800,25509700
2017-09-01,127.459999,126.169998,125.120003,11567400,240.788239,62007000,21974.91016,256240000,575300,1.1859,262200,47.12,47.39,39590,2500,2.166,2.127,1011.25,1001.55,981.15,92.6,44560,24.780001,24.452293,31745200,16012300
2017-09-05,126.809998,127.779999,126.57,11813100,239.058884,91398800,21709.63086,332840000,1325400,1.1914,300780,47.33,48.89,40505,170,2.063,2.134,1012.9,1009.9,963.05,92.61,27650,25.309999,24.975283,67572000,24644300
2017-09-06,128.130005,127.440002,126.550003,10059300,239.874969,57916900,21794.07031,318760000,1008600,1.1917,322600,48.49,49.34,41204,15240,2.106,2.06,1005.6,1012.85,938.15,92.2,28040,24.92,24.590441,58803600,20626800
2017-09-07,127.970001,128.320007,127.389999,10219700,239.845825,58034700,21745.71094,333810000,626500,1.2023,306720,49.09,49.25,41160,20030,2.042,2.101,1021.75,1005.7,955.1,92.18,58700,25.49,25.152903,64252100,20804800
2017-09-08,126.190002,128.300003,127.589996,9020000,239.564087,63832800,21731.11914,289400000,671000,1.2035,307450,49.05,49.18,41328,17020,2.0540000000000003,2.044,1010.85,1021.85,936.95,91.44,36100,25.24,24.906208,49542200,24078300
2017-09-11,126.559998,126.940002,126.050003,9126600,242.119232,71364800,21927.78906,312770000,1200700,1.1953,276430,47.63,48.2,40893,17830,2.134,2.089,992.6,1005.35,937.3,91.39,36430,24.559999,24.235201,67349800,16411100
2017-09-12,125.610001,126.589996,125.940002,8349000,242.935333,56896000,22087.08984,364580000,1110900,1.1967,279340,48.02,48.39,40964,13120,2.167,2.127,990.05,992.65,949.05,91.885,31520,24.67,24.343746,33658000,14170300
2017-09-13,126.160004,126.449997,125.5,8491000,243.05191,59228000,22095.78906,291890000,4782800,1.1886,291470,48.26,49.36,40900,16860,2.193,2.165,982.55,990.15,939.35,91.875,50270,24.219999,23.899698,45006600,22545000
2017-09-14,125.529999,126.440002,125.620003,5330700,242.97419700000003,95446300,22135.25977,297780000,1803800,1.1919,327350,49.17,50.46,40800,17630,2.187,2.187,989.85,982.6,919.95,92.385,26590,24.370001,24.047714000000006,43024000,25561000
2017-09-15,124.360001,125.989998,125.410004,8375100,243.301315,95432400,22214.51953,527540000,3885800,1.1943,271070,49.73,50.09,40731,17670,2.202,2.178,970.75,989.9,919.33,92.0,10880,24.129999,23.810886,30564700,16084400
2017-09-18,124.620003,124.760002,123.970001,8859800,243.818771,46235200,22283.34961,302740000,2837800,1.1954,278120,49.78,50.31,39601,20990,2.234,2.207,964.4,967.35,932.6,91.865,1390,23.73,23.416178,48361300,18930500
2017-09-19,123.620003,124.650002,124.029999,5826500,244.062881,47108100,22340.71094,295570000,2125400,1.1994,221760,49.94,50.42,39736,14340,2.246,2.227,953.75,964.45,905.7,91.765,24290,23.85,23.534592,22338100,15231800
2017-09-20,122.68,125.059998,123.150002,11415400,244.150742,59574100,22314.67969,334560000,2284700,1.1893,295650,49.8,50.7,40073,11600,2.273,2.241,941.75,953.95,911.55,91.62,37390,23.5,23.18922,67407500,23015500
2017-09-21,123.239998,123.07,122.489998,7757900,243.496567,48211400,22356.55078,287390000,1494400,1.1941,251620,50.3,50.4,39515,17710,2.278,2.278,940.25,941.8,912.95,92.4,22400,23.209999,22.903055,39370200,11603300
2017-09-22,124.529999,123.389999,122.93,6011900,243.54538,51214000,22299.58008,297140000,669500,1.1954,208360,50.3,50.39,39630,12790,2.253,2.275,933.45,940.3,920.5,91.945,24070,23.469999,23.159616,34951800,13084800
2017-09-25,123.139999,124.660004,122.709999,10257200,243.047455,57064400,22219.10938,332430000,996800,1.1848,224940,50.28,51.92,39538,17790,2.222,2.26,944.45,935.25,910.35,92.12,26580,23.83,23.514856,55652300,29848200
2017-09-26,121.980003,123.809998,122.900002,8673600,243.193909,54082000,22279.51953,285990000,709400,1.1793,214730,51.72,52.07,39672,17390,2.236,2.222,928.45,944.5,914.7,92.42,32790,23.35,23.041204,53216500,14392000
2017-09-27,122.209999,122.510002,121.879997,6903900,244.140961,81001400,22254.92969,342900000,1445900,1.1744,142870,51.76,52.01,39650,13950,2.31,2.239,924.55,928.35,925.2,92.89,32500,22.99,22.685965,49006900,16026500
2017-09-28,121.580002,122.480003,121.830002,5968200,244.433884,44778800,22288.9707,263010000,2145400,1.1786,117890,51.76,52.54,39551,13100,2.3080000000000003,2.307,926.55,924.65,929.4,93.26,24780,23.16,22.853718,33380000,18687200
2017-09-29,120.830002,122.300003,121.550003,10208000,245.293091,85578000,22332.96094,274790000,1577300,1.1814,24020,51.3,51.47,39309,13770,2.339,2.314,915.3,926.5,935.5,93.0,21910,22.959999,22.656361,24126600,13117200
2017-10-03,121.169998,121.099998,120.699997,3728700,246.884567,66810200,22562.90039,238830000,1006300,1.1744,275420,50.3,50.49,39255,7960,2.325,2.343,916.35,916.35,918.15,93.49,17650,23.280001,22.97213,38766700,11278900
2017-10-04,120.519997,121.269997,120.709999,6475200,247.17749,55953600,22632.80078,235730000,1119700,1.176,330850,49.84,50.45,39000,15750,2.323,2.3280000000000003,916.8,916.4,923.83,93.415,17760,23.42,23.110279,32421000,13078000
2017-10-05,121.089996,121.239998,120.400002,6205400,248.642059,63522800,22655.14063,246400000,768900,1.1711,379300,49.67,50.99,39005,11750,2.3480000000000003,2.332,917.45,916.75,940.17,93.365,18200,23.219999,22.912922,31366800,12987400
2017-10-06,122.080002,121.209999,119.779999,10013300,248.358871,80646000,22730.84961,221450000,592900,1.1734,395650,50.55,50.62,38710,26120,2.361,2.35,918.95,917.25,920.62,93.75,27380,23.59,23.27803,50090800,23509600
2017-10-09,122.400002,122.110001,121.550003,5264100,247.948822,35803100,22739.38086,310770000,588400,1.1741,301150,49.29,49.62,39782,10390,2.361,2.361,919.4,918.0,929.0,93.625,12440,23.74,23.426046,26247700,10976300
2017-10-10,122.790001,122.970001,122.360001,9315500,248.602966,43057400,22770.99023,319270000,1068500,1.1806,290340,49.44,50.92,39980,14100,2.355,2.362,935.95,919.35,936.67,93.565,26870,23.57,23.258293,44450800,15506600
2017-10-11,122.889999,122.879997,122.029999,5649400,248.99353,47674300,22821.66016,316000000,738300,1.1859,310140,50.75,51.28,40085,8670,2.353,2.357,937.2,935.9,960.92,93.06,20790,23.799999,23.485252,39690400,13904300
2017-10-12,123.82,123.040001,122.5,3037600,248.622498,47065100,22821.13086,291790000,882900,1.183,339530,50.98,51.01,40125,10720,2.321,2.346,941.3,937.4,970.85,92.755,17440,23.719999,23.406311,34478400,15218500
2017-10-13,122.970001,123.860001,123.339996,6820300,248.925186,54800400,22855.92969,259560000,426100,1.1823,332600,50.61,51.61,40155,12290,2.275,2.325,948.8,941.25,985.92,92.93,21580,23.84,23.524723,23916800,18411900
2017-10-16,122.129997,123.970001,122.57,8202000,249.257126,38221700,22887.11914,247180000,773800,1.1797,341780,51.81,52.3,40305,9380,2.305,2.289,935.15,948.55,970.92,92.965,15650,23.459999,23.149748,47320000,16045700
2017-10-17,121.669998,122.32,121.730003,7041300,249.432907,31561000,22948.23047,273090000,571800,1.1766,405220,51.78,52.2,39727,14420,2.302,2.302,937.1,935.1,977.7,93.14,16910,23.42,23.110279,32778600,16405100
2017-10-18,122.389999,121.940002,121.550003,3666400,249.677002,40888300,23086.75,271870000,1279400,1.1787,329330,51.98,52.3,39624,8740,2.345,2.302,924.15,937.05,955.8,93.34,15590,23.33,23.021467,20223400,13461900
2017-10-19,121.610001,122.550003,122.110001,5567300,249.745331,61903800,23052.66992,350400000,1170600,1.1852,430670,52.09,52.14,39632,2170,2.318,2.343,927.4,924.3,957.85,93.29,18560,23.440001,23.130014000000006,25090200,11579100
2017-10-20,121.800003,121.980003,121.389999,8481100,251.034134,89176400,23201.7793,474380000,674700,1.1785,369890,51.41,51.85,39665,9360,2.383,2.318,926.0,927.35,970.77,93.045,27270,23.23,22.922791,33496500,11985300
2017-10-23,121.330002,121.900002,120.959999,5069700,250.05773900000003,63915300,23273.96094,456830000,7419500,1.1749,353070,51.91,52.09,39476,14050,2.37,2.394,929.35,920.6,954.25,93.64,16030,23.139999,22.833981,36056800,11346200
2017-10-24,121.349998,121.709999,120.980003,5114100,250.497116,66935900,23343.23047,406850000,3651100,1.1761,334680,51.71,52.38,39660,12770,2.421,2.3680000000000003,924.65,929.45,960.08,93.695,18540,22.950001,22.646494,30322100,18370700
2017-10-25,120.330002,121.589996,120.839996,4282400,249.257126,103715300,23251.10938,399560000,4629500,1.1813,260550,52.27,52.28,39356,14340,2.435,2.417,928.15,924.55,961.47,93.83,24510,22.83,22.52808,48156200,17233000
2017-10-26,120.900002,121.160004,120.220001,6438800,249.579346,69798000,23380.89063,370600000,2427500,1.165,232280,51.96,52.68,39231,13370,2.463,2.428,919.8,928.1,965.15,93.495,44610,22.43,22.133371,51852300,15344000
2017-10-27,121.129997,120.989998,120.209999,6664200,251.619949,85562500,23353.16016,518870000,2466800,1.161,209890,52.51,54.01,38925,16510,2.416,2.455,918.4,919.75,966.33,94.66,36500,22.57,22.271519,49494800,24699000
2017-10-30,120.669998,121.470001,120.379997,5119200,250.682648,54285700,23327.86914,436900000,1779900,1.1651,168540,53.91,54.29,38955,10360,2.37,2.403,923.55,918.5,963.9,94.77,22350,22.76,22.459007,35144500,12586400
2017-10-31,121.110001,120.839996,120.379997,3910500,251.073166,60304800,23334.39063,388050000,4341500,1.1646,29120,53.92,54.67,38688,14050,2.377,2.363,921.1,923.45,978.65,94.365,18900,22.48,22.182709,28545700,14033200
2017-11-01,121.190002,121.550003,120.839996,4647800,251.405136,54202700,23388.91016,361260000,1449000,1.1619,337760,54.44,55.07,38797,21370,2.372,2.379,934.8,921.15,999.9,94.415,16620,22.48,22.182709,32439400,21152000
2017-11-02,120.620003,121.959999,121.050003,5369500,251.502792,56449500,23350.98047,348040000,2099100,1.1658,289300,54.12,54.89,39467,14380,2.349,2.37,929.0,934.85,995.25,94.665,17090,22.58,22.281385,26190500,10079300
2017-11-03,121.650002,121.43,120.18,6330600,252.342484,59589700,23481.57031,312250000,1073400,1.1609,272740,54.78,55.62,38976,15350,2.333,2.349,922.65,928.8,996.62,94.61,24480,22.43,22.133371,34775600,18851200
2017-11-06,121.209999,121.849998,120.68,6953800,252.733017,49652600,23520.75,325190000,1006800,1.161,356990,55.71,57.49,39124,15460,2.318,2.345,935.05,924.15,997.8,94.825,17710,22.91,22.607023,51233200,30754200
2017-11-07,121.629997,121.559998,120.779999,4165900,252.557281,57502200,23484.18945,285080000,1050100,1.1586,389460,57.11,57.58,39544,16120,2.316,2.32,927.05,935.15,994.8,94.63,23730,22.73,22.429403,26060400,17894800
2017-11-08,122.129997,122.25,121.589996,5565200,252.986832,50469600,23510.56055,264670000,1042100,1.1595,418070,56.92,57.81,39583,14960,2.334,2.3040000000000003,933.8,927.2,1013.62,94.765,11410,22.889999,22.587288,28553400,37214600
2017-11-09,121.129997,122.410004,121.730003,6072400,252.069107,95085500,23310.01953,305440000,1282700,1.1642,319860,56.76,57.42,39455,14830,2.34,2.326,940.25,933.75,1010.15,94.85,22010,22.809999,22.508345,27157800,19683700
2017-11-10,121.309998,122.110001,120.940002,7116200,251.990967,59984700,23392.96094,351280000,1032300,1.1665,307970,56.95,57.26,39319,14490,2.402,2.34,931.15,940.45,992.9,94.365,14650,22.52,22.222181,35502900,11713000
2017-11-13,121.559998,121.550003,121.269997,6249300,252.225296,50228600,23343.33984,491260000,1372100,1.1667,335150,56.83,57.09,39445,13150,2.407,2.4,933.35,931.7,988.5,94.355,10710,22.559999,22.26165,16756100,13898500
2017-11-14,121.410004,121.910004,120.769997,6189000,251.639511,61315200,23271.57031,561330000,743100,1.1798,418940,56.66,56.69,39530,14170,2.375,2.402,929.15,933.45,987.85,94.405,27440,22.59,22.291254,22696800,21526500
2017-11-15,121.400002,122.360001,121.25,4984800,250.37997400000003,80811500,23242.75,404300000,1266000,1.1792,279410,55.02,55.5,39650,15410,2.326,2.374,933.75,929.2,984.85,93.77,25250,22.65,22.350462,23133900,13776500
2017-11-16,122.860001,121.709999,121.290001,2796500,252.508469,67777000,23365.33984,402020000,1200600,1.177,314060,55.26,55.57,39583,10260,2.375,2.324,934.95,933.8,987.98,93.785,12190,22.6,22.301123,17070300,12232000
2017-11-17,121.309998,123.169998,121.949997,10614000,251.766388,75756800,23356.00977,386000000,1966700,1.1795,356740,55.17,56.64,39520,13390,2.345,2.374,953.95,934.9,993.1,93.715,16910,22.790001,22.488609,38347500,16387200
2017-11-20,121.510002,122.410004,121.040001,8356700,252.19599900000003,48075500,23360.58008,315330000,1002400,1.1732,283480,56.57,56.76,39200,19470,2.3680000000000003,2.34,929.3,951.15,987.25,93.73,19680,22.540001,22.241917,35822000,11438000
2017-11-21,122.629997,122.0,121.5,4956500,253.846069,69176800,23500.15039,329650000,887600,1.1738,338160,56.15,57.01,39210,11570,2.358,2.359,936.85,929.45,997.83,93.945,11700,22.719999,22.419535,28387100,12239300
2017-11-22,122.32,122.949997,122.169998,5211800,253.621552,45033400,23507.60938,268760000,1102000,1.1822,322870,56.88,57.94,39246,10700,2.321,2.352,939.45,936.8,1001.08,93.855,24890,22.92,22.616892,31873500,17969300
2017-11-24,122.830002,122.610001,122.220001,1779700,254.207321,27856500,23551.58984,118610000,504100,1.193,152700,58.2,58.73,39162,9190,2.34,2.326,945.05,940.15,994.3,93.11,17460,22.83,22.52808,16244100,9394100
2017-11-27,122.809998,123.330002,122.669998,4961200,254.080414,52274900,23545.01953,296320000,918200,1.1898,249090,58.7,58.76,39155,10920,2.331,2.342,949.2,942.35,1001.22,92.665,22700,23.049999,22.745171,24489800,13886000
2017-11-28,122.040001,123.169998,122.529999,5603100,256.65802,98971700,23617.10938,319240000,743500,1.1841,186930,57.72,57.95,38555,16250,2.326,2.331,951.65,949.25,1022.42,92.795,21740,22.93,22.626759,25800100,8109500
2017-11-29,121.099998,122.330002,121.739998,6138900,256.50177,77512100,23872.58984,401410000,1107700,1.1847,178200,57.57,58.14,37855,14280,2.388,2.331,942.7,951.85,1012.38,93.175,17790,22.5,22.202444,54138800,16093700
2017-11-30,121.589996,121.699997,120.639999,7936300,258.747467,127894400,24013.80078,488200000,1041700,1.1904,26210,57.22,57.83,37422,15920,2.415,2.386,943.8,942.75,1005.72,93.2,27690,22.469999,22.17284,39156200,17819100
2017-12-01,121.18,122.43,120.739998,13080100,258.21048,164390900,23921.90039,417910000,1110400,1.1891,308150,57.23,58.74,37300,3590,2.363,2.411,941.2,943.85,1015.65,92.905,31150,22.49,22.192577,45368800,14145200
2017-12-04,120.32,121.199997,120.839996,6943700,257.89801,94040600,24288.18945,424250000,560600,1.1866,250520,58.1,58.12,37430,150,2.372,2.421,930.85,937.7,991.42,93.04,30070,22.200001,21.906412,32949000,12187700
2017-12-05,120.07,120.510002,119.720001,10041200,256.970428,77994500,24155.2793,371190000,1123000,1.1826,219340,57.36,57.8,36939,80,2.353,2.378,917.25,930.75,979.38,93.02,18290,21.969999,21.679453,35894500,12914400
2017-12-06,118.489998,120.440002,119.870003,6643000,257.019287,75898600,24134.49023,312720000,857600,1.1796,314260,57.36,57.47,37415,13580,2.34,2.356,903.55,917.15,988.12,93.31,21660,21.690001,21.403158,43407300,19389000
2017-12-07,118.480003,119.239998,118.099998,12900200,257.829681,77218600,24101.24023,319060000,1199100,1.1773,238960,56.01,56.68,36992,15540,2.362,2.34,893.5,903.6,1006.45,93.565,14810,21.58,21.294613,31467200,9103400
2017-12-08,118.010002,118.919998,118.330002,5231300,259.235626,76563900,24225.5,293590000,1785000,1.1764,362430,56.49,57.69,36872,13480,2.378,2.374,888.0,894.0,998.33,93.8,19750,21.68,21.39329,29074400,9426600
2017-12-11,118.150002,118.540001,117.800003,4522200,260.016724,83077500,24314.74023,300580000,2632600,1.1768,488010,57.11,58.0,36880,10580,2.39,2.383,888.15,889.65,1000.7,93.86,26430,21.51,21.225536,33505200,14382900
2017-12-12,119.169998,118.169998,117.400002,8020100,260.475586,85195800,24443.83008,342220000,1179200,1.1742,508990,57.87,58.5,36672,14460,2.403,2.388,880.65,888.2,1001.98,93.895,18700,21.42,21.136728,34569600,24854900
2017-12-13,118.93,119.349998,118.010002,10086700,260.44635,102905400,24518.30078,325280000,2365100,1.1826,354370,57.39,57.76,36701,10570,2.3480000000000003,2.399,887.7,880.6,1007.6,94.015,30860,22.16,21.866941,82201600,18213100
2017-12-14,119.18,119.290001,118.709999,6993600,259.38205,100666700,24508.66016,314780000,1180900,1.1778,277670,56.75,57.27,36917,14540,2.349,2.353,882.9,887.65,1024.89,93.38,29830,22.07,21.77813,36365600,9073200
2017-12-15,119.730003,119.5,118.970001,7532000,261.542114,144610300,24584.43945,635740000,6677500,1.1754,213000,57.05,57.43,36940,12010,2.351,2.353,893.9,883.0,1016.88,93.57,8970,21.99,21.699188,33144000,9608500
2017-12-18,119.82,119.989998,119.599998,5452200,263.200592,83653600,24739.56055,354880000,1630400,1.1782,234620,57.37,57.77,37276,12140,2.394,2.369,911.4,891.75,1015.4,94.0,540,22.16,22.043369,30791800,13068000
2017-12-19,120.139999,119.900002,119.529999,4018900,262.189789,82382900,24715.59961,335330000,899200,1.1840000000000002,213190,57.27,57.73,37313,11150,2.459,2.398,914.6,911.6,1017.58,93.255,14680,22.129999,22.013525,25162600,6849100
2017-12-20,120.309998,120.360001,119.809998,5734600,262.05239900000004,76751500,24697.10938,341790000,1064700,1.1871,222730,57.64,58.07,37408,11520,2.497,2.457,920.2,914.7,1021.17,93.035,20130,22.5,22.381578,37314000,10117800
2017-12-21,120.940002,120.449997,120.0,4823700,262.592133,67032300,24766.26953,339530000,1050100,1.1873,155420,57.99,58.34,37365,10500,2.484,2.4930000000000003,919.3,920.5,1029.28,92.925,12900,22.629999,22.510895,27396800,11135600
2017-12-22,121.769997,121.139999,120.57,5791300,262.523438,78720900,24717.50977,255140000,1322600,1.1859,110420,58.13,58.45,37450,12220,2.485,2.484,923.05,919.2,1031.45,93.0,9380,22.889999,22.76952600000001,26914900,6591400
2017-12-26,122.230003,121.870003,121.510002,8224400,262.209412,45244400,24708.41992,208290000,2138900,1.1859,74250,58.52,59.97,37980,10790,2.474,2.492,925.5,921.5,1045.9,92.885,6310,23.200001,23.077896,34177900,17599000
2017-12-27,122.849998,122.339996,121.879997,6232700,262.336975,57751000,24731.67969,225890000,1536900,1.1888,122430,59.77,59.89,38253,13970,2.4130000000000003,2.477,926.1,925.5,1054.3,92.825,16220,23.16,23.038105,29887500,8270200
2017-12-28,123.650002,122.919998,122.559998,5732700,262.876709,45116100,24797.13086,200960000,1842200,1.1943,35090,59.55,59.89,38515,15390,2.434,2.421,930.9,926.3,1048.45,92.69,15440,23.200001,23.077896,18870200,12368100
2017-12-29,125.150002,124.089996,123.459999,7852100,261.885559,96007400,24719.2207,270760000,1812500,1.1998,157950,59.8,60.45,38754,12990,2.405,2.434,934.6,931.1,1055.15,92.355,21610,23.24,23.117683,22380400,11801900
2018-01-02,124.82,125.18,124.389999,11762500,263.759949,86655700,24741.69922,341130000,1867300,1.2059,211740,60.22,60.71,38978,12750,2.462,2.4290000000000003,949.9,937.3,1071.9,91.895,19620,23.82,23.694632,43172000,11980700
2018-01-03,125.459999,125.089996,124.099998,7904300,265.428253,90070400,24825.55078,456790000,1908500,1.2014,260860,60.39,61.93,38955,13350,2.445,2.465,956.1,950.0,1077.7,91.56,17210,23.57,23.445948,45780900,17249200
2018-01-04,125.330002,125.849998,124.739998,7329700,266.54699700000003,80636400,24963.26953,403280000,1217900,1.2068,246150,61.8,62.18,38900,16860,2.4530000000000003,2.458,966.0,956.1,1093.5,91.965,15730,23.719999,23.595158,31300300,11847900
2018-01-05,125.309998,125.480003,124.830002,5739900,268.323273,83524000,25112.00977,358020000,1302800,1.203,183450,61.91,62.01,39030,12980,2.476,2.458,974.9,966.1,1087.4,91.55,13750,23.67,23.545422,21765800,12879100
2018-01-08,124.730003,125.32,124.900002,3566700,268.813934,57319200,25235.41016,341390000,3133900,1.1967,210350,61.63,62.52,38920,11950,2.48,2.48,974.3,974.0,1095.0,91.765,15960,23.42,23.296738,33366000,9833800
2018-01-09,125.029999,124.860001,124.230003,9153600,269.422363,57254000,25308.41016,333490000,2267900,1.1937,319920,62.22,63.51,38804,11350,2.551,2.482,968.5,974.0,1094.05,92.07,21580,23.110001,22.988369,40393700,21329200
2018-01-10,125.440002,125.309998,124.720001,14809300,269.010223,69574300,25256.99023,341470000,1672700,1.1947,290540,63.33,63.65,38742,17470,2.559,2.551,976.0,968.7,1063.3,92.225,24560,23.25,23.127632,28985500,14572400
2018-01-11,126.959999,125.660004,125.25,5994700,270.9729,62361500,25396.18945,346830000,1580600,1.2032,341940,63.43,64.74,38666,12100,2.537,2.553,988.5,976.1,1062.15,92.07,22700,23.379999,23.256947,23581400,20632800
2018-01-12,127.169998,127.129997,125.809998,9258600,272.73938,90816100,25633.08008,376390000,2212000,1.2187,302100,63.52,64.48,38882,13120,2.55,2.549,998.7,988.7,1119.9,91.51,40560,24.01,23.883633,55599200,22801600
2018-01-16,126.139999,127.18,126.400002,8083900,271.807068,106555100,25702.99023,606520000,1679800,1.2261,322950,64.75,64.75,38573,17210,2.539,2.553,1004.3,1002.2,1093.45,90.255,27970,24.370001,24.241737,39719500,18222800
2018-01-17,125.860001,127.220001,125.900002,10095000,274.397827,109354500,25865.01953,522720000,2495300,1.2186,280420,63.86,64.33,39058,13890,2.587,2.533,1003.9,1004.6,1108.75,89.99,33600,23.940001,23.814001,41162300,15936200
2018-01-18,126.419998,126.519997,125.800003,6289300,273.936646,100728000,25947.32031,492780000,1337400,1.2239,270230,64.2,64.28,38859,11760,2.624,2.59,1006.5,1003.9,1097.3,90.65,28150,23.610001,23.485737,39198000,16605700
2018-01-19,126.650002,126.730003,126.410004,8773800,275.182922,140920100,25942.83008,585000000,838700,1.2222,278360,63.67,63.74,38883,8730,2.661,2.624,1016.7,1006.9,1098.8,90.32,24170,23.65,23.525526,22753200,17345400
2018-01-22,127.279999,126.75,126.279999,4893500,277.42044100000004,91322400,25974.65039,431200000,751900,1.2262,250600,63.5,64.19,38800,9940,2.656,2.661,1003.2,1019.2,1079.6,90.27,16700,23.709999,23.585209,19300900,14929800
2018-01-23,128.830002,127.349998,126.339996,6190400,278.009277,97084700,26143.90039,433490000,1641500,1.2299,343730,63.95,64.94,38402,15800,2.617,2.656,1010.8,1003.4,1072.05,90.155,20360,24.1,23.973158,38807100,16617900
2018-01-24,127.970001,129.259995,128.229996,11827600,277.901337,134816100,26106.93945,518790000,2025300,1.2408,308370,64.5,66.12,38850,19990,2.648,2.611,1019.0,1010.7,1094.4,89.875,32300,24.6,24.470528,53467100,26137800
2018-01-25,127.349998,129.509995,127.360001,15219700,278.019043,84587300,26259.7207,401390000,2626500,1.2396,301930,65.84,66.72,39660,16040,2.624,2.65,1016.4,1018.7,1086.05,89.095,77360,24.129999,24.003,61745600,16774400
2018-01-29,126.800003,127.629997,126.919998,6956400,279.37332200000003,90118300,26435.33984,421000000,1648000,1.2383,202240,66.32,66.52,39079,12770,2.699,2.658,1010.3,1014.2,1072.5,88.95,25770,23.68,23.555368,59676000,15828900
2018-01-30,127.650002,127.919998,126.739998,9736100,276.507813,131796400,26028.41992,448330000,2108100,1.2402,135870,65.55,65.56,39020,11800,2.724,2.7030000000000003,1001.6,1009.8,1040.7,89.215,26240,23.450001,23.32658,37702200,34429400
2018-01-31,128.070007,127.849998,126.400002,13418900,276.645203,108364800,26050.98047,479130000,2092300,1.2421,20430,63.84,65.05,39139,10040,2.712,2.72,1005.5,1000.6,1012.8,88.95,29180,23.75,23.625,46410300,19696100
2018-02-01,126.389999,128.149994,127.080002,10854600,276.331146,90102500,26014.43945,410620000,1312600,1.251,336920,64.92,66.29,39225,16800,2.782,2.724,1009.6,1005.2,1015.05,88.935,23880,23.700001,23.575264,33277700,20074200
2018-02-02,126.709999,126.849998,125.959999,16789200,270.31543,173174800,25490.66016,522880000,2493600,1.2462,307130,66.12,66.35,38475,21720,2.841,2.79,995.9,1009.4,1035.5,88.49,32680,22.91,22.789421,75765500,28757500
2018-02-05,125.379997,127.309998,126.440002,13596300,259.010132,294681800,23923.88086,714450000,2052100,1.2368,335640,65.05,65.44,38408,13600,2.709,2.847,994.8,992.5,1023.9,89.185,37140,22.709999,22.590473,53158400,30728600
2018-02-06,124.790001,126.550003,125.220001,17672500,264.11322,355026800,23778.74023,823940000,2390300,1.2377,328850,63.62,64.33,38310,17420,2.805,2.73,994.0,994.6,993.15,89.465,40150,22.110001,21.993633,68463900,23636300
2018-02-07,124.980003,125.769997,124.410004,8558500,262.68045,167376100,24785.43945,504620000,2138000,1.2264,567760,63.91,64.22,37687,17110,2.834,2.803,985.0,993.7,982.5,89.49,33060,21.799999,21.685263,51539100,36909300
2018-02-08,124.769997,125.440002,124.510002,7343600,252.827606,246449500,23849.23047,657500000,2782900,1.2247,346320,61.72,62.12,37591,15590,2.8280000000000003,2.809,978.9,984.4,953.75,90.155,35270,21.68,21.565895,51192400,27259500
2018-02-09,125.370003,125.139999,124.389999,14140700,256.625458,283565300,23360.28906,735030000,2998200,1.2235,399500,60.52,60.78,37540,14940,2.857,2.829,968.2,978.6,973.4,90.16,34960,21.68,21.565895,101763800,43183100
2018-02-12,126.080002,125.82,125.110001,6984900,260.39386,143736000,24290.48047,496610000,2608900,1.2292,349670,59.38,60.79,37785,13640,2.858,2.902,973.4,970.3,979.35,90.25,19210,21.969999,21.854368,70844400,16312100
2018-02-13,128.229996,126.18,125.519997,5321300,261.041565,81223600,24421.0293,374410000,2528700,1.2352,367260,59.53,59.74,37944,8280,2.833,2.855,978.1,973.0,982.45,90.06,20990,22.0,21.884211,21692900,18982100
2018-02-14,128.380005,128.589996,126.290001,16416400,264.564667,120735700,24490.35938,431160000,4217400,1.245,349100,58.96,60.91,37777,20930,2.9130000000000003,2.833,1001.6,978.2,997.75,89.595,39240,23.01,22.888895,95516900,35759100
2018-02-15,127.959999,128.570007,127.940002,7276500,267.940521,111200300,24809.41992,416780000,3076300,1.2506,292910,60.84,61.65,38180,15850,2.906,2.909,1004.2,1001.9,997.7,88.89,27690,22.99,22.868999,36155700,19248300
2018-02-16,126.239998,128.699997,127.57,7956900,268.01901200000003,160420100,25149.25977,406730000,2217000,1.2406,239580,61.49,61.99,38571,14340,2.873,2.909,1008.8,1004.2,1027.15,88.5,26170,22.51,22.391527,49081700,17782500
2018-02-20,125.660004,127.400002,126.040001,11148700,266.340881,86369700,24884.18945,421510000,1539600,1.2338,289170,62.48,62.72,38231,14950,2.891,2.891,1002.2,1008.2,1019.35,89.165,17880,21.870001,21.754896,47894500,21757900
2018-02-21,126.300003,126.760002,125.440002,7908800,265.016083,98883700,24792.99023,456070000,2105700,1.2284,245870,61.73,61.92,38087,16940,2.952,2.891,994.5,1002.2,1015.65,89.675,23070,21.790001,21.675318,40097800,11380400
2018-02-22,126.139999,126.370003,125.879997,5346300,265.359558,110511300,24854.83008,378900000,1889100,1.2331,253000,61.31,63.16,38250,16330,2.919,2.946,1000.1,995.3,1026.9,90.055,24080,21.73,21.615631,27068100,19294700
2018-02-23,126.449997,126.300003,125.849998,4239700,269.589203,92766400,25028.73047,335420000,1113900,1.2293,201720,62.73,63.8,38353,11420,2.866,2.926,998.1,999.8,1034.3,89.705,16560,21.969999,21.854368,24782000,18401000
2018-02-26,125.129997,126.620003,126.18,3194300,272.719757,86491400,25398.56055,473360000,981500,1.2318,188300,63.66,64.3,38275,14200,2.864,2.875,1002.2,997.3,1048.4,89.88,20830,22.18,22.063263,30234300,13987400
2018-02-27,125.0,126.150002,124.589996,7082300,269.314423,99099200,25407.83008,438390000,1177600,1.2232,106340,64.03,64.14,38072,18490,2.901,2.861,985.3,1002.4,1023.4,89.675,29720,21.49,21.376894,69407300,17031600
2018-02-28,124.720001,125.459999,124.809998,4534900,266.586273,121907800,25022.41992,451870000,1347900,1.2194,27390,62.88,63.47,38060,14420,2.864,2.901,984.8,984.9,1031.95,90.305,24710,21.35,21.237633,33039000,27806400
2018-03-01,125.389999,125.309998,123.580002,12910100,262.709869,176855100,24442.56055,506280000,2192400,1.2268,340970,60.75,61.59,37800,3710,2.8110000000000004,2.866,970.0,984.8,968.45,90.655,39780,21.57,21.456474,59170800,25910900
2018-03-02,125.18,125.690002,124.970001,9994300,264.064148,139083200,24217.75977,437130000,2117600,1.2317,266380,61.29,61.64,37450,340,2.8680000000000003,2.819,967.4,970.0,980.7,90.2,25820,21.49,21.376894,25906400,18037700
2018-03-05,126.529999,125.480003,124.959999,5778300,267.11618,97307400,24387.15039,383910000,1472500,1.2336,261060,61.62,62.84,38058,210,2.883,2.85,964.6,969.7,972.6,89.83,24450,21.65,21.536053,38419800,19666800
2018-03-06,125.720001,126.959999,126.129997,8676800,267.793335,79213200,24708.41016,331770000,1176400,1.2404,199790,62.66,63.31,38640,19640,2.886,2.88,971.3,964.3,973.4,89.92,32810,22.01,21.894157,53458700,18055900
2018-03-07,125.419998,126.290001,125.419998,5158700,267.695221,87063500,24535.11914,394070000,1146000,1.2413,332910,62.07,62.62,38640,18410,2.881,2.8480000000000003,955.1,971.3,956.65,89.49,23590,21.57,21.456474,42129900,24957700
2018-03-08,125.540001,125.699997,125.129997,3474900,268.990601,66901200,24703.05078,327300000,1824900,1.2312,294790,61.34,61.44,38650,11860,2.857,2.885,953.6,954.3,962.5,89.585,31830,21.65,21.536053,18596900,23049800
2018-03-09,125.540001,125.690002,124.779999,5066800,273.671661,113625300,25004.89063,371570000,2326800,1.2307,286490,60.33,62.2,38550,19410,2.8960000000000004,2.872,966.9,953.8,982.65,90.175,25550,21.57,21.456474,23402900,19384800
2018-03-12,125.779999,125.57,124.839996,2884300,273.328217,71924800,25152.01953,362580000,1588400,1.2334,240030,62.19,62.35,38655,11380,2.866,2.905,966.1,966.4,962.15,90.065,23380,21.76,21.64547300000001,32577300,17481100
2018-03-13,125.699997,125.989998,125.050003,4798300,271.56176800000003,91968900,24947.5,447880000,1769900,1.239,320570,61.33,61.98,38620,13280,2.844,2.872,967.6,966.1,985.5,89.87,27200,21.67,21.555948,17335400,24193900
2018-03-14,124.900002,125.760002,125.339996,3777000,270.168213,105895100,24668.83008,356830000,1728500,1.2367,267590,60.91,61.34,38735,12020,2.819,2.841,963.3,967.5,979.9,89.685,24990,21.73,21.615631,16708700,18557000
2018-03-15,124.599998,125.209999,124.720001,6130100,269.873779,83433000,24753.28906,316310000,2715600,1.2305,208590,60.97,61.55,38450,13220,2.826,2.819,955.3,963.3,976.4,89.695,21070,21.450001,21.337107,30524800,11738900
2018-03-16,124.870003,124.870003,124.209999,7402200,270.166473,100343700,24857.08984,654240000,6211900,1.2289,264210,61.25,62.55,38171,14730,2.845,2.83,950.9,955.4,983.55,90.12,9390,21.43,21.317211,20880700,27880700
2018-03-19,124.309998,125.160004,124.419998,4335400,266.510986,109208400,24453.14063,377990000,1975500,1.2335,272420,62.12,62.35,38201,11490,2.8560000000000003,2.857,954.7,950.2,982.7,90.18,1710,21.51,21.39679,30109500,22842900
2018-03-20,126.480003,124.550003,123.959999,3399400,266.964264,59757300,24650.64063,342510000,1806400,1.2242,326470,62.15,63.89,38101,11480,2.9,2.855,943.9,954.7,971.2,89.47,18110,21.27,21.158052,40842100,18254700
2018-03-21,125.980003,126.760002,125.029999,12532000,266.451904,78709600,24655.40039,343230000,2922900,1.2338,401050,63.67,65.62,38234,18490,2.881,2.89,959.9,943.9,981.65,89.98,32860,21.860001,21.744947,77132100,23088200
2018-03-22,127.610001,126.339996,125.639999,5298700,259.791351,148785900,23938.74023,439280000,4670800,1.2302,286630,65.31,65.36,38503,14210,2.823,2.881,950.8,959.9,976.95,89.265,26350,21.5,21.386843,34294500,15731600
2018-03-23,128.279999,128.059998,127.610001,12025900,254.253998,183534800,23509.06055,482550000,2472100,1.2353,283010,64.48,65.91,38675,15160,2.813,2.806,949.6,950.8,967.0,89.325,22740,22.120001,22.00358,74162800,18159100
2018-03-26,127.489998,128.580002,128.009995,6169800,261.210175,141956100,23741.2207,479540000,3037300,1.2443,183690,66.33,66.38,38737,12510,2.852,2.819,960.0,956.0,961.7,89.04,25800,22.440001,22.321896,44428800,24974700
2018-03-27,125.730003,127.620003,127.050003,6180700,256.76651,129941400,23708.73047,524480000,3567700,1.2403,131390,65.52,66.33,38584,15040,2.775,2.854,952.1,960.0,966.65,88.625,24990,21.99,21.874264,50314200,20617300
2018-03-28,125.790001,126.610001,125.510002,10254900,256.007782,146452300,23728.66992,530040000,1713500,1.2308,141890,64.76,65.05,38270,14900,2.783,2.781,945.0,952.1,958.2,88.97,32560,21.66,21.546,57399700,18983200
2018-03-29,127.260002,125.809998,125.309998,7102000,259.278992,111601600,23928.13086,463550000,1938400,1.2302,25290,64.61,65.19,38180,5940,2.741,2.784,936.6,945.0,938.65,89.725,17760,21.98,21.864315,36064900,16318400
2018-04-02,126.300003,127.540001,126.379997,11421100,253.682541,186286300,23344.51953,509820000,2523500,1.2302,190050,65.05,65.36,38378,19340,2.733,2.759,939.3,939.5,923.05,89.68,13280,22.23,22.112999,38852500,19311400
2018-04-03,126.449997,126.589996,126.010002,6083700,256.934021,119956900,23664.33008,394130000,3091400,1.227,232260,63.02,63.78,38339,19550,2.781,2.737,929.3,939.3,923.4,89.73,19800,21.91,21.794683,32183100,9174600
2018-04-04,125.800003,127.529999,126.32,7488300,259.682953,123715300,23523.16016,388540000,3525200,1.2278,361480,63.5,63.66,38132,21880,2.8080000000000003,2.773,920.7,929.3,914.05,89.8,15110,21.870001,21.754896,21864000,20310800
2018-04-05,126.389999,126.080002,125.43,5333000,261.732361,82652600,24313.91016,347790000,2274000,1.224,270820,63.62,64.08,37940,16480,2.834,2.8080000000000003,916.8,920.6,896.6,89.745,25720,21.969999,21.854368,21917200,17246300
2018-04-06,126.82,126.599998,126.129997,6121200,255.899429,179521200,23738.19922,395990000,2814300,1.2283,296090,63.14,63.63,38093,20450,2.775,2.817,920.6,916.8,892.3,90.07,22630,22.07,21.953842,28824100,25180100
2018-04-09,127.120003,126.860001,126.230003,4189900,257.160614,105442900,23954.83008,380790000,3610600,1.2321,257500,62.14,63.58,38191,12850,2.781,2.786,937.0,923.9,928.85,89.85,22270,21.98,21.864315,26503600,12814100
2018-04-10,128.110001,127.309998,126.669998,5268800,261.249573,103529000,24198.94922,368590000,2875700,1.2356,452340,63.25,65.83,38382,13090,2.801,2.783,935.9,937.3,944.5,89.545,21990,22.26,22.142843,34933700,23747600
2018-04-11,126.620003,129.470001,127.779999,12348600,259.880035,91140200,24150.86914,286360000,1705900,1.2367,495410,65.61,67.36,38711,23220,2.779,2.803,936.1,935.7,956.15,89.28,18440,22.75,22.630264,73378100,24684500
2018-04-12,127.449997,127.339996,126.470001,8141300,262.018097,68890500,24302.82031,336130000,4743900,1.2327,330210,66.81,67.3,38640,15690,2.843,2.783,932.0,936.1,954.25,89.21,23610,22.469999,22.351736,38282400,14872000
2018-04-13,127.629997,127.75,127.029999,6821300,261.249573,85079200,24243.74023,331890000,4548000,1.2331,328500,66.86,67.72,38570,12800,2.825,2.827,934.3,932.0,976.05,89.46,12800,22.889999,22.76952600000001,45733700,14162800
2018-04-16,127.75,128.050003,127.57,4600000,263.397491,63405300,24480.19922,305070000,5473100,1.238,297440,67.13,67.14,38855,11940,2.829,2.841,933.3,934.2,997.2,89.5,17090,22.799999,22.68,33914400,14024600
2018-04-17,127.849998,127.779999,127.0,4184100,266.21542400000004,64682000,24681.78906,342410000,3262700,1.237,315040,66.44,66.73,39021,16540,2.83,2.832,939.0,933.3,999.05,89.115,14990,22.93,22.809317,26116200,13155100
2018-04-18,127.599998,128.53999299999998,127.75,6755600,266.412506,57303900,24721.08984,302030000,1823100,1.2373,352650,66.61,68.89,39291,22630,2.875,2.829,946.5,939.0,1027.5,89.225,19770,22.98,22.859053,55934600,26579100
2018-04-19,126.629997,127.879997,127.129997,8736100,264.93457,77655900,24557.0293,381110000,1955800,1.2346,393960,68.74,69.55,40188,21160,2.9130000000000003,2.875,938.0,946.5,1018.5,89.355,24760,23.059999,22.938631,33413200,17428400
2018-04-20,125.620003,126.970001,126.550003,10403100,262.68808,99953100,24375.03906,537770000,1957500,1.2288,371900,68.36,68.64,40156,11440,2.96,2.917,929.4,938.0,1022.3,89.655,31760,22.709999,22.590473,47975800,11831000
2018-04-23,126.230003,125.760002,125.339996,6921500,262.648682,65558000,24328.53906,351030000,3168900,1.2209,317450,68.25,69.03,39480,18230,2.977,2.968,923.3,928.9,975.35,90.14,31080,22.41,22.292053,38080800,16592800
2018-04-24,125.410004,126.339996,125.669998,4733100,259.111511,112885500,23828.73047,468180000,1058800,1.2232,330600,69.0,69.36,39301,10860,2.999,2.975,934.0,923.3,967.05,90.695,24270,22.700001,22.58052600000001,35369700,20080400
2018-04-25,124.970001,125.510002,125.059998,5985700,259.751923,103840900,23823.08008,437100000,2010900,1.2161,275130,67.83,68.31,39420,9670,3.031,2.994,914.7,933.9,962.8,90.54,26430,22.5,22.381578,27986500,13658500
2018-04-26,125.5,125.57,124.690002,7517100,262.392517,67731900,24128.7207,390360000,1291300,1.2103,179480,68.2,68.77,39130,11010,2.983,3.024,910.2,914.8,974.05,91.005,38970,22.59,22.471106,27482300,17213700
2018-04-27,124.589996,125.620003,125.169998,5654000,262.638824,57053600,24194.44922,392810000,2220600,1.213,156530,68.11,68.34,38975,9950,2.959,2.987,916.8,910.1,958.3,91.385,30520,22.73,22.610369,24142000,12811800
2018-04-30,123.709999,125.199997,124.190002,9830600,260.618988,82182300,24163.08008,416650000,1311900,1.2079,24760,67.98,69.33,38432,12610,2.955,2.966,906.4,916.2,955.8,91.345,23560,22.280001,22.162737,48350400,28937300
2018-05-01,123.650002,123.980003,123.389999,7551600,261.082092,74203400,23808.18945,380070000,2459100,1.1993,360970,68.54,68.84,38005,2120,2.968,2.959,894.6,906.2,932.5,91.62,27410,22.309999,22.192579,31639700,16092100
2018-05-02,124.279999,124.540001,123.580002,7614000,259.32827799999995,86368900,23886.30078,385350000,3176800,1.1951,347060,67.44,68.13,38623,270,2.9760000000000004,2.968,896.5,894.7,956.2,92.295,38900,22.379999,22.262209,47085300,13823000
2018-05-03,124.540001,124.760002,124.239998,4857400,258.756775,136311500,23531.31055,389240000,1522400,1.1988,382140,67.68,68.63,38070,200,2.948,2.97,903.8,896.6,955.05,92.59,23020,22.65,22.530788,31886800,12158000
2018-05-04,124.57,124.650002,124.0,5883600,262.106781,91222100,23778.86914,329480000,732600,1.196,289860,68.52,69.95,38965,50,2.951,2.95,911.6,903.9,953.65,92.27,25440,22.65,22.530788,25226400,18774100
2018-05-07,124.589996,124.699997,124.300003,3397500,262.993561,55304900,24263.41992,307670000,683000,1.1922,230470,69.79,70.82,39810,9290,2.952,2.951,912.6,911.4,959.2,92.415,19360,22.65,22.530788,18934400,28789200
2018-05-08,124.330002,124.949997,123.790001,5551100,262.993561,67499200,24198.33984,344940000,1105000,1.1864,519800,70.01,70.36,39530,13750,2.972,2.952,915.7,912.6,960.6,92.555,29980,22.68,22.560633,34792300,52862500
2018-05-09,125.18,124.870003,124.239998,4405600,265.53558300000003,59666100,24323.86914,361580000,1703300,1.185,364750,70.2,71.5,39800,13650,3.006,2.9760000000000004,914.8,915.5,967.5,92.905,26450,22.629999,22.510895,24236900,19482500
2018-05-10,125.0,125.370003,124.75,5218400,268.018494,72063900,24575.91016,304210000,709400,1.1915,314190,71.41,71.86,39922,13560,2.964,2.995,925.8,914.8,990.7,93.005,34750,22.950001,22.829212,40726900,15627100
2018-05-11,124.489998,125.589996,124.940002,4299200,268.836273,59871500,24717.5,274150000,940500,1.1944,261800,71.52,71.59,40347,10870,2.97,2.966,924.0,925.8,982.0,92.605,20260,22.879999,22.759579,25367500,14070000
2018-05-14,122.480003,125.209999,124.440002,3753200,268.964386,54790600,24862.51953,282860000,642400,1.1927,290130,70.66,71.23,40285,8820,3.002,2.975,911.6,924.4,992.4,92.425,17870,22.780001,22.660107,27921100,16266500
2018-05-15,122.290001,122.82,122.129997,10911900,267.11203,87036100,24629.39063,301900000,623500,1.1838,390920,71.06,71.89,39830,14610,3.072,3.004,898.4,911.7,980.1,92.53,29910,22.26,22.142843,60869800,17895700
2018-05-16,122.360001,122.610001,122.029999,4943300,268.235229,53942600,24672.78906,280810000,424500,1.1807,336570,70.98,71.58,39604,13240,3.104,3.07,892.6,898.2,979.4,93.22,28240,22.290001,22.172686,29674700,13464200
2018-05-17,122.410004,122.43,122.040001,7781300,268.008667,56536400,24639.40039,314650000,757900,1.1795,330170,71.53,72.3,39820,11960,3.115,3.0980000000000003,891.0,892.6,974.4,93.195,21660,22.190001,22.073212,21513100,17198900
2018-05-18,122.480003,122.650002,122.010002,6837100,267.338654,64368000,24664.86914,269700000,1456400,1.1778,277280,71.56,71.75,40050,9040,3.06,3.119,886.8,890.8,957.3,93.44,19440,22.190001,22.073212,21201900,12458100
2018-05-21,122.410004,122.529999,121.970001,4126700,269.348633,58025900,24883.06055,308920000,1363400,1.1791,245770,71.67,72.58,39890,12750,3.0580000000000003,3.08,899.5,886.2,987.6,93.585,22280,22.33,22.212473000000006,24219400,13455100
2018-05-22,122.540001,122.739998,122.339996,4579600,268.599792,52966400,24812.06055,288200000,2113200,1.1779,305310,72.44,72.8,40223,12630,3.063,3.0580000000000003,908.3,899.5,984.0,93.46,20940,22.129999,22.013525,29793700,19676000
2018-05-23,123.589996,122.739998,122.110001,6974600,269.338776,61021700,24667.11914,399610000,2143100,1.1697,292970,72.09,72.16,40180,17180,2.994,3.0580000000000003,904.6,908.3,968.3,93.45,28840,22.34,22.222422,34362000,15083600
2018-05-24,123.209999,123.82,123.080002,8850100,268.787048,76043800,24605.90039,347050000,1620400,1.172,228580,71.73,71.77,40331,17490,2.977,3.0010000000000003,910.4,904.6,966.1,93.85,22330,22.65,22.530788,43392200,15453900
2018-05-25,123.190002,123.699997,123.209999,7920700,268.146606,56374800,24687.81055,257210000,716700,1.1652,275720,70.61,70.66,40205,14920,2.931,2.975,900.6,910.4,975.7,93.735,23150,22.309999,22.192579,45369500,40562400
2018-05-29,123.370003,123.639999,122.660004,9013200,265.06262200000003,115908600,24247.83984,395810000,714500,1.154,114460,66.95,67.27,39811,15540,2.79,2.9,907.6,905.3,971.0,94.345,35740,22.15,22.033421,38924900,26313000
2018-05-30,123.099998,123.610001,123.169998,4573700,268.599792,69678400,24459.08984,324870000,893100,1.1663,125330,66.75,68.55,39650,14970,2.857,2.763,910.1,907.6,975.0,94.8,37620,22.440001,22.321896,26859600,24120900
2018-05-31,122.489998,123.779999,123.099998,7862500,266.954376,93519900,24352.15039,429740000,505400,1.1692,21440,68.06,68.15,39840,11580,2.86,2.846,909.7,910.0,981.7,94.05,32320,22.34,22.222422,21951700,24246000
2018-06-01,122.370003,123.089996,122.440002,8059100,269.575287,71258400,24542.08984,315710000,799500,1.1661,296570,67.05,67.28,39482,14820,2.902,2.862,903.7,909.7,996.6,93.96,28830,22.309999,22.192579,34934700,22948100
2018-06-04,122.849998,122.93,122.370003,4345400,270.85614,45385200,24722.14063,340400000,497300,1.1699,324290,65.7,65.98,39461,10160,2.944,2.908,900.9,904.2,994.3,94.165,16760,22.280001,22.162737,14069800,19875500
2018-06-05,122.919998,123.230003,122.279999,6864200,271.053192,51135000,24710.82031,306340000,946400,1.1718,400850,64.92,65.57,39485,11400,2.926,2.939,902.5,900.9,985.7,93.985,20630,22.440001,22.321896,23725600,22309300
2018-06-06,122.860001,123.349998,122.629997,4083700,273.319366,62732200,24854.14063,316090000,815100,1.1773,365650,65.52,65.92,39730,13140,2.974,2.928,906.1,902.5,1015.2,93.805,25220,22.58,22.461159,28884400,16929700
2018-06-07,123.010002,123.150002,122.690002,3700700,273.289825,72969400,25164.48047,357680000,477500,1.1799,327980,65.12,66.14,40056,18470,2.922,2.977,901.1,906.1,1009.6,93.585,18380,22.450001,22.331842,24370400,14214600
2018-06-08,123.230003,123.120003,122.910004,3865700,274.097778,72139700,25165.69922,317510000,412300,1.1768,251830,66.11,66.17,40225,13740,2.948,2.9410000000000003,908.2,901.0,1005.7,93.47,18650,22.360001,22.242317,14786300,15834100
2018-06-11,122.82,123.419998,123.019997,3201200,274.462311,58892500,25290.19922,276740000,990500,1.1784,231280,65.53,66.31,40406,13740,2.952,2.952,905.6,907.5,1016.5,93.51,19870,22.549999,22.431314,22189200,14690600
2018-06-12,123.190002,123.18,122.639999,7279600,274.817017,72329000,25247.03906,265750000,605400,1.1745,260330,66.11,66.65,40430,14530,2.965,2.957,900.4,905.7,1015.3,93.68,24790,22.49,22.371632,18186500,19473300
2018-06-13,123.379997,123.339996,122.470001,5867700,273.940094,79070600,25191.41992,329700000,691500,1.1791,292470,65.82,66.83,40573,11970,2.974,2.9610000000000003,902.4,900.4,1007.2,93.815,42470,22.48,22.361685,26970400,17456900
2018-06-14,121.339996,123.860001,123.32,8015400,274.62982200000005,77097600,25138.59961,341170000,661000,1.1569,279210,66.62,67.14,40896,25470,2.935,2.97,906.2,902.3,1006.6,93.49,31060,22.66,22.540737,27702300,13338000
2018-06-15,121.110001,122.199997,120.830002,14537000,274.279449,120041600,24894.38086,659370000,1783500,1.1609,285800,66.95,67.06,40141,35230,2.922,2.937,888.2,906.1,981.8,94.955,10090,22.23,22.112999,67655000,27494500
2018-06-18,120.800003,121.440002,120.989998,3846000,273.715332,52917600,24825.76953,337070000,306400,1.1623,316120,64.38,65.97,39932,15320,2.917,2.922,885.7,889.1,982.9,94.875,180,22.27,22.15279,25229100,17784900
2018-06-19,120.260002,121.029999,120.580002,4925800,272.666199,97531500,24567.75,376380000,585600,1.159,290590,65.61,65.83,39653,14750,2.897,2.897,867.2,885.7,960.3,94.345,26770,22.049999,21.933947,29906000,15998200
2018-06-20,120.050003,120.809998,120.160004,4548500,273.131378,53785500,24628.39063,359520000,418700,1.1572,368840,65.27,66.48,39535,10020,2.937,2.895,870.8,867.3,957.2,94.645,16230,21.92,21.804632,27917300,20321900
2018-06-21,120.339996,120.32,119.82,5681900,271.419159,71061400,24406.63086,349570000,576100,1.1603,411810,65.69,66.35,39391,11550,2.899,2.937,864.0,870.8,945.6,94.79,28340,21.91,21.794683,20138300,17963000
2018-06-22,119.889999,120.400002,120.099998,4489400,271.914032,54898500,24526.9707,473970000,441900,1.1657,377390,66.01,69.51,39481,10630,2.895,2.904,878.7,864.0,946.4,94.55,18270,22.18,22.063263,31844700,32875800
2018-06-25,119.260002,120.230003,119.830002,9300200,268.212494,137854200,24084.39063,439130000,510000,1.1704,274380,68.9,69.52,39584,10010,2.882,2.893,869.8,880.4,935.4,94.15,16300,22.01,21.894157,27603600,24799600
2018-06-26,118.580002,119.589996,119.089996,8674500,268.806335,68547400,24241.2207,301130000,508200,1.1647,289470,68.16,70.99,39375,11900,2.877,2.882,871.4,869.8,954.7,93.95,15300,21.950001,21.834475,20695400,33644300
2018-06-27,118.220001,119.050003,118.480003,6480100,266.579468,105110700,24115.82031,313790000,2129700,1.1554,166190,70.74,73.17,39463,12190,2.827,2.884,861.0,871.1,943.9,94.375,20160,21.809999,21.69521,29246500,34440900
2018-06-28,118.650002,118.669998,118.010002,7760500,268.103638,76650500,23997.21094,305020000,1087000,1.1569,144220,72.61,74.11,39027,12570,2.84,2.833,853.5,860.8,930.9,94.97,19790,21.93,21.814579,27797900,31061500
2018-06-29,117.459999,118.940002,118.260002,8002800,268.48962400000005,97592500,24269.71094,329070000,413000,1.1685,17120,73.47,74.56,38970,13960,2.86,2.844,856.9,853.6,950.9,95.025,28020,22.309999,22.192579,53961400,21610000
2018-07-02,118.650002,118.209999,117.400002,12021900,269.06366,63554800,24077.56055,244110000,378800,1.1641,265380,73.58,74.43,38560,2310,2.8710000000000004,2.858,819.4,856.6,934.4,94.3,16220,22.08,21.963789,32224400,21536200
2018-07-03,119.050003,119.080002,118.379997,8901000,268.113525,42187100,24150.84961,160960000,393900,1.1657,273460,74.08,75.34,38672,120,2.833,2.869,844.1,819.3,938.0,94.59,15030,22.469999,22.351736,36319300,21090900
2018-07-05,118.860001,119.330002,118.769997,4951900,270.30078100000003,56925900,24177.43945,237670000,640600,1.1691,254020,74.2,74.86,39075,40,2.833,2.842,844.5,846.2,942.7,94.27,13950,22.68,22.560633,39397300,21897200
2018-07-06,119.150002,119.029999,118.730003,2946900,272.587036,66493700,24281.4707,219450000,449700,1.1747,315280,73.17,74.06,39677,8450,2.824,2.8310000000000004,847.0,844.5,947.6,94.125,19780,22.610001,22.491001,34350000,18943600
2018-07-09,118.93,119.730003,119.139999,4074900,275.041534,50550400,24518.42969,240580000,552900,1.1751,212190,73.94,74.3,39855,10620,2.858,2.829,855.3,848.5,954.7,93.73,17460,22.549999,22.431314,24832400,12898200
2018-07-10,117.639999,119.0,118.610001,3754800,276.031219,51966800,24806.9707,235040000,380000,1.1744,261550,74.04,74.73,39518,11490,2.867,2.862,846.0,854.7,937.6,93.805,14450,22.6,22.481052,21568100,15415200
2018-07-11,118.129997,118.529999,117.620003,6974500,274.012238,77054700,24663.82031,237370000,700900,1.1674,560840,74.08,74.08,39211,12650,2.84,2.838,831.7,846.0,937.0,93.955,25190,22.0,21.884211,63565300,38408300
2018-07-12,117.610001,118.260002,117.940002,4585300,276.496399,60124700,24802.90039,233150000,539200,1.1672,416410,70.62,71.25,39125,11990,2.849,2.853,844.6,831.7,948.8,94.485,14680,22.139999,22.023474,30125700,23510400
2018-07-13,117.550003,117.75,117.449997,5444300,276.714142,48216000,24890.06055,255520000,511000,1.1685,302430,70.33,71.69,38833,13110,2.829,2.8560000000000003,831.7,844.5,932.8,94.64,17520,21.959999,21.844419,22024500,19184300
2018-07-16,116.279999,117.629997,117.279999,3670700,276.466705,48201000,24979.64063,231270000,389800,1.171,330000,70.7,70.89,38915,7620,2.8560000000000003,2.823,828.0,832.0,913.5,94.455,12030,21.870001,21.754896,19669600,31202200
2018-07-17,116.309998,116.93,116.120003,7939600,277.58511400000003,52315500,24989.60938,250450000,869400,1.1661,286440,68.06,68.45,38403,15970,2.86,2.86,818.5,828.0,909.2,94.29,18660,21.879999,21.764841,41938300,54456500
2018-07-18,115.809998,116.349998,115.830002,5391800,278.169037,44593500,25101.11914,252870000,668700,1.1639,287110,67.83,69.06,38127,13810,2.875,2.864,821.6,818.5,901.8,94.8,27550,21.860001,21.744947,35836300,22275400
2018-07-19,116.559998,116.470001,115.120003,14227600,277.119934,61412100,25052.61914,285760000,643000,1.1643,313810,68.92,70.17,37873,19300,2.838,2.88,809.2,821.6,866.2,94.82,40050,21.58,21.466421,46406300,22130300
2018-07-20,116.0,116.709999,116.239998,7892000,276.803223,82337700,24986.34961,274080000,1888000,1.172,231510,69.53,70.28,38036,13040,2.895,2.847,828.9,809.3,888.9,94.905,34630,21.780001,21.665369,39138300,22809500
2018-07-23,116.040001,116.309998,115.760002,6247100,277.317871,47047600,24983.33008,228820000,608800,1.1692,316980,69.56,70.56,38191,11740,2.96,2.895,834.0,833.0,902.6,94.195,15260,21.33,21.217737,51711400,23496000
2018-07-24,116.68,116.43,115.910004,4801000,278.713348,68026900,25092.42969,274940000,805100,1.1686,215150,69.0,70.24,38150,14570,2.95,2.958,836.6,834.0,908.6,94.425,13350,21.620001,21.506212,45248700,19964500
2018-07-25,115.769997,116.839996,116.269997,5479600,281.088684,78882900,25113.55078,273670000,527600,1.1728,210870,69.93,70.84,38350,11590,2.9730000000000003,2.949,847.4,836.6,928.3,94.375,19410,21.799999,21.685263,43773100,21492300
2018-07-26,115.830002,116.510002,115.769997,6382700,280.425568,57919500,25463.16016,297530000,1111400,1.1643,183350,70.59,71.05,38256,12100,2.982,2.974,829.5,847.3,933.6,93.94,22630,21.389999,21.277420000000006,60861700,15826300
2018-07-27,115.650002,116.239998,115.769997,5242000,278.52533,76768700,25370.07031,329680000,740600,1.1658,119340,70.67,70.83,38003,14660,2.958,2.9760000000000004,832.3,829.5,918.5,94.545,15970,21.32,21.207788,23550500,15063300
2018-07-30,115.989998,116.019997,115.639999,4157400,277.070465,63742500,25287.38086,296880000,555100,1.1706,81030,69.91,71.39,38146,9620,2.975,2.962,831.3,832.6,922.5,94.485,12400,21.27,21.158052,19823200,17240300
2018-07-31,115.139999,116.349998,115.389999,5508500,278.436218,68570500,25345.21094,348700000,416100,1.1691,21880,71.03,71.16,38000,19710,2.962,2.969,839.7,831.4,931.9,94.12,15480,21.280001,21.168001,22085600,16243900
2018-08-01,114.519997,115.699997,115.129997,7941700,277.971069,53853300,25278.32031,315880000,1443800,1.166,284020,69.28,69.36,37900,14720,3.005,2.958,821.5,839.7,911.9,94.355,10720,21.110001,20.998896,36248800,18113800
2018-08-02,114.919998,115.230003,114.419998,6204200,279.485382,63426400,25120.07031,307700000,908800,1.1584,226450,68.62,70.17,37855,13330,2.986,3.003,825.0,821.3,915.5,94.45,20490,20.940001,20.82979,33471600,17357300
2018-08-03,114.330002,115.529999,114.860001,5953200,280.682892,53935400,25325.16992,239020000,476300,1.1567,175360,69.73,70.0,37736,17230,2.951,2.9930000000000003,832.5,825.0,907.9,95.01,22570,21.16,21.048632,41235200,16502400
2018-08-06,114.589996,114.720001,114.309998,5811600,281.712189,39400900,25381.38086,238990000,280900,1.1554,200580,69.23,70.56,37859,10330,2.945,2.9560000000000004,824.3,836.1,903.6,95.045,15080,20.9,20.789999,25437500,20448200
2018-08-07,114.910004,114.940002,114.419998,5188000,282.642517,43196600,25551.65039,239910000,379000,1.1599,228990,69.5,70.43,37855,13820,2.977,2.943,832.6,824.3,902.9,95.17,15100,20.66,20.551264,32676600,13378800
2018-08-08,114.739998,114.949997,114.410004,3808000,282.523743,42114600,25557.48047,217770000,364300,1.1611,269510,69.79,69.94,37774,14330,2.964,2.9730000000000003,832.0,832.5,886.4,94.99,16850,20.76,20.650738,26936600,28879800
2018-08-09,114.690002,115.120003,114.690002,4252300,282.137787,35652400,25492.68945,214970000,298000,1.1527,197060,67.3,67.92,37877,14220,2.929,2.959,833.7,832.1,898.4,94.955,19150,20.709999,20.601,26457700,16144000
2018-08-10,112.959999,115.230003,114.610001,6757900,280.247437,77076000,25222.88086,234480000,634300,1.1411,228740,67.24,68.33,37908,16060,2.873,2.929,828.8,833.9,901.1,95.48,43150,20.559999,20.45179,34589200,18042000
2018-08-13,113.07,113.809998,112.830002,9130800,279.198334,65686900,25153.92969,219990000,1488100,1.1409,220340,68.19,68.19,37655,22520,2.877,2.866,799.8,830.2,880.9,96.25,20270,19.98,19.874842,71197400,27380100
2018-08-14,111.099998,113.480003,112.839996,7085900,280.979797,43842000,25201.86914,219210000,736300,1.1344,242750,67.73,68.66,37660,12620,2.9,2.877,801.2,799.8,890.0,96.21,20760,19.77,19.665949,31663100,18942300
2018-08-16,112.129997,111.879997,111.099998,7484600,281.138184,69967900,25294.9707,342430000,1219500,1.1377,227200,65.09,65.72,36423,24630,2.87,2.864,781.0,765.3,874.8,96.615,19620,18.16,18.064421,78684200,18469000
2018-08-17,112.690002,112.150002,111.379997,8471000,282.127899,65618500,25521.66016,284160000,963700,1.1439,217160,65.58,66.53,36751,14010,2.864,2.8680000000000003,788.1,781.5,877.8,96.5,17170,18.719999,18.621473,108432900,20418900
2018-08-20,113.019997,112.739998,112.160004,5313400,282.731628,39807500,25716.41016,248570000,455200,1.1481,249100,65.86,66.42,36729,14670,2.819,2.866,795.9,788.2,898.7,96.05,17940,18.790001,18.691107,50865700,17522400
2018-08-21,113.269997,113.099998,112.440002,5042400,283.394714,67272000,25784.90039,241620000,557800,1.1571,201240,66.31,67.33,36881,13550,2.842,2.824,795.3,795.6,910.0,95.625,24690,18.92,18.820421,32200100,10723600
2018-08-22,112.199997,113.489998,113.07,6215600,283.226471,44993300,25722.42969,200480000,1367200,1.1597,300690,66.89,68.96,36831,10000,2.821,2.824,792.9,795.3,918.2,95.095,17930,19.059999,18.959684,29172600,20301600
2018-08-23,114.160004,112.879997,112.059998,5500100,282.850403,49204900,25608.01953,213270000,847600,1.1539,199660,68.82,68.88,36535,18260,2.8280000000000003,2.817,775.6,792.8,911.2,95.08,18330,18.459999,18.362841,60360200,11531100
2018-08-24,114.589996,114.419998,113.209999,9214700,284.552673,57487400,25688.58008,200330000,948300,1.1623,235090,68.67,70.1,36534,20480,2.813,2.824,790.5,775.6,928.6,95.57,23380,18.950001,18.850264000000006,72678300,14303300
2018-08-27,113.68,114.779999,114.120003,4364000,286.799347,57072400,25882.71094,220510000,690100,1.1678,101080,69.37,69.72,36993,14180,2.846,2.821,805.0,792.7,941.9,95.08,18840,19.280001,19.178528,48725600,10867600
2018-08-28,114.199997,114.870003,113.550003,6101400,286.937897,46943500,26037.84961,211470000,460800,1.1695,179660,69.66,69.86,37091,18560,2.884,2.8510000000000004,791.8,805.0,939.4,94.66,18560,18.92,18.820421,52003800,10730100
2018-08-29,113.639999,114.209999,113.849998,5616300,288.481842,61485500,26035.30078,214960000,581500,1.1708,130440,69.22,70.39,36950,18050,2.886,2.878,797.2,792.0,958.5,94.63,18770,18.99,18.890053,32824200,17719500
2018-08-30,113.510002,113.93,113.239998,5431600,287.313965,61229500,25934.80078,240440000,432600,1.1671,90220,70.31,71.11,36802,18790,2.859,2.88,791.1,797.2,963.7,94.455,21370,18.690001,18.591633,41048500,14333900
2018-08-31,112.93,114.059998,113.440002,5048700,287.323883,66140800,25879.76953,273440000,919500,1.1601,25830,70.67,70.96,36656,19710,2.86,2.86,787.8,791.1,980.3,94.655,21920,18.549999,18.452368,32493200,11002800
2018-09-04,113.32,113.07,112.610001,6617500,286.82901,57594400,25805.94922,254600000,1221600,1.1582,320450,70.6,71.89,36000,180,2.898,2.86,777.8,787.4,977.9,95.105,22200,18.02,17.925158,68162500,15035800
2018-09-05,113.540001,113.440002,113.120003,4459200,286.0570370000001,72452400,25871.03906,289210000,505700,1.1629,277120,69.84,70.03,36260,50,2.904,2.898,785.5,778.1,971.6,95.35,24330,17.870001000000006,17.775948,37114900,12873600
2018-09-06,113.230003,114.260002,113.279999,4784700,285.196014,65909900,25880.83984,262380000,1607000,1.1622,274790,69.01,69.42,37086,19490,2.878,2.9,792.7,785.8,961.0,95.04,17390,17.84,17.746105,44015200,15539100
2018-09-07,113.150002,113.599998,112.970001,3714000,284.641754,73524800,25818.39063,281350000,1326300,1.1553,209000,68.33,68.46,36908,21400,2.939,2.875,781.9,792.4,965.8,95.0,26240,17.879998999999994,17.785894,42474300,13748700
2018-09-10,113.220001,113.43,113.0,2316500,285.136597,50210900,25854.13086,252170000,1291400,1.1594,244530,68.39,68.81,37163,15070,2.935,2.944,786.3,782.1,983.6,95.385,23110,17.610001,17.517317000000002,36646400,9941300
2018-09-11,114.169998,113.370003,112.419998,3791300,286.076813,50530500,25754.32031,265960000,1194800,1.1607,280310,67.84,70.25,37005,20450,2.9810000000000003,2.935,792.5,786.3,980.9,95.13,29320,17.57,17.477526,34496300,12411200
2018-09-12,113.760002,114.389999,113.059998,6315900,286.146118,59810800,25929.42969,282770000,1029800,1.1626,315270,70.11,71.5,36963,23320,2.965,2.974,799.8,792.6,993.3,95.11,34870,18.110001,18.014685,80327200,18648500
2018-09-13,113.019997,114.779999,113.580002,5635900,287.838531,51034200,26067.08008,260800000,950400,1.169,298140,70.42,70.44,37025,10740,2.974,2.964,804.2,799.7,997.0,94.85,27960,18.09,17.994789,42941600,18426700
2018-09-14,113.610001,113.900002,112.910004,5375600,287.888,55079900,26068.28906,228640000,1028200,1.163,261060,69.06,70.08,36910,16660,2.999,2.974,794.6,804.2,998.8,94.56,10470,17.98,17.885368,28846500,16358000
2018-09-17,113.440002,114.029999,113.550003,4727300,286.363831,68244000,26030.34961,230230000,1136200,1.1683,207610,68.86,69.8,37136,18840,2.994,2.99,795.4,793.5,1005.3,94.925,60,18.32,18.223579,45917300,14423300
2018-09-18,113.879997,113.910004,113.279999,4737800,287.917725,61930400,26076.21094,243000000,946100,1.1667,259180,68.62,70.48,37171,18950,3.057,2.979,815.2,795.5,1027.4,94.18,19090,18.43,18.333,40661400,14687600
2018-09-19,114.269997,114.150002,113.68,4223200,288.224518,49080600,26280.75977,251330000,1105800,1.1673,275870,69.88,71.55,37290,18350,3.0660000000000003,3.055,824.2,815.2,1053.4,94.15,15320,18.75,18.651316,50131500,17463400
2018-09-20,113.489998,114.370003,113.860001,4384200,290.560242,100360600,26519.39063,260480000,2388000,1.1777,300160,71.41,71.7,37200,10620,3.064,3.0660000000000003,835.0,824.2,1066.8,94.165,28350,18.93,18.830368,45547700,14768600
2018-09-21,113.470001,113.68,112.790001,6831400,290.294769,105479700,26680.36914,657620000,3872100,1.175,297570,70.56,72.11,37291,29690,3.067,3.065,828.7,835.1,1043.1,93.49,23210,18.780001,18.681158,43987000,28359900
2018-09-24,113.650002,113.959999,113.43,4435300,289.330414,53409600,26548.67969,254850000,2862200,1.1748,243310,71.92,73.06,37375,17960,3.089,3.0980000000000003,831.6,829.4,1051.4,93.795,16810,18.799999,18.701052,45806500,24690800
2018-09-25,113.050003,113.889999,113.57,3004800,289.061981,44370000,26475.58008,234110000,1917300,1.1772,240400,72.47,73.05,37602,21070,3.0980000000000003,3.089,827.8,831.6,1073.3,93.82,14780,18.85,18.75079,34694500,18303900
2018-09-26,112.050003,113.599998,112.660004,8297300,288.197052,79739700,26349.33984,262620000,1515000,1.1740000000000002,130530,72.25,72.67,37850,17480,3.048,3.096,827.6,827.8,1058.8,93.76,21090,18.42,18.323053,78326300,11065200
2018-09-27,112.760002,112.419998,111.849998,7683400,289.002319,59249500,26379.94922,226350000,806300,1.1641,124000,72.44,72.86,37410,20650,3.055,3.054,813.2,827.4,1073.5,93.89,27050,18.34,18.243473,42157400,11781900
2018-09-28,112.57,113.0,112.07,6020600,289.032166,70091400,26383.57031,264030000,1303200,1.1609,19680,72.42,74.0,37506,29760,3.065,3.048,818.5,813.2,1064.6,94.63,23140,18.52,18.422527,36328000,18517100
2018-10-01,113.419998,112.620003,112.150002,3892600,290.036316,62078900,26596.05078,238320000,1693300,1.1578,347530,73.73,76.0,38055,21350,3.0860000000000003,3.067,826.9,818.6,1048.4,94.71,14860,18.549999,18.452368,30221100,26228400
2018-10-03,113.480003,114.050003,113.260002,6674500,290.026367,64694600,26789.08008,280130000,1092800,1.1478,345220,75.41,77.12,38500,18840,3.181,3.0610000000000004,827.8,835.9,1048.9,95.115,21510,18.790001,18.691107,47836900,26224200
2018-10-04,113.800003,114.190002,113.260002,6616200,287.759583,111545900,26471.60938,289600000,608200,1.1515,361250,76.41,76.67,38830,20350,3.187,3.198,827.4,827.8,1048.0,95.715,25230,18.75,18.651316,42990700,26401700
2018-10-05,112.540001,114.099998,113.57,7994400,286.1489870000001,105951700,26301.81055,267100000,774400,1.1524,300620,74.95,75.41,38715,20990,3.233,3.193,825.3,827.4,1063.5,95.41,23060,18.65,18.551842,32050300,26026300
2018-10-08,112.599998,112.589996,111.900002,12111600,286.1489870000001,87742200,26223.08984,273020000,608300,1.1492,290090,74.03,74.5,38405,21670,3.2310000000000003,3.237,825.3,825.2,1069.0,95.3,12180,18.709999,18.611526,50616600,19786700
2018-10-09,112.879997,112.669998,111.970001,8352300,285.731415,74339000,26324.16016,282560000,344800,1.149,351400,74.44,75.41,38462,14860,3.2060000000000004,3.2310000000000003,829.3,825.3,1064.8,95.425,21730,18.389999,18.293211,39183800,23300600
2018-10-10,115.779999,112.959999,112.25,10571300,276.684265,214731000,25567.09961,438200000,695100,1.152,319090,74.9,75.22,38336,14070,3.174,3.214,824.5,829.3,1060.7,95.305,20040,18.629999,18.531946,57558300,18077900
2018-10-11,115.230003,116.040001,114.089996,26810900,270.589874,274840500,24899.76953,522880000,1293200,1.1594,482510,72.78,72.84,38415,22680,3.1460000000000004,3.1630000000000003,841.9,824.5,1071.0,95.12,29200,19.870001,19.765423,134790100,29788500
2018-10-12,116.0,115.709999,115.080002,12939300,274.347931,183186500,25000.83008,397510000,916200,1.1563,373090,71.19,72.11,38760,14210,3.167,3.154,841.8,842.0,1060.8,94.715,16370,19.75,19.646053,63982500,26727200
2018-10-15,115.800003,116.529999,115.889999,11828400,272.806915,102263700,25243.88086,287320000,1022000,1.1579,284650,72.42,72.47,39037,17150,3.156,3.158,846.8,843.3,1077.6,95.005,13750,20.059999,19.95442,64151500,22378000
2018-10-16,115.790001,116.599998,115.800003,9531800,278.772064,118255800,25351.5293,305800000,1130900,1.1575,329330,71.93,72.49,38830,17380,3.1630000000000003,3.158,845.2,846.7,1072.8,94.765,15730,19.99,19.884789,40971300,18469600
2018-10-17,115.919998,116.330002,115.68,7078600,278.82180800000003,110626000,25479.16016,298210000,937200,1.1501,336600,72.33,72.36,38741,15180,3.207,3.169,835.1,844.9,1064.9,94.795,24830,19.91,19.80521,43598000,31607600
2018-10-18,116.010002,116.410004,115.629997,7964100,274.795288,134557500,25236.00977,328020000,504900,1.1453,359010,69.94,70.0,38525,9410,3.177,3.207,831.5,835.0,1062.5,95.365,23260,20.0,19.894737,40595000,23906400
2018-10-19,115.709999,116.239998,115.959999,7453900,274.646179,139901600,25350.01953,350810000,577000,1.1515,291070,68.85,69.79,38689,12770,3.196,3.175,833.9,831.5,1072.0,95.695,26370,20.01,19.904684,32958300,20596400
2018-10-22,116.389999,115.779999,115.43,5200500,273.413361,82415800,25236.05078,314940000,411600,1.1465,269910,69.31,69.71,38605,14160,3.2,3.192,824.0,833.8,1108.5,95.385,16460,19.860001,19.755474,30036800,17461800
2018-10-23,116.660004,117.25,116.330002,12704200,272.021484,146352700,24768.78906,436430000,641700,1.1471,513720,69.48,69.5,38720,21430,3.1710000000000003,3.192,835.1,824.0,1126.1,95.775,22790,20.1,19.994211,51504500,46733900
2018-10-24,116.400002,116.720001,116.110001,8563300,263.779633,177806700,24533.18945,496400000,912900,1.1392,366650,66.22,67.61,38782,14870,3.111,3.17,834.6,835.1,1111.5,95.71,28400,19.870001,19.765423,38506000,27014000
2018-10-25,116.769997,116.730003,116.190002,8303500,268.511963,138061500,24645.56055,439670000,1208400,1.1376,215240,66.08,67.53,38590,16360,3.1260000000000003,3.102,829.6,834.4,1087.1,96.12,28290,19.0,18.9,85572300,15381000
2018-10-26,116.309998,117.650002,116.459999,15733100,263.789551,201574600,24445.18945,505310000,1967300,1.1403,229750,66.82,67.77,38571,19950,3.077,3.109,836.0,829.5,1091.6,96.35,28670,19.059999,18.959684,74515900,21719500
2018-10-29,115.800003,116.540001,115.839996,8732500,262.328094,160749100,24122.23047,443850000,1474800,1.1373,117940,67.6,67.85,38373,24210,3.089,3.0810000000000004,836.6,835.7,1076.7,96.225,24380,19.01,18.909948,39090300,21263300
2018-10-30,115.150002,116.040001,115.639999,7233300,266.215393,157116000,24415.68945,470050000,982700,1.1344,115190,66.58,67.16,38167,15930,3.119,3.087,838.4,836.6,1063.1,96.44,16490,19.15,19.04921,33839100,19665600
2018-10-31,116.629997,115.169998,114.660004,11409300,269.058807,128296300,25008.82031,448930000,1466300,1.1312,34700,66.36,66.9,38015,15910,3.149,3.125,841.8,838.4,1066.0,96.78,22880,18.93,18.830368,55037000,31990800
2018-11-01,116.650002,117.07,116.18,13662900,271.922089,99495000,25108.10938,383970000,1130100,1.1409,360160,64.92,65.3,38001,26120,3.134,3.155,867.8,841.8,1080.1,96.885,29790,19.57,19.466999,63588500,36053900
2018-11-02,116.370003,116.980003,116.389999,8796900,270.31149300000004,122634100,25078.7207,429480000,574700,1.1387,312870,63.52,63.88,38444,19910,3.22,3.14,872.1,867.8,1102.7,96.13,31270,19.629999,19.526684,38780200,28761400
2018-11-05,116.040001,116.669998,116.230003,6291500,271.802795,65622500,25261.4707,334740000,597600,1.1407,231140,62.91,64.08,38314,12810,3.201,3.208,867.5,873.6,1119.0,96.275,16870,19.559999,19.457052,29600100,19649400
2018-11-06,116.029999,116.529999,115.739998,7270800,273.522736,60085900,25444.90039,265450000,311700,1.1427,290880,62.78,63.26,38070,16250,3.2310000000000003,3.208,873.2,867.5,1101.2,96.115,14080,19.4,19.297895,26050300,29618600
2018-11-07,115.779999,116.349998,115.900002,8392100,279.37854,102752100,25765.88086,361780000,536800,1.1426,361360,61.76,63.12,38138,2140,3.237,3.213,877.0,873.2,1118.0,95.765,34010,19.309999,19.208368,22573000,25920300
2018-11-08,114.480003,116.150002,115.5,7638800,278.87149,65584900,26081.90039,295650000,783200,1.1363,350470,61.63,62.37,37379,10650,3.239,3.236,867.2,876.8,1110.7,95.995,17930,19.379999,19.278,36788400,27401000
2018-11-09,113.660004,114.75,114.139999,14159200,276.1474,98812600,25882.91016,324450000,1308100,1.1336,292210,60.69,60.73,36689,17330,3.1860000000000004,3.232,855.6,867.2,1099.5,96.475,16030,19.040001,18.939791,48178200,30864700
2018-11-12,113.699997,114.050003,113.580002,7498600,270.987549,99673600,25340.50977,346910000,983300,1.1218,319230,60.74,61.24,36668,13870,3.151,3.1860000000000004,845.0,857.5,1083.9,96.875,21080,18.610001,18.512053,38310500,34847000
2018-11-13,114.639999,113.93,113.419998,9309000,270.480499,98176600,25193.7793,339690000,898200,1.1291,445040,58.92,59.33,36355,15900,3.142,3.151,843.7,845.1,1096.7,97.43,24030,18.42,18.323053,37410700,84955700
2018-11-14,114.769997,115.059998,113.459999,13950200,268.631317,125335900,24935.82031,384240000,1006000,1.131,379720,55.69,57.3,36036,14820,3.127,3.145,838.3,843.7,1110.5,96.91,37710,18.83,18.730894,66754900,55488800
2018-11-15,115.620003,114.989998,114.559998,8910600,271.434906,135101400,24787.78906,392750000,722100,1.1328,316040,55.89,57.23,36420,14670,3.11,3.123,844.3,838.3,1137.6,96.83,36080,19.09,18.989527,39657800,39391900
2018-11-16,115.669998,115.879997,115.370003,8577000,272.140808,126668000,25147.80078,354460000,793800,1.142,327720,56.48,57.94,36680,14360,3.065,3.11,848.0,844.6,1158.9,96.89,23830,19.379999,19.278,46150500,30347000
2018-11-19,115.669998,115.919998,115.370003,8508300,267.537689,103061700,24900.98047,358090000,362800,1.1453,262550,57.1,57.38,36775,10170,3.063,3.057,855.7,848.0,1146.2,96.275,15660,19.389999,19.287947,39968700,34529500
2018-11-20,115.860001,115.949997,115.370003,9075100,262.586578,136021300,24368.98047,445920000,696700,1.1371,417010,57.17,57.21,36500,13890,3.0610000000000004,3.063,844.3,855.7,1125.0,96.095,19070,19.299999,19.19842,33847400,72177700
2018-11-21,115.769997,116.349998,115.860001,8834200,263.481354,75563700,24463.2793,289370000,499100,1.1385,334980,53.33,55.66,36516,16370,3.065,3.065,849.1,844.3,1129.3,96.725,23450,19.809999,19.705736,51285800,38220800
2018-11-23,115.639999,115.879997,115.589996,3726600,261.721649,42807900,24268.74023,155940000,237600,1.1341,279670,53.88,53.91,35776,12300,3.0460000000000003,3.068,843.1,850.0,1101.9,96.4,13660,19.360001,19.258106,30344400,55536400
2018-11-26,114.949997,115.870003,115.529999,4018600,265.94696,79981400,24364.13086,306280000,1064900,1.1328,267380,50.45,52.09,36000,13840,3.059,3.05,846.5,843.8,1126.0,96.805,11230,19.26,19.158632,23593600,39021600
2018-11-27,115.379997,115.629997,114.599998,9671100,266.841736,75502400,24416.0293,308250000,728600,1.1288,271170,51.47,52.22,35725,16110,3.059,3.059,836.5,846.5,1126.5,96.93,19330,18.870001,18.770685,51165000,36086100
2018-11-28,115.739998,116.07,114.589996,13788800,272.98584,127629600,24832.83984,362160000,514900,1.1366,150810,51.92,52.41,35704,16390,3.0610000000000004,3.057,827.8,836.5,1156.1,97.31,29530,19.34,19.238211,49633100,48781800
2018-11-29,115.540001,116.239998,115.559998,6479300,272.389343,82346400,25202.78906,305110000,357000,1.1393,94570,50.48,52.06,35548,14710,3.032,3.048,822.2,828.0,1157.7,96.78,19210,19.17,19.069105,28893400,33119900
2018-11-30,116.410004,115.660004,115.040001,8169600,274.049652,98204200,25250.9707,482250000,491800,1.1317,27020,51.3,51.66,34981,20860,2.9930000000000003,3.026,801.0,822.2,1147.2,96.705,17870,19.09,18.989527,31883800,46819800
2018-12-03,117.120003,116.769997,116.300003,8469500,277.678436,103176300,25670.50977,388480000,508900,1.1354,294770,52.22,53.73,35500,2300,2.966,3.037,808.5,808.0,1162.4,97.055,15840,19.440001,19.337685,47882800,32582300
2018-12-04,117.139999,117.389999,116.93,7186100,268.681,177986000,25008.10938,418900000,706700,1.1345,277420,53.14,54.45,36320,280,2.915,2.975,804.55,808.5,1181.0,96.89,25710,19.6,19.496843,45434300,27194400
2018-12-06,118.089996,117.690002,116.919998,9267600,268.273376,204185400,24242.2207,471690000,652400,1.1376,399990,52.58,53.2,37061,14520,2.892,2.917,789.8,802.05,1156.9,96.94,23220,19.709999,19.606262,50911100,45909400
2018-12-07,117.68,118.230003,117.540001,10402900,262.039795,161018900,24284.7793,398230000,1190500,1.1378,423080,51.42,54.13,37182,16690,2.858,2.901,794.3,789.5,1171.35,96.755,20040,20.200001,20.093685,67727400,43287600
2018-12-10,117.540001,117.940002,117.419998,8117900,262.536896,151445900,23881.36914,389690000,526100,1.1356,264950,52.36,52.73,37700,19880,2.863,2.829,783.75,792.9,1164.85,96.7,37930,20.129999,20.024052,47462700,31402100
2018-12-11,117.790001,117.889999,117.349998,6395400,262.596527,121504400,24221.06055,342960000,541600,1.1316,235330,50.9,52.35,38079,15980,2.879,2.85,787.35,783.55,1176.0,97.14,29720,20.01,19.904684,50550800,20848300
2018-12-12,117.529999,117.949997,117.610001,4136800,263.918793,97976700,24509.08984,344330000,459900,1.1368,246920,51.99,52.77,38140,13700,2.911,2.884,804.65,787.25,1192.3,97.36,36090,20.440001,20.332422,71833500,26276000
2018-12-13,117.059998,117.620003,117.260002,4131800,263.829315,96662700,24473.28906,299970000,1137800,1.1363,252400,51.32,53.2,38224,11230,2.9130000000000003,2.91,796.8,804.6,1191.8,97.075,23060,20.48,20.37221,42891300,53082700
2018-12-14,117.870003,117.300003,116.580002,7501700,258.957794,116961100,24033.78906,416940000,843000,1.1309,206560,52.78,52.78,37980,13120,2.895,2.909,787.35,796.7,1169.65,97.09,11260,20.120001,20.014107,48779800,35792000
2018-12-17,118.150002,118.029999,117.349998,8454900,253.877457,165492300,23456.88086,466740000,1537700,1.1347,246030,51.3,51.84,37905,8620,2.857,2.895,793.1,787.4,1188.0,97.425,360,20.610001,20.501528,67083000,40129600
2018-12-18,117.43,118.199997,117.809998,7542900,253.599075,134515100,23516.01953,408070000,1660600,1.1361,398560,49.31,49.56,37415,13610,2.823,2.859,792.9,793.25,1176.0,96.605,13570,21.09,20.979,79518700,56381900
2018-12-19,119.239998,118.959999,117.400002,13827500,249.801239,214992800,23162.64063,503550000,1642600,1.1377,319370,46.31,48.01,37368,11050,2.762,2.819,787.7,792.75,1195.0,96.39,20140,19.950001,19.845001,120753200,38468500
2018-12-20,118.720001,119.739998,118.68,18615100,245.735001,252053400,22644.31055,576700000,1636900,1.1446,299450,47.07,47.2,37185,15980,2.8080000000000003,2.767,796.4,787.6,1188.45,96.455,31350,20.67,20.67,94498200,44132600
2018-12-21,120.019997,119.25,118.57,13629800,240.699997,255345600,22396.33984,900510000,2328500,1.1369,226340,46.08,46.47,37201,13110,2.7880000000000003,2.801,789.05,796.5,1158.9,95.875,20130,20.440001,20.440001,63178700,38901200
2018-12-24,119.660004,120.139999,119.57,9736400,234.339996,147311600,21792.19922,308420000,655100,1.14,76220,45.34,45.95,37305,9460,2.736,2.826,788.4,791.85,1172.8,96.44,13930,21.09,21.09,60507000,21598200
2018-12-26,120.57,121.0,119.57,14293500,246.179993,218485400,21712.5293,433080000,746300,1.1353,77000,43.09,46.78,37574,19410,2.81,2.7510000000000003,799.25,788.75,1190.1,96.1,15660,20.620001,20.620001,76365200,40978800
2018-12-27,121.059998,120.900002,120.139999,11874400,248.070007,186267300,22267.41992,407940000,744000,1.143,102590,46.41,46.41,38081,19650,2.774,2.803,795.5,799.4,1196.0,96.46,20520,20.969999,20.969999,52393000,36578700
2018-12-28,121.25,121.080002,120.720001,6864700,247.75,153100200,22981.33008,336510000,1061100,1.1438,17110,45.23,46.02,38587,14200,2.716,2.768,790.25,795.6,1185.2,96.02,14170,20.6,20.6,49835000,22803400
