Date,Target,High,Low,Volume,SP_Ajclose,SP_volume,DJ_low,DJ_volume,EG_volume,EU_Price,OF_Volume,OS_Open,OS_High,SF_Low,SF_Volume,USB_Price,USB_Open,PLT_Price,PLT_Open,PLD_Price,USDI_Open,USDI_Volume,GDX_Close,GDX_Adj Close,GDX_Volume,USO_Volume,Close
2011-12-15,0.4971958761154984,0.4767376123339009,0.4164261257687536,-0.5662029021934377,-0.9857321533323771,-0.2967303686717687,-0.9825976201966835,-0.6027448071216619,-0.8740186122646944,0.48350718917395064,-0.9893974267064107,0.6281927710843374,0.6154482107003663,0.24992065003491382,0.1723697776032207,-0.32560975609756104,-0.348086124401914,0.296098517872712,0.30797733217088075,-0.3226837060702876,-0.8133704735376046,-0.6813117511036367,0.7426666279407415,0.7334826127900447,-0.8603792201899004,-0.7879422066710243,0.4178635286846739
2011-12-16,0.4873476749097567,0.4882318090573854,0.4766816533692153,-0.6398216301599305,-0.9834393428102817,-0.20678936297223371,-0.9837400354883541,0.17801063303659737,-0.8520516939990099,0.49309275444037315,-0.5149228389238955,0.5925301204819282,0.5871028699657495,0.28635815400241205,-0.3583386518729441,-0.3987804878048782,-0.4198564593301439,0.3083042720139497,0.29588055797733226,-0.3007759014148794,-0.84440907282133,-0.8172517693224021,0.7871110713975313,0.7782379238631794,-0.8983715921672503,-0.7886361514081218,0.4971958761154984
2011-12-19,0.5450689434404468,0.5016419332953292,0.48933833328782095,-0.7606654633780632,-1.0000000000000002,-0.36072288796637886,-1.0,-0.6081849653808111,-0.6095264077924966,0.4705384832252619,-0.4854922084292346,0.6007228915662652,0.5783630565725764,0.2643940836666032,-0.33978103981540575,-0.448780487804878,-0.4688995215311005,0.2883609415867481,0.31309938971229334,-0.36855317206754945,-0.8344608038201358,-0.987947586013594,0.7199998728888914,0.7106571850030725,-0.9086185047703723,-0.8831261569560178,0.4873476749097567
2011-12-20,0.5499932492136055,0.5446083209978809,0.5504196691718026,-0.8345723739092941,-0.9536299897169627,-0.18601416140960125,-0.9934975617298965,-0.5154240850642929,-0.8563561591237484,0.5179024527769949,-0.4011244010112064,0.6638554216867469,0.7028463446321012,0.2676315622421126,-0.4590799744710098,-0.3060975609756098,-0.32894736842105265,0.3399084568439408,0.2832388840453359,-0.2870835235052489,-0.7875049741345013,-0.6799103076168453,0.8008889377580233,0.7921121571960665,-0.9391807218744147,-0.835091998029856,0.5450689434404468
2011-12-21,0.5193541852092154,0.5473452117390956,0.5380384054229199,-0.7726066221319876,-0.950572273396199,-0.31725980448577196,-0.9489213082515766,-0.5213897131552919,-0.8639748603069711,0.49873132224414984,-0.4960193185677094,0.6915662650602414,0.6924530530294084,0.28934171268964626,-0.2546516765673327,-0.2536585365853661,-0.2775119617224884,0.32748474280732376,0.338709677419355,-0.24486535828388867,-0.8499801034619976,-0.6632331301240277,0.7995554711209896,0.7907694544137651,-0.9648648387201737,-0.8225240912345075,0.5499932492136055
2011-12-22,0.5267404523766861,0.527367217483512,0.516027040585159,-0.8182759748912816,-0.9365599184961022,-0.6318967750189216,-0.9280588395060216,-0.5573689416419387,-0.8754938514858489,0.5021144629264169,-0.6240425612194846,0.7277108433734945,0.7113499468524864,0.2736621595886497,-0.4453335951691295,-0.27439024390243905,-0.29784688995215314,0.3206190061028775,0.32693984306887547,-0.16932907348242798,-0.8296856346995627,-0.8159904701842898,0.7746667161185172,0.7657065822261055,-0.9256843806694616,-0.9205039613441655,0.5193541852092154
2011-12-23,0.48844216265295826,0.5188834199514121,0.5295090885616376,-0.9552883667415654,-0.9222921891745655,-0.7466921045438677,-0.915991377286685,-0.7774171612265085,-0.9077066092737984,0.49760360868339504,-0.7996830547485192,0.7385542168674697,0.7156017479626788,0.290801752047229,-0.7302764004123913,-0.19146341463414673,-0.2165071770334932,0.3218177855274633,0.3194202266782913,-0.10953902327704279,-0.8416235575009958,-0.9010580898325276,0.7920000046222215,0.7899435717702856,-1.0,-0.9793629257735469,0.5267404523766861
2011-12-27,0.38230059660373916,0.4931581357632293,0.4942906516914731,-0.9259609155105057,-0.9210183240608414,-0.7724112376388561,-0.8966288476134809,-0.7293212166172107,-0.9300777026685664,0.5117000281928394,-0.852243142285779,0.7493975903614458,0.7522144797448922,0.26718720243763094,-0.7308655309539005,-0.21463414634146405,-0.23923444976076613,0.34819093286835257,0.34721011333914564,-0.12117754450022833,-0.846398726621568,-0.9222198864830775,0.7511110277530881,0.7486504313922688,-0.9994952173159809,-0.8755110747354679,0.48844216265295826
2011-12-28,0.36342484799035946,0.45785414448977413,0.3875362352136631,-0.6764013148058668,-0.9421647049725759,-0.6334046152198435,-0.9217187415926444,-0.7663204747774481,-0.8855780209564805,0.4372709331829725,-0.6097800249028413,0.7814457831325303,0.7505610015353725,0.12073890687488076,-0.28803574058618486,-0.3134146341463415,-0.3361244019138758,0.23539668700959027,0.3451394943330426,-0.23162939297124652,-0.8471945881416634,-0.705696867773807,0.6706666739851848,0.6674103955468744,-0.91697116318991,-0.9154229675567103,0.38230059660373916
2011-12-29,0.4085625576725129,0.36097418926152525,0.32177752935600035,-0.6032484458725973,-0.9257316323157512,-0.6148875968886224,-0.9194146586433694,-1.0,-0.9053826022815687,0.45193120947279475,-0.6347583292457459,0.7412048192771084,0.7082792016062363,0.011616834888592553,0.046197653296676355,-0.34024390243902447,-0.3624401913875599,0.21839581517000894,0.23169136878814323,-0.2644910999543586,-0.7719856744926394,-0.7850185691261999,0.7213333395259256,0.718578328536229,-0.9343290039863762,-0.85554963535859,0.36342484799035946
2011-12-30,0.5160715973728407,0.4438969759842255,0.4186268688008563,-0.7973816555546649,-0.9336296693621455,-0.7323341665100822,-0.9074900930509471,-0.7271884272997033,-0.9323208746349795,0.4440372145475049,-0.7146738105120176,0.7457831325301207,0.7139482697531596,0.11972322732178009,-0.253669792331484,-0.3682926829268296,-0.38995215311004827,0.2712510897994771,0.22003051438535337,-0.15175718849840303,-0.7922801432550743,-0.827202018078621,0.731555517076544,0.7289016490520168,-0.9536338637069166,-0.9436201943411461,0.4085625576725129
2012-01-03,0.5376831139695937,0.5136835847953991,0.49456606786119606,-0.7424947942961521,-0.9081519123715751,-0.31950283777377475,-0.9060577324891814,-0.5544324925816024,-0.8927117119848031,0.5021144629264169,-0.36950533901822447,0.743855421686747,0.7852840439352784,0.19767663302228167,-0.16510383425794095,-0.2707317073170734,-0.294258373205742,0.3430688753269404,0.28236704446381866,-0.1129621177544502,-0.8460007958615199,-0.720692313082475,0.8368888036246931,0.8352762969910261,-0.9271635522278594,-0.792461086911543,0.5160715973728407
2012-01-04,0.5669538562856808,0.5432402861362542,0.5163020165292349,-0.7822791557334248,-0.905604182144127,-0.5994039338932219,-0.8836237835753327,-0.5773986152324433,-0.8829913001303465,0.4406540738652387,-0.20858016073652053,0.8231325301204822,0.7985118696114326,0.2463657715990606,-0.08733860277873229,-0.23658536585365875,-0.26076555023923476,0.32094594594594605,0.3389276373147343,-0.18096759470561397,-0.8607242339832872,-0.8042183448952421,0.8342222703506157,0.832583571027856,-0.9696163036012816,-0.7660417502055283,0.5376831139695937
2012-01-05,0.551087299260193,0.5610288444272085,0.5138258573274084,-0.7807212364548779,-0.9012727033874648,-0.40283973064242284,-0.8939360949626121,-0.5362574183976263,-0.9252680186324735,0.3493092754440372,-0.2684224427423312,0.8306024096385543,0.7985118696114326,0.22103726274360458,-0.1015759241985369,-0.22195121951219532,-0.24641148325358886,0.310483870967742,0.3207279860505672,-0.22432679141944334,-0.8225228810187026,-0.7410132436409502,0.8413333813037025,0.8397646458800885,-0.9763719492086609,-0.8029032157655455,0.5669538562856808
2012-01-06,0.5319381543983295,0.5774493678565369,0.5449169311402486,-0.8203972585820986,-0.905476480265146,-0.5116036993636813,-0.8845593093860109,-0.6207035113748764,-0.9399799933311105,0.3160417254017487,-0.3234350828208128,0.7836144578313256,0.7763080193693161,0.2011680314860662,-0.18807992537679796,-0.2682926829268295,-0.2918660287081343,0.2784437663469923,0.3053618134263294,-0.33523505248744856,-0.75925189017111,-0.6270758881648097,0.8168887596246939,0.8150785144625459,-0.9733652384130829,-0.8402370764236394,0.551087299260193
2012-01-09,0.5904800493710831,0.5489871655598737,0.5396891690527696,-0.8424681428258793,-0.9015275204149924,-0.7157904283078376,-0.8842810682399853,-0.6482752225519288,-0.9087978821223237,0.3419791372991261,-0.2760442214088972,0.7975903614457833,0.761190504310854,0.18961467656954234,-0.31729589081447296,-0.2707317073170734,-0.294258373205742,0.3211639058413258,0.26002615518744543,-0.3174349612049294,-0.7254277755670513,-0.7731062994884731,0.830222270439505,0.8285436083581101,-0.9930974925315907,-0.8814581262027307,0.5319381543983295
2012-01-10,0.6186567416405855,0.600437761303505,0.6024212960807058,-0.8511461215610395,-0.887387140934176,-0.6495018509232944,-0.8725556505898426,-0.5894535113748764,-0.9068174239898149,0.34479842120101445,-0.3387541033090594,0.7824096385542172,0.790716900909413,0.2143083857043102,-0.23462123815602132,-0.2621951219512195,-0.28588516746411496,0.4104184829991282,0.3208369659982564,-0.24030123231401213,-0.7572622363708721,-0.8049190666386378,0.8666666696296295,0.8653487304457099,-0.9834142832393682,-0.889642645925226,0.5904800493710831
2012-01-11,0.6380797204475486,0.6163108299562472,0.6145275838855127,-0.8598761031650247,-0.8864954426886995,-0.6652464296107328,-0.8716858147795574,-0.6233617705242336,-0.9035233966877849,0.30645616013532617,-0.31977511979775886,0.8040963855421686,0.7682768394945083,0.24446137243699617,-0.40497815307575225,-0.33292682926829276,-0.35526315789473717,0.48114646904969494,0.4109633827375765,-0.20972158831583743,-0.7552725825706332,-0.7296615513979399,0.8595555586765431,0.8581671360813214,-0.9814487966561226,-0.8567068202500031,0.6186567416405855
2012-01-12,0.6074406837991977,0.6592772176587989,0.6398405034970769,-0.846138678650439,-0.8825468055402848,-0.6339239216133511,-0.8743783799324851,-0.6296364985163205,-0.9061101175139189,0.37524668734141553,-0.4818322454061805,0.7751807228915666,0.7805598204795086,0.26813940201866293,-0.33712995237861454,-0.307317073170732,-0.3301435406698565,0.47983870967741993,0.4780950305143854,-0.24851665905979026,-0.7361719060883409,-0.7033144138462617,0.8777777804938269,0.8765693901406653,-0.9680799702406865,-0.6829551426065589,0.6380797204475486
2012-01-13,0.6413623082839242,0.6037216963123262,0.5897646436762032,-0.8394693107236417,-0.8910817384728886,-0.37783727403701595,-0.8885451135612064,-0.5268916913946589,-0.9313912718380876,0.2912320270651261,-0.6346451345130741,0.7320481927710845,0.7148931144443131,0.22167206246429272,-0.3725759732927487,-0.37439024390243913,-0.39593301435406714,0.4678509154315611,0.4780950305143854,-0.22706526700136953,-0.7739753282928774,-0.9223600308317568,0.8479999144888906,0.8464972872846259,-0.9771924409232775,-0.8126147801074057,0.6074406837991977
2012-01-17,0.6714541147386934,0.6600982082528208,0.6560737141335609,-0.852405024343843,-0.8847120461977462,-0.5782668170158273,-0.8670253601509992,-0.5664564787339269,-0.9315731506461751,0.326755004228926,-0.3267177300682943,0.7257831325301203,0.7340262194401794,0.25474512791214377,-0.12985419019097644,-0.3902439024390243,-0.4114832535885169,0.544027898866609,0.4850697471665213,-0.1672752167959839,-0.7254277755670513,-0.7180295704575713,0.8093332931259267,0.8074482977369508,-0.9676042081639367,-0.8326586139781342,0.6413623082839242
2012-01-18,0.6610586833393692,0.6598246724353851,0.6357131404397536,-0.8301326289833657,-0.8664951223338826,-0.4470262239207927,-0.8612109755376105,-0.5494559841740851,-0.9308456354138249,0.39103467719199436,-0.23638833339621934,0.7730120481927714,0.7590646037557578,0.28350155525931564,-0.30924444008051444,-0.34146341463414664,-0.36363636363636376,0.5430470793374025,0.5435919790758503,-0.09698767685988186,-0.7564663748507758,-0.6900007007217435,0.8120000486222207,0.8101413542987659,-0.9799599515619684,-0.7908992535058856,0.6714541147386934
2012-01-19,0.6843114801762895,0.6546248372793713,0.6535975549317343,-0.8567190956701112,-0.8577054897198375,-0.6030129870785712,-0.8398748927911659,-0.5684347181008903,-0.9325431709559753,0.4536227798139274,-0.3871259857374638,0.7787951807228917,0.7590646037557578,0.30806830444994615,-0.42117924296725406,-0.23902439024390265,-0.2631578947368425,0.5360723626852661,0.543374019180471,-0.06549520766773176,-0.8014325507361724,-0.6985495059911708,0.7635556052543198,0.761217997195154,-0.927977008643744,-0.8263014210303705,0.6610586833393692
2012-01-20,0.7141294800419984,0.6721398597528916,0.644517845956655,-0.7808274089787287,-0.8514631472854155,-0.552928536664862,-0.8288222390171622,-0.237450544015826,-0.926379500237453,0.4383986467437273,-0.43346036297777624,0.7650602409638558,0.7321365300578719,0.3041325461816795,-0.17531543031076635,-0.18658536585365892,-0.21172248803827776,0.5647340889276378,0.5357454228421972,-0.05180282975810124,-0.8364504576203737,-0.7938476630929858,0.7648888496691364,0.7625645254760618,-0.9637998703746209,-0.777159513909106,0.6843114801762895
2012-01-23,0.6826697895955438,0.70990682280841,0.7083507572121861,-0.841163737532854,-0.855795066089903,-0.5905273295510377,-0.8201102902130155,-0.5627781899109794,-0.9089393434175029,0.4902734705384848,-0.5018677130890844,0.711566265060241,0.7160741703082558,0.4350282485875705,-0.05984584417497174,-0.14634146341463383,-0.1722488038277512,0.6317567567567575,0.5462074978204012,-0.006617982656321519,-0.8157580580978916,-0.6538434587625255,0.8017776488493853,0.7998180810113562,-0.9288564209852409,-0.8638586623162373,0.7141294800419984
2012-01-24,0.8033100013225272,0.6798026666909687,0.6866143958326041,-0.8699819940066694,-0.8577054897198375,-0.7008378549952625,-0.8302177900604049,-0.6383222057368942,-0.9314114805945417,0.48576261629546114,-0.3702222389918124,0.7481927710843375,0.7144206920987362,0.435218688503777,-0.4183317786832932,-0.1402439024390243,-0.1662679425837319,0.5927419354838714,0.631429816913688,-0.033546325878594185,-0.8643056108237168,-0.6525821596244131,0.748888850024692,0.7464063277903044,-0.9293594448445771,-0.9005553388885531,0.6826697895955438
2012-01-25,0.8730679814927096,0.7941980549017176,0.6524967431900346,-0.4050850138565978,-0.8436925774258284,-0.29881769420807147,-0.8366777552143767,-0.6073813056379823,-0.757030121151495,0.5353820129687064,-0.15832169943025332,0.7320481927710845,0.7198535490728712,0.3994159842569669,-0.07958171731552843,-0.21463414634146405,-0.23923444976076613,0.6644507410636447,0.5909982563208374,0.021223185759926988,-0.8611221647433345,-0.49491976736038124,0.9004444022123463,0.899460229230961,-0.8041847715682473,-0.7589777955994015,0.8033100013225272
2012-01-27,0.8473532506175183,0.8612477729716757,0.8483974582746909,-0.7502020528132469,-0.8531193112817355,-0.5654318691263722,-0.8268970101556046,-0.5178041543026708,-0.8325300352642802,0.6007893994925295,-0.21831490774629292,0.7496385542168678,0.7250501948742176,0.5201548911318481,-0.34793067897294905,-0.3500000000000001,-0.3720095693779908,0.7537053182214475,0.7211203138622495,0.004792332268370725,-0.8885793871866294,-0.5993273071263401,0.9853332447703722,0.9851883305951501,-0.9112303594246182,-0.8862644716773505,0.8730679814927096
2012-01-30,0.8823689525048697,0.8486586393277529,0.8574771397356682,-0.8497030419511478,-0.8588522250167543,-0.514710279425977,-0.846479830580185,-0.6228363006923838,-0.8927723382541657,0.5449675782351289,-0.4254612685356376,0.7510843373493981,0.7113499468524864,0.5107598552656638,-0.4120477195738622,-0.4048780487804877,-0.4258373205741628,0.7279860505666962,0.752397558849172,-0.0011410314924695797,-0.9411062475129333,-0.6881788241889146,0.955111023219755,0.9546672747792602,-0.9654250243817073,-0.9210019902847736,0.8473532506175183
2012-01-31,0.8892079621227196,0.8847836485624958,0.8569267476218703,-0.7900189160435351,-0.8594886661868777,-0.4730470933886699,-0.839150029615928,-0.5064910979228487,-0.8846282094031345,0.5179024527769949,-0.14466286835452602,0.7240963855421689,0.7408763434510455,0.49089062400812544,-0.2680053021748735,-0.4670731707317075,-0.48684210526315796,0.6864646904969489,0.7277680906713169,-0.01985394796896367,-0.9247910863509752,-0.6518814378810174,0.955111023219755,0.9546672747792602,-0.91458004103338,-0.8415791911790285,0.8823689525048697
2012-02-01,0.9299685962252959,0.8935409545447648,0.8943459550382413,-0.8649528832340585,-0.8448391953766583,-0.4350775477207436,-0.8265026768564012,-0.5824369436201782,-0.9085149595319653,0.5630109952072182,-0.24759461193072496,0.7120481927710844,0.6981221211763318,0.5063797371929155,-0.3379154597672933,-0.42439024390243896,-0.44497607655502414,0.7457497820401051,0.6866826503923278,0.036741214057507854,-0.8997214484679663,-0.5134188213860276,0.9595555564543208,0.9591556708967002,-0.9696655506924055,-0.8292017072139125,0.8892079621227196
2012-02-02,0.836684395613672,0.9222766652915988,0.9108541691329051,-0.7831480370000412,-0.8421639979624027,-0.6587247998050707,-0.8181348486295823,-0.6725086547972305,-0.8954601028625704,0.5556808570623062,-0.23959551748858632,0.6812048192771087,0.6624542340852724,0.5044753380308511,-0.2796897245814718,-0.43292682926829285,-0.4533492822966507,0.766129032258065,0.745640802092415,0.09151072569602903,-0.9454834858734582,-0.7261579426809615,1.0,1.0000000000000002,-0.947525465582879,-0.8509446986467162,0.9299685962252959
2012-02-03,0.824100453780598,0.892446428133308,0.8511486209346972,-0.5264770439835932,-0.8184693000927856,-0.45879562579050615,-0.8125466077960888,-0.5844770029673592,-0.891640647892732,0.5545531435015514,-0.1530392785722372,0.6693975903614462,0.6638715011220033,0.4615628769123341,-0.0464922185674308,-0.3097560975609759,-0.33253588516746424,0.7553400174367919,0.7675457715780301,0.0823824737562755,-0.9279745324313575,-0.6402494569406489,0.9542221343506192,0.9537696994582034,-0.8959795905983786,-0.8093537891396733,0.836684395613672
2012-02-06,0.8930377801526768,0.8251227911041994,0.8263860934369309,-0.8416989337245105,-0.8196155953418767,-0.6814324608158286,-0.7954456879560272,-0.6920437685459941,-0.9470732668465247,0.5489145756977729,-0.24234992265026611,0.6966265060240964,0.657257588283926,0.4631498762140547,-0.34027198193332997,-0.33780487804878057,-0.36004784688995217,0.7522885789014824,0.7551220575414126,0.07188498402555865,-0.9228014325507363,-0.7415738210356667,0.9426666234962968,0.9420998978898865,-0.9565623068041014,-0.9067843626236604,0.824100453780598
2012-02-07,0.8602106160551135,0.8910779827627007,0.8412435163876402,-0.7808794118475537,-0.8152845713013013,-0.564299831688337,-0.7975447718674711,-0.6669757665677548,-0.9255711499792861,0.6233436707076407,-0.11587367467833842,0.6816867469879517,0.6893823077831582,0.48447914682917537,-0.31395748441258764,-0.2451219512195122,-0.26913875598086134,0.8074324324324329,0.7517436791630345,0.0874030123231404,-0.922005571030641,-0.5187443066358349,0.9293333349037036,0.9286347567659436,-0.9262225810224576,-0.8315142460079867,0.8930377801526768
2012-02-08,0.8470798270129962,0.8875205393037113,0.8508736174765184,-0.8016545579431132,-0.8101891988559697,-0.5481680877804554,-0.7907561634146889,-0.5986646884272998,-0.9241565370274941,0.6188328164646189,-0.22103158133041556,0.7214457831325303,0.71229479154364,0.5275185678918302,-0.2409052972654523,-0.23902439024390265,-0.2631578947368425,0.8429598953792503,0.8090671316477773,0.11615700593336342,-0.9661758853959421,-0.6430523439142317,0.9142222241283946,0.913374323314754,-0.964215832412149,-0.8533249840246231,0.8602106160551135
2012-02-09,0.8230063763779731,0.8987407897007786,0.8555509599360955,-0.6840045675853119,-0.8080232834585086,-0.5092769205551696,-0.78520473016675,-0.5404611770524235,-0.899885820526034,0.6329292359740633,-0.3274346300418821,0.7293975903614458,0.7146569032715249,0.5365327239256015,-0.2700672590701556,-0.17317073170731723,-0.19856459330143572,0.8308631211857023,0.8414341761115955,0.10018256503879508,-0.9538400318344618,-0.6291780533949969,0.9013332910814822,0.9003578045520173,-0.9659869688679238,-0.9335644041138654,0.8470798270129962
2012-02-10,0.8331280011882369,0.8240282646927426,0.8186821721476254,-0.8087767841859277,-0.8207623306387937,-0.42803703235333534,-0.8050854248980781,-0.6438860039564789,-0.9130013034647914,0.572032703693262,-0.4046334377240314,0.7481927710843375,0.7073343569150823,0.5077762965784296,-0.33840640188521764,-0.23658536585365875,-0.26076555023923476,0.834677419354839,0.8291194420226682,0.06230031948881809,-0.9653800238758459,-0.6050732254221849,0.8675556029432085,0.8662463057667675,-0.954517673110121,-0.9089357744075377,0.8230063763779731
2012-02-13,0.8224591461843906,0.8322385264074059,0.8299630368663524,-0.8789351545893616,-0.8080232834585086,-0.6471456138914881,-0.7943476342906814,-0.6790615727002969,-0.9189830953752262,0.5827459825204393,-0.5883862204278762,0.7349397590361446,0.730719263021141,0.5112676950422141,-0.5374343364917276,-0.24390243902439046,-0.2679425837320575,0.8069965126416743,0.8445945945945947,0.03856686444545865,-0.9419021090330286,-0.7101814869315395,0.859111025353088,0.8577183248066043,-0.9883759276700939,-0.7551437051522192,0.8331280011882369
2012-02-14,0.8495417884073073,0.8319646074482554,0.8211583313494519,-0.8621728965381258,-0.8101891988559697,-0.43888607516097344,-0.7967021174597728,-0.6549208704253215,-0.8807279194074793,0.540456723992107,-0.9518545070369393,0.7689156626506024,0.7538679579544114,0.49774646099155717,-0.43482743384554956,-0.29268292682926855,-0.3157894736842106,0.7747384481255453,0.8066695727986053,-0.013007759014148856,-0.922005571030641,-0.5460724546282671,0.8355555147654328,0.8339295797966069,-0.9474982038002926,-0.8648089454786478,0.8224591461843906
2012-02-15,0.8465325968194146,0.8544059566276188,0.842344300615236,-0.7803550495869023,-0.8182144830652585,-0.31320214464282214,-0.803140752306708,-0.6317074678536103,-0.8894176846827732,0.5133915985339721,-0.20020375051880923,0.7727710843373494,0.7701665288768158,0.4996508601536216,-0.4615346850606312,-0.2987804878048781,-0.32177033492822993,0.7763731473408897,0.7748474280732349,-0.024418073938840656,-0.8933545563072025,-0.533879896293182,0.8262222260839502,0.8245042124288988,-0.9535212989272049,-0.8567892147438538,0.8495417884073073
2012-02-16,0.8287513359492364,0.8377118973808555,0.8142798056321232,-0.7999536307752979,-0.7992334308205511,-0.3495085631898879,-0.798122773897469,-0.610410484668645,-0.9139106975052291,0.5528615731604178,-0.2694789269139344,0.7971084337349399,0.773709696468643,0.45527835967752184,-0.2735038538956256,-0.23658536585365875,-0.26076555023923476,0.7668918918918926,0.7777898866608544,0.03172067549064339,-0.869478710704338,-0.50977506832037,0.8880000024888886,0.8868928523415869,-0.9018848444715304,-0.9025016799321801,0.8465325968194146
2012-02-17,0.9291479424271922,0.8429117599041351,0.8335395950983346,-0.8746449179113048,-0.7946475897524481,-0.5881134385679263,-0.7742177683261073,-0.3006923837784373,-0.93803995271151,0.5590639977445724,-0.34984718711089324,0.8077108433734941,0.8081965276957601,0.4698787532533486,-0.5289901320634296,-0.2170731707317075,-0.2416267942583734,0.7776809067131651,0.7641673931996511,-0.016659059790050446,-0.8993235177079191,-0.9240417630159063,0.8524444921679,0.8509856834020668,-0.9566959774800088,-0.8743996645628606,0.8287513359492364
2012-02-21,0.9816714815802006,0.9178982038713217,0.9083779824169755,-0.7376108581990107,-0.7938833586937788,-0.5705525499984955,-0.7697989347559613,-0.516660484668645,-0.811432093526125,0.6092472511981963,-0.4542504622118252,0.8874698795180727,0.8774064013227827,0.49914302037707126,-0.43826402867101966,-0.14268292682926864,-0.16866028708134007,0.8981037489102008,0.8032911944202268,0.09196713829301695,-0.922005571030641,-0.668418471025156,0.9266666238518524,0.9259415112906171,-0.9384965390727301,-0.8104121006384657,0.9291479424271922
2012-02-22,0.9838600193699896,0.9753692148560082,0.9248866092231816,-0.6711923607785697,-0.7994881451702527,-0.6108976909592502,-0.7719793753772257,-0.6420932245301683,-0.8117756423858459,0.6115026783197068,-0.36075161302494063,0.8959036144578312,0.8689027991023979,0.5381197232273216,-0.40900387844273156,-0.21463414634146405,-0.23923444976076613,0.9730819529206629,0.8977768090671319,0.14582382473756272,-0.922005571030641,-0.6867773807021231,0.9715556006320973,0.9712746143383801,-0.9259763455668385,-0.8569430177990416,0.9816714815802006
2012-02-23,0.9622485301292776,0.9917897382853358,0.9823910016777417,-0.7800148641533392,-0.7918452478531244,-0.5551416908978087,-0.7781958328955603,-0.6535917408506431,-0.8247698727858782,0.6814209190865519,-0.2331434177262952,0.8944578313253013,0.9166174560056692,0.561099473116232,-0.0567038146202562,-0.22195121951219532,-0.24641148325358886,0.9717741935483875,0.9725370531822146,0.12984938384299394,-0.910465578989256,-0.5209866162147012,0.9906665335407436,0.9905744437187807,-0.9143795350195186,-0.8409822888457996,0.9838600193699896
2012-02-24,0.9477498570954741,0.9718113335207708,0.9746870803884362,-0.8311618524288591,-0.7880229631036915,-0.6905030685999958,-0.7650671265294009,-0.7495363501483681,-0.8708054199884812,0.7310403157597971,-0.48934082934007483,0.9597590361445787,0.9451990079130743,0.6268647241795215,-0.3903480779616083,-0.2451219512195122,-0.26913875598086134,0.9485614646904974,0.9714472537053185,0.10155180282975795,-0.963390370075607,-0.5236493588396047,0.955111023219755,0.9546672747792602,-0.9613656570133575,-0.7986498288941011,0.9622485301292776
2012-02-27,0.9967173848075856,0.9685273985119514,0.9631312122115294,-0.8734748533627439,-0.7850932713636474,-0.5213716253764077,-0.7782113121070462,-0.5823442136498518,-0.8634696413956169,0.6989004792782643,-0.37207108629211794,0.9840963855421692,0.9409472068028819,0.6304830825874435,-0.4951151259266532,-0.3085365853658537,-0.3313397129186604,0.9280732345248475,0.9559721011333915,0.07188498402555865,-0.981695185037804,-0.5236493588396047,0.9373333347259258,0.9367137847662554,-0.967757225911357,-0.8113642147896285,0.9477498570954741
2012-02-28,0.7450415025982546,0.9980840998528064,0.9911957071946422,-0.7635732904598571,-0.7799974588704901,-0.5902744096624656,-0.7646359837116754,-0.6721068249258162,-0.8640961128456961,0.7383704539047082,-0.30675772554050496,0.9426506024096384,0.9177985118696115,0.6440677966101696,-0.1321125239334282,-0.2890243902439025,-0.31220095693779903,0.970793374019181,0.9275283347863996,0.15540848927430417,-0.9737365698368485,-0.610258566323313,0.9937778223604927,0.9937166421539583,-0.9095005553488937,-0.8368918599733042,0.9967173848075856
2012-02-29,0.8085077307002089,0.9868634115794928,0.7545742574339154,-0.07592202169819706,-0.7868766678546004,-0.3521728490710033,-0.7691127676764706,-0.462011622156281,-0.7248981983893622,0.657175077530308,-0.12402369543070602,0.9067469879518073,0.8856737923703792,0.5618612327810575,-0.16431832686926207,-0.24878048780487827,-0.27272727272727293,0.8708587619877943,0.9713382737576288,0.0780465540848927,-1.0,-0.4944993343143438,0.9080000464888878,0.9070906348700676,-0.7421140896807119,-0.656464397339207,0.7450415025982546
2012-03-01,0.801121463532739,0.826217700657371,0.8027239374552164,-0.6164983434919493,-0.7778317781652027,-0.5243401726209802,-0.7665227039754274,-0.5942754698318498,-0.8951973890286662,0.6492810826050182,-0.059615892540467175,0.9151807228915663,0.959371678280383,0.5548784358534884,-0.9503166576660611,-0.18048780487804938,-0.2057416267942589,0.9304707933740195,0.868679163034002,0.12072113190324041,-0.9538400318344618,-0.7097610538855021,0.9297776904493844,0.9290837569541723,-0.9093862317444992,-0.5689705998136052,0.8085077307002089
2012-03-02,0.7822457422753968,0.8018608618397955,0.7994223826814131,-0.8310665138360134,-0.7831824076858871,-0.6269608392900315,-0.769478220493804,-0.7357504945598419,-0.9080501581335194,0.5878206935438399,-0.3015507678376034,0.9619277108433739,0.9234675800165353,0.5917602996254683,-0.993617752466984,-0.2426829268292683,-0.2667464114832536,0.9193548387096775,0.9305797733217092,0.09698767685988097,-0.951850378034222,-0.5794268096139024,0.8808888915358022,0.8797115885758429,-0.929394621338237,-0.7362076194765934,0.801121463532739
2012-03-05,0.7015455108528861,0.7766830324281981,0.7697070965543475,-0.7709750321226054,-0.7903163310196988,-0.5422612931781278,-0.7779560984143719,-0.6902200791295747,-0.8669859650186427,0.5962785452495076,-0.4149718899747199,0.9137349397590364,0.885437581197591,0.5351996445121565,-0.9960724630566056,-0.20853658536585362,-0.23325358851674638,0.8476460331299047,0.9157585004359201,0.0814696485623001,-0.896935933147633,-0.7335855931609558,0.8288888038024709,0.8271970800772024,-0.9225184962400726,-0.8834795377851994,0.7822457422753968
2012-03-06,0.7269868454795945,0.6918443455583043,0.6934929215499328,-0.6959652274150459,-0.8157938679863566,-0.28401830365662817,-0.8067669566930893,-0.5860534124629081,-0.8771913870279994,0.5382012968705956,-0.1633022676678113,0.9224096385542173,0.8837841029880713,0.5707484288706914,-0.11748244881928416,-0.2780487804878051,-0.3014354066985647,0.7418265039232788,0.8471011333914564,-0.08922866271109076,-0.9084759251890171,-0.6066148132576554,0.7777777827160492,0.775580855325287,-0.8574068064756408,-0.8341728416762335,0.7015455108528861
2012-03-07,0.7721241448211713,0.7249589008671302,0.713578106588121,-0.8255368754509624,-0.8038195065808273,-0.5299427058598508,-0.8035486763072046,-0.4847304648862514,-0.90035062192448,0.5579362841838176,-0.2916650945176019,0.8698795180722894,0.864650997992205,0.5867453818320318,-0.416368010211596,-0.2512195121951222,-0.27511961722488065,0.7748474280732349,0.7406277244986925,-0.009812870835235188,-0.8718662952646241,-0.6459953752364935,0.7866665380740767,0.784557269733144,-0.9382406300813545,-0.856465129734708,0.7269868454795945
2012-03-08,0.8022159512759415,0.7668307895254918,0.7559500451196892,-0.8405982063343829,-0.7866219681731599,-0.6424028399410583,-0.7873077785965199,-0.7059841740850644,-0.9211050148029142,0.6261629546095291,-0.3207938723918048,0.9014457831325304,0.8802409353962442,0.6307370024757191,-0.6505474004614855,-0.19756097560975627,-0.22248803827751207,0.8404533565823895,0.7747384481255453,0.03582838886353246,-0.8754476721050546,-0.6552449022493168,0.8155555152098772,0.8137319861816381,-0.9540814845887385,-0.885462498603871,0.7721241448211713
2012-03-09,0.7663795955904855,0.7947455096783038,0.7339386802819292,-0.735725754204107,-0.7798696543136834,-0.617708853016722,-0.773603144275528,-0.7068805637982196,-0.901421686016551,0.5376374400902169,-0.5129985284684754,0.9175903614457834,0.9038620526750916,0.5832539833682473,-0.18572340321076142,-0.18048780487804938,-0.2057416267942589,0.8878596338273765,0.8401264167393201,0.08512094933820169,-0.920015917230403,-0.6036717819353934,0.8120000486222207,0.8101413542987659,-0.9678504436195557,-0.8818627747169748,0.8022159512759415
2012-03-12,0.6906032596005569,0.7676517801195128,0.7655797334970234,-0.8911796634114316,-0.7797428618668754,-0.6969653611273072,-0.7709838212307951,-0.7168954005934719,-0.9131023472470623,0.5607555680857059,-0.47111647737991935,0.9318072289156627,0.8887445376166294,0.6248333650733193,-0.34105748932200886,-0.1719512195121955,-0.19736842105263186,0.9113993025283351,0.8966870095902357,0.06024646280237311,-0.8563469956227614,-0.6793497302221287,0.7733332494814831,0.7710923175227131,-0.9645385767414784,-0.9244625590264999,0.7663795955904855
2012-03-13,0.6159213839977924,0.7629993997400843,0.6838628204610555,-0.5981608318725584,-0.7481504643208639,-0.35993382841384514,-0.7645761448068327,-0.5217606330365976,-0.913789444966504,0.5207217366788841,-0.5389201222503114,0.9089156626506025,0.8837841029880713,0.598997016441313,-0.3325150964701261,-0.06341463414634196,-0.09090909090909127,0.9025719267654759,0.9115082824760248,0.0823824737562755,-0.8726621567847204,-0.4678719080653073,0.7617777830716044,0.7594225159543957,-0.9219653458772711,-0.8880917984520821,0.6906032596005569
2012-03-14,0.657228865309412,0.6308154532383821,0.6115010050557852,-0.40802317594520643,-0.7500609906286242,-0.5237505873233269,-0.7233806976360966,-0.520276953511375,-0.7788757868784546,0.4897096137581052,-0.6409840395426933,0.9122891566265061,0.8759891342860517,0.5489747984510887,-0.22175855466640482,0.11707317073170698,0.08612440191387538,0.8599607672188321,0.9033347863993026,0.04404381560931103,-0.846398726621568,-0.4552589166841847,0.6733332517037054,0.6701035937938229,-0.8278093047102205,-0.8588692179663939,0.6159213839977924
2012-03-15,0.6632472211291582,0.6691294605615061,0.6247076643766447,-0.7575864601863871,-0.739742558527241,-0.4397740301774248,-0.7226190249423361,-0.5263353115727004,-0.8747461274970445,0.5201578798985063,-0.9667584801720561,0.8843373493975906,0.8568560292901855,0.5367866438138766,-0.37503068388237015,0.12317073170731696,0.09210526315789425,0.8917829119442029,0.8590889276373153,0.08603377453217664,-0.8081973736569843,-0.6918225772545722,0.6742221405728412,0.6710013580283911,-0.9431222479890039,-0.5188216488786108,0.657228865309412
2012-03-16,0.6711802807935947,0.6570877816941687,0.6423166626989034,-0.7606221276540424,-0.7372600580558033,-0.49122071300262826,-0.7107777045699262,0.18759272997032617,-0.6805399779724556,0.572032703693262,-0.44021431536052535,0.8821686746987953,0.8837841029880713,0.526502888338729,-0.19642594138151104,0.14634146341463383,0.11483253588516718,0.8578901482127295,0.8922188317349606,0.056366955727977786,-0.8400318344608042,-0.6937845981360802,0.6648888518913587,0.6615758489755492,-0.941373976254108,-0.8612604892768143,0.6632472211291582
2012-03-19,0.6312407108296987,0.6778871770527566,0.6643280275366643,-0.817573936162145,-0.7302227105514434,-0.6073803790978756,-0.7151888004672973,-0.5712475272007914,-0.9166792971394506,0.6092472511981963,-0.5576727162962685,0.9243373493975906,0.9050431085390342,0.5369770837300831,-0.5383180323039913,0.24024390243902438,0.20693779904306187,0.8739102005231043,0.8714036617262426,0.0823824737562755,-0.8531635495423799,-0.7185901478522878,0.6502220966617309,0.6467641795706995,-0.9410477142754127,-0.9128742312135976,0.6711802807935947
2012-03-20,0.6334292486194886,0.644499085926495,0.6381897123531242,-0.7802423767044483,-0.7354687113674683,-0.6223678814466428,-0.7316673566510365,-0.6190343719090011,-0.8501520708923177,0.6002255427121517,-0.3432064294608158,0.9537349397590364,0.9109483878587459,0.5028248587570623,-0.356276694977662,0.22560975609756095,0.19258373205741597,0.8231255448997388,0.8734742807323457,0.027612962117754325,-0.8778352566653407,-0.8068810875201458,0.6617777852938267,0.658433981139017,-0.9071498861600724,-0.840846795678134,0.6312407108296987
2012-03-21,0.6159213839977924,0.6554458278733932,0.6486447963024342,-0.8879533187580849,-0.7384120592583658,-0.6195958626346214,-0.7336873454257669,-0.6400531651829873,-0.8757565653197532,0.5928954045672397,-0.4683998037957968,0.9036144578313257,0.8908704381717256,0.5161556528915128,-0.3761107565418037,0.14390243902438993,0.11244019138755945,0.789341761115955,0.8227986050566698,-0.010953902327704323,-0.8738559490648621,-0.7792726508303552,0.6573332076148177,0.6539454433364431,-0.9182515875591296,-0.8647979595461345,0.6334292486194886
2012-03-22,0.6695390005534265,0.6070060691973929,0.5930666111615506,-0.791856350742016,-0.7513347383962616,-0.5656103017931852,-0.7521490827986819,-0.6487079624134522,-0.8932977659219741,0.5850014096419516,-0.32962306154020304,0.9149397590361448,0.8781150348411484,0.47749634990160583,-0.20840492905886387,0.1268292682926826,0.09569377990430583,0.752724498692241,0.789341761115955,-0.18256503879507102,-0.8766414643851972,-0.6933641650900427,0.6124444086123462,0.608612718115703,-0.9408023582321351,-0.8245088830419314,0.6159213839977924
2012-03-23,0.7480506941861482,0.6663929803292721,0.6588252895051103,-0.8009286845657653,-0.7455766392573591,-0.6274544749460966,-0.7549809569890482,-0.6243818001978241,-0.8538098558105228,0.6272906681702848,-0.2608006640757651,0.8840963855421686,0.9048068973662455,0.49793690090776366,-0.4168589523295203,0.06707317073170715,0.03708133971291838,0.7600261551874459,0.7528334786399307,-0.14217252396166158,-0.8666931953840038,-0.655385046597996,0.6573332076148177,0.6539454433364431,-0.9132442136866461,-0.6966912202258341,0.6695390005534265
2012-03-26,0.7163179904757491,0.7391895778228479,0.7256843668788258,-0.7459421511420048,-0.7204991937737109,-0.628956844334121,-0.7395906388567774,-0.6486461424332346,-0.8642779916537837,0.6752184945023973,-0.5575972531411539,0.9149397590361448,0.883075469469706,0.5498000380879833,-0.4745937453974176,0.0914634146341462,0.06100478468899517,0.8185483870967745,0.786944202266783,-0.10178000912825214,-0.8985276561878228,-0.7335855931609558,0.696000006755555,0.6929948107111412,-0.9304411220246184,-0.9393375116496658,0.7480506941861482
2012-03-27,0.668991770359844,0.7487682849081203,0.7306371255081259,-0.7961682552820831,-0.7261288136158073,-0.6302004021889143,-0.7179529067161683,-0.6263909495548963,-0.8604585366839452,0.6526642232872861,-0.24506659623438865,0.9216867469879519,0.8925239163812448,0.5682092299879389,-0.4738082380087387,0.010975609756097349,-0.017942583732057926,0.8237794245858767,0.8205100261551879,-0.1252852578731174,-0.9279745324313575,-0.7103216312802186,0.6639999630222229,0.6606780847409814,-0.9521845921681297,-0.8823589726688308,0.7163179904757491
2012-03-28,0.6626999909355766,0.6964967259377319,0.6626772639068137,-0.7940123030120496,-0.7350848576492224,-0.509448619913801,-0.7421286032587218,-0.5884953016815035,-0.9355138581547385,0.6521003665069083,-0.24102931743576206,0.9154216867469882,0.8743356560765325,0.5134260140925537,-0.4079238057832981,0.02804878048780468,-0.0011961722488038617,0.7910854402789891,0.8225806451612909,-0.19694203560018275,-0.9148428173497809,-0.6143227524350081,0.6204444084345684,0.6166918878011487,-0.9135634403666095,-0.8391384831722978,0.668991770359844
2012-03-29,0.6856789538273973,0.6548987836057885,0.639290111383279,-0.7936071139924553,-0.7381555553808405,-0.44042547774399665,-0.7492013058860483,-0.6048466864490605,-0.8939646548849618,0.6436425148012415,-0.19669471380598436,0.8855421686746989,0.8448092594779735,0.5092363359360124,-0.4595709165889341,-0.02317073170731687,-0.05143540669856472,0.7810592850915437,0.7908674803836093,-0.19465997261524448,-0.9160366096299244,-0.7289608296545442,0.6262222305283944,0.6225268121994965,-0.9337749742112331,-0.7845145957268383,0.6626999909355766
2012-03-30,0.7081110968662139,0.6787081676467777,0.6780850789713218,-0.8692907892085381,-0.7307348088743215,-0.5644736352057751,-0.7269508382050529,-0.49684718100890224,-0.9108995927935576,0.6673244995771075,-0.3447156925631062,0.8303614457831328,0.8081965276957601,0.5299308068304449,-0.5968383327605675,0.04390243902438984,0.014354066985645453,0.7941368788142986,0.780296425457716,-0.1613418530351436,-0.920015917230403,-0.6642141405647817,0.647555563387654,0.644071123008884,-0.9546100114059781,-0.9112208483703284,0.6856789538273973
2012-04-02,0.6246750974603317,0.7123697945904741,0.6943183171219096,-0.8691239466710581,-0.7175565206228123,-0.4960703782204413,-0.7258084229133823,-0.689725519287834,-0.9009770933745593,0.6554835071891745,-0.17741387767422567,0.8298795180722893,0.8398488248494154,0.5273281279756237,-0.5198586086700377,0.0024390243902439046,-0.02631578947368407,0.8250871839581517,0.8086312118570187,-0.15358283888635338,-0.9351372861122167,-0.7305024174900148,0.6853332514370387,0.682222395550369,-0.926256878103776,-0.878389389053983,0.7081110968662139
2012-04-03,0.5513611332052926,0.7033385422817888,0.6216810855469173,-0.6680331864974551,-0.724977487153244,-0.4789610421309405,-0.7301538268773924,-0.642773244312562,-0.762668364202209,0.6053002537355505,-0.2977021469267631,0.8727710843373495,0.8325262784929728,0.5537992763283186,-0.48117236977760314,0.1402439024390243,0.10885167464114831,0.8013295553618138,0.8247602441150832,-0.16362391602008186,-0.9458814166335054,-0.6059140915142597,0.6124444086123462,0.608612718115703,-0.8886540857937093,-0.9268684782469381,0.6246750974603317
2012-04-04,0.5814525293194843,0.5610288444272085,0.5504196691718026,-0.6863793652616503,-0.7428903526378992,-0.516460097889676,-0.7514840585282863,-0.639620425321464,-0.8225671183323735,0.5534254299407957,-0.09946043844093133,0.8496385542168674,0.8074878941773944,0.4220148543134643,-0.05444548087780443,0.054878048780488076,0.025119617224880653,0.7067349607672191,0.7991499564080216,-0.25079872204472853,-0.8929566255471553,-0.6814518954523159,0.521777699516051,0.5170498812666777,-0.8020557142894833,-0.8597773883875031,0.5513611332052926
2012-04-05,0.6104498480310503,0.5788174027181636,0.5834365100726724,-0.8382255754442454,-0.7437854099151109,-0.5562564742336286,-0.7531078274265894,-0.6874381800197825,-0.8787474612749706,0.509444601071328,-0.3508659397049392,0.7983132530120483,0.7904806897366248,0.4450580841744429,-0.6210908733860276,0.0024390243902439046,-0.02631578947368407,0.716434176111596,0.7047733217088057,-0.20013692377909642,-0.8651014723438122,-0.9436619718309859,0.49911112224197485,0.49415904217638196,-0.9399343782510776,-0.9409835705379261,0.5814525293194843
2012-04-09,0.6577760955029945,0.6152159204030747,0.6145275838855127,-0.8538676050295442,-0.7638733584602599,-0.59784938136679,-0.7741152688071922,-0.6996476261127598,-0.9117079430517244,0.5308711587256845,-0.6964871901294194,0.812289156626506,0.7715837959135468,0.45845235828096254,-0.5144582453728704,-0.15975609756097553,-0.18540669856459324,0.7387750653879688,0.7491281604184832,-0.19968051118210894,-0.8543573418225234,-0.839254432065027,0.5115555219654326,0.5067264190657561,-0.9597827147986631,-0.9141467683964016,0.6104498480310503
2012-04-10,0.6569554417048908,0.6581827186146079,0.6024212960807058,-0.7229352152593752,-0.7935575912885082,-0.1441742260325265,-0.8114642208401706,-0.533630069238378,-0.8688249618559722,0.5190301663377506,-0.20201486624155762,0.8072289156626506,0.780087398133932,0.4648003554878435,-0.3740487996465216,-0.23414634146341484,-0.25837320574162703,0.7136006974716658,0.7384481255448998,-0.2197626654495668,-0.8619180262634307,-0.6357648377829164,0.5364444547456784,0.5318617395850389,-0.8792364590286188,-0.8980706871517687,0.6577760955029945
2012-04-11,0.7015455108528861,0.6570877816941687,0.6648784196504622,-0.8157408350360662,-0.7794827789337022,-0.48600450332067824,-0.8102347852410707,-0.6389713155291792,-0.9164772095749089,0.5353820129687064,-0.3691657548202091,0.7737349397590363,0.7841029880713357,0.4743223512981656,-0.44700279837007206,-0.1719512195121955,-0.19736842105263186,0.6768744551002617,0.7127288578901485,-0.23528069374714766,-0.8499801034619976,-0.7415738210356667,0.5120000552888873,0.5071755609391186,-0.9521696421583242,-0.8682127535690547,0.6569554417048908
2012-04-12,0.6509370858851447,0.7025175516877669,0.6571745258752615,-0.8325442620251218,-0.7565801818183742,-0.4852112354505309,-0.7929579343429896,-0.6557554401582593,-0.5717562419796498,0.5782351282774174,-0.5681243632796289,0.812530120481928,0.8103224282508563,0.47749634990160583,-0.31189552751730565,-0.14878048780487818,-0.17464114832535893,0.7205754141238017,0.677092414995641,-0.15860337745321784,-0.864703541583765,-0.640389601289328,0.5857778314271589,0.5816828136948413,-0.9110676681414412,-0.9128724002248454,0.7015455108528861
2012-04-13,0.6402682582373385,0.6822660489820151,0.6491951884162321,-0.8149694591484964,-0.7776918869614535,-0.422401253405318,-0.7854231343409017,-0.5901953511374878,-0.7147331938929139,0.5167747392162401,-0.9845677847790817,0.8390361445783132,0.802291248376048,0.46029327747095783,-0.2633904462663851,-0.23048780487804876,-0.25478468899521545,0.6693548387096779,0.7202484742807327,-0.20743952533089915,-0.8985276561878228,-0.7274192418190737,0.5568888542913584,0.5525080972463472,-0.9279224850785712,-0.9444001955495986,0.6509370858851447
2012-04-16,0.6345232986660743,0.647235566158729,0.6315861900939734,-0.8880009880545078,-0.7788434481161906,-0.5125493083314379,-0.784356224663501,-0.652015331355094,-0.8769084644376409,0.5517338595996621,-0.16496245708033064,0.8185542168674702,0.7897720562182591,0.45210436107408114,-0.4371839560115861,-0.23902439024390265,-0.2631578947368425,0.6502833478639936,0.6627070619006106,-0.1672752167959839,-0.8515718265021892,-0.6468362413285684,0.5186665884740758,0.5139078717450116,-0.9309925135627369,-0.9134381757492863,0.6402682582373385
2012-04-17,0.608808567790883,0.6412151509176756,0.6101252173700105,-0.8681402257357865,-0.752869595875332,-0.512329213320251,-0.7706340370558582,-0.6695412957467854,-0.8935806885123325,0.5438398646743732,-0.10591253820322233,0.8272289156626507,0.8299279555922996,0.4625785564654352,-0.4175462712946143,-0.22195121951219532,-0.24641148325358886,0.6654315605928511,0.6494115082824763,-0.12482884527612947,-0.8762435336251491,-0.7845981360801626,0.5395555657876536,0.5350034185080601,-0.9488182017248794,-0.9199455097747334,0.6345232986660743
2012-04-18,0.6120911556272577,0.6182263195944593,0.6189299228869118,-0.8708292074112756,-0.7588836268295869,-0.6133010611483278,-0.750202523630088,-0.6751050939663701,-0.8995018541534048,0.5415844375528618,-0.09598913330566361,0.852530120481928,0.8167001299161449,0.47775026978988144,-0.5606068044577543,-0.2475609756097561,-0.27153110047846907,0.6587837837837842,0.6648866608544028,-0.14354176175262445,-0.8822124950258656,-0.7785719290869596,0.5182222329283945,0.513459438297317,-0.9498400788656989,-0.9249239681920634,0.608808567790883
2012-04-19,0.6151003198591103,0.6324574070591584,0.6175541352011371,-0.8177126104790116,-0.7702709204310219,-0.2985925492157484,-0.7754606071285597,-0.5938427299703265,-0.8950155102205787,0.5500422892585295,-0.2710636531713392,0.8171084337349399,0.7862288886264324,0.4787659493429821,-0.3502872011389856,-0.25609756097561,-0.2799043062200961,0.6538796861377509,0.6592197035745424,-0.10611592879963538,-0.8802228412256277,-0.729801695746619,0.5173333440592587,0.5125611545505924,-0.9504917234107481,-0.9180156476298765,0.6120911556272577
2012-04-20,0.6022433647620935,0.6124794401708407,0.6225064811188941,-0.8343015256341643,-0.7673280125879496,-0.5320157231162675,-0.7624266606755725,-0.3704562314540061,-0.9300372851556581,0.5996616859317738,-0.36920348639776635,0.8474698795180726,0.8448092594779735,0.5032692185615439,-0.6175560901369728,-0.26707317073170733,-0.2906698564593304,0.6595466434176118,0.653225806451613,-0.06230031948881809,-0.8842021488261045,-0.6734636675776049,0.4955554778765445,0.49056841029351017,-0.948937801803323,-0.9207346659269472,0.6151003198591103
2012-04-23,0.6085351441863609,0.5925010354062765,0.586188085444221,-0.8401951841009896,-0.7821702976870737,-0.41146720258188696,-0.7853651820132836,-0.5952027695351139,-0.7649317449250761,0.5607555680857059,-0.2755914424782101,0.8431325301204822,0.802291248376048,0.43953532660445616,-0.31592125288428485,-0.29024390243902465,-0.31339712918660334,0.6131211857018308,0.6665213600697473,-0.08192606115928802,-0.9080779944289699,-0.7429752645224581,0.44755556783209816,0.4420940533781266,-0.8716330599240365,-0.9173088859715134,0.6022433647620935
2012-04-24,0.6172888576489002,0.6198683007825023,0.6249826403207197,-0.9198505784235764,-0.7755169212470465,-0.5560679416045431,-0.7697255051498257,-0.6114614243323444,-0.8615296007760164,0.5827459825204393,-0.38878617514998315,0.8260240963855423,0.8070154718318179,0.4537548403478704,-0.5412636850115371,-0.24878048780487827,-0.27272727272727293,0.5896904969485615,0.6127942458587623,-0.09561843906891854,-0.8985276561878228,-0.7770303412514891,0.4519999232888905,0.4465822605820555,-0.9503474997867426,-0.9430983625467588,0.6085351441863609
2012-04-25,0.6558609813177267,0.6138478855414498,0.5828861179588745,-0.7054882527686112,-0.7514629976691549,-0.5023361423152017,-0.7567534736098152,-0.607906775469832,-0.8382491133408106,0.599097829151396,-0.12990982152963826,0.8416867469879519,0.8178811857800872,0.3838633911001077,-0.24610928371544993,-0.23170731707317094,-0.2559808612440193,0.6044027898866609,0.589036617262424,-0.12300319488817912,-0.9144448865897337,-0.7153668278326677,0.503111122153086,0.4981988159326163,-0.855348981596538,-0.8622107724392248,0.6172888576489002
2012-04-26,0.6654357589189472,0.6527093476411592,0.6472694213282035,-0.7959515766619792,-0.7390515074219641,-0.5610867811904194,-0.7408334776592294,-0.6934965380811079,-0.8694716420625057,0.591203834226107,-0.19360072444628917,0.8465060240963858,0.8266209991732612,0.43674220783342843,-0.4869654867691099,-0.28170731707317076,-0.3050239234449763,0.6332824760244118,0.6046207497820406,-0.09470561387494314,-0.9299641862315964,-0.7596524420152757,0.501333299970371,0.49640333469185793,-0.9282962353237074,-0.9209342437009409,0.6558609813177267
2012-04-27,0.679113778154647,0.6688559247440704,0.67615889917175,-0.8395494818130801,-0.7361086142471529,-0.5845128020178041,-0.7183627192268576,-0.6833580613254204,-0.9150019703537544,0.6171412461234844,-0.3873523752028073,0.8501204819277113,0.8285106885555686,0.4627689963816417,-0.6288477588492316,-0.2939024390243903,-0.3169856459330145,0.642872711421099,0.6325196163905846,-0.02943861250570512,-0.9212097095105456,-0.6817321841496742,0.5257776994271621,0.5210893244242667,-0.958057307784646,-0.9485492160621657,0.6654357589189472
2012-04-30,0.6637944513227407,0.6663929803292721,0.6530471628179373,-0.8590353901190216,-0.7427621080332669,-0.6503005896063392,-0.7214941648702857,-0.6307492581602375,-0.902593793890893,0.6092472511981963,-0.3867109383843339,0.8701204819277109,0.8320538561473958,0.40919189995556415,-0.5456821640728557,-0.3158536585365854,-0.33851674641148355,0.6429816913687882,0.6483217088055802,-0.02761296211775477,-0.9546358933545562,-0.728820685305865,0.5075554776098783,0.5026870231365457,-0.9606999418708443,-0.9297248207004264,0.679113778154647
2012-05-01,0.643824242322196,0.6746028315349548,0.6690053699962424,-0.8718735983601763,-0.7316305408915325,-0.5503951294615268,-0.7217569287377938,-0.6445660237388725,-0.9233481867693273,0.6081195376374406,-0.43881824699090677,0.869156626506024,0.8622888862643205,0.4079223005141879,-0.9414796995434237,-0.28414634146341466,-0.30741626794258403,0.6414559721011335,0.644180470793374,-0.04358740301232311,-0.9478710704337452,-0.8186532128091935,0.5097776997827177,0.5049309378249978,-0.9634630554478276,-0.9080019701438974,0.6637944513227407
2012-05-02,0.599507596778722,0.6362888242118308,0.6379143236975051,-0.9104965623936921,-0.737004228918277,-0.6250978170825291,-0.7183627192268576,-0.714515331355094,-0.92767286065052,0.5618832816464625,-0.22763460740293562,0.8951807228915662,0.85307665052557,0.4178251761569225,-0.9794786194707643,-0.3048780487804881,-0.32775119617224924,0.6178073234524852,0.6400392327811688,-0.09516202647193062,-0.9458814166335054,-0.7310629948847313,0.4751110783308645,0.4699216748051789,-0.9521265509535909,-0.9144378956080073,0.643824242322196
2012-05-03,0.6131856160144218,0.6007112971209407,0.5996697207091564,-0.7471273831939729,-0.7506946154926644,-0.5296586444209386,-0.7215657078991979,-0.7104352126607321,-0.8114118847696707,0.5590639977445724,-0.16813190959514024,0.8812048192771085,0.8384315578126844,0.4171268964641657,-0.9865481859688742,-0.2987804878048781,-0.32177033492822993,0.565170008718396,0.617262423714037,-0.12437243267914244,-0.9172304019100679,-0.7148062504379511,0.3960000134222217,0.39002887566636013,-0.8734384934611297,-0.852704278837615,0.599507596778722
2012-05-04,0.6025167883666147,0.6143949298090536,0.6051728714522544,-0.7857481804412878,-0.7794827789337022,-0.3185374497132347,-0.7511980777765177,-0.6742705242334324,-0.8750896763567655,0.5201578798985063,0.17816850922537064,0.8134939759036144,0.7744183299870087,0.40481178188281586,-0.9826206490254797,-0.3646341463414635,-0.3863636363636367,0.5395597210113339,0.5652789886660856,-0.1750342309447741,-0.9188221249502595,-0.6545441805059211,0.40355547992098906,0.39765909239195496,-0.9129170722956093,-0.6511472060027135,0.6131856160144218
2012-05-07,0.5182601351626297,0.5968798799682693,0.6018709039669079,-0.9257615711800102,-0.7782035452365059,-0.5969656346679522,-0.7613152038068747,-0.6857381305637984,-0.8869926339082725,0.5038060332675496,-0.44021431536052535,0.7040963855421689,0.6685957245777727,0.4372500476099792,-0.37306691541067305,-0.37195121951219523,-0.3935406698564594,0.5344376634699217,0.5318221447253708,-0.1910086718393429,-0.8750497413450056,-0.6979889285964543,0.3866665469629653,0.38060298878649546,-0.9204483595881889,-0.8218429634186757,0.6025167883666147
2012-05-08,0.47640542365742755,0.5254513173363184,0.5047461483523281,-0.645715288626756,-0.7852409954186916,-0.23668398880335018,-0.7921673811673591,-0.597521018793274,-0.6894318308122911,0.4750493374682838,-0.09100856506810562,0.7021686746987956,0.6659974016770995,0.41109629911762857,-0.2973636408267465,-0.40975609756097553,-0.43062200956937824,0.5029424585876199,0.5338927637314739,-0.306937471474213,-0.8838042180660564,-0.644313643052344,0.31999988177778027,0.3132773303951617,-0.8335641790729764,-0.8230532469839037,0.5182601351626297
2012-05-09,0.48461231726696274,0.47755860292792285,0.4684277526776559,-0.7321332226827848,-0.795604312398283,-0.20564848806721014,-0.8041342304450039,-0.5701965875370921,-0.7403578970768034,0.43557936284183807,-0.1387390106780365,0.6879518072289159,0.6487539860635407,0.3740874754015109,-0.2700672590701556,-0.42926829268292677,-0.44976076555023914,0.4771142109851789,0.502397558849172,-0.3471017800091283,-0.857938718662953,-0.45764137061173005,0.35777774760493886,0.35142846125151284,-0.7875181488721977,-0.8100001281692126,0.47640542365742755
2012-05-10,0.45151134658034,0.49370559053981555,0.4970422270630226,-0.8708920442111057,-0.792021839045526,-0.5008724894492217,-0.7902517784887686,-0.5572453016815035,-0.8360665676437602,0.4372709331829725,-0.2950986680753124,0.6655421686746987,0.6556041100744068,0.38030851266425447,-0.5488241936275713,-0.37073170731707306,-0.39234449760765555,0.4556451612903225,0.476460331299041,-0.3439068918302146,-0.834858734580183,-0.6068951019550137,0.3608888586469141,0.35457028185966744,-0.8755420477819903,-0.9320428524607572,0.48461231726696274
2012-05-11,0.39050749021327436,0.4636014344223742,0.45852264813059884,-0.8530052241215308,-0.7972679572076375,-0.49063617768611123,-0.7981807262250871,-0.567383778437191,-0.82875099780735,0.4265576543557943,-0.3286420405237144,0.667228915662651,0.6440297626077713,0.3289532152605852,-0.2918650891059943,-0.4109756097560977,-0.4318181818181821,0.40464254577157854,0.45488230165649535,-0.39776357827476083,-0.8304814962196589,-0.6975684955504169,0.33111099264197774,0.3244981790036281,-0.9304921279404252,-0.9364280705223628,0.45151134658034
2012-05-14,0.3470114711118657,0.39682525216985187,0.39689092013281924,-0.7424427914273272,-0.8164602910816625,-0.44485978201335596,-0.8209510561105207,-0.5833951533135511,-0.8404316590378612,0.37524668734141553,-0.2923065313360752,0.6496385542168677,0.6116688319357508,0.3227321779978416,-0.41784083656536886,-0.49878048780487827,-0.5179425837320575,0.3547297297297298,0.4111813426329558,-0.43427658603377495,-0.8137684042976527,-0.5766239226403196,0.2666666829629625,0.25941686035614797,-0.8499652192418938,-0.9226480491730339,0.39050749021327436
2012-05-15,0.3393518350519522,0.38067864769967397,0.3591967367723714,-0.7431729983770772,-0.826312287156201,-0.26087508177287166,-0.8312577039001914,-0.5436139960435213,-0.7516950094475937,0.3216802932055254,-0.49156699241595303,0.6043373493975903,0.6034014408881538,0.2819145559575955,-0.29569443762580383,-0.4975609756097561,-0.5167464114832536,0.3432868352223193,0.35233217088055824,-0.42879963486992256,-0.7926780740151216,-0.3130124027748581,0.19422219568395116,0.18625613588133283,-0.8258939446304403,-0.9040580203715808,0.3470114711118657
2012-05-16,0.4307208941222691,0.3604267344849399,0.3308572383310797,-0.669584605417399,-0.8328374189915959,-0.2624060677206679,-0.8333492376368015,-0.5835806132542039,-0.7636788020249174,0.31322244149985945,-0.9588725804625893,0.586265060240964,0.5722215660800756,0.17914048117818826,0.05631106092591698,-0.5109756097560978,-0.5299043062200961,0.34731909328683575,0.3426329555361818,-0.42651757188498385,-0.7457222443294862,-0.46997407329549434,0.2040000176888883,0.1961304562088919,-0.7890201851514744,-0.8240419809101112,0.3393518350519522
2012-05-17,0.47859396144721744,0.434318268898954,0.37983231392435846,-0.6407663489435835,-0.8580431237481374,-0.09101223294805494,-0.8636621090630352,-0.5702893175074185,-0.7086705669566624,0.3008175923315486,0.06297400294306299,0.5768674698795182,0.5656076532419987,0.22306862184980636,-0.02489076537876178,-0.5951219512195123,-0.6124401913875599,0.37848735832606817,0.34699215344376677,-0.39365586490187177,-0.7373656983684844,-0.3291290028729591,0.28311108259753137,0.27602363317473366,-0.7712498999668462,-0.913249583907806,0.4307208941222691
2012-05-18,0.48132931909001053,0.4816639390397448,0.4786078331687871,-0.7509799290594199,-0.8723736332261225,0.21040009948462846,-0.8837185434885049,-0.28193001978239385,-0.7858680166115979,0.35100084578517077,-0.26430970078859006,0.5787951807228915,0.5417503247903626,0.3041325461816795,-0.11227846236928662,-0.5548780487804881,-0.5729665071770333,0.3856800348735834,0.3775065387968617,-0.39228662711090845,-0.727019498607242,-0.5593861677527854,0.29555548232098916,0.2885911989776191,-0.8489116832567806,-0.886912641695642,0.47859396144721744
2012-05-21,0.411024519066824,0.4767376123339009,0.4755812818531635,-0.8691087791676508,-0.8438409615526108,-0.3861491221554666,-0.8777340808456153,-0.5867334322453017,-0.9331898511625089,0.36848040597688314,-0.39716258536769433,0.5407228915662652,0.546474548246132,0.3482511267695041,-0.3510727085276645,-0.530487804878049,-0.549043062200957,0.422406277244987,0.39418047079337404,-0.3366042902784119,-0.7552725825706332,-0.6018499054025647,0.357333214281484,0.35097946106328415,-0.922547516847342,-0.9175121257230117,0.48132931909001053
2012-05-22,0.3984405498777108,0.462232989051766,0.4120237592532505,-0.7876311176499904,-0.8408985084256253,-0.3033710938658931,-0.8623456512235377,-0.6128832838773492,-0.8790708013782373,0.2951790245277701,-0.3635060181866204,0.6204819277108438,0.5908822487303649,0.34875896654605487,-0.23305022337866355,-0.48902439024390265,-0.508373205741627,0.35974280732345276,0.42186137750653874,-0.3607941579187588,-0.7695980899323525,-0.5378039380561979,0.3364444591901228,0.32988415044212505,-0.8589528133719924,-0.9221994569287361,0.411024519066824
2012-05-23,0.39269602800306336,0.39162538964657223,0.3374603478786873,-0.6239997573199456,-0.8400028937545012,-0.27211507728680506,-0.8885896626854723,-0.5555761622156282,-0.7027898188284984,0.23992106005074731,-0.1869222352186546,0.5472289156626509,0.5145860399196884,0.3136545419920016,-0.14546614954096904,-0.5426829268292686,-0.5610047846889952,0.31397122929381016,0.3599607672188321,-0.44614331355545467,-0.7067250298448071,-0.46506902109172443,0.42088881286913726,0.41516344053159715,-0.7654519343993571,-0.8486706106164389,0.3984405498777108
2012-05-24,0.4274378959453169,0.4209085825372574,0.38643542347196425,-0.8224210368938687,-0.8366761468614441,-0.4303511862090065,-0.86770001253733,-0.6340257171117707,-0.7737427627390949,0.2117282210318585,-0.32241633022676686,0.5231325301204819,0.509861816463919,0.3555513235574175,-0.2645687073494034,-0.48170731707317094,-0.5011961722488043,0.3102659110723631,0.31309938971229334,-0.46485623003194876,-0.6768802228412261,-0.49898395347207625,0.4293333460148143,0.42369161040527126,-0.850381181279422,-0.8876377132415275,0.39269602800306336
2012-05-25,0.38202717299921796,0.41926660134921434,0.41422494251100206,-0.8979162017104612,-0.8421777567910822,-0.5645628515391816,-0.8673326731427728,-0.7385323936696342,-0.8915800216233695,0.2010149422046803,-0.49262347658755623,0.5291566265060241,0.5051375930081492,0.3493302862946739,-0.39692670234179384,-0.526829268292683,-0.5454545454545454,0.3328247602441152,0.31004795117698336,-0.4566408032861706,-0.6637485077596503,-0.8479433816831337,0.4417777457382719,0.4362589872946454,-0.9310224135823478,-0.9621552934800321,0.4274378959453169
2012-05-29,0.40637404723876225,0.4403390946489889,0.3762553429808322,-0.7889225222258095,-0.8217060718737743,-0.49126279617876345,-0.8609404739973279,-0.6936819980217608,-0.808966625238716,0.19030166337750298,-0.19861902426140443,0.53421686746988,0.5261603873863234,0.34349012886434327,-0.19082920123717406,-0.524390243902439,-0.5430622009569377,0.32650392327811684,0.3452484742807327,-0.39251483340940263,-0.6661360923199364,-0.6448742204470606,0.40533330210370444,0.3994543847192018,-0.8947334633104775,-0.9050009795789824,0.38202717299921796
2012-05-30,0.3984405498777108,0.4064039592551234,0.32893105853150795,-0.6692790885630524,-0.846528142935983,-0.4513389078111214,-0.8721901997054777,-0.6463278931750742,-0.7931229601786455,0.11812799548914654,-0.19288382447270125,0.5310843373493974,0.4959253572693991,0.3288897352885165,-0.1430114389513476,-0.6817073170731709,-0.6973684210526316,0.28007846556233673,0.3267218831734966,-0.38726608854404354,-0.6510147234381218,-0.59610398710672,0.4120000575111096,0.4061866955250948,-0.863764078292322,-0.8856730623103781,0.40637404723876225
2012-05-31,0.5592941928697281,0.4154352115638096,0.38643542347196425,-0.813381204863135,-0.8502384061772859,-0.3090321227195916,-0.8876384682323981,-0.3919077645895155,-0.822627744601736,0.11192557090499022,-0.06712447647436148,0.4510843373493978,0.43309318530766516,0.3453945280264077,-0.2911777701409003,-0.75,-0.7643540669856459,0.27887968613775094,0.2798605056669574,-0.3534915563669556,-0.6092319936331085,-0.562048910377689,0.39155548018765574,0.3855399600367644,-0.9029594863528396,-0.8193015510305719,0.3984405498777108
2012-06-01,0.5543702974371452,0.5686916513652864,0.5033703606665534,-0.43885004322738475,-0.892589386328078,-0.0689269821123355,-0.928037509198985,-0.5223479228486648,-0.7658007214526055,0.15477868621370217,0.18028147756857704,0.4243373493975906,0.39364591945199034,0.28147019615311386,0.05071432078157989,-0.876829268292683,-0.888755980861244,0.36017872711421095,0.27713600697471685,-0.35257873117298066,-0.6028651014723447,-0.19318898465419376,0.5160000551999984,0.5112153346953525,-0.7300089788000068,-0.7512986287725234,0.5592941928697281
2012-06-04,0.5494459916639856,0.5448822399570314,0.5388638009948958,-0.7841772604455346,-0.8933568590723959,-0.2822680643611679,-0.9420303897107885,-0.6351693867457964,-0.8082795275192742,0.19030166337750298,-0.3862958910312041,0.3404819277108435,0.34120703909294914,0.34152224973021017,-0.4080219942068829,-0.7975609756097564,-0.8110047846889954,0.3351133391455976,0.34797297297297325,-0.3528069374714744,-0.6287306008754472,-0.6234321350991521,0.5493333877925912,0.5448780694342636,-0.8616526092603879,-0.8018064535029561,0.5543702974371452
2012-06-05,0.5513611332052926,0.5402298595776038,0.5460173026563004,-0.8571286182621075,-0.8809460435652043,-0.44385231077668075,-0.9348629271702897,-0.6891691394658754,-0.8423919084139159,0.16549196504088037,-0.49322718182847236,0.369156626506024,0.3541986535963151,0.35079032565225665,-0.5440129608719131,-0.7378048780487805,-0.7523923444976075,0.35156931124673063,0.3352223190932868,-0.3263350068461892,-0.6597692001591726,-0.5972251418961531,0.5582221431506187,0.5538544838421211,-0.917107472102842,-0.8828844664407226,0.5494459916639856
2012-06-06,0.47722607745553125,0.5930484901828628,0.5506946451158794,-0.6907996091117694,-0.8438409615526108,-0.35946123434584754,-0.9246510392937917,-0.5929154302670625,-0.7680843109319269,0.23202706512545923,-0.14387050522582356,0.36819277108433757,0.3858509507499708,0.39268710721767297,-0.12730129117777012,-0.6304878048780491,-0.647129186602871,0.4043156059285091,0.34938971229293836,-0.26608854404381566,-0.6339037007560693,-0.5334594632471445,0.5622221430617298,0.5578940686848444,-0.8268824041022828,-0.826870858532316,0.5513611332052926
2012-06-07,0.48351785687979953,0.5558289819039297,0.4571468604448241,-0.6225458437790485,-0.842817659670767,-0.35706291413790614,-0.8682991573764234,-0.6206107814045501,-0.8379459819939981,0.22638849732168076,0.0281477568577142,0.40144578313253043,0.4035667887091061,0.34666412746778397,0.040306347881584825,-0.6512195121951221,-0.6674641148325362,0.362249346120314,0.40355274629468196,-0.2975810132359653,-0.6792678074015122,-0.6196482376848154,0.4897778335604923,0.484733722037052,-0.7902153065235689,-0.8693186707754054,0.47722607745553125
2012-06-08,0.5007522978969736,0.4734536773250815,0.451919125871449,-0.7925692234021577,-0.8293823101478199,-0.5290034093685145,-0.8717958664062748,-0.6803907022749753,-0.7931431689350996,0.2010149422046803,-0.08904652303512817,0.3563855421686746,0.3480571631038152,0.32869929537231,-0.4207864892729146,-0.6658536585365857,-0.6818181818181821,0.3377288578901485,0.3609415867480381,-0.36010953902327714,-0.6768802228412261,-0.5804078200546563,0.5048889443358009,0.4999941554882412,-0.9145738851469895,-0.8560751291304817,0.48351785687979953
2012-06-11,0.5308441043517438,0.48905279965140647,0.4670519649918812,-0.8339158376903794,-0.8510057762437777,-0.4202575364129941,-0.8717881268005319,-0.6517989614243325,-0.909545606111128,0.1773329574288134,-0.16137795721239112,0.4067469879518073,0.3945907641431443,0.3745953151780612,-0.44631547940497807,-0.7219512195121953,-0.736842105263158,0.34655623365300814,0.36421098517872696,-0.3137836604290283,-0.6991643454038998,-0.5676546843248547,0.4751110783308645,0.4699216748051789,-0.9203542624676487,-0.8362015772137111,0.5007522978969736
2012-06-12,0.548898761470404,0.5339350875011508,0.5193285953589624,-0.7456301339290552,-0.8316860925290326,-0.36901832364613685,-0.8691922100709695,-0.6817816518298715,-0.912839633413158,0.1987595150831698,-0.11640191676414002,0.29807228915662654,0.326089524034487,0.38856090903319984,-0.41725170602385975,-0.626829268292683,-0.6435406698564596,0.3768526591107242,0.3456843940714909,-0.3062528525787309,-0.6490250696378839,-0.41882138602760843,0.5239998772444472,0.5192941737821533,-0.9209381922624027,-0.8949415273741973,0.5308441043517438
2012-06-13,0.5661332024875771,0.5506291467479159,0.5460173026563004,-0.8134787102421818,-0.8425611557932415,-0.4098722502063653,-0.8611162156244379,-0.6372094460929774,-0.8058746855012278,0.22300535663941456,-0.5216767913066447,0.35397590361445785,0.3327034368725643,0.409890179648321,-0.4658549756983651,-0.7060975609756099,-0.7212918660287082,0.3934176111595469,0.3757628596338276,-0.3229119123687818,-0.6637485077596503,-0.3764977927265083,0.5253333438814809,0.520640890976573,-0.9250608773193402,-0.8883444748998907,0.548898761470404
2012-06-14,0.5685951365258499,0.5585658726451443,0.5410649567385444,-0.783304045606516,-0.8246484076546732,-0.16414185144512572,-0.8526170054638649,-0.6283691889218597,-0.8014085503248558,0.2652946151677469,-0.9107648190770857,0.3279518072289158,0.34215188378410333,0.3537104043674222,-0.3399774166625754,-0.653658536585366,-0.6698564593301437,0.46392763731473474,0.3940714908456844,-0.25536284801460507,-0.6892160764027064,-0.5844720061663513,0.5315555215209882,0.526924059909103,-0.9088788108234555,-0.9284779173601536,0.5661332024875771
2012-06-15,0.5710570979201601,0.5727969874771102,0.5735314055256162,-0.7487026367621281,-0.8071832908325365,-0.421568848181365,-0.8229034683076342,-0.14725519287833844,-0.49522568128770206,0.2692416126303927,-0.48171905067350873,0.37349397590361444,0.35112790835006535,0.3822129118263189,-0.5768078943492562,-0.7219512195121953,-0.736842105263158,0.44420226678291197,0.46403661726242396,-0.27590141487905084,-0.7067250298448071,-0.8196342232499474,0.5311109881975336,0.5264752486343858,-0.9283789000838081,-0.9295527077577161,0.5685951365258499
2012-06-18,0.5499932492136055,0.5659551711330533,0.5493188574301029,-0.8866467466788586,-0.8038394260790649,-0.5818367328473708,-0.8142438063005275,-0.682028931750742,-0.8541331959137896,0.23428249224696973,-0.16126476247971933,0.39180722891566266,0.37002480217314293,0.3728813559322033,-0.45309048063233337,-0.7365853658536587,-0.7511961722488039,0.45510026155187466,0.46741499564080247,-0.2539936102236422,-0.7600477516912063,-1.0,0.56711107628642,0.5628314177621354,-0.9263923076043665,-0.917321702892779,0.5710570979201601
2012-06-19,0.517439481364526,0.564039243618593,0.5611501417767326,-0.882033658856847,-0.7871203076673583,-0.5564955066740761,-0.804909493840058,-0.6390640454995056,-0.876443663039195,0.2974344516492806,0.0005659736633587542,0.34265060240963874,0.3416794614385261,0.3726909160159968,-0.4798959202709999,-0.6804878048780489,-0.6961722488038278,0.4489973844812556,0.4544463818657367,-0.2717937015061618,-0.6904098686828499,-0.5113166561558404,0.5648888541135806,0.560587503073682,-0.9501724967307847,-0.8848601033043854,0.5499932492136055
2012-06-20,0.4093832114706166,0.5429663398098379,0.4865867579162715,-0.6648285097061188,-0.7899497271762157,-0.2658303757627839,-0.8048224735326288,-0.657826409495549,-0.8541534046702437,0.30645616013532617,0.1970342980039994,0.41421686746987985,0.387032006613913,0.34495016822192603,-0.07761794884383122,-0.6439024390243904,-0.6602870813397133,0.390148212728858,0.4487794245858767,-0.3249657690552259,-0.727019498607242,-0.40620839464648584,0.5466666322962972,0.5421848239589371,-0.8533025890778747,-0.6181619436311803,0.517439481364526
2012-06-21,0.4263438185426911,0.45703315389575305,0.41890228497057924,-0.7194900251997236,-0.8290471403873432,-0.27079450721968445,-0.8402847053018552,-0.5723911968348172,-0.8161003162670386,0.2162390752748804,0.28355280534279137,0.2951807228915664,0.2660918861462147,0.2815971560972512,-0.11031469389758941,-0.6804878048780489,-0.6961722488038278,0.34241499564080247,0.38927637314734076,-0.3749429484253768,-0.7238360525268606,-0.5855931609557845,0.437777745827161,0.43221935522354493,-0.8853773954092918,-0.6809410549790992,0.4093832114706166
2012-06-22,0.45698247220650456,0.4151612652373924,0.40266907433409616,-0.8861657201422279,-0.8159287133083721,-0.5874409494132868,-0.8377312616884249,-0.3769164193867459,-0.9079693231077026,0.23089935156470265,-0.14292721578689216,0.2236144578313255,0.24672256997756015,0.26502888338729136,-0.4562325101870489,-0.6121951219512196,-0.6291866028708135,0.34219703574542315,0.3425239755884921,-0.3662711090826112,-0.6601671309192207,-0.691682432905893,0.4271111682864184,0.4214475068033072,-0.9187211937494889,-0.8316222743443686,0.4263438185426911
2012-06-25,0.4257965883491095,0.4551176642575401,0.43128354871946284,-0.8985510700673655,-0.8434515192269803,-0.518649685543987,-0.8602813008224826,-0.611523244312562,-0.8925500419331698,0.19424866084014702,-0.24484020676904505,0.2742168674698795,0.25404511633400273,0.2493493302862948,-0.3514654622220039,-0.7000000000000002,-0.7153110047846891,0.36203138622493514,0.34601133391455985,-0.3804198995892287,-0.6601671309192207,-0.7433956975684956,0.4528888566024696,0.44747997758824565,-0.9431996362750557,-0.8604218964282901,0.45698247220650456
2012-06-26,0.4315415479203728,0.4315817886667199,0.4279819939456595,-0.8998554753603908,-0.8349634807243214,-0.5386042651719845,-0.8614371193175057,-0.6882418397626113,-0.924257580809765,0.1857908091344811,-0.15119043127193155,0.2503614457831327,0.23018778788236682,0.2744873992255443,-0.46065098924836756,-0.6707317073170735,-0.6866028708133973,0.33315170008718464,0.3637750653879688,-0.44226380648105934,-0.6474333465976922,-0.6413706117300819,0.4213333461925921,0.4156123934914482,-0.9506605705803155,-0.8926582844001589,0.4257965883491095
2012-06-27,0.38284782679732166,0.4356867142695622,0.4285319733479134,-0.927648841961115,-0.819658793370087,-0.6797764878349111,-0.8458419896453448,-0.7232319485657766,-0.904473208241131,0.17451367352692504,-0.16873561483605637,0.25638554216867493,0.2594779733081378,0.2592522059290294,-0.3557857528597378,-0.679268292682927,-0.6949760765550241,0.3003487358326069,0.33129904097646046,-0.5102692834322227,-0.6526064464783135,-0.7282601079111485,0.4137777019160507,0.40798217676585335,-0.9549318763229661,-0.8480846942157234,0.4315415479203728
2012-06-28,0.4961017987128735,0.4003831335050876,0.3735037676092836,-0.8428213289766486,-0.8245465659195752,-0.42242061166634015,-0.8617967191063198,-0.6369312561819982,-0.9068174239898149,0.1575979701155905,-0.15617099950948954,0.2809638554216869,0.2578244950986184,0.2082777883577731,-0.4405223624134714,-0.7243902439024392,-0.7392344497607657,0.2447689625108982,0.2998038360941586,-0.5803286170698314,-0.6390768006366896,-0.5648517973512719,0.37066668065185127,0.3644449800142495,-0.9053338996748813,-0.7611383623270402,0.38284782679732166
2012-06-29,0.4933660307295029,0.5041048777101276,0.49374067228921925,-0.8076630560785938,-0.7819756938703453,-0.2414259210902573,-0.8319593501911684,-0.4336671612265085,-0.8840623642224177,0.28164646179870356,-0.0028675998943517023,0.23204819277108446,0.3641195228534313,0.21405446581603504,-0.3435121999116304,-0.6524390243902443,-0.6686602870813398,0.37173060156931115,0.24411508282476024,-0.4885896850753082,-0.6287306008754472,-0.43409712003363465,0.4355555236543216,0.42997529884995855,-0.931820919988427,-0.6451818446479283,0.4961017987128735
2012-07-02,0.5582001428231425,0.4931581357632293,0.48878791365992,-0.9533577602364398,-0.7767030554926126,-0.5895648873128272,-0.79504927864869,-0.6870981701285857,-0.9535400689118596,0.23992106005074731,-0.1172697430479569,0.3812048192771085,0.357033187669777,0.22427474131911396,-0.9176199126123029,-0.7207317073170734,-0.7356459330143543,0.37478204010462113,0.37173060156931115,-0.5191693290734829,-0.7206526064464782,-0.7623151846401794,0.43511099033086675,0.42952629866172987,-0.9861650850435706,-0.6976012216356955,0.4933660307295029
2012-07-03,0.5095060113595129,0.5525450468951094,0.5556474037451786,-0.9233802731450685,-0.765126981374008,-0.7960859700371994,-0.7854231343409017,-0.8286350148367954,-0.9267230490971738,0.25176205243868033,0.04957929291023655,0.3578313253012049,0.4278965395063188,0.24255697327493175,-0.983897098532083,-0.6707317073170735,-0.6866028708133973,0.45422842197035784,0.37467306015693147,-0.410999543587403,-0.697174691603661,-0.7914652091654404,0.5102222331061723,0.5053800796983603,-0.9422243679883355,-0.7633648446497592,0.5582001428231425
2012-07-05,0.4556149985553968,0.5164200650276332,0.4918144924896475,-0.9163988880053218,-0.773101454727704,-0.6036501263652571,-0.7840777960195342,-0.7236955984174086,-0.836288863964756,0.13109670143783525,0.14481379466475475,0.45566265060240974,0.44962796740285826,0.2461753316828541,-0.9957778977858509,-0.7060975609756099,-0.7212918660287082,0.4333042720139497,0.4468177855274633,-0.4758101323596535,-0.672105053720653,-0.6146030411323664,0.4799999671111119,0.4748590238824699,-0.9660933777612449,-0.8373935508914168,0.5095060113595129
2012-07-06,0.46464210826641716,0.4641488891989596,0.45054333818567427,-0.8798712062282104,-0.7898205731394106,-0.49838074459026027,-0.8129273503939984,-0.7269102373887242,-0.8707245849626644,0.07189173949816752,-0.19858129268384717,0.4342168674698794,0.4087634345104525,0.290801752047229,-0.3177868329323972,-0.7670731707317073,-0.7811004784688995,0.36410200523103775,0.43297733217088075,-0.5127795527156547,-0.6267409470752092,-0.5729801695746619,0.4204444128790128,0.4147146764852576,-0.9337696977371842,-0.8436555324240642,0.4556149985553968
2012-07-09,0.4129392229115134,0.4666118609810246,0.4637499975065347,-0.9357136202013812,-0.7920070681068476,-0.6979038159551207,-0.8161012691535587,-0.7164317507418398,-0.9215698162013601,0.089371299689879,-0.19386484548919003,0.37349397590361444,0.3938821306247786,0.3043864660699551,-0.5827973881879326,-0.8109756097560978,-0.8241626794258377,0.36573670444638173,0.3542938099389712,-0.4853947968963941,-0.5750099482690016,-0.6692593371172307,0.4124444130567906,0.4066356484849456,-0.9664222779769648,-0.8963916704659682,0.46464210826641716
2012-07-10,0.4359185961439116,0.48303197390137154,0.4183518928567822,-0.821320309503741,-0.8071832908325365,-0.4281325611631621,-0.831499324958604,-0.6712722551928785,-0.8713308476562895,0.051592895404567685,-0.2818548843527149,0.4139759036144579,0.38207157198535535,0.2666793626610806,-0.3556875644361529,-0.8243902439024395,-0.8373205741626797,0.325959023539669,0.36497384481255457,-0.5150616157005934,-0.5953044170314366,-0.7362483357858594,0.35111103664197674,0.3446959615321086,-0.9104951707071267,-0.8689030363286477,0.4129392229115134
2012-07-11,0.4249759345510067,0.4356867142695622,0.42495541511593204,-0.8843607872367627,-0.806926126883273,-0.5381859584012012,-0.8455288255580209,-0.6290492087042534,-0.7796235108672589,0.04426275725965656,-0.3951628117571596,0.368674698795181,0.39364591945199034,0.25880784612454777,-0.5037557072021208,-0.8085365853658539,-0.8217703349282299,0.32432432432432456,0.3256320836966,-0.49269739844819727,-0.5766016713091924,-0.7345666036017098,0.3111111264197528,0.30430058538865956,-0.8953085989818165,-0.7930946090198168,0.4359185961439116
2012-07-12,0.46737787624978955,0.42528742709925016,0.3927639697870391,-0.7856355075588337,-0.8152858034352131,-0.5304014124797237,-0.8536627723321701,-0.5847242828882295,-0.7848575787888893,0.02114462926416749,-0.3830132437837227,0.420963855421687,0.39057517420574017,0.24268393321906956,-0.2896067553635425,-0.8536585365853657,-0.8660287081339713,0.30557977332170916,0.32388840453356593,-0.5018256503879508,-0.5718265021886202,-0.7375096349239717,0.29955548223210027,0.29263078382034213,-0.829939241401326,-0.8799658703696582,0.4249759345510067
2012-07-13,0.46929301779109656,0.47646407651646516,0.46402538616215283,-0.9224572222234261,-0.7864768257320256,-0.5890678850026712,-0.8380463123529731,-0.6517371414441149,-0.9269049279052615,0.051592895404567685,-0.6251745085462024,0.4120481927710842,0.41915672611314525,0.2754395988065763,-0.5400854239285188,-0.8378048780487806,-0.8504784688995215,0.33500435919790794,0.3053618134263294,-0.4753537197626656,-0.5515320334261835,-0.6759862658538294,0.32622223719506116,0.31956087715471515,-0.9211905836044123,-0.928822143245574,0.46737787624978955
2012-07-16,0.4490493851860289,0.4712642413604522,0.47888283662696596,-0.9087934684396757,-0.7905929744193747,-0.7242281051229322,-0.8154286927753613,-0.7369868941641939,-0.9335536087786839,0.06343388779250159,-0.9731728483567899,0.4426506024096384,0.4397070981457425,0.2560782073255887,-0.6000785507388677,-0.8621951219512196,-0.8744019138755981,0.31342632955536187,0.3439407149084568,-0.5095846645367414,-0.5877437325905293,-0.7824959708499755,0.31955552623209904,0.31282856634882217,-0.9713267606054931,-0.8934895532936741,0.46929301779109656
2012-07-17,0.437559903740119,0.4644224250163953,0.43678628675101683,-0.7503818960679332,-0.7786319317946995,-0.550276875736587,-0.8241174246952481,-0.6562500000000001,-0.8978245273677086,0.0752748801804346,-0.3406029506093651,0.4696385542168675,0.4626195819062242,0.2533485685266297,-0.3556875644361529,-0.8170731707317076,-0.8301435406698565,0.3095030514385355,0.31309938971229334,-0.48174349612049294,-0.5988857938718661,-0.72475649919417,0.29911112668641926,0.2921818308604911,-0.9344292569933069,-0.8505363881549675,0.4490493851860289
2012-07-18,0.4465874511477579,0.43979205038138414,0.435410499065243,-0.8850303241728836,-0.7656422040364474,-0.6576335830478865,-0.80294934397017,-0.6239490603363008,-0.955358856992735,0.06963631237665613,-0.293589404973022,0.4913253012048193,0.4770284634463211,0.26382276391798376,-0.6091118857086748,-0.8341463414634147,-0.8468899521531101,0.2835658238884049,0.30874019180470835,-0.5200821542674579,-0.610027855153203,-0.7973512718099642,0.273333260592594,0.26614931284717436,-0.9669024371154221,-0.8914040571048771,0.437559903740119
2012-07-19,0.45452051081219347,0.45949650881953286,0.44999294607187723,-0.9010125391917455,-0.761011815460136,-0.588206442387185,-0.7767925422465747,-0.5948627596439171,-0.9561267897379936,0.06738088525514563,-0.29075953665622767,0.522409638554217,0.5535608834297863,0.2685202818510759,-0.5772988364671805,-0.8134146341463417,-0.8265550239234452,0.30874019180470835,0.2833478639930256,-0.4785486079415793,-0.6112216474333465,-0.7362483357858594,0.29422219346172906,0.28724448178320006,-0.9736519268364109,-0.8012699737985509,0.4465874511477579
2012-07-20,0.4370126735465374,0.4507387923282824,0.4450406001541203,-0.8465438676700332,-0.7772169433433149,-0.5332575976440155,-0.7921751207731025,-0.37450544015825926,-0.9285620459345035,-0.001973498731321577,-0.40784062181639824,0.6597590361445784,0.6225345458840206,0.249222370342157,-0.45799990181157635,-0.8780487804878048,-0.8899521531100478,0.29762423714036634,0.3078683522231911,-0.518712916476495,-0.6183844011142066,-0.6904211337677808,0.3000000155555551,0.2930795950950591,-0.9697060036601143,-0.8644116209194126,0.45452051081219347
2012-07-23,0.4504172691777151,0.4324027792607419,0.43238392023551375,-0.9186350113647936,-0.794965744330336,-0.5235515339002077,-0.8360418008567607,-0.6001792779426312,-0.8567603342528318,-0.025655483507188492,-0.22982303890125655,0.550361445783133,0.5141136175741114,0.26172792483971286,-0.5501988315577593,-0.9024390243902438,-0.9138755980861244,0.2628596338273761,0.2808413251961639,-0.5305796439981747,-0.5598885793871871,-0.6799103076168453,0.25466668322962915,0.24729805859960186,-0.9525557041762414,-0.8398965125157236,0.4370126735465374
2012-07-24,0.5092325877549908,0.4452654213548337,0.4299077610336881,-0.8908524786950748,-0.809884245712849,-0.40533862964132716,-0.8479431495649226,-0.6194362017804156,-0.8470399223983753,-0.05666760642796742,-0.2078632607629326,0.4648192771084336,0.4543521908586281,0.26604456294039247,-0.533604987971918,-0.9597560975609758,-0.9700956937799043,0.23790322580645196,0.26536617262423734,-0.5721131903240528,-0.553123756466376,-0.7403125218975545,0.255555572098765,0.24819563392065858,-0.9669833430508398,-0.865616411518384,0.4504172691777151
2012-07-25,0.539324394209761,0.5134096384689819,0.5083231192958535,-0.8298141114118129,-0.8094989398367789,-0.5912574726569824,-0.8294291234619986,-0.6324493076162216,-0.895884486748108,-0.0008457851705667707,-0.2232200128287365,0.46674698795180736,0.4588402031416088,0.28451723481241675,-0.4127350385389562,-0.9524390243902443,-0.9629186602870816,0.26231473408892825,0.23735832606800367,-0.5648105887722505,-0.5292479108635098,-0.7387709340620839,0.31066659309629796,0.303851443515297,-0.9144595615425949,-0.8569063980239968,0.5092325877549908
2012-07-26,0.560388242916313,0.5399559406184533,0.5358372221651684,-0.873418516921517,-0.7810753706874876,-0.4759318951127335,-0.8172572751465226,-0.6129760138476756,-0.8690068406640599,0.06907245559627828,-0.2208806550201865,0.4896385542168675,0.4862406991850716,0.30286294674030323,-0.43895134763611365,-0.9024390243902438,-0.9138755980861244,0.27571926765475174,0.2642763731473412,-0.5429027841168415,-0.5594906486271398,-0.5015065517483007,0.34933339223703563,0.34290048029135,-0.9237672617649982,-0.9157031088358023,0.539324394209761
2012-07-27,0.5573790786844603,0.5591133547889973,0.5526208524295533,-0.8207851133120845,-0.7487940489340226,-0.13824638984213133,-0.7770630457198258,-0.5267680514342237,-0.7927996200753787,0.089371299689879,-0.34316869788325854,0.4992771084337353,0.4876579662218026,0.29340443090205026,-0.5051303451323088,-0.7719512195121954,-0.785885167464115,0.2891238012205757,0.2750653879686138,-0.5408489274303974,-0.6251492240350176,-0.5201457501226263,0.36266668082962905,0.3563659520139373,-0.934280636307594,-0.912451272811831,0.560388242916313
2012-07-30,0.5316647307938074,0.5509030930743313,0.5017195970367037,-0.8762656739896818,-0.7487940489340226,-0.6852725506381598,-0.7472336039083589,-0.7424579624134522,-0.8796568553154083,0.056103749647589574,-0.5581254952269555,0.5146987951807229,0.49757883547891835,0.3012759474385831,-0.49933722814080217,-0.8268292682926832,-0.8397129186602872,0.2991499564080211,0.28748910200523126,-0.4625741670470105,-0.6390768006366896,-0.8057599327307127,0.38888890246913554,0.38284723407359333,-0.9793980070757518,-0.9237960791206858,0.5573790786844603
2012-07-31,0.4947339147211882,0.5525450468951094,0.5416149636549021,-0.7959299087999688,-0.761269434125486,-0.6272234383091148,-0.7542636439886432,-0.6365912462908012,-0.8668040862105552,0.08091344798421218,-0.24974531185148863,0.5021686746987954,0.48104405338372525,0.3517425252332891,-0.5347832490549363,-0.8634146341463416,-0.8755980861244022,0.2870531822144726,0.29827811682650385,-0.4634869922409859,-0.6303223239156397,-0.7949688178824189,0.34933339223703563,0.34290048029135,-0.9588012906255525,-0.8526383632425345,0.5316647307938074
2012-08-01,0.46710448000130667,0.4997260057808681,0.4907141209735948,-0.7570404300637252,-0.762812681849764,-0.5526608876646425,-0.7649568854717739,-0.6155724530168152,-0.8544767447735104,0.03693261911474455,-0.262989095574086,0.4657831325301205,0.46450927128853214,0.2718847203707231,-0.306789729490893,-0.7975609756097564,-0.8110047846889954,0.26896251089799517,0.28585440278988683,-0.48448197170241913,-0.6370871468364507,-0.720692313082475,0.32355552614321037,0.3168678205929001,-0.7714767883509525,-0.8560732981417294,0.4947339147211882
2012-08-02,0.5059499999186161,0.48193744748991474,0.4687027561358348,-0.7825153354293379,-0.7750303310297906,-0.29484756737148266,-0.7982541558312226,-0.6774233432245302,-0.8854365596613013,0.010995207217367131,-0.06399275553710915,0.48481927710843364,0.46710759418920533,0.2817875960134577,-0.3748343070352005,-0.8536585365853657,-0.8660287081339713,0.23953792502179638,0.2684176111595469,-0.5520310360565954,-0.6060485475527262,-0.4701142176441735,0.3142222374617276,0.3074422643116803,-0.9369206321567677,-0.8671233152614743,0.46710448000130667
2012-08-03,0.5264670287721649,0.5024628965220845,0.4909890969176707,-0.8013252064405554,-0.7401767683849929,-0.47046739469158605,-0.7777801692893207,-0.6785979228486647,-0.8796568553154083,0.12771356075556817,-0.23053993887484447,0.4477108433734942,0.5186016298570926,0.2748047990858886,-0.46968432421817463,-0.7439024390243905,-0.7583732057416268,0.27735396687009617,0.23801220575414161,-0.5018256503879508,-0.5853561480302423,-0.6591689440123327,0.35066668109629573,0.34424719748576904,-0.9133682108267972,-0.8014384247637566,0.5059499999186161
2012-08-06,0.5259197985785833,0.5254513173363184,0.5273079053038869,-0.932630283437303,-0.7367045270125414,-0.7713570540766709,-0.7362407890391975,-0.7655168150346192,-0.9184374589509635,0.13560755568085714,-0.47756857714221046,0.5433734939759038,0.5299397661509389,0.30292642671237235,-0.6783347243360007,-0.7475609756097563,-0.7619617224880384,0.26700087183958177,0.27931560592850957,-0.504564125969877,-0.6669319538400318,-0.7895031882839325,0.38933330245925957,0.38329585643479924,-0.9280016321893059,-0.8963935014547205,0.5264670287721649
2012-08-07,0.531390924204747,0.5227148371040844,0.5347364379375734,-0.9041912145486694,-0.727701823241355,-0.6736445482402604,-0.7326261012789441,-0.7316085558852623,-0.8440490264431579,0.13560755568085714,-0.37429724936799613,0.5595180722891568,0.5783630565725764,0.30990922363994144,-0.6558495753350679,-0.6707317073170735,-0.6866028708133973,0.28465562336530104,0.2661290322580645,-0.47352806937471525,-0.6729009152407484,-0.7696026907714947,0.41155552418765473,0.40573774256524375,-0.963492076055097,-0.8947327946564424,0.5259197985785833
2012-08-08,0.5453427500295063,0.529009198671555,0.5416149636549021,-0.9540879671861898,-0.7255152109278309,-0.7569288371387395,-0.7332407253295234,-0.7635385756676558,-0.8884880818858812,0.11530871158725642,-0.3316982983058523,0.5944578313253015,0.5875752923113264,0.29886370849996835,-0.5698365162747312,-0.6426829268292686,-0.6590909090909092,0.28432868352223206,0.2833478639930256,-0.46896394340483827,-0.6693195384003188,-0.7794127951790344,0.4008889466469119,0.39496584691662817,-0.9479106481884546,-0.9080752096939868,0.531390924204747
2012-08-09,0.5505400690666105,0.5328405884569607,0.5421653557687001,-0.9636803296981884,-0.7239720952179007,-0.7546689705802827,-0.731336826775002,-0.7652695351137488,-0.9704750068204554,0.08204116154496788,-0.5082066181187036,0.5961445783132533,0.5767095783630567,0.31378150193613896,-0.6831459570916588,-0.5890243902439027,-0.6064593301435406,0.2929380993897128,0.28367480383609456,-0.471702418986764,-0.6709112614405095,-0.7522247915352813,0.42622223497283906,0.4205495536552275,-0.9673351079874386,-0.967016568617219,0.5453427500295063
2012-08-10,0.5179867115581076,0.555281937636324,0.5523454362598321,-0.9326909534509321,-0.7210140937344114,-0.7146857449342903,-0.7371608375713579,-0.758191147378833,-0.9682116260975882,0.0730194530589241,-0.5188091914122931,0.5942168674698796,0.5660800755875752,0.2950549101758395,-0.4829397614021306,-0.632926829268293,-0.6495215311004785,0.2662380122057546,0.29173931996512614,-0.490415335463259,-0.6434540389972145,-0.7680611029360241,0.43911099024197786,0.4335657418193193,-0.99018312003187,-0.9546427466296074,0.5505400690666105
2012-08-13,0.49446051847270533,0.5451557757744663,0.5317098591078451,-0.9334428282626925,-0.7219144022490083,-0.8003914997875852,-0.733685269417633,-0.8171983184965381,-0.9433750644154113,0.09670143783479102,-0.4906614345545788,0.5913253012048194,0.5745836778079605,0.3131467022154508,-0.708773135647307,-0.6243902439024391,-0.6411483253588519,0.2398648648648649,0.2661290322580645,-0.5237334550433594,-0.6482292081177876,-0.8179524910657978,0.4120000575111096,0.4061866955250948,-0.9710550221919705,-0.9439406173727874,0.5179867115581076
2012-08-14,0.533579461994536,0.4939791263572504,0.5022699891505016,-0.922567728319679,-0.7216573409775704,-0.7038000897634147,-0.7280488918703982,-0.7650222551928785,-0.9669384744409754,0.09106287003101254,-0.6518884654567408,0.57855421686747,0.5696232431794024,0.3129562622992448,-0.6581079090775197,-0.5426829268292686,-0.5610047846889952,0.25730165649520487,0.24215344376634684,-0.5031948881789141,-0.6573816155988856,-0.7820755378039381,0.39822219115061785,0.3922729792683246,-0.9864605675903135,-0.940377513260936,0.49446051847270533
2012-08-16,0.5379565102180748,0.5353035328717599,0.5207043830447371,-0.8410293967883895,-0.7062235142547921,-0.663253791220734,-0.7273240286951608,-0.6718286350148369,-0.9083532894803319,0.10967014378347972,-0.9890201109308381,0.6161445783132529,0.6145033660092123,0.3177807401764743,-0.5744513721832195,-0.4182926829268294,-0.4389952153110048,0.3440496948561469,0.2555579773321712,-0.4885896850753082,-0.6438519697572627,-0.7262980870296405,0.47466672278518374,0.4694730996723513,-0.9151050502012537,-0.8880826435083209,0.533579461994536
2012-08-17,0.5527286068563995,0.5347564886041543,0.5405145646247465,-0.8632649567834493,-0.7037805154098298,-0.7524722287860287,-0.708187640868883,-0.5977373887240357,-0.9408893873715481,0.09782915139554582,-0.36886390219975107,0.6421686746987951,0.6279674028581552,0.3320637338919572,-0.6394521085963965,-0.4439024390243902,-0.4641148325358855,0.427092414995641,0.3443766346992154,-0.37585577361935174,-0.6637485077596503,-0.7791325064816761,0.46088885642469224,0.45555900558855833,-0.9760184254473792,-0.9250100246634184,0.5379565102180748
2012-08-20,0.5956777787487648,0.543787330403859,0.5473930903420752,-0.8625260826888951,-0.7036514787191113,-0.8053202813765322,-0.7110465089638947,-0.7552546983184967,-0.9493568563258461,0.1034677191993234,-0.43006452099762305,0.6703614457831326,0.6350537380418095,0.32635053640576395,-0.6350336295350778,-0.448780487804878,-0.4688995215311005,0.45956843940714975,0.43319529206626006,-0.377681424007303,-0.6545961002785514,-0.846261649498984,0.4733332561481496,0.46812657139144354,-0.9853261256697825,-0.9220566398060616,0.5527286068563995
2012-08-21,0.642456358330509,0.5930484901828628,0.6084744262260577,-0.7761384836396809,-0.7091817357621941,-0.6903263192602282,-0.7194471821909101,-0.6641629574678537,-0.8124829488617419,0.17564138708768073,-0.3929743802588387,0.6575903614457832,0.6570213771111377,0.3768171142004699,-0.40429083411065825,-0.4585365853658536,-0.4784688995215314,0.5015257192676552,0.4586965998256325,-0.2941579187585579,-0.660565061679268,-0.6174059281059492,0.5071111220641971,0.5022378812631827,-0.8974183091890676,-0.8917043392602438,0.5956777787487648
2012-08-22,0.679387174403129,0.6321838986089894,0.6035216951108606,-0.7377256978676658,-0.7084101119000552,-0.5739141541081701,-0.7322549867969701,-0.6822143916913948,-0.7790172481736337,0.20721736678883573,-0.2746481530392787,0.679277108433735,0.6537144206920988,0.42760109185551975,-0.47017526633609885,-0.5890243902439027,-0.6064593301435406,0.5673496076721882,0.5011987794245862,-0.26312186216339617,-0.7071229606048544,-0.6237124237965104,0.5568888542913584,0.5525080972463472,-0.9015656177915671,-0.8875443328151634,0.642456358330509
2012-08-23,0.6815757121929189,0.681992102655598,0.6783600824295006,-0.6590345234045412,-0.7233288333064809,-0.6655591076094167,-0.7465357346377668,-0.6896946092977252,-0.7961138561338629,0.22751621088243557,-0.30381466249103883,0.6884337349397589,0.6721388921695999,0.4472798831968512,0.05356178506554077,-0.6134146341463418,-0.6303827751196174,0.5742153443766349,0.5680034873583262,-0.17138293016887296,-0.7405491444488659,-0.6902809894191017,0.5533332099259285,0.5489173236783416,-0.9106279619706927,-0.8403377808050124,0.679387174403129
2012-08-24,0.6648885287253656,0.6792556224233639,0.6811116578010501,-0.8484203045201328,-0.7123966811710343,-0.7159966358708998,-0.7502585855145449,-0.7538946587537093,-0.9282387058312368,0.1987595150831698,-0.23023808625438635,0.6619277108433737,0.6489901972363294,0.5084745762711864,-0.3000147282635377,-0.5987804878048784,-0.6160287081339715,0.5920880557977335,0.5734524847428073,-0.16910086718393424,-0.7477118981297259,-0.7844579917314835,0.5599999653333341,0.5556499650828799,-0.9745955362788371,-0.9405532881811507,0.6815757121929189
2012-08-27,0.67254816478528,0.6776132307263385,0.681386633745126,-0.9159590304065108,-0.7120116099871379,-0.8451722075129832,-0.7331982522133913,-0.7290430267062316,-0.8992795578324089,0.1914293769382578,-0.3967852695921218,0.6730120481927713,0.6584386441478682,0.5732241477813749,-0.22745348323432657,-0.6414634146341465,-0.6578947368421055,0.5808631211857018,0.5921970357454232,-0.16636239160200805,-0.7298050139275771,-0.8681241678929297,0.5302222771061715,0.525577673313329,-0.9687465647955411,-0.8832616501236832,0.6648885287253656
2012-08-28,0.643824242322196,0.6748767504941053,0.6802862622290733,-0.9225893961816894,-0.7138124617085053,-0.8161192452045694,-0.739836035002607,-0.7736770524233434,-0.9568138874574355,0.2280800676628134,-0.3204920197713468,0.646987951807229,0.6289122475493092,0.5695423094013838,-0.5204477392115469,-0.659756097560976,-0.675837320574163,0.5217959895379254,0.5809721011333915,-0.24486535828388867,-0.7230401910067652,-0.8217363884801345,0.5279998771555579,0.5233335697113646,-0.979210692247013,-0.9166460680432039,0.67254816478528
2012-08-29,0.6419095384775058,0.6609191988468419,0.649470191874411,-0.8312918596009213,-0.7123966811710343,-0.8593315129554109,-0.739807154520737,-0.7430761622156281,-0.9311689755170917,0.20778122356921358,-0.35701618684677217,0.6585542168674701,0.6265501358214243,0.5574176347362405,-0.461043742942707,-0.6414634146341465,-0.6578947368421055,0.5199433304272016,0.5212510897994771,-0.27133728890917386,-0.7497015519299648,-0.8468222268937005,0.5075554776098783,0.5026870231365457,-0.9705651895177567,-0.8791840381724534,0.643824242322196
2012-08-30,0.7431267987535652,0.6507934474939656,0.6447928494148338,-0.9065660122250079,-0.7255152109278309,-0.7281641445868515,-0.7595928979750144,-0.7478672106824926,-0.9265411702890863,0.19481251762052398,-0.44987359921518333,0.6383132530120481,0.6067083973071927,0.5301847267187201,-0.49540969119740774,-0.6707317073170735,-0.6866028708133973,0.49880122057541465,0.5187445510026159,-0.34071200365130094,-0.7333863907680076,-0.8280428841706958,0.4911110779753094,0.4860800614044478,-0.9706566484012724,-0.9249111512707977,0.6419095384775058
2012-08-31,0.7502392319759372,0.7304322718405798,0.6324115856659502,-0.6419905831471704,-0.7168978130327146,-0.4951054109916627,-0.7550060623835013,-0.6557554401582593,-0.8290945466670709,0.23484634902734758,-0.25299022752141276,0.6284337349397593,0.6411952285343099,0.5226940900146002,-0.40959300898424067,-0.7682926829268295,-0.7822966507177034,0.569638186573671,0.4984742807323457,-0.28115015974440905,-0.7230401910067652,-0.6584682222689371,0.576444364967903,0.5722569268149764,-0.810990543679092,-0.8673869776417963,0.7431267987535652
2012-09-04,0.7455887601478763,0.7454843498993,0.7452195725147592,-0.7717680758721857,-0.7185705374955367,-0.6286950869785605,-0.759944760091054,-0.704778684470821,-0.8857598997645681,0.2292077812235691,-0.2256348337924009,0.6636144578313254,0.6480453525451755,0.718656763791024,-0.985271736462271,-0.7365853658536587,-0.7511961722488039,0.6279424585876203,0.597428073234525,-0.225011410314925,-0.7600477516912063,-0.8248195641510756,0.5688888540246921,0.5646267100893818,-0.9477655451521076,-0.8982336451507178,0.7502392319759372
2012-09-05,0.7614552898173259,0.7350846522200074,0.7493465228605394,-0.8504852517697227,-0.720113653205467,-0.7110346085728059,-0.751893871038976,-0.7399233432245302,-0.938383501571231,0.24837891175641413,-0.17714975663132482,0.6453012048192772,0.6161568442187315,0.7503332698533614,-0.9881192007462319,-0.7097560975609758,-0.7248803827751196,0.6299040976460333,0.6281604184829996,-0.1980830670926519,-0.7397532829287714,-0.7229346226613411,0.5759999649777785,0.5718083044537707,-0.9823035854520576,-0.8939656103692555,0.7455887601478763
2012-09-06,0.858569308458907,0.7731251510929615,0.7765856222716763,-0.7516971352919637,-0.6833310969124957,-0.46858417255953877,-0.7468024610906325,-0.6283382789317509,-0.9035638142006932,0.2652946151677469,-0.16035920461834519,0.654698795180723,0.6560765324199838,0.86637465879515,0.1736462271098238,-0.6121951219512196,-0.6291866028708135,0.6588927637314734,0.6300130775937229,-0.19420356001825656,-0.7584560286510156,-0.6622521196832738,0.6293333415703701,0.6256690106346736,-0.9084918693931968,-0.7878213614133768,0.7614552898173259
2012-09-07,0.8271096180124506,0.8612477729716757,0.8472966465329921,-0.6178439177227945,-0.6761283500987645,-0.6832100541757767,-0.7040568640586393,-0.5864243323442138,-0.7230592015520325,0.36960811953763795,-0.18439421952231827,0.6236144578313254,0.6331640486595016,0.8264457563638672,0.04688497226177035,-0.6219512195121952,-0.6387559808612442,0.6821054925893639,0.657911944202267,-0.16225467822911943,-0.7692001591723043,-0.6059140915142597,0.688444362479014,0.685364216158524,-0.8797535534854191,-0.8278577614697712,0.858569308458907
2012-09-10,0.8437968288360431,0.8377118973808555,0.8434446996453917,-0.8643808516769842,-0.6866755190598797,-0.770800293656403,-0.7069234717593944,-0.6432987141444115,-0.8841229904917802,0.3374682830561042,-0.47862506131381366,0.6616867469879517,0.6317467816227706,0.9763219704183328,-0.3103245127399479,-0.6390243902439026,-0.6555023923444978,0.6834132519616394,0.694202266782912,-0.07895937927886809,-0.8436132113012338,-0.7121435078130474,0.6448888523358027,0.641378066447069,-0.9369945027934534,-0.9402420200932705,0.8271096180124506
2012-09-11,0.8443440590296256,0.8483851308775838,0.858852514709898,-0.8695313024768534,-0.6815301278450414,-0.7611148506689015,-0.7065716115763228,-0.7016876854599408,-0.8533248456556226,0.3915985339723722,-0.4704373089838887,0.6640963855421689,0.6487539860635407,0.9686408937980069,-0.4517158427021454,-0.5829268292682928,-0.6004784688995217,0.7131647776809071,0.6833042720139497,-0.06914650844363335,-0.8296856346995627,-0.7187302922009671,0.6595555631209873,0.6561896886235414,-0.9554340207699608,-0.9113069048416835,0.8437968288360431
2012-09-12,0.9370810294476679,0.857689891636439,0.8439950917591896,-0.8170409067566895,-0.6753570636066251,-0.7658243789101846,-0.6941407744807555,-0.6812870919881306,-0.8395222649974234,0.4169720890893718,-0.5331094593064937,0.6763855421686749,0.6655249793315225,0.8590744620072366,0.1736462271098238,-0.5121951219512195,-0.5311004784688995,0.7947907585004366,0.7126198779424588,-0.049064354176175495,-0.869478710704338,-0.5068320369981081,0.6684443184790152,0.66516629194491,-0.8812230515080604,-0.9131635274364509,0.8443440590296256
2012-09-13,0.9504856250788447,0.9408866246855547,0.8178567765756486,-0.41853642259264645,-0.647062868518052,-0.18579490806193721,-0.6926734929106599,-0.556874381800198,-0.6846625642891065,0.46715534254299396,-0.949024638720145,0.678795180722892,0.6782803826620998,0.8819907319240778,0.2703618243409103,-0.557317073170732,-0.5753588516746411,0.9024629468177858,0.7940278988666085,-0.004792332268370725,-0.8849980103461998,-0.5874150374886133,0.7799999604444454,0.7778251478407625,-0.7565733873996041,-0.8439045468943683,0.9370810294476679
2012-09-14,0.9121869250145402,0.9496439306678246,0.9557022943804028,-0.6674871563747934,-0.6387029719421986,-0.4201695825748717,-0.6523072969442696,-0.45366592482690415,-0.6939788010144796,0.5449675782351289,-0.35912915518997857,0.7045783132530123,0.7207983937640252,0.9789881292452227,-0.14517158427021448,-0.37682926829268304,-0.39832535885167486,0.9376634699215347,0.9024629468177858,0.042218165221359794,-0.919617986470354,-0.7752084647186602,0.8395555591209871,0.8379693535528412,-0.8038330066316486,-0.8842705249261653,0.9504856250788447
2012-09-17,0.9482970872890557,0.9422550700561638,0.9213096657937592,-0.7880883095384096,-0.6451335521681392,-0.6320550077611897,-0.6537126636013895,-0.6302856083086055,-0.7880909798215567,0.5393290104313513,-0.23989737010904433,0.735421686746988,0.7035549781504669,0.9665460547197355,-0.5284010015219205,-0.4085365853658538,-0.4294258373205744,0.8424149956408025,0.9357018308631213,-0.004335919671382804,-0.9506565857540785,-0.9892088851517062,0.8408888035358042,0.8393156929202374,-0.9273280023357193,-0.5635472111294819,0.9121869250145402
2012-09-18,0.9488443174826382,0.9419811237297466,0.9380932685440411,-0.7619785358158926,-0.6466767852241564,-0.7208555593874625,-0.6554253413173141,-0.6528499010880318,-0.7185324401062981,0.5004228925852834,-0.24314228577896846,0.6766265060240964,0.6494626195819064,0.9486447025963312,-0.16235455839756485,-0.4463414634146341,-0.46650717703349276,0.7471665213600698,0.8417611159546645,-0.10360565951620249,-0.9311579785117399,-0.7876813117511037,0.8599999586666676,0.8586157112141495,-0.8980365360651399,-0.8707907857322031,0.9482970872890557
2012-09-19,0.9414580776712067,0.9441705596943759,0.9524007120924964,-0.8347998864604032,-0.6456481147588407,-0.5946409600182473,-0.6479001674981935,-0.6667903066271019,-0.7906170743783283,0.5004228925852834,0.08395276006489816,0.6477108433734939,0.6251328687846938,1.0,-0.6472089940596003,-0.4926829268292683,-0.5119617224880386,0.7905405405405408,0.7467306015693111,-0.08055682336832515,-0.9164345403899725,-0.7349870366477471,0.8808888915358022,0.8797115885758429,-0.9062520061594042,-0.620556876919105,0.9488443174826382
2012-09-20,0.9548627006584236,0.9348657715682549,0.9259870082533364,-0.843961058518395,-0.6455191807459482,-0.4865229680506631,-0.6582879844997422,-0.6615356083086055,-0.70250689623814,0.4558782069354388,-0.09847941742444266,0.6684337349397593,0.6433211290894061,0.9732749317590299,-0.4034071382983946,-0.5036585365853661,-0.5227272727272729,0.7630775937227554,0.789995640802093,-0.1366955727978092,-0.9271786709112613,-0.6210496811716067,0.8617777808493821,0.8604110507697744,-0.9397312340001918,-0.862553167335893,0.9414580776712067
2012-09-21,0.9299685962252959,0.9756427506734431,0.9620304004698297,-0.7430256569154066,-0.6463081571606757,-0.6770431855449339,-0.6450412994031818,0.30192878338278906,-0.47829074337910626,0.4620806315195942,-0.4323284156510585,0.5836144578313254,0.5674973426243062,0.9351869485177424,-0.15685600667681276,-0.5170731707317073,-0.535885167464115,0.7781168265039233,0.7646033129904097,-0.07964399817434975,-0.9013131715081588,-0.7400322332001962,0.881777780404938,0.8806089749833881,-0.9196164355131328,-0.8886136302464693,0.9548627006584236
2012-09-24,0.9223089328093432,0.9266555098535907,0.9353421058840357,-0.833670990849662,-0.649152684978211,-0.7319848761481604,-0.6546772593248469,-0.6539317507418398,-0.8382491133408106,0.4344516492810824,-0.336942987586311,0.5877108433734943,0.5500177158379596,0.8668190185996316,-0.3217143698757916,-0.5646341463414637,-0.5825358851674642,0.7578465562336532,0.7745204882301655,-0.20629849383843002,-0.9044966175885394,-0.7491416158643402,0.7995554711209896,0.7975737884958807,-0.9002403433929311,-0.9198118475958201,0.9299685962252959
2012-09-25,0.8960469717405695,0.9463599956590052,0.933415926084463,-0.8079425714985278,-0.6691936217473282,-0.5742436653773083,-0.6671313152376435,-0.5974901088031652,-0.8034900522396355,0.4169720890893718,-0.3041542466890541,0.5628915662650604,0.5516711940474783,0.8717704564209994,-0.39339191909273885,-0.6182926829268296,-0.6351674641148326,0.7716870095902357,0.7578465562336532,-0.23345504335919687,-0.8937524870672497,-0.7732464438371522,0.7644443163456818,0.7621153836026997,-0.888479962150093,-0.9095436626732801,0.9223089328093432
2012-09-26,0.9652576943611311,0.8899834837185097,0.8739853538303319,-0.771118040011874,-0.6796668333372253,-0.5181173333658776,-0.6768618475745405,-0.6416295746785362,-0.7296068386431842,0.40118409923879295,-0.29460815756706793,0.533975903614458,0.5096256052911303,0.8538691042975941,-0.27664588345034113,-0.6939024390243904,-0.70933014354067,0.7894507410636447,0.7711421098517874,-0.29598356914650825,-0.8802228412256277,-0.7604933081073506,0.7746667161185172,0.7724388458036204,-0.8777010050803652,-0.8125012588047671,0.8960469717405695
2012-09-27,0.9529475591171166,0.9597700925296824,0.9405694552599706,-0.8041680299363182,-0.6622115589181212,-0.6640277008298592,-0.675593903377635,-0.6736523244312562,-0.8812331383188337,0.42486608401466075,-0.18862015620873118,0.5142168674698799,0.532538089051612,0.8805306925664951,-0.3263292257842799,-0.6365853658536587,-0.6531100478468901,0.8257410636442901,0.7894507410636447,-0.2398448197170242,-0.8690807799442908,-0.7461985845420783,0.8408888035358042,0.8393156929202374,-0.8908447019363781,-0.8751430459962684,0.9652576943611311
2012-09-28,0.963889810369444,0.9564857470118815,0.9565276624382766,-0.8227655558998339,-0.6708739590375323,-0.500468070126563,-0.684524256355934,-0.5717729970326411,-0.8708862550142977,0.39329010431350486,-0.3461872240878392,0.5672289156626504,0.5382071571985358,0.9043991620643688,-0.4615346850606312,-0.6646341463414636,-0.680622009569378,0.8466652136006978,0.8257410636442897,-0.2339114559561848,-0.8881814564265822,-0.6869175250508024,0.8319999148444461,0.8303391368272466,-0.9456514378831491,-0.9178050839233693,0.9529475591171166
2012-10-01,0.9671728359024363,0.9876844021735138,0.9683589467849045,-0.8012016996270962,-0.6659612211080734,-0.5626876252106,-0.6709179695375904,-0.6979784866468843,-0.836531369042206,0.41076966450521546,-0.43289438931441737,0.5626506024096385,0.5530884610842093,0.8775471338792613,-0.10579802641268587,-0.6829268292682928,-0.6985645933014355,0.869006102877071,0.8231255448997388,-0.21017800091282535,-0.8547552725825707,-0.7449372854039661,0.8426666257185191,0.8411109852474843,-0.9456206584511967,-0.908999859013866,0.963889810369444
2012-10-03,1.0000000000000004,0.9600436283471181,0.9716605015587079,-0.9101650441049332,-0.6563933639145061,-0.624247316092838,-0.6706357638732383,-0.7048714144411474,-0.8728465043903524,0.420355229771638,-0.13602233709391398,0.550120481927711,0.5171843628203616,0.8806576525106329,-0.5053267219794786,-0.6853658536585368,-0.700956937799043,0.8987576285963388,0.8728204010462077,-0.15449566408032833,-0.8698766414643853,-0.8061803657767501,0.7888888935802467,0.78680156224862,-0.9366304260840737,-0.7195694246850242,0.9671728359024363
2012-10-04,0.9729173577770838,1.0,0.9999999999999996,-0.8076933910854083,-0.6429459277446166,-0.6115024262003121,-0.6597996257631942,-0.6971439169139466,-0.8659149009265716,0.48350718917395064,-0.1377957212391051,0.4631325301204823,0.5183654186843039,0.8577413825937916,-0.44150424664932,-0.6158536585365857,-0.6327751196172251,0.9762423714036621,0.8989755884917177,-0.07507987220447276,-0.8631118185435742,-0.7208324574311541,0.8568888476246919,0.8554738906059949,-0.917562128283396,-0.7976684189229025,1.0000000000000004
2012-10-05,0.9283272886290885,0.9808425858294569,0.9749620838466151,-0.8403208577006499,-0.6428172284238978,-0.6092699137063431,-0.6455787168272398,-0.668984915924827,-0.8482322390291714,0.4925288976599944,-0.14643625249971715,0.5486746987951807,0.5162395181292077,0.8425061892972767,-0.41440424173989876,-0.5439024390243903,-0.562200956937799,0.942567567567568,0.9765693112467306,-0.12848014605203106,-0.8997214484679663,-0.7530656576273562,0.830222270439505,0.8285436083581101,-0.9272893081926934,-0.886517148125159,0.9729173577770838
2012-10-09,0.9242236366540335,0.9480019494797816,0.9350667172284166,-0.8645953635108871,-0.6679006145531914,-0.508140674799521,-0.6640270509968027,-0.7056750741839763,-0.8724221205048148,0.40851423738370496,-0.23680338074934926,0.5038554216867472,0.5455297035549784,0.8087983241287375,-0.3858314104767048,-0.5670731707317076,-0.584928229665072,0.8930906713164779,0.9093286835222321,-0.1540392514833413,-0.8861918026263425,-0.6614112535911989,0.7604444942123445,0.7580763182721328,-0.9250081125788504,-0.7742811995905908,0.9283272886290885
2012-10-10,0.9373548360367274,0.9252870644829834,0.927913188052909,-0.873032828977732,-0.6797961927296825,-0.6117721793593384,-0.692188362283642,-0.713433481701286,-0.7559590570594239,0.4028756695799274,-0.3631287024110479,0.5667469879518074,0.5623006968229598,0.8368564717831526,-0.44376258039177174,-0.6073170731707318,-0.6244019138755985,0.8549476896251091,0.8917829119442029,-0.18416248288452763,-0.8436132113012338,-0.743816130614533,0.7782221827061733,0.7760294776864927,-0.9447975284995556,-0.8650268331401639,0.9242236366540335
2012-10-11,0.9028859813584194,0.9419811237297466,0.9507499484626467,-0.9087067969916341,-0.6787616989648082,-0.614490752537668,-0.6924783075537375,-0.7582220573689418,-0.9194681055301263,0.4321962221595719,-0.49756631324755696,0.5421686746987955,0.5448210700366132,0.8475845870627818,-0.5139673032549461,-0.6219512195121952,-0.6387559808612442,0.8878596338273765,0.85178727114211,-0.16910086718393424,-0.8467966573816161,-0.7593721533179174,0.7786667160296283,0.7764784306463437,-0.9759507106970838,-0.8723068444190547,0.9373548360367274
2012-10-12,0.8561073744206351,0.9272029919974418,0.9144311400764304,-0.8534299142169344,-0.6848388621137718,-0.6120482449947848,-0.6982173740507971,-0.6744250741839763,-0.8915396041104612,0.4451649281082606,-0.5912538203222277,0.5734939759036146,0.5415141136175743,0.8050530057766774,-0.4486720015710147,-0.6365853658536587,-0.6531100478468901,0.8207279860505667,0.8876416739319968,-0.25216795983569185,-0.8702745722244334,-0.791044776119403,0.7417777390716056,0.7392247334259159,-0.9452205258358155,-0.9331615865883736,0.9028859813584194
2012-10-15,0.8853781167367232,0.8639846637128903,0.8516990130484943,-0.8005841655598002,-0.669452355200503,-0.6814551857309417,-0.6925151170722601,-0.6709013353115728,-0.884688835672497,0.4451649281082606,-0.633022676678112,0.5513253012048194,0.5275776544230544,0.7286865993778964,-0.36285531935784765,-0.6219512195121952,-0.6387559808612442,0.7929380993897124,0.7858544027898868,-0.2562756732085809,-0.8726621567847204,-0.8053394996846752,0.7408888057580265,0.7383271581048587,-0.9503246350658636,-0.8259224063586577,0.8561073744206351
2012-10-16,0.8886607045730979,0.8735629602891812,0.8830650628054104,-0.8981090456823535,-0.6505748315408917,-0.6767149367710799,-0.6736048710929086,-0.6753214638971317,-0.8736750634049735,0.5038060332675496,-0.9656642644228957,0.553975903614458,0.5299397661509389,0.7225290420872215,-0.5327212921596542,-0.5560975609756098,-0.5741626794258377,0.8181124673060163,0.7925021795989537,-0.217937015061616,-0.878631118185436,-0.7333053044635975,0.7866665380740767,0.784557269733144,-0.9417081529438769,-0.9065609819958875,0.8853781167367232
2012-10-17,0.8681436757195491,0.8872465929772941,0.8899435885227391,-0.9197899084099473,-0.6420410280643731,-0.5924703097931969,-0.6648793315874677,-0.6069485657764591,-0.8964705406852791,0.540456723992107,-0.2965324680224881,0.5612048192771086,0.5424589583087283,0.7415095537357965,-0.5540281800775688,-0.4341463414634146,-0.4545454545454546,0.8472101133391461,0.8173496076721887,-0.1759470561387495,-0.9208117787504975,-0.7376497792726509,0.8062222265283947,0.8043062409869071,-0.9454052024275299,-0.9246566438342368,0.8886607045730979
2012-10-18,0.8183559045499122,0.8697315705037747,0.8808638795476607,-0.8893747305059663,-0.6469545434116568,-0.5113575127832908,-0.6567552004271953,-0.6290801186943622,-0.8713106388998354,0.5105723146320837,-0.24144436478889186,0.5626506024096385,0.5379709460257471,0.7408747540151084,-0.48716186361627956,-0.4231707317073172,-0.4437799043062203,0.8032911944202268,0.8469921534437663,-0.2033318119580101,-0.9283724631914048,-0.7512437810945274,0.7355555169876551,0.7329414228082511,-0.9115759684748265,-0.8668559909036478,0.8681436757195491
2012-10-19,0.8350431153735038,0.8461956949129545,0.8159305967760759,-0.7322112269860221,-0.6783737087970021,-0.3533911570201156,-0.6951652091090557,-0.2869992581602375,-0.8922064930734488,0.48576261629546114,-0.17137682526506437,0.5771084337349401,0.563481752686902,0.7137688059417253,-0.329078501644656,-0.5024390243902439,-0.5215311004784691,0.7474934612031388,0.8037271142109854,-0.2914194431766317,-0.9040986868284921,-0.7532058019760353,0.7448888501135809,0.7423667429475815,-0.8664084712032033,-0.7942664418212478,0.8183559045499122
2012-10-22,0.7762273864556506,0.8237547562425727,0.8379419616138368,-0.8945945184642687,-0.6781147553199145,-0.6061704877839904,-0.7100624695106239,-0.6492643422354105,-0.8939646548849618,0.5071891739498176,-0.21816398143606397,0.5373493975903616,0.5308846108420928,0.6948517742652194,-0.5429328882124796,-0.44268292682926846,-0.4629186602870816,0.7331081081081088,0.7376852659110726,-0.2923322683706071,-0.8822124950258656,-0.7949688178824189,0.7759999605333339,0.7737851851710171,-0.9519093361052411,-0.7037771466969878,0.8350431153735038
2012-10-23,0.7606346633752614,0.7807879580310395,0.7853899150770336,-0.7748514126362638,-0.7038454224641013,-0.3264112119681186,-0.7394184848191427,-0.6482134025717112,-0.8859215698162015,0.4654637722018613,-0.08134928121344764,0.4910843373493978,0.4588402031416088,0.6641274677839144,-0.4311944621729097,-0.5085365853658539,-0.5275119617224884,0.6604184829991282,0.7323452484742807,-0.4137380191693292,-0.8885793871866294,-0.6991100833858874,0.7106665842074094,0.7078062912024798,-0.9105778354672275,-0.761927518479254,0.7762273864556506
2012-10-24,0.7923677500701989,0.7744935964635697,0.7710828842401214,-0.7986405583374684,-0.7090166738228225,-0.6288920362428729,-0.7432168432431587,-0.683914441147379,-0.8929542170622532,0.458697490837328,-0.16292495189223866,0.4284337349397591,0.41443250265737586,0.6653335872532216,-0.707398497717119,-0.46829268292682924,-0.4880382775119618,0.6321926765475152,0.6607454228421976,-0.42925604746691004,-0.8555511341026669,-0.7417139653843459,0.6706666739851848,0.6674103955468744,-0.9017837120522583,-0.7701010522692359,0.7606346633752614
2012-10-25,0.7899054056913495,0.7936506001251313,0.8032743295690143,-0.8805624110263417,-0.7037162830955572,-0.5688056773571261,-0.7521587089816495,-0.6717977250247281,-0.9080703668899736,0.4361432196222168,-0.22620080745575977,0.40650602409638537,0.39837014290775974,0.6838062591252458,-0.6737198684275123,-0.4463414634146341,-0.46650717703349276,0.6387314734088929,0.6307759372275505,-0.3808763121862162,-0.8523676880222846,-0.7600728750613132,0.7386666280296303,0.7360830545028942,-0.8905439429155861,-0.8635089434645602,0.7923677500701989
2012-10-26,0.8145260865199551,0.7955665002723249,0.8032743295690143,-0.8929672620272886,-0.704750439490432,-0.5201318550074666,-0.7477515795355729,-0.6098231948565778,-0.9052007234734811,0.4406540738652387,-0.24899068030034344,0.41638554216867507,0.39104759655131716,0.6711102647114835,-0.6025332613284893,-0.5231707317073173,-0.5418660287081338,0.5848953792502183,0.6388404533565826,-0.4219534459151073,-0.8436132113012338,-0.6523018709270549,0.7231111617086405,0.720373668091854,-0.9663668749994505,-0.8731582541888445,0.7899054056913495
2012-10-31,0.7937356340618842,0.8141760491573011,0.8200579598334001,-0.9310983655931686,-0.704750439490432,-0.6993430605789424,-0.7454512716737147,-0.5989428783382791,-0.885517394687118,0.45080349591203905,-0.38591857525563156,0.4086746987951806,0.4087634345104525,0.7031041706341647,-0.5592321665275664,-0.5902439024390245,-0.6076555023923449,0.6353530950305144,0.6073452484742812,-0.37813783660429,-0.857938718662953,-0.7761894751594142,0.7968889378469122,0.7948807319340652,-0.883600982479468,-0.9226791759818219,0.8145260865199551
2012-11-01,0.6988101532100921,0.8076077412634133,0.8107028346885969,-0.9021392680162856,-0.6856149597954706,-0.7096235596769948,-0.7363585802716575,-0.5916790306627103,-0.9326240059817921,0.4406540738652387,-0.2687242953627892,0.4180722891566264,0.4146687138301641,0.7161175649082714,-0.4836270803672247,-0.5463414634146342,-0.5645933014354068,0.6350261551874459,0.6369877942458588,-0.3607941579187588,-0.8591325109430965,-0.7414336766869876,0.7573332053925954,0.7549341198369557,-0.9516270447436206,-0.8743209320465144,0.7937356340618842
2012-11-02,0.7160441838866887,0.7372740881846358,0.7078003650983882,-0.7126516479492453,-0.7020356084353532,-0.5551505283647972,-0.7407154989288278,-0.6004883778437192,-0.8455646831772208,0.38144911192557185,-0.20269403463758828,0.43783132530120494,0.4108893350655487,0.5761442264965404,-0.1410476704796504,-0.5621951219512198,-0.5801435406698565,0.5812990409764605,0.6348081952920666,-0.40552259242355104,-0.8491842419419031,-0.6059140915142597,0.6573332076148177,0.6539454433364431,-0.8617440681439036,-0.872456985496738,0.6988101532100921
2012-11-05,0.8000274134861525,0.7085383774378027,0.7218324199912245,-0.8991447694864501,-0.698285403519749,-0.7206371477033211,-0.748033785199925,-0.7312685459940653,-0.9431123505815071,0.3588948407104606,-0.22348413387163724,0.3814457831325304,0.3773473485295855,0.5842061829492797,-0.42343757670970583,-0.608536585365854,-0.6255980861244019,0.5893635571054929,0.5932868352223193,-0.3507530807850294,-0.8018304814962205,-0.7470394506341531,0.6408888079802488,0.637338812202991,-0.9461236823105329,-0.8911275778032894,0.7160441838866887
2012-11-06,0.805225115507795,0.8002188806517525,0.7438437848289854,-0.6847282741764589,-0.6839338450874413,-0.6840685509689335,-0.733693009023376,-0.6992457962413453,-0.8747461274970445,0.36848040597688314,-0.06270988190016236,0.40746987951807223,0.45742293610487783,0.6332762013584716,-0.30374588835976235,-0.5207317073170734,-0.5394736842105265,0.6051656495204885,0.5895815170008722,-0.3388863532633506,-0.7946677278153604,-0.6605703874991241,0.6831110737086425,0.679978480861916,-0.8779050287435924,-0.8401821467610724,0.8000274134861525
2012-11-07,0.8462591732148925,0.8100711235544598,0.7831887318192812,-0.746624688795332,-0.7258258846926842,-0.022367839363466757,-0.7793692046772347,-0.5182987141444116,-0.8984105813048795,0.3442345644206366,-0.04233483001924321,0.47277108433734916,0.4463210109838198,0.6351806005205356,0.0635770042711965,-0.6512195121951221,-0.6674641148325362,0.583696599825632,0.6036399302528337,-0.35486079415791894,-0.7958615200955039,-0.5146801205241398,0.7155555174320996,0.7127432624527479,-0.9071542832217799,-0.7603968118823845,0.805225115507795
2012-11-08,0.8416087013868325,0.8382593795247066,0.8129040179463485,-0.8412309079050861,-0.7475478188237441,-0.3707626712969383,-0.7920029667354673,-0.5983555885262117,-0.9072215991188983,0.33070200169157005,-0.28834471569256315,0.3783132530120483,0.3726231250738161,0.6877420173935125,-0.3803328587559526,-0.6829268292682928,-0.6985645933014355,0.5856582388840454,0.5830427201394945,-0.34116841624828886,-0.7835256665340236,-0.71172307476701,0.7306666282074077,0.7280038848174486,-0.9041818695075203,-0.8807934772856689,0.8462591732148925
2012-11-09,0.8219123263313866,0.8486586393277529,0.8522494051622922,-0.8730393293363351,-0.7459965328925191,-0.2885405617641099,-0.8051182698982746,-0.6190034619188922,-0.9297745713217538,0.3092754440372145,-0.2849866052899672,0.39325301204819296,0.40096846580843293,0.7377007554116677,-0.2856792184201482,-0.6890243902439024,-0.7045454545454544,0.6018962510898,0.58435047951177,-0.3795070743952538,-0.7827298050139273,-0.6688389040711933,0.6977776511604965,0.6947897724397436,-0.9468659063267563,-0.8928816650279316,0.8416087013868325
2012-11-13,0.8230063763779731,0.8322385264074059,0.8269364855507289,-0.89249056906306,-0.750780674179085,-0.6169450433698692,-0.8041285668473948,-0.5864552423343226,-0.936504087220993,0.30645616013532617,-0.5151869599667963,0.40650602409638537,0.38089051612141267,0.7749634990160605,-0.8298394619274386,-0.7109756097560977,-0.7260765550239237,0.6692458587619878,0.620640802092415,-0.24760383386581486,-0.7636291285316359,-0.7115829304183309,0.6448888523358027,0.641378066447069,-0.9497055287774498,-0.9051071769266121,0.8219123263313866
2012-11-14,0.7942824539148892,0.8349750066396391,0.8310634358965081,-0.8481321219553946,-0.7748301239374167,-0.32873125746844867,-0.8439148722735945,-0.5246970820969339,-0.9111218891145534,0.3244995771074155,-0.6136663773912387,0.40000000000000013,0.39624424235266353,0.7808671364184598,-0.5458785409200255,-0.7182926829268295,-0.7332535885167466,0.6705536181342637,0.6694638186573676,-0.2562756732085809,-0.7668125746120174,-0.6748651110643964,0.544444454567901,0.539940720356973,-0.8166838591779431,-0.8010905369008318,0.8230063763779731
2012-11-15,0.7885379320402417,0.8078816875898305,0.7870407062209863,-0.8153551470922813,-0.7778037911234963,-0.38502423885737447,-0.852829746040408,-0.6267927794263106,-0.8723614942354523,0.3493092754440372,-0.964117269743048,0.42722891566265075,0.40380299988189483,0.7589665460547197,-0.42805243261819426,-0.7109756097560977,-0.7260765550239237,0.639821272885789,0.670335658238884,-0.26038338658147,-0.7624353362514924,-0.6612711092425199,0.4888889002469132,0.48383595780248334,-0.7805831031471531,-0.7995470133826967,0.7942824539148892
2012-11-16,0.8429761750379403,0.7889982197457037,0.7950200161659109,-0.8820748277946667,-0.7691405109084337,-0.12682080752144187,-0.8576755704120118,-0.41672848664688444,-0.8961472005820122,0.3290104313504374,-0.2854393842206544,0.39662650602409655,0.4035667887091061,0.7701390211388306,-0.3875006136776473,-0.7243902439024392,-0.7392344497607657,0.6134481255449002,0.6392763731473412,-0.28594249201277977,-0.7711898129725432,-0.5972251418961531,0.5111111219753082,0.5062781745315734,-0.8450325954184377,-0.8340391794973203,0.7885379320402417
2012-11-19,0.8298453859958221,0.8382593795247066,0.847572062702715,-0.8859642090255313,-0.7334545537967858,-0.4971026785310362,-0.834723456440039,-0.6028066271018795,-0.8914991865975528,0.3679165491965053,-0.16560389389880403,0.44674698795180734,0.47088697295382076,0.7987684885418651,-0.4563306986106337,-0.6890243902439024,-0.7045454545454544,0.6514821272885793,0.6232563208369664,-0.22021907804655427,-0.7588539594110628,-0.7564291219956555,0.5688888540246921,0.5646267100893818,-0.9049460788322812,-0.8484417370224094,0.8429761750379403
2012-11-20,0.8344958851799222,0.8344279623720352,0.8327141995263587,-0.9134477251995069,-0.7326786908072602,-0.6304575303951,-0.8132984648759725,-0.6113068743818003,-0.9043115381894976,0.37073583309839364,-0.15009621552277108,0.4910843373493978,0.4562418802409356,0.8281597156097251,-0.4792086013059059,-0.6219512195121952,-0.6387559808612442,0.6583478639930256,0.6506102877070621,-0.2398448197170242,-0.7767608436132107,-0.812066428421274,0.5506666766518511,0.5462242671165269,-0.9526972895632224,-0.7090650422134457,0.8298453859958221
2012-11-21,0.8905758461144049,0.8289545913985865,0.8362911704698841,-0.9499667398318141,-0.7293171361312007,-0.7907801231900815,-0.7968567182107558,-0.7252410979228487,-0.8968342983014541,0.3769382576825482,-0.3170584462136363,0.445542168674699,0.4250620054328569,0.8335555132355741,-0.5514752810643624,-0.6073170731707318,-0.6244019138755985,0.657258064516129,0.6578029642545773,-0.19876768598813355,-0.7803422204536412,-0.9321701352392965,0.5826667203851836,0.5785406152596637,-0.9637013761923733,-0.8510490650055936,0.8344958851799222
2012-11-23,0.8856515403412453,0.8888885741653372,0.8591279308796209,-0.900143657925129,-0.704750439490432,-0.8593824335985345,-0.7878006468963124,-0.8371043521266074,-0.9417381551426234,0.4598252043980837,-0.6517375391465119,0.45469879518072287,0.4397070981457425,0.8719608963372054,-0.35048357798615537,-0.5914634146341466,-0.6088516746411483,0.7493461203138625,0.6627070619006106,-0.10611592879963538,-0.7982491046557909,-0.7136850956485179,0.6120000530666649,0.6081640957544974,-0.9295705038065364,-0.9790022209893564,0.8905758461144049
2012-11-26,0.8659555756263777,0.8812257672272592,0.8990232974978194,-0.9160132000615369,-0.7086293437267546,-0.7132898459818877,-0.7748131380777838,-0.6725086547972305,-0.8961876180949206,0.4581336340569493,-0.5360147907784025,0.4686746987951811,0.43545529703554964,0.9424236653335871,-0.37974372821444347,-0.6243902439024391,-0.6411483253588519,0.7340889276373148,0.7358326068003489,-0.10839799178457366,-0.8400318344608042,-0.8172517693224021,0.6124444086123462,0.608612718115703,-0.9313442784993357,-0.9655023409191197,0.8856515403412453
2012-11-27,0.8068664231040015,0.8721945149185739,0.8816892751196366,-0.8740490517060192,-0.7179388048371467,-0.5932610526727762,-0.7809812694514675,-0.6615665182987143,-0.9146584214940334,0.44234564420637223,-0.3709391389654002,0.45951807228915675,0.4345104523443961,0.9510569415349455,-0.4929549806077863,-0.6573170731707318,-0.6734449760765551,0.7271142109851794,0.7337619877942463,-0.09333637608397982,-0.8487863111818541,-0.740873099292271,0.5551110321086439,0.5507126160055889,-0.8788785382056296,-0.934282151704742,0.8659555756263777
2012-11-28,0.824100453780598,0.8021343702899655,0.7925438569640844,-0.753452232114805,-0.7033280582355774,-0.38940888497889425,-0.8008791424735651,-0.6210744312561821,-0.8367738741196562,0.44685649844939324,-0.31554918311134594,0.4477108433734942,0.4132514467934336,0.8615501809179205,-0.39074083165594764,-0.6646341463414636,-0.680622009569378,0.7268962510897996,0.7248256320836965,-0.0682336832496575,-0.8272980501392757,-0.7782916403896013,0.5746667205629614,0.5704617761728639,-0.915838480094062,-0.8966351919700156,0.8068664231040015
2012-11-29,0.7931884038683026,0.8201968749073361,0.8329896156960808,-0.871180226775844,-0.6947948121529712,-0.49882766792081545,-0.7628770577922013,-0.674795994065282,-0.8244465326826115,0.4609529179588394,-0.08165113383390565,0.4284337349397591,0.4441951104287236,0.8814194121754588,-0.44160243507290486,-0.6804878048780489,-0.6961722488038278,0.7309285091543161,0.7271142109851789,-0.01985394796896367,-0.832869080779945,-0.723775488753416,0.5808888982024687,0.5767453229324169,-0.9541579934624488,-0.9151245163900957,0.824100453780598
2012-11-30,0.7953769416580916,0.8125340679692581,0.7966708073098645,-0.8502599060048147,-0.6944071593551646,-0.5599223397067602,-0.7577044786319793,-0.4972181008902078,-0.8951973890286662,0.4654637722018613,-0.42900803682601985,0.4566265060240966,0.45293492382189715,0.7991493683742781,-0.6687122588246845,-0.6853658536585368,-0.700956937799043,0.7083696599825635,0.7306015693112471,-0.01506161570059339,-0.8428173497811393,-0.7782916403896013,0.5591110320197545,0.5547522008483112,-0.9438759043656668,-0.949157104327908,0.7931884038683026
2012-12-03,0.7485979243797298,0.8043238062545939,0.8107028346885969,-0.8946551884778977,-0.7034577696662949,-0.610051819118934,-0.7633602999090265,-0.6770215133531159,-0.8991987228065922,0.5038060332675496,-0.30494660981775656,0.48313253012048185,0.4824613204204562,0.8332381133752302,-0.9860572438509498,-0.678048780487805,-0.69377990430622,0.717741935483871,0.7112031386224937,-0.0004564125969874766,-0.8428173497811393,-0.6713615023474178,0.5115555219654326,0.5067264190657561,-0.9118415510019585,-0.9246090381266787,0.7953769416580916
2012-12-04,0.7403910307701946,0.747126331087343,0.7509972864903891,-0.8113314251169523,-0.7060429919684819,-0.5980332848465005,-0.7671005185074837,-0.6387240356083087,-0.8709872987965687,0.5263603044826608,-0.23635060181866208,0.48626506024096394,0.45647809141372386,0.7651875833174633,-0.9944032598556629,-0.6987804878048782,-0.7141148325358853,0.6641238012205757,0.7171970357454232,-0.03856686444545865,-0.8674890569040983,-0.702613692102866,0.5191111662419741,0.5143568247048631,-0.9366691202270996,-0.9609559958473175,0.7485979243797298
2012-12-05,0.7507864621695188,0.7380950787786578,0.7325628925961545,-0.8018430683426037,-0.7028111487231399,-0.5147578334150097,-0.7703150218729831,-0.5276335311572702,-0.7842917336081725,0.5117000281928394,-0.34675319775119806,0.47469879518072333,0.45222629030353145,0.7397955944899386,-0.9960724630566056,-0.7158536585365856,-0.7308612440191389,0.6605274629468179,0.6625980819529209,-0.016430853491556263,-0.8885793871866294,-0.7511036367458482,0.461333211970373,0.4560077696348974,-0.8976408005114663,-0.9310266537032662,0.7403910307701946
2012-12-06,0.7688415569847957,0.7517787114667707,0.7416426015712339,-0.8743264003397522,-0.6966051835756317,-0.7002600529869271,-0.754000882054104,-0.6648120672601385,-0.8849515495064012,0.45531435015506094,-0.23118137569331787,0.45951807228915675,0.43285697413487645,0.839332190693836,-0.2551426186852569,-0.7219512195121953,-0.736842105263158,0.692894507410637,0.6599825632083696,0.027384755819260143,-0.8690807799442908,-0.6422114778221568,0.4702221451061743,0.46498470355491084,-0.925255227446811,-0.900864775987681,0.7507864621695188
2012-12-07,0.7863493942504527,0.7577995372168056,0.7710828842401214,-0.8745885814700778,-0.6910443725451934,-0.6770898978704439,-0.7414307339881301,-0.6423095944609298,-0.9362615821435429,0.4321962221595719,-0.3598460551635665,0.42481927710843403,0.40285815519074086,0.8588205421189614,-0.3718886543276547,-0.6768292682926829,-0.6925837320574162,0.7171970357454232,0.6923496076721887,0.03172067549064339,-0.8368483883804227,-0.5495760633452456,0.48711107806419784,0.4820402876482135,-0.953225816380462,-0.9551682404014992,0.7688415569847957
2012-12-10,0.7822457422753968,0.7835248487722541,0.8016235659391655,-0.9318545739773312,-0.6902692869734932,-0.7186920633023552,-0.7286325574980053,-0.6596191889218597,-0.9249244697727527,0.44009021708486085,-0.4069350639550241,0.41469879518072283,0.39931498759891326,0.9064305211705705,-0.6198144238794245,-0.6829268292682928,-0.6985645933014355,0.7498910200523103,0.7190496948561469,0.06252852578731138,-0.8153601273378426,-0.7248966435428492,0.5133332997037043,0.508522136448404,-0.955085773482728,-0.9609926156223622,0.7863493942504527
2012-12-11,0.785528740452349,0.7698412160841412,0.7853899150770336,-0.9301774814577272,-0.6777274252238465,-0.49258042042355454,-0.7225901444604661,-0.6411350148367954,-0.9556821970960018,0.47674090780941647,-0.4395351469644947,0.40771084337349417,0.38939411834179793,0.8711356567003112,-0.6073444940841474,-0.6365853658536587,-0.6531100478468901,0.7717959895379254,0.7501089799476901,0.026243724326791007,-0.832869080779945,-0.7595122976665966,0.5026665888296309,0.4977496740592542,-0.9760043548499152,-0.9295398908364505,0.7822457422753968
2012-12-12,0.7472300403880445,0.8048712610311801,0.7919934648502864,-0.7256176965762612,-0.6768225255436031,-0.5207353277532444,-0.7115527804670387,-0.6318620178041544,-0.8485959966453465,0.5150831688751056,-0.4041806587933442,0.40771084337349417,0.4205739931498762,0.8811654922871832,-0.3597132898031321,-0.5804878048780489,-0.598086124401914,0.76176983435048,0.7715780296425461,0.04609767229575512,-0.8527656187823327,-0.3658468222268937,0.5626666763851849,0.5583432105582065,-0.8391440503797744,-0.9084780272194787,0.785528740452349
2012-12-13,0.7406648647152942,0.749041820725556,0.7485211272885635,-0.830314639024253,-0.6882001820976578,-0.5635132971263713,-0.7270648524171279,-0.7132171117705244,-0.9199935331979348,0.5173385959966179,-0.7505942723465269,0.43228915662650613,0.4023857328451639,0.827524915889037,-0.21193971230791886,-0.5439024390243903,-0.562200956937799,0.7313644289450743,0.7615518744551006,0.0031948881789136685,-0.8662952646239557,-0.7302221287926565,0.5053332998814821,0.5004429195345803,-0.9012745323065315,-0.9688182615494192,0.7472300403880445
2012-12-14,0.7491451545733114,0.7375476240020715,0.7551246495477133,-0.9165765644738069,-0.6950532229044075,-0.5551526325236039,-0.7326183616732012,-0.6624319980217608,-0.9438802833267655,0.5652664223287287,-0.9812096743764858,0.4187951807228918,0.40309436636352913,0.815336761251825,-0.54273651136531,-0.578048780487805,-0.5956937799043063,0.7397558849171757,0.7310374891020057,0.06321314468279304,-0.8619180262634307,-0.814168593651461,0.5115555219654326,0.5067264190657561,-0.9323221850230803,-0.9726834788053896,0.7406648647152942
2012-12-17,0.6845849037808107,0.7413790137874772,0.7581512283774408,-0.8554385250252973,-0.6734606334975437,-0.5318532820563859,-0.7294927671253233,-0.5840442631058359,-0.9214889811755435,0.5663941358894844,-0.5564653058144362,0.43710843373494,0.42199126018660715,0.8157811210563066,-0.5037557072021208,-0.49390243902439046,-0.5131578947368425,0.71806887532694,0.7320183086312118,0.0349155636695575,-0.8909669717469164,-0.9701492537313433,0.5128887663802497,0.5080729473466639,-0.9616734513328814,-0.9678661473982565,0.7491451545733114
2012-12-18,0.6739160487769653,0.7361791786314642,0.6692803734544213,-0.5126161126555482,-0.6527729731074454,-0.386562799776875,-0.7105593023287429,-0.5533197329376855,-0.8645407054876879,0.6030448266140409,-0.5255254122174849,0.45421686746987944,0.43592771938112707,0.7736304196026156,-0.2632922578428003,-0.43536585365853675,-0.45574162679425845,0.6965998256320844,0.7178509154315607,0.001369237790962874,-0.8885793871866294,-0.6991100833858874,0.47911107824197563,0.4739616374749247,-0.9096869907652911,-0.9549668316387532,0.6845849037808107
2012-12-19,0.6202980492367929,0.6756977410881273,0.6750585276556973,-0.7510362655006468,-0.6667369814197728,-0.4996293524261898,-0.7068557057508675,-0.5653746290801188,-0.9303202077460164,0.6019171130532843,-0.4307436893936536,0.4963855421686747,0.5067910712176689,0.7075477686789817,-0.15312484658058811,-0.4524390243902441,-0.47248803827751207,0.6749128160418487,0.6960549258936357,0.02031036056595159,-0.9076800636689226,-0.5593861677527854,0.4617777897382709,0.4564567698231261,-0.945251305267768,-0.9179698729110707,0.6739160487769653
2012-12-20,0.6367118364558633,0.6182263195944593,0.6002201128229543,-0.48762440061276724,-0.6560059311406123,-0.4255983122963043,-0.7137583284157247,-0.6556936201780417,-0.8910748027120152,0.610938821539329,-0.5282798173791647,0.5033734939759038,0.4876579662218026,0.5614168729765758,0.06524620747213916,-0.4609756097560975,-0.48086124401913866,0.6030950305143858,0.6748038360941586,-0.04701049748973096,-0.9056904098686829,-0.693644453787401,0.4488888566913585,0.44344039274552327,-0.9139213611895988,-0.9604359950416824,0.6202980492367929
2012-12-21,0.6446448961202988,0.6357413694352445,0.638464715811303,-0.741203389720333,-0.6730373954989095,-0.09988799562671624,-0.7318315835849871,0.25142185954500484,-0.9187607990542302,0.5793628418381731,-0.5429196694713807,0.5122891566265062,0.4775008857918981,0.5655430711610485,-0.16117629731454652,-0.4975609756097561,-0.5167464114832536,0.5677855274629469,0.6015693112467306,-0.037654039251483695,-0.9080779944289699,-0.6831336276364656,0.45377774547160543,0.44837755290930237,-0.9415305116508945,-0.9039939357652526,0.6367118364558633
2012-12-24,0.6490219716998769,0.6412151509176756,0.6574495018193356,-0.9523783728735703,-0.6787661727843683,-0.9079236939433681,-0.7306680254842215,-0.8785237388724036,-1.0,0.5782351282774174,-0.8568841263253217,0.47759036144578304,0.44797448919333904,0.5894750206309909,-0.5880995630615149,-0.4902439024390244,-0.5095693779904309,0.5665867480383611,0.5779206625980824,-0.017115472387038366,-0.8822124950258656,-0.8857823558265013,0.43911099024197786,0.4543634664316396,-0.9898058521373678,-0.9907260419699241,0.6446448961202988
2012-12-26,0.659417403099201,0.6557197468325437,0.6621268442789137,-0.9250248638716569,-0.6865796179704267,-0.6845752324096006,-0.7406575466012097,-0.7805390702274977,-0.979488112199016,0.5996616859317738,-0.759385729917368,0.47759036144578304,0.5053738041809379,0.56440043166381,-0.5785752859737836,-0.5231707317073173,-0.5418660287081338,0.578356582388841,0.5913251961639059,0.00844363304427187,-0.8794269797055314,-0.8618176722023685,0.4524445010567888,0.4679678368134865,-0.9797937426294254,-0.9171422659950599,0.6490219716998769
2012-12-27,0.642456358330509,0.6507934474939656,0.6458936336424288,-0.838875611304557,-0.6890544029366563,-0.42798190339259834,-0.762459505675769,-0.716400840751731,-0.8934998534865158,0.606427967296308,-0.6480398445459006,0.5354216867469883,0.5091531829455533,0.561670792864851,-0.3436103883352152,-0.5414634146341464,-0.5598086124401918,0.5640802092414998,0.5775937227550134,0.08124144226380636,-0.8869876641464387,-0.7864200126129914,0.46533325632592737,0.4811185786260752,-0.884043326887241,-0.9473718902944779,0.659417403099201
2012-12-28,0.6829435961846042,0.6414886593678446,0.6486447963024342,-0.8840487700238131,-0.7089767174802606,-0.5084192654255356,-0.769653962120914,-0.760231206726014,-0.9624521305081493,0.5951508316887519,-0.5986492095234504,0.5414457831325301,0.5126963505373805,0.575192026915508,-0.588786882026609,-0.581707317073171,-0.5992822966507179,0.5359633827375765,0.5614646904969485,0.04586946599726138,-0.8802228412256277,-0.7872608787050662,0.44266663460740796,0.4579913615046356,-0.9474234537512654,-0.9444478012571568,0.642456358330509
2012-12-31,0.7144028762904813,0.6902023643702622,0.665703815222439,-0.777154706367968,-0.6779850438891968,-0.1080883233284089,-0.7779600629326984,-0.5755131058358063,-0.9351703092950177,0.5838736960811959,-0.6711315700109423,0.5204819277108432,0.521436163930554,0.5804608645972196,-0.6330698610633805,-0.5146341463414634,-0.5334928229665072,0.5758500435919793,0.5411944202266783,0.06869009584664543,-0.8794269797055314,-0.8364515450914441,0.5075554776098783,0.5241985574517043,-0.8989933366926885,-0.931978767854429,0.6829435961846042
2013-01-02,0.6605114531457876,0.7282428358759505,0.7309121014522009,-0.806501658674837,-0.6304574584644727,-0.3263998495105621,-0.735355474017426,-0.527015331355094,-0.9409095961280024,0.5782351282774174,-0.352450665962344,0.5551807228915664,0.5674973426243062,0.6041388941788868,-0.13054150915607043,-0.4182926829268294,-0.4389952153110048,0.6379686137750658,0.5692022667829124,0.07918758557736183,-0.8885793871866294,-0.7366687688318969,0.5391109880197558,0.5563952761137452,-0.9254117628435975,-0.9174279002404088,0.7144028762904813
2013-01-03,0.6397210006877168,0.6937602457054988,0.6673546063663918,-0.6833046956423763,-0.6347545694859573,-0.5254414893404367,-0.6862580749479856,-0.6253090999010882,-0.9019673224408137,0.5004228925852834,-0.3254725880089048,0.5804819277108437,0.5521436163930553,0.6456547959118897,-0.44179881192007453,-0.32560975609756104,-0.348086124401914,0.6023321708805587,0.6378596338273761,0.016659059790050446,-0.8639076800636687,-0.5302361432275243,0.4519999232888905,0.46751434992936214,-0.8408246073643749,-0.9472620309693437,0.6605114531457876
2013-01-04,0.6120911556272577,0.6321838986089894,0.6139771642576117,-0.6169512018079665,-0.6264206357318134,-0.6430391375642215,-0.6827921349101964,-0.6934347181008903,-0.9127992159002497,0.5122638849732164,-0.32154850394295,0.5799999999999998,0.5504901381835361,0.5348822446518122,0.08262555844665909,-0.33536585365853666,-0.35765550239234445,0.614646904969486,0.60178727114211,-0.007987220447284837,-0.7970553123756474,-0.43549856352042604,0.460444500879011,0.47613041181421667,-0.8936500273057533,-0.9101753537928016,0.6397210006877168
2013-01-07,0.6430036158801316,0.6138478855414498,0.6211306934331193,-0.8296862710259517,-0.6316284697331003,-0.6717196637638393,-0.6891535650635792,-0.6763414935707222,-0.9397172794972062,0.5393290104313513,-0.27562917405576737,0.5877108433734943,0.5535608834297863,0.5960134577540788,-0.33634444498993565,-0.33780487804878057,-0.36004784688995217,0.6153007846556235,0.6207497820401047,-0.07690552259242356,-0.809789096697175,-0.4887534160184991,0.4226666350518522,0.43758497123118834,-0.9054200820843481,-0.9667071315180911,0.6120911556272577
2013-01-08,0.6410888846794021,0.64203611414443,0.6447928494148338,-0.8658065969972677,-0.6370981908636453,-0.6243230658098812,-0.6988552169186057,-0.625494559841741,-0.921549607444906,0.5201578798985063,-0.3114741727351622,0.5920481927710843,0.5656076532419987,0.6139148098774836,-0.3719868427512396,-0.3829268292682926,-0.4043062200956937,0.661617262423714,0.6145379250217964,-0.07234139662254657,-0.8336649423000395,-0.784037558685446,0.43022227932839363,0.44529429548968325,-0.9376795650074795,-0.9486151316572462,0.6430036158801316
2013-01-09,0.6818491357974401,0.6376572695824381,0.6417662705851055,-0.851952166027826,-0.632280693951901,-0.7527588152155089,-0.6919061566192903,-0.645586053412463,-0.8891953883617773,0.509444601071328,-0.3946723012489153,0.586506024096386,0.5606472186134406,0.5920142195137434,-0.48706367519269467,-0.3878048780487804,-0.40909090909090917,0.6890802092414998,0.6604184829991282,-0.012094933820173459,-0.8177477118981296,-0.6130614532968959,0.4173333462814808,0.4321433647635826,-0.9739570829189104,-0.968552768180345,0.6410888846794021
2013-01-10,0.6566816351158304,0.6850025292142483,0.6888155790903556,-0.784816462374841,-0.6171759789978668,-0.5844690355146236,-0.6816208391366563,-0.6132851137487637,-0.9042307031636809,0.6261629546095291,-0.3002678942006566,0.5874698795180724,0.5854493917562302,0.6031866945978543,-0.42549953360498793,-0.34024390243902447,-0.3624401913875599,0.7762641673932,0.6884263295553619,0.04130534002738484,-0.7986470354158381,-0.46254642281549996,0.46399996746666705,0.4797579762885682,-0.8961079848002371,-0.9556388045108238,0.6818491357974401
2013-01-11,0.6698123968019076,0.6669400245968768,0.6475444247863824,-0.7362154478855418,-0.6173055730824977,-0.6552449419704562,-0.6704715369392877,-0.6575482195845699,-0.8887103782068771,0.6673244995771075,-0.40931215334113125,0.6038554216867473,0.5719853549072873,0.5986796165809687,-0.40831655947763756,-0.3804878048780487,-0.401913875598086,0.7707061900610293,0.7777898866608544,0.05727978092195363,-0.869478710704338,-0.5780253661271109,0.46355561192098627,0.479304536632821,-0.9359356903342911,-0.9537638720285341,0.6566816351158304
2013-01-14,0.6977156928229289,0.6688559247440704,0.6756089197694952,-0.874599415401083,-0.618607307891841,-0.7577178966912734,-0.666630707332108,-0.6598355588526212,-0.938383501571231,0.6893149140118418,-0.6275515979323096,0.6009638554216867,0.5760009448446914,0.6297848028946866,-0.45525062595120025,-0.4024390243902438,-0.42344497607655507,0.8237794245858767,0.7756102877070621,0.06458238247375636,-0.8953442101074423,-0.6380071473617827,0.45599996764444484,0.4715955902013491,-0.9705775012905377,-0.9613331795302781,0.6698123968019076
2013-01-15,0.7001776268611999,0.7016965610937458,0.7091761527841629,-0.8141720818265141,-0.6173055730824977,-0.7425452283675116,-0.669344600859104,-0.7098479228486647,-0.9252680186324735,0.6447702283619963,-0.6613968230011698,0.6118072289156629,0.5793079012637299,0.6593029899066845,-0.43423830330404034,-0.41707317073170724,-0.43779904306220097,0.886442894507411,0.823561464690497,0.10520310360565954,-0.8949462793473932,-0.5361222058720483,0.4719999672888897,0.4879207874311875,-0.9556318885467976,-0.9641748740737485,0.6977156928229289
2013-01-16,0.7193271820636418,0.6978651713083401,0.7036730020410649,-0.8328736135276797,-0.617565656015671,-0.6934051244262748,-0.6648678168943083,-0.6595882789317509,-0.9719098285287016,0.6368762334367073,-0.9690978379806061,0.5927710843373493,0.577418211881422,0.6852662984828286,-0.49452599538514397,-0.43780487804878065,-0.45813397129186617,0.8976678291194427,0.8836094158674808,0.15175718849840214,-0.8770393951452453,-0.7040151355896573,0.45511103433086575,0.470688663661478,-0.9673544550589515,-0.9414028669621882,0.7001776268611999
2013-01-17,0.7122143385006932,0.7353581880374422,0.6948687092357075,-0.7094383040131048,-0.6051957942927793,-0.5714312467161972,-0.656888470871142,-0.45756058358061336,-0.9430315155556904,0.6859317733295738,-0.2651020639172925,0.6120481927710844,0.6175741112554625,0.644258236526376,-0.2041828268447149,-0.358536585365854,-0.3803827751196174,0.8910200523103748,0.8979947689625112,0.16362391602008186,-0.8742538798249111,-0.6476771074206433,0.4457777456493832,0.46116543909486274,-0.9331831297054057,-0.8972998408870774,0.7193271820636418
2013-01-18,0.728080895526181,0.7235904554965229,0.7276105466783975,-0.8150322959483265,-0.6008982285552085,-0.4196267096027285,-0.6449774959800125,-0.21955365974282903,-0.9712631483221681,0.653228080067664,-0.35482775534845123,0.63855421686747,0.6111964095901734,0.6840601790135215,-0.4664441062398742,-0.41219512195121943,-0.4330143540669855,0.8536399302528341,0.8900392327811684,0.13989046097672286,-0.8774373259052926,-0.6357648377829164,0.4506666788740734,0.46615398373374384,-0.9699909332587593,-0.9457587892037579,0.7122143385006932
2013-01-22,0.7154973640336855,0.7304322718405798,0.7372402350557317,-0.8464550294357907,-0.5904811964043752,-0.6641665753111051,-0.635100102497876,-0.5799641444114739,-0.9208827184819183,0.6543557936284188,-0.2592159378183603,0.6363855421686748,0.6244242352663281,0.6879959372817877,-0.5278118709804114,-0.4085365853658538,-0.4294258373205744,0.9192458587619883,0.881756756756757,0.1700136923779092,-0.8436132113012338,-0.6548244692032794,0.48222218928395133,0.4983505134822732,-0.9350131867880609,-0.938508073744903,0.728080895526181
2013-01-23,0.6665298089655338,0.7230430007199367,0.7270601545645996,-0.8874267897112325,-0.5873562261076035,-0.6944715121095391,-0.6182504318321627,-0.7030168150346192,-0.9383430840583226,0.6526642232872861,-0.13900313172093737,0.675421686746988,0.6397779614975789,0.7075477686789817,-0.4847071530266581,-0.42682926829268286,-0.44736842105263186,0.8927637314734094,0.9197907585004361,0.15769055225924244,-0.8631118185435742,-0.7386307897134048,0.42622223497283906,0.4412127246190505,-0.8947510515573074,-0.9063412633456192,0.7154973640336855
2013-01-24,0.6454655499184025,0.6770661864587346,0.6769842947437268,-0.7467741970432036,-0.5868351801456053,-0.5184363238409819,-0.6048742513790715,-0.6403004451038576,-0.913304434811604,0.6853679165491959,-0.24514205938950318,0.6438554216867474,0.6331640486595016,0.6666666666666665,-0.35735676763709556,-0.397560975609756,-0.4186602870813396,0.8768526591107237,0.8926547515257193,0.16955727978092217,-0.8543573418225234,-0.7361081914371803,0.3671110807308646,0.3809006220237121,-0.8194329021574625,-0.9308160899967591,0.6665298089655338
2013-01-25,0.63561734871266,0.6434041490060558,0.6530471628179373,-0.8367153254621214,-0.575897102032775,-0.5151319528508511,-0.5959825964294878,-0.6232381305637984,-0.7669526205704933,0.7338595996616863,-0.2724219899634005,0.6539759036144581,0.6293846698948862,0.6219132863581538,-0.5032647650841965,-0.27926829268292686,-0.3026315789473686,0.9096556233653015,0.8769616390584134,0.2384755819260609,-0.8519697572622364,-0.6084366897904843,0.3088887709135826,0.32149525705473336,-0.7276688625592835,-0.9489538645764098,0.6454655499184025
2013-01-28,0.6547669039151018,0.6349203788412234,0.6450682380704529,-0.848541644547391,-0.5782416181743748,-0.6575999165069786,-0.5887841773989853,-0.6749505440158261,-0.8410985480008488,0.7304764589794193,-0.39387993812021294,0.6566265060240968,0.6357623715601748,0.5902367802958168,-0.3862241641710442,-0.2597560975609756,-0.28349282296650724,0.8497166521360073,0.9039886660854406,0.21884984025559095,-0.8710704337445287,-0.7275593861677527,0.2893333046814819,0.30154230643703195,-0.8784660938174675,-0.9519786579951038,0.63561734871266
2013-01-29,0.6875940680126642,0.6507934474939656,0.6635026319646875,-0.8729548246744946,-0.5705585444907717,-0.6898495168746172,-0.5854131847723099,-0.6914564787339269,-0.8606808330049411,0.7513391598533969,-0.25521639059729095,0.6665060240963856,0.6591472776662335,0.5923950993461564,-0.5632578918945456,-0.21829268292682924,-0.24282296650717727,0.8794681778552751,0.8493897122929384,0.2809219534459153,-0.8702745722244334,-0.7063975895172028,0.32355552614321037,0.3364600408605758,-0.8966215616076714,-0.9107191574522158,0.6547669039151018
2013-01-30,0.6605114531457876,0.6981386797585083,0.7003714472672615,-0.7723054388500433,-0.5782416181743748,-0.5562215451974364,-0.5821386530710586,-0.6637302176063304,-0.8862044924065599,0.793628418381731,-0.28653359996981487,0.6879518072289159,0.6700129916145037,0.5924585793182251,-0.23854877509941574,-0.22682926829268313,-0.25119617224880386,0.8937445510026159,0.8791412380122057,0.27270652670013673,-0.8881814564265822,-0.5069721813467871,0.31066659309629796,0.3233091101344756,-0.8698768734780671,-0.9194859315979221,0.6875940680126642
2013-01-31,0.6673504627636375,0.6644770801820785,0.6574495018193356,-0.8302886375898404,-0.5830593351100317,-0.6760403434576336,-0.5891688825822525,-0.5852188427299705,-0.903301100366789,0.7998308429658874,-0.3058521676791307,0.7026506024096386,0.6645801346403686,0.5772233860217102,-0.2959890028965584,-0.23536585365853657,-0.2595693779904309,0.8681342632955538,0.8931996512641676,0.24760383386581442,-0.9160366096299244,-0.5804078200546563,0.29555548232098916,0.30789088667288644,-0.9321841172854652,-0.9380631434781096,0.6605114531457876
2013-02-01,0.6823963659910217,0.6907498191468475,0.6684549778824445,-0.7529278698541537,-0.5630057396317985,-0.5826274757269501,-0.5891688825822525,-0.6290492087042534,-0.9074438954398942,0.8342261065689325,-0.11583594310078116,0.6891566265060243,0.6667060351954648,0.5935377388433949,-0.2604447935588393,-0.18658536585365892,-0.21172248803827776,0.8846992153443769,0.8678073234524852,0.30465540848927386,-0.926780740151214,-0.38784948496951865,0.3222222372839503,0.33509948575144666,-0.8915306435627457,-0.9203080455476761,0.6673504627636375
2013-02-04,0.6813023159444369,0.681171112061576,0.67615889917175,-0.8731715032945985,-0.5851430935784585,-0.465212889319353,-0.5879607772901898,-0.6228672106824926,-0.8959451130174706,0.7631801522413308,-0.23238878617515013,0.6966265060240964,0.657730010629503,0.6050276137878501,-0.491776719524768,-0.26951219512195124,-0.2930622009569377,0.9177201394943331,0.8922188317349606,0.3064810588772251,-0.9239952248308798,-0.6195080933361362,0.3275555260543217,0.34054090330554043,-0.9543400318171386,-0.92520777144866,0.6823963659910217
2013-02-05,0.6930651936388288,0.6912968634144523,0.6811116578010501,-0.8379720614587238,-0.5654802899058544,-0.6552655627267625,-0.5853995940710162,-0.6105959446092979,-0.9065547101559106,0.8026501268677766,-0.1865826510206393,0.6578313253012051,0.6409590173615212,0.6140417698216214,-0.3732632922578427,-0.21097560975609797,-0.23564593301435455,0.9488884045335664,0.9176111595466439,0.3471017800091283,-0.8861918026263425,-0.5610678999369351,0.3239998816888914,0.33691333883118957,-0.9743466625861935,-0.960882756297228,0.6813023159444369
2013-02-06,0.6780192904114446,0.6869184293614419,0.6992710482371058,-0.8995239570716318,-0.5640478462240555,-0.5506871867039046,-0.5790015438300209,-0.6317074678536103,-0.9727585962997768,0.7682548632647315,-0.25948005886126113,0.6713253012048195,0.6402503838431559,0.6155652891512728,-0.5895723894152878,-0.2609756097560978,-0.2846889952153111,1.0,0.9471447253705318,0.34071200365130094,-0.8937524870672497,-0.6471165300259267,0.3364444591901228,0.3496105937596534,-0.9697086418971388,-0.9410623030542723,0.6930651936388288
2013-02-07,0.6706334609405897,0.695949681670128,0.6756089197694952,-0.7545984620151546,-0.5666519905827418,-0.45083559302454523,-0.5907886869622296,-0.6596191889218597,-0.8675518101993595,0.696645052156752,-0.1292306531336076,0.6771084337349398,0.6459194519900793,0.5956325779216658,-0.22706072953998713,-0.26707317073170733,-0.2906698564593304,0.9580427201394945,1.0,0.2772706526700133,-0.8738559490648621,-0.35085137691822577,0.33911099246419996,0.35233160952115594,-0.9555166855300615,-0.9467548470849743,0.6780192904114446
2013-02-08,0.6194773954386892,0.6702243701146777,0.6775346868575238,-0.9006680201857803,-0.5557145872099105,-0.7006257557875414,-0.5730344469758415,-0.7173281404549952,-0.972900057594956,0.6791654919650414,-0.2643851639437046,0.6530120481927713,0.6291484587220975,0.6085824922237033,-0.551769846335117,-0.2780487804878051,-0.3014354066985647,0.9545553618134268,0.9580427201394945,0.29415791875855746,-0.8344608038201358,-0.6497792726508304,0.3266666371851856,0.3396341656791806,-0.9923966008954177,-0.9615638841130598,0.6706334609405897
2013-02-11,0.6246750974603317,0.6143949298090536,0.6238822688046688,-0.7707128509922798,-0.5561044842516272,-0.8241764901074025,-0.5737379798440432,-0.7938921859545006,-0.9136075661584165,0.7028474767409083,-0.5103950496170245,0.6510843373493975,0.6428487067438291,0.5816669840665272,-0.4432716382738474,-0.2609756097560978,-0.2846889952153111,0.90998256320837,0.9479075850043595,0.31469648562300323,-0.8364504576203737,-0.5909186462055918,0.28888890469135764,0.3010890556947967,-0.9363868288654791,-0.9322167963922197,0.6194773954386892
2013-02-12,0.601696134568511,0.6163108299562472,0.6137021883135367,-0.867160838372917,-0.5528494651541387,-0.8594518708391574,-0.5682231686166852,-0.663792037586548,-0.9003304131680259,0.7293487454186636,-0.6736973172848357,0.6790361445783131,0.6591472776662335,0.5606551133117503,-0.45583975649270947,-0.2426829268292683,-0.2667464114832536,0.9669790758500443,0.9105274629468179,0.3831583751711545,-0.8253083963390369,-0.6109592880667087,0.3088887709135826,0.32149525705473336,-0.9442786752180724,-0.968955585705837,0.6246750974603317
2013-02-13,0.5825469897066475,0.6050901416829326,0.6106756094838084,-0.8383642497611119,-0.5511569385391659,-0.7882054744741338,-0.5726999545144493,-0.6225581107814047,-0.8981074499580669,0.7287848886382857,-0.9384975285816701,0.6934939759036147,0.6659974016770995,0.5729702278930997,-0.588786882026609,-0.18292682926829285,-0.20813397129186617,0.9679598953792508,0.9658892763731477,0.34573254221816496,-0.8503780342220457,-0.6025506271459604,0.2768889049580241,0.2888452404220794,-0.9132433342743046,-0.9249752358771259,0.601696134568511
2013-02-14,0.5116945491493019,0.6053636775003683,0.5905900117340761,-0.7636339604734862,-0.5493337030517378,-0.7944687135783262,-0.5773081204129986,-0.6711486152324433,-0.9454767750866452,0.67691006484353,-0.33841451911104414,0.683373493975904,0.6565489547655603,0.5186948517742653,-0.3400756050861603,-0.21951219512195141,-0.24401913875598114,0.9488884045335664,0.967414995640802,0.3420812414422638,-0.844011142061281,-0.5226683483988508,0.28400001591111046,0.29610036937078177,-0.9540295992605902,-0.9802472933408769,0.5825469897066475
2013-02-15,0.4999316440988699,0.5213463917334771,0.49484107131937494,-0.5260696881777979,-0.5516773244294253,-0.2289036511994863,-0.5802481577198892,-0.4211795252225521,-0.7952852971192419,0.6780377784042857,-0.22665358638644695,0.6886746987951808,0.6520609424825796,0.48041642861677136,-0.3115027738229662,-0.21097560975609797,-0.23564593301435455,0.8758718395815177,0.9468177855274633,0.3037425832952989,-0.8201352964584165,-0.7296615513979399,0.21866659514074227,0.2294396865395889,-0.8402397981572794,-0.8900326465294524,0.5116945491493019
2013-02-19,0.39351665444512784,0.5010944511514772,0.505021151810507,-0.7767711852103842,-0.5368331471246512,-0.7344113920841124,-0.5664912366018573,-0.6043521266073195,-0.829458304283246,0.6921341979137301,-0.534467796098555,0.6549397590361445,0.6338726821778673,0.41217545864279836,-0.261426677794688,-0.18292682926829285,-0.20813397129186617,0.9019180470793375,0.91564952048823,0.341168416248288,-0.7990449661758854,-0.7823558265012963,0.19555548454321126,0.2058588408488915,-0.9065641975406356,-0.9415676559498894,0.4999316440988699
2013-02-20,0.4257965883491095,0.44882289218108884,0.39248855361731705,-0.3624794967855728,-0.5617037847985422,-0.4588953629179464,-0.5778223209527966,-0.5977682987141445,-0.8137561005183547,0.6318015224133076,-0.21623967098064378,0.7168674698795183,0.6863115625369081,0.31022662350028574,0.13476361137021953,-0.20487804878048843,-0.22966507177033524,0.806451612903226,0.9013731473408892,0.23528069374714722,-0.8217270194986082,-0.42779062434307336,0.11022224199506114,0.1187914371456058,-0.7153729192004736,-0.8102070298982152,0.39351665444512784
2013-02-21,0.43537136595033,0.4345922152253703,0.42165344763058465,-0.6432776541505874,-0.5736832947636308,-0.36344146114470866,-0.5942293341076237,-0.6198071216617211,-0.8100983156001497,0.579926698618551,-0.10474285929894733,0.6250602409638557,0.5913546710759423,0.2982289087792802,0.05886395993912319,-0.24878048780487827,-0.27272727272727293,0.7540322580645165,0.8056887532693988,0.20972158831583743,-0.7648229208117794,-0.44530866792796575,0.13999993022222368,0.14917430272790422,-0.8373729139239995,-0.8762581181463802,0.4257965883491095
2013-02-22,0.47284900187595413,0.4230979911346209,0.42247884320256146,-0.8138383967515542,-0.5545417717451981,-0.6870627689509484,-0.5852952060419083,-0.5937190900098913,-0.8925298331767155,0.5804905553989288,-0.3888239067275404,0.5831325301204824,0.5578126845399791,0.3032438265727162,-0.34714517158427016,-0.2634146341463417,-0.2870813397129188,0.7216652136006978,0.7529424585876203,0.22204472843450507,-0.7401512136888186,-0.5347207623852568,0.131555530409877,0.14055861867007224,-0.9420089119646688,-0.9363475070172643,0.43537136595033
2013-02-25,0.5242784909823759,0.46606440620443834,0.46044844273273133,-0.8269474532678387,-0.5921741777354343,-0.10013628636591365,-0.6039696820583975,-0.5555761622156282,-0.7844331949033517,0.5083168875105724,-0.32452929856997326,0.5896385542168676,0.5809613794732496,0.3258426966292136,-0.35136727379841914,-0.38170731707317085,-0.4031100478468903,0.7273321708805582,0.7158892763731477,0.23528069374714722,-0.7226422602467171,-0.28904771915072525,0.15999997422222267,0.1695810708283747,-0.8912035021717089,-0.9383652566222285,0.47284900187595413
2013-02-26,0.47914119164079905,0.527367217483512,0.4607238313883504,-0.6385648941633281,-0.5788918035049166,-0.3493890469696641,-0.6039387255683941,-0.6161906528189912,-0.7859084341245062,0.5083168875105724,-0.07289740784062193,0.5578313253012046,0.5566316286760364,0.3187964197295754,-0.19652412980509593,-0.3560975609756101,-0.37799043062200965,0.7485832606800353,0.7242807323452487,0.25673208580556794,-0.7047353760445683,-0.3497302221287927,0.1813332626370383,0.19134768561230708,-0.8710491301292825,-0.899050266134215,0.5242784909823759
2013-02-27,0.4361920197484337,0.49452658113383663,0.4816344119985154,-0.8246094909569179,-0.5542814687881121,-0.5001069964753235,-0.5853782637639795,-0.6952274975272009,-0.8539311083492478,0.5517338595996621,-0.21333433950873493,0.5768674698795182,0.554741939293729,0.33650733193677373,-0.46202562717855555,-0.33902439024390274,-0.3612440191387565,0.7094594594594597,0.7483653007846556,0.24463715198539449,-0.7039395145244729,-0.45708079321701356,0.14622210786173095,0.15552321356240317,-0.9135388168210477,-0.9270424221784005,0.47914119164079905
2013-02-28,0.4208726929165265,0.4551176642575401,0.4351354956070641,-0.710456693527593,-0.558187567980055,-0.600752699688353,-0.5525198758279997,-0.4784248269040555,-0.8722402416967273,0.5049337468283062,-0.19658151907331256,0.5797590361445784,0.5490728711468051,0.3025455468799594,-0.4160734449408414,-0.3621951219512196,-0.38397129186602896,0.6679380993897128,0.7101133391455972,0.19648562300319483,-0.7306008754476725,-0.609277555882559,0.1080000642666652,0.11652428609525045,-0.9023570888989143,-0.9216721321680921,0.4361920197484337
2013-03-01,0.4170428748865702,0.44006558619881986,0.4282569698897345,-0.7903157657530775,-0.5516773244294253,-0.4165596877259998,-0.5742812502966204,-0.6367767062314541,-0.8684612042397972,0.48576261629546114,-0.09300833867864022,0.5534939759036146,0.5216723751033427,0.26928204151590185,-0.9089793313368353,-0.4060975609756099,-0.42703349282296665,0.6423278116826507,0.6672842197035749,0.13281606572341387,-0.6983684838838045,-0.5134188213860276,0.09511113121975234,0.10337354428266132,-0.9260590103269393,-0.9282581987098852,0.4208726929165265
2013-03-04,0.4192314126763592,0.416256174790564,0.42082805205860874,-0.8885795199701851,-0.5411300381222235,-0.7179787534668647,-0.5563490032440788,-0.6834817012858556,-0.8746855012276821,0.4880180434169725,-0.18779006150247146,0.5286746987951807,0.4968702019605531,0.33060369453437444,-0.9894938386764199,-0.3646341463414635,-0.3863636363636367,0.6389494333042722,0.6518090671316479,0.10474669100867162,-0.6709112614405095,-0.7246163548454909,0.04177775462716071,0.04895634612554112,-0.8259097740525871,-0.908922957486272,0.4170428748865702
2013-03-05,0.4424837991727011,0.43404473308151914,0.4274316018318616,-0.7984325468621687,-0.5232904699370473,-0.6236211184319471,-0.5375121888038317,-0.67949431256182,-0.9078278618125235,0.5021144629264169,-0.16186846772063546,0.5171084337349396,0.4987598913428606,0.3409509299815907,-0.9927340566547203,-0.34146341463414664,-0.36363636363636376,0.6859197907585006,0.6397122929380994,0.19648562300319483,-0.6824512534818945,-0.6509004274402634,0.042666643496296563,0.04986346157892352,-0.8854064160165612,-0.9421297694968259,0.4192314126763592
2013-03-06,0.4277117025343764,0.4337712246313492,0.41477492191325593,-0.7973101516100305,-0.5205562914459048,-0.7370857779275004,-0.5133153494521827,-0.6658630069238378,-0.7157840492285308,0.4547504933746831,-0.2821567369731729,0.5315662650602413,0.503011692453053,0.38868786897733765,-0.3433158230644606,-0.2914634146341464,-0.31459330143540676,0.6810156931124678,0.6855928509154317,0.22136010953902296,-0.6975726223637091,-0.6366057038749913,0.1097777086716063,0.11833813917499247,-0.7444858647657291,-0.9300415817545632,0.4424837991727011
2013-03-07,0.4282589600839981,0.4291188442519225,0.435410499065243,-0.8898167548909782,-0.5169098058027877,-0.7723030838761887,-0.5049571493412994,-0.6641011374876361,-0.8912162640071944,0.533126585847195,-0.2395200543334718,0.5212048192771086,0.5157670957836307,0.39592458579318235,-0.4958024448917472,-0.22317073170731705,-0.24760765550239228,0.7086965998256325,0.680797733217088,0.3080785029666817,-0.6502188619180274,-0.5086539135309369,0.08622219808395082,0.09430380660017135,-0.8477877942843475,-0.9160052219799213,0.4277117025343764
2013-03-08,0.4359185961439116,0.4313078423403027,0.4078963961959272,-0.7755664520826067,-0.5083153490676446,-0.6150113214264598,-0.49853002918752454,-0.6685830860534125,-0.8260834419553994,0.47674090780941647,-0.1796023091725466,0.5453012048192771,0.5230896421400733,0.349965086015362,-0.25484805341450234,-0.15731707317073207,-0.18301435406698596,0.7105492589363558,0.7089145597210114,0.41579187585577326,-0.6860326303223241,-0.4542779062434308,0.09511113121975234,0.10337354428266132,-0.8392953093025117,-0.9627869845995536,0.4282589600839981
2013-03-11,0.46874576024147485,0.42501350814009964,0.4422890247825717,-0.9282988778214265,-0.5006327301001279,-0.7822119885289678,-0.49005781293159734,-0.7327213155291792,-0.8840825729788718,0.49873132224414984,-0.42157491604724007,0.5556626506024098,0.5261603873863234,0.38456167079286496,-0.6475035593303549,-0.14268292682926864,-0.16866028708134007,0.7113121185701838,0.7015039232781168,0.41328160657234125,-0.6386788698766415,-0.5634503538644804,0.08844437581234721,0.09657114656403776,-0.941548979310066,-0.9823712402934708,0.4359185961439116
2013-03-12,0.4542471145637106,0.46962226017240916,0.4766816533692153,-0.875104276585925,-0.5051910535108721,-0.6895911261731473,-0.48256963612894044,-0.7104043026706233,-0.8193539260561602,0.4925288976599944,-0.49258574500999897,0.5573493975903616,0.5563954175032482,0.39376626674284276,-0.5346850606313515,-0.1939024390243902,-0.21889952153110048,0.687554489973845,0.7109851787271144,0.3836147877681424,-0.6454436927974534,-0.5806881087520146,0.12933335268148083,0.13829127870620517,-0.8497831808872041,-0.9568179612672638,0.46874576024147485
2013-03-13,0.45479393441671556,0.4671593157576108,0.4634749940483558,-0.8714055725407519,-0.5023259314551001,-0.7451615394278328,-0.4826468408224929,-0.7665986646884274,-0.8812331383188337,0.4513673526924169,-0.6426442289552128,0.573975903614458,0.5549781504665172,0.39363930679870496,-0.45799990181157635,-0.18902439024390238,-0.21411483253588504,0.6761115954664345,0.6864646904969489,0.3637608397991783,-0.6534023079984079,-0.29619508093336133,0.08444437590123588,0.09248995352042844,-0.8750451798090445,-0.9571127504563739,0.4542471145637106
2013-03-14,0.46354805821983236,0.45539117270771,0.4521941293296279,-0.7852974889114717,-0.4915181221668985,-0.6030087787609576,-0.47421521110547404,-0.6631429277942632,-0.8719169015934606,0.4761770510290386,-0.9745311851488512,0.5715662650602413,0.5516711940474783,0.36215324065257404,-0.4099857626785801,-0.1719512195121955,-0.19736842105263186,0.6831952920662601,0.6756756756756759,0.36170698311273375,-0.6263430163151611,-0.48581038469623716,0.10133330885925962,0.10972226620364922,-0.9327706853172437,-0.9804395471598617,0.45479393441671556
2013-03-15,0.5012995280905552,0.47044325076643023,0.4786078331687871,-0.9090014799149754,-0.4942126816854797,-0.5513676716620098,-0.47127328528839074,0.23442136498516297,-0.4515545585902372,0.5162108824358622,-0.34124438742783847,0.5891566265060242,0.5677335537970949,0.3660889989208407,-0.6057734793067897,-0.22804878048780486,-0.2523923444976077,0.6803618134263298,0.6834132519616394,0.3945686900958467,-0.6569836848388384,-0.7864200126129914,0.10533330877037095,0.11380364816077027,-0.9310470371279097,-0.973353620688708,0.46354805821983236
2013-03-18,0.5204486729524187,0.5035574229335413,0.5069473316100797,-0.8309733420293687,-0.5054598640592527,-0.6014331846464581,-0.4840869409900015,-0.6561881800197825,-0.8673497226348178,0.44854806879052767,-0.3607893446024979,0.5915662650602409,0.5696232431794024,0.3604392814067161,0.2795915361578871,-0.27195121951219514,-0.2954545454545454,0.6597646033129907,0.6773103748910203,0.341168416248288,-0.6450457620374053,-0.992011772125289,0.11155553085432124,0.12015185056960154,-0.9541966876054746,-0.9553897900405197,0.5012995280905552
2013-03-19,0.5010256941454556,0.514778083839591,0.5096989069816282,-0.7936829515094916,-0.5101696959363404,-0.42946870200545273,-0.48836269043529246,-0.6483679525222553,-0.8340254832418887,0.40738652382294926,-0.1881673772780441,0.606265060240964,0.5750561001535375,0.3695803973846252,-0.5174038980804163,-0.33414634146341493,-0.35645933014354103,0.6141020052310378,0.6594376634699217,0.20013692377909598,-0.6247512932749704,-0.5429892789573261,0.11600006408888741,0.1246866721824691,-0.9358961167789237,-0.8990685760217374,0.5204486729524187
2013-03-20,0.5250991447804796,0.5008209427013073,0.5036457768362763,-0.8543941340763966,-0.4960442047402891,-0.6559098561533915,-0.47411082307636576,-0.6512425816023739,-0.9260763688906404,0.43557936284183807,-0.4055767271629628,0.5602409638554218,0.5511987717019018,0.37453183520599254,-0.698365162747312,-0.2682926829268295,-0.2918660287081343,0.6503923278116832,0.6157367044463822,0.3051118210862618,-0.6004775169120578,-0.5742414687127742,0.11022224199506114,0.1187914371456058,-0.9673016903184617,-0.9365196199599746,0.5010256941454556
2013-03-21,0.5059499999186161,0.5172410556216542,0.5311598797055912,-0.9243704944389433,-0.5134394859725075,-0.5934344353584529,-0.48818298428985596,-0.6845944609297726,-0.8323683652126468,0.4158443755286161,-0.32317096177791205,0.5937349397590366,0.5589937404039214,0.36634291880911585,-0.5022828808483479,-0.32073170731707323,-0.34330143540669855,0.6513731473408897,0.6513731473408892,0.2989502510269282,-0.61957819339435,-0.6849555041692943,0.15377775213827194,0.16323197108036425,-0.8887798417585433,-0.9400662451730558,0.5250991447804796
2013-03-22,0.4974696827045588,0.5051997872632992,0.5185031997869856,-0.9296942881348955,-0.49722059926064954,-0.6668333861827886,-0.4807467192883572,-0.7124134520276955,-0.7788757868784546,0.4665914857626161,-0.38557899105761617,0.5679518072289158,0.5689146096610371,0.35504348378086714,-0.42255388089744217,-0.3060975609756098,-0.32894736842105265,0.6635789014821278,0.6500653879686138,0.3204016430853489,-0.6227616394747324,-0.6214701142176442,0.14177775240493862,0.15098834472115819,-0.9509173589840326,-0.9618147295721162,0.5059499999186161
2013-03-25,0.48324443327527744,0.49370559053981555,0.48933833328782095,-0.8847811437597641,-0.5057221765680753,-0.49783282163698084,-0.4858671972165114,-0.6401149851632049,-0.839582891266786,0.3899069636312378,-0.29174055767271634,0.6007228915662652,0.608361875516712,0.33231765378023237,-0.4719426579606264,-0.3146341463414637,-0.3373205741626797,0.6788360941586751,0.6773103748910203,0.30123231401186645,-0.6506167926780746,-0.5798472426599397,0.11999988622222446,0.1287679124544563,-0.9141227466158015,-0.8997130840625245,0.4974696827045588
2013-03-26,0.5007522978969736,0.475643113289709,0.4871371500300694,-0.8724391295586473,-0.4895041846201291,-0.7691249624144633,-0.4756707885514997,-0.7291666666666667,-0.8765851243343742,0.3949816746546384,-0.2608761272308796,0.6250602409638557,0.626786346994213,0.35199644512156425,-0.6421031960331876,-0.32560975609756104,-0.348086124401914,0.6512641673931996,0.6758936355710548,0.34481971702419,-0.6179864703541593,-0.7305024174900148,0.10711113095308589,0.11561731232700123,-0.872177416163423,-0.8976568836937634,0.48324443327527744
2013-03-27,0.47585819346384595,0.4950736254014414,0.4934652836336002,-0.8869934324710247,-0.4895041846201291,-0.7140212515831165,-0.47725585942108717,-0.7395215133531159,-0.8535875594895269,0.3493092754440372,-0.22272950232049216,0.6597590361445784,0.6362347939057518,0.3092109439471846,-0.5902597083803819,-0.4060975609756099,-0.42703349282296665,0.6645597210113343,0.6519180470793375,0.3557736193518939,-0.6163947473139668,-0.5980660079882278,0.13466664145185225,0.14373288517381044,-0.8947114780019401,-0.9339855315268798,0.5007522978969736
2013-03-28,0.48187654928359214,0.4726326867310595,0.4854863588861158,-0.8840856053892308,-0.483225816937054,-0.7014712067960962,-0.4615387884331672,-0.5508778437190901,-0.9111825153839159,0.36960811953763795,-0.4210089423838812,0.6725301204819278,0.6487539860635407,0.3177807401764743,-0.5592321665275664,-0.397560975609756,-0.4186602870813396,0.6448343504795124,0.664014821272886,0.3808763121862162,-0.5861520095503385,-0.7110223530236144,0.12799988604444668,0.1369306763686986,-0.9741118594910139,-0.9548478173698578,0.47585819346384595
2013-04-01,0.420598886327467,0.47619015755731464,0.48768754214386734,-0.9396225025080551,-0.49133547298276525,-0.7172048438577394,-0.4594859527252724,-0.7434779920870427,-0.9323612921478878,0.38821539329010424,-0.6580764441761311,0.6889156626506028,0.6596197000118109,0.26502888338729136,-0.5560901369728508,-0.4182926829268294,-0.4389952153110048,0.692567567567568,0.6453792502179598,0.4214970333181194,-0.605650616792679,-0.8330880807231449,0.11022224199506114,0.1187914371456058,-0.9341408097452959,-0.9547544369434938,0.48187654928359214
2013-04-02,0.37409370299420486,0.43185532448415564,0.4315585521776417,-0.8288953940625725,-0.4812644797737007,-0.7074827885070004,-0.4514894284113371,-0.7217791790306628,-0.6836723352228522,0.37186354665914756,-0.2675546164585142,0.679277108433735,0.6501712531002717,0.18250491969783544,-0.27723501399185024,-0.3853658536585365,-0.40669856459330145,0.651591107236269,0.6916957279860507,0.3690095846645365,-0.6299243931555907,-0.7660990820545162,0.04044446576790062,0.047596121615056664,-0.8464106345575634,-0.9352873645297196,0.420598886327467
2013-04-03,0.3620569639986724,0.4105088848579648,0.3671756340057528,-0.6914669792616893,-0.5020600398906288,-0.4858597371947734,-0.460668952622882,-0.6330056874381802,-0.5620762476381016,0.38934310685085993,0.10602573293589401,0.6780722891566267,0.6390693279792137,0.12975306290865252,-0.1178752025136236,-0.4414634146341463,-0.46172248803827776,0.5513295553618138,0.6497384481255448,0.29552715654952033,-0.6136092319936335,-0.7205521687337958,-0.0320000215111107,-0.0263203985905065,-0.6694561626138951,-0.8591273873804592,0.37409370299420486
2013-04-04,0.4309943177267912,0.35769025425270584,0.3539689746848924,-0.763226604667691,-0.4938205550681136,-0.5796311535861284,-0.45808662659461286,-0.7020895153313552,-0.727929511857488,0.4372709331829725,0.02965701996000436,0.6190361445783135,0.5887563481752691,0.13800545927759789,-0.2625067504541214,-0.5024390243902439,-0.5215311004784691,0.5288796861377509,0.5494768962510896,0.16727521679598345,-0.6323119777158777,-0.39247424847593015,0.011111133086419311,0.017666695688504763,-0.7791100874751458,-0.8593873877832767,0.3620569639986724
2013-04-05,0.41321305685661214,0.4222770279078665,0.398817099932391,-0.7185301389126635,-0.5029756767378162,-0.4627198819651076,-0.47824556247196703,-0.6203016815034621,-0.7404387321026202,0.4677191993233727,-0.009734747009772615,0.5930120481927712,0.5601747962678636,0.15133625341204837,-0.38661691786538355,-0.5658536585365854,-0.5837320574162681,0.5677855274629469,0.5289886660854406,0.17731629392971238,-0.6291285316354962,-0.5711582930418331,0.004000022133332726,0.010411047227645964,-0.8547202017723677,-0.9123762022729893,0.4309943177267912
2013-04-08,0.44549296340455546,0.412150838678742,0.41339954693902525,-0.8971989954779173,-0.4892423121591323,-0.7703260162613601,-0.46599631809906006,-0.6962475272007914,-0.8919639879959987,0.47843247815055,-0.11647737991925455,0.5833734939759039,0.5630093303413255,0.17082460483717377,-0.6908046541312778,-0.5280487804878051,-0.5466507177033493,0.5669136878814305,0.5706190061028771,0.1784573254221815,-0.6394747313967368,-0.7300819844439773,-0.014222155239507872,-0.008181678879570997,-0.8772278812406399,-0.9628547311833863,0.41321305685661214
2013-04-09,0.37464093318778646,0.44663386672544103,0.43210894429143965,-0.8799470437452467,-0.4821796765730624,-0.7057241325763131,-0.4465312889069404,-0.6285546488625124,-0.7995897622439804,0.5195940231181284,-0.38961626985624276,0.5951807228915664,0.5807251683004608,0.1767917222116422,-0.4229466345917816,-0.5195121951219517,-0.5382775119617227,0.5844594594594601,0.567240627724499,0.19306252852578742,-0.6370871468364507,-0.6950458972741924,0.04711104339753214,0.05439776367963489,-0.8615549944904818,-0.9521855597241066,0.44549296340455546
2013-04-10,0.38284782679732166,0.4154352115638096,0.38533505195591244,-0.6315206722237511,-0.4570673059603245,-0.563529709565064,-0.43204176500792757,-0.6534681008902079,-0.8598724827467743,0.5128277417535942,-0.5300909331019131,0.6060240963855421,0.5882839258296917,0.1958991938043546,-0.35961510137954733,-0.454878048780488,-0.4748803827751198,0.535309503051439,0.5847863993025286,0.14034687357371034,-0.660565061679268,-0.6546843248546003,-0.014222155239507872,-0.008181678879570997,-0.8111673055597328,-0.9474542847883285,0.37464093318778646
2013-04-11,0.18861978951415947,0.3880679461875829,0.3867108396416872,-0.857824156632641,-0.45026564807134095,-0.6711304992979474,-0.4104117724730614,-0.5791295746785362,-0.859144967514424,0.5314350155060623,-0.6024978304342905,0.6212048192771087,0.584740758237865,0.18002920078715157,-0.4855908488389218,-0.4719512195121953,-0.4916267942583734,0.5593940714908463,0.534655623365301,0.19465997261524448,-0.6474333465976922,-0.6098381332772755,-0.03511113255308618,-0.02949485400775642,-0.9015154912881017,-0.9422689246419959,0.38284782679732166
2013-04-12,-0.15716050940828197,0.30979753984431024,0.18860896881338318,0.17223566833436976,-0.45536716651796993,-0.644965705367688,-0.4094047036334718,-0.6564045499505442,-0.6369294815443532,0.5365097265294612,-0.5850658416028376,0.5951807228915664,0.5580488957127674,0.03942106265473244,0.1744317344985027,-0.557317073170732,-0.5753588516746411,0.4525937227550134,0.5595030514385355,0.08397991784573255,-0.6756864305610826,-0.6471165300259267,-0.12222219728395123,-0.11837592187727286,-0.6849338198242407,-0.8331474879749813,0.18861978951415947
2013-04-15,0.11092874967954147,-0.021346535411619794,-0.16687318522996186,0.9999999999999998,-0.5034992016358983,-0.22035024565001993,-0.446515809695454,-0.526242581602374,-0.5220022835894794,0.493656611220751,-0.9542315964230466,0.537831325301205,0.5018306365891108,-0.3083222243382213,0.9999999999999998,-0.5975609756097562,-0.6148325358851676,0.25599389712292986,0.44801656495204867,-0.10816978548607947,-0.6840429765220852,-0.5808282531006936,-0.2644444607901233,-0.2634882298971639,-0.3887187226008094,-0.8196091571409476,-0.15716050940828197
2013-05-01,0.13308705877325844,0.1100164204960623,0.07497599910414099,-0.7306793091418877,-0.4621679443113025,-0.5502183801217593,-0.4294148898553929,-0.6778869930761624,-0.7728333686986573,0.5748519875951512,-0.03565634079160862,0.5860240963855421,0.5526160387386327,-0.33054021456230576,-0.9442289754037998,-0.6658536585365857,-0.6818181818181821,0.43450305143853596,0.4961857018308633,-0.013920584208124254,-0.7198567449263837,-0.6541237474598837,-0.23644446141234554,-0.2349192173946082,-0.7985785178912045,-0.8367874936144266,0.11092874967954147
2013-05-02,0.13773753060131977,0.13519424990765927,0.13935888976192645,-0.7833083791789182,-0.44294136004818707,-0.728931320887795,-0.42672798830007475,-0.7441580118694363,-0.8840421554659634,0.509444601071328,0.041957514243670335,0.5356626506024098,0.5757647336719027,-0.30349774646099137,-0.9620010800726593,-0.6756097560975611,-0.6913875598086126,0.4941150828247607,0.43352223190932904,0.025787311729803974,-0.7278153601273383,-0.39793987807441666,-0.23733339472592463,-0.23582623839123507,-0.9287992591830436,-0.8740371287899178,0.13308705877325844
2013-05-03,0.13937883819752628,0.14176255780154756,0.1327553675027766,-0.7797353487334052,-0.4217523385021549,-0.5277960430451976,-0.40147764440734557,-0.6554154302670625,-0.8345307021532431,0.5382012968705956,-0.07312379730596541,0.6079518072289158,0.6182827447738282,-0.28331111534310915,-0.9885119544405714,-0.5341463414634147,-0.5526315789473686,0.48234524847428073,0.49335222319093264,0.018484710178000796,-0.6760843613211298,-0.4161586434027048,-0.23466663922963038,-0.23310531708648785,-0.9107809797181132,-0.8438038425129953,0.13773753060131977
2013-05-06,0.0909589510195743,0.13492074145749067,0.139083913817851,-0.865037387895899,-0.4163902824062662,-0.8531840025855904,-0.38030975311317805,-0.666944856577646,-0.8772318045409077,0.5162108824358622,-0.5337886277025243,0.6460240963855426,0.6447383961261366,-0.2205294229670538,-0.6365064558888507,-0.5048780487804878,-0.5239234449760768,0.4837619877942463,0.4863775065387972,0.027612962117754325,-0.6880222841225629,-0.720692313082475,-0.23288890593580214,-0.23129165292025666,-0.9722431082653329,-0.9329107411293172,0.13937883819752628
2013-05-07,0.14785956575216153,0.08511209953463439,0.0769017661921696,-0.7372598388344425,-0.40566527545057696,-0.7543849091413706,-0.37493613750048294,-0.663637487636004,-0.8832540139642509,0.5179024527769949,-0.045240161491152064,0.651566265060241,0.6234793905751745,-0.2665524027169428,-0.41440424173989876,-0.4853658536585366,-0.5047846889952154,0.44812554489973877,0.4825632083696605,-0.033546325878594185,-0.6689216076402715,-0.7443767080092496,-0.2720000161777776,-0.2711973180137699,-0.8552258638687285,-0.9286976360104219,0.0909589510195743
2013-05-08,0.10272185607000628,0.14449903803378072,0.1352319394161463,-0.7906992869106613,-0.39598662888279224,-0.7246741867899646,-0.36469517971120524,-0.6751360039564789,-0.8596097689128701,0.5590639977445724,-0.17820624080292802,0.6453012048192772,0.6350537380418095,-0.24865105059353754,-0.5368452059502185,-0.5012195121951222,-0.5203349282296652,0.48528770706190105,0.4484524847428073,0.022592423550889862,-0.6701153999204141,-0.6497792726508304,-0.20133330663703775,-0.19909469811632685,-0.7481925877851385,-0.9288953827956634,0.14785956575216153
2013-05-09,0.06962126836792137,0.13218385071627514,0.10826784346318918,-0.8534949178029656,-0.40200268405704387,-0.6854551916225863,-0.359862758542953,-0.7236646884272998,-0.8528196267442684,0.49760360868339504,-0.29989057842508404,0.6693975903614462,0.6341088933506556,-0.23087665841427052,-0.6071481172369777,-0.44512195121951237,-0.46531100478468934,0.4904097646033132,0.48474280732345276,0.0823824737562755,-0.701949860724234,-0.5114568005045197,-0.22755557272098725,-0.22584966862562883,-0.8458108753406625,-0.9424446995622106,0.10272185607000628
2013-05-10,0.037614347727884745,0.060755260717058945,0.01884700913791537,-0.7150892824254138,-0.3950703172956045,-0.7003341193769248,-0.3615425912586816,-0.7200482195845699,-0.8531833843604435,0.46941076966450535,-0.23053993887484447,0.6604819277108434,0.6232431794023858,-0.2605218053704057,-0.3631498846286022,-0.33902439024390274,-0.3612440191387565,0.46861377506538826,0.4882301656495205,0.08420812414422629,-0.6343016315161165,-0.3589797491416159,-0.22933339490370241,-0.2276637106188828,-0.8656363471673689,-0.8824560150726993,0.06962126836792137
2013-05-13,0.020653740655809827,0.03940882109086763,0.04360994934722395,-0.8870562692708548,-0.3933708525932489,-0.7902229419380522,-0.3585889632504973,-0.7345759149357074,-0.9229844291531522,0.4598252043980837,-0.3886352488397541,0.6506024096385545,0.6128498877996931,-0.22332254173808153,-0.564337964553979,-0.31829268292682933,-0.3409090909090913,0.45520924149956477,0.46381865736704464,0.1321314468279322,-0.5984878631118189,-0.6964473407609838,-0.2639999719111119,-0.26303455409952825,-0.9376039355461108,-0.9390793422356005,0.037614347727884745
2013-05-14,-0.06633827019096872,0.04460868361414638,0.029302478284666034,-0.8181177994986057,-0.3712666195795937,-0.6338515385503987,-0.3516612332582181,-0.640887734915925,-0.881859609768913,0.42824922469692606,-0.4396483416971665,0.631084337349398,0.6095429313806546,-0.2683298419348694,-0.4563306986106337,-0.23902439024390265,-0.2631578947368425,0.49629468177855296,0.45357454228421945,0.18598813327247798,-0.6000795861520096,-0.3800014014434868,-0.27822228270617155,-0.27754589824962395,-0.9150883413667652,-0.9323284867061061,0.020653740655809827
2013-05-15,-0.08111077716987003,-0.015052173844149142,-0.06452069504200697,-0.619495008807986,-0.35962597577671707,-0.6266233322174277,-0.33502033865072134,-0.6426186943620179,-0.8565986642011985,0.40964195094445977,-0.6414745500509378,0.610843373493976,0.5800165347820951,-0.34463276836158174,-0.204870145809809,-0.29024390243902465,-0.31339712918660334,0.45858761987794283,0.4961857018308633,0.17959835691465065,-0.5622761639474732,-0.42582860346156537,-0.3364444591901232,-0.33695140490373654,-0.7658652581998606,-0.838349327020084,-0.06633827019096872
2013-05-16,-0.16372571243707146,-0.08347033728471498,-0.09836293151485309,-0.7560718766318609,-0.36982791255041114,-0.6720937831996807,-0.3272052195615056,-0.5775222551928785,-0.8480907777339922,0.4068226670425714,-0.944044070482587,0.6168674698795182,0.607417030825558,-0.3871008696756175,-0.2131179733909372,-0.3646341463414635,-0.3863636363636367,0.4484524847428073,0.4569529206625984,0.2234139662254675,-0.5487465181058502,-0.44012332702683765,-0.33288890371358004,-0.3333235098307403,-0.8493487511905046,-0.9304205964262761,-0.08111077716987003
2013-05-17,-0.05293408490036855,-0.11083760266094078,-0.15284074513968537,-0.5916713072004474,-0.34890074879711497,-0.5884012874926906,-0.32354617017492737,-0.482752225519288,-0.8834358927723384,0.38257682548632665,-0.31249292532920814,0.6380722891566266,0.6300933034132519,-0.3699612772170382,-0.41234228484461677,-0.2731707317073173,-0.2966507177033497,0.3829555361813428,0.44790758500435945,0.22158831583751715,-0.5495423796259455,-0.33823838553710317,-0.38177783596049264,-0.3832057446898596,-0.8337972233434731,-0.9149908542111825,-0.16372571243707146
2013-05-20,-0.11421133751591617,-0.06048153332876538,-0.157518087599263,-0.5646406493424888,-0.34903123764565747,-0.7766384926816304,-0.30819832515878876,-0.6661411968348171,-0.8331362979579052,0.40738652382294926,-0.42104667396143847,0.6559036144578314,0.6447383961261366,-0.484352186885038,-0.04305562374196081,-0.2597560975609756,-0.28349282296650724,0.4439843068875331,0.34187009590235373,0.255819260611593,-0.520891364902508,-0.5153808422675356,-0.3088889042469134,-0.30883578482854945,-0.696722342262007,-0.9504314724994644,-0.05293408490036855
2013-05-21,-0.1399260957471471,-0.10618522228151361,-0.14100987350460015,-0.7174315783087368,-0.34589283122194514,-0.7314706197357892,-0.3059697478237835,-0.6458951533135511,-0.7989430820374469,0.420355229771638,-0.36784514960570514,0.6713253012048195,0.638360694460848,-0.37827715355805225,-0.2797879130050567,-0.30243902439024417,-0.3253588516746415,0.39875762859633834,0.44256756756756754,0.2526243724326789,-0.5491444488658974,-0.4043865181136571,-0.3400000146666664,-0.3405790638348436,-0.825943191721564,-0.937949622175471,-0.11421133751591617
2013-05-22,-0.06688550038455032,-0.02079908063503355,-0.1547669249392576,-0.4697094123025788,-0.362111263217717,-0.10768179984694348,-0.3175133833203554,-0.49480712166172114,-0.7874847171279317,0.39329010431350486,-0.26083839565332234,0.6537349397590362,0.6215897011928666,-0.3401256903446961,-0.1641219500220923,-0.1719512195121955,-0.19736842105263186,0.40115518744550993,0.399193548387097,0.2535371976266543,-0.550736171906089,-0.008198444397729654,-0.3244444594567899,-0.3247074951742632,-0.7016883837544401,-0.8249300104549457,-0.1399260957471471
2013-05-23,-0.0901382972214706,-0.07361812174927307,-0.09506137674104975,-0.8100595216169426,-0.3683891908529664,-0.2464190899386911,-0.3340846234091335,-0.5660237388724036,-0.8856992734952056,0.4372709331829725,-0.17424442515941596,0.6127710843373493,0.5811975906460378,-0.3584079223005143,-0.34665422946634583,-0.19756097560975627,-0.22248803827751207,0.39559721011333915,0.4025719267654755,0.21428571428571397,-0.5053720652606444,-0.1383925443206503,-0.3155555263209886,-0.31563789917690577,-0.9061869296461333,-0.852548644793675,-0.06688550038455032
2013-05-24,-0.09752415404836334,-0.08264934669069346,-0.08075393319259438,-0.9128735268562317,-0.37021981914386437,-0.4967740089254208,-0.3303347786277091,-0.6994003461918894,-0.8819404447947297,0.4350155060614602,-0.5279402331811494,0.6166265060240967,0.5785992677453646,-0.3382847711547008,-0.6255093524473464,-0.2036585365853658,-0.22846889952153138,0.3806669572798609,0.3934176111595469,0.16773162939297093,-0.5463589335455632,-0.44642982271739895,-0.3320000148444442,-0.3324165360624911,-0.8666494301847734,-0.9429811792666157,-0.0901382972214706
2013-05-28,-0.06086714456480413,-0.05363971698470893,-0.10386566954640708,-0.7624162266285024,-0.35727138253991164,-0.5299948889982584,-0.30951666957551005,-0.6220635509396638,-0.8553659300574941,0.39216239075274917,-0.3072482360487493,0.6057831325301206,0.615684421873155,-0.3439979686408936,-0.3950611222936815,-0.013414634146341697,-0.04186602870813427,0.3856800348735834,0.38382737576285963,0.3000912825193973,-0.5618782331874259,-0.4528764627566393,-0.3444445034567889,-0.34511374376257753,-0.8534969392053455,-0.9496954150210655,-0.09752415404836334
2013-05-29,-0.009711489403481544,-0.07170219423481505,-0.08075393319259438,-0.8426783210873801,-0.3713975631442228,-0.45978500126144317,-0.32455512752471005,-0.6735595944609298,-0.8043792375236191,0.44009021708486085,-0.2524242538580539,0.6325301204819278,0.5982047950868075,-0.33346029327747084,-0.60901369728509,-0.07195121951219496,-0.09928229665071786,0.3890584132519619,0.38513513513513553,0.2772706526700133,-0.5093513728611221,-0.3403405507672903,-0.2875555713876541,-0.2870689811311058,-0.7872191486760888,-0.8506627263788717,-0.06086714456480413
2013-05-30,-0.08576124899793136,-0.01149429250891254,-0.008667093731399955,-0.8459393343199434,-0.3634186013027061,-0.6810145748768067,-0.31460807952385395,-0.6515207715133533,-0.7198662180322735,0.5015506061460391,-0.16466060445987252,0.5814457831325301,0.5698594543521907,-0.30806830444994615,-0.3386027787323874,-0.07195121951219496,-0.09928229665071786,0.4409328683522231,0.38862249346120326,0.3124144226380645,-0.5714285714285712,-0.29227103917034547,-0.21822228403950494,-0.21632686911441423,-0.6926673719553647,-0.8548794934752715,-0.009711489403481544
2013-05-31,-0.014909191425124035,-0.04050353907318183,-0.07387540747526566,-0.8217818349645623,-0.3945479218536092,-0.39040373126272887,-0.34658322844619605,-0.38050197823936704,-0.7687916174078229,0.47279391034677243,-0.23118137569331787,0.6002409638554218,0.5670249202787292,-0.31924077953405705,-0.4808778045068486,-0.056097560975609806,-0.0837320574162681,0.3878596338273761,0.43940714908456835,0.2806937471474211,-0.6116195781933946,-0.4397028939808002,-0.24311112793086398,-0.24172137897134238,-0.8635591752167533,-0.9007311138087678,-0.08576124899793136
2013-06-03,-0.04992489331247585,-0.015052173844149142,-0.05901795701045254,-0.8337771633735128,-0.38277589443827686,-0.4260035732824856,-0.345040816257713,-0.5685892680514344,-0.7835035921064598,0.5162108824358622,-0.07863260762932511,0.5527710843373497,0.5623006968229598,-0.3023551069637529,-0.48991113947665565,-0.060975609756097615,-0.08851674641148355,0.4666521360069753,0.39875762859633834,0.3069374714742126,-0.5913251094309588,-0.30053955574241464,-0.20488886211358093,-0.20272245150418944,-0.8457985635678815,-0.9287434107292278,-0.014909191425124035
2013-06-04,-0.041991423307462306,-0.05719759831994553,-0.06341991081441112,-0.9132505476552124,-0.3931087601083383,-0.471281704149801,-0.3494420965412077,-0.6109359545004946,-0.815675932381501,0.5190301663377506,0.091838659774365,0.5920481927710843,0.5793079012637299,-0.30971878372373496,-0.603416957140753,-0.03414634146341511,-0.06220095693779948,0.4606582388840459,0.46665213600697486,0.2706526700136922,-0.6410664544369276,-0.647396818723285,-0.2280000171555554,-0.2263032499665092,-0.8792654796358882,-0.9524199262843928,-0.04992489331247585
2013-06-05,-0.014361961231541986,-0.031746233090912845,-0.043059722318044,-0.8712213957136636,-0.42306079137496866,-0.24358520885775103,-0.3794436923903093,-0.5889280415430268,-0.867491183929997,0.5263603044826608,-0.2777044108214165,0.6048192771084338,0.5814338018188261,-0.29257919126515564,-0.493151357454956,-0.10609756097560963,-0.13277511961722466,0.5038142981691371,0.4600043591979075,0.29552715654952033,-0.6311181854357342,-0.4029850746268656,-0.2240000172444443,-0.22222200969452177,-0.8937019126339016,-0.9388669475403412,-0.041991423307462306
2013-06-06,-0.10326908626358788,0.0024628486293698515,-0.043885117890020364,-0.8191578568751043,-0.40396491598430906,-0.29203262371980343,-0.3990344399185739,-0.5919881305637984,-0.7822102316933928,0.6126303918804625,-0.3891634909255557,0.6002409638554218,0.6003306956419041,-0.29156351171205497,-0.4677205557464774,-0.12073170731707306,-0.147129186602871,0.5386878814298175,0.502397558849172,0.3249657690552259,-0.6510147234381218,0.49351832387358985,-0.2075556176098754,-0.20544337280893665,-0.8838832738410886,-0.9102614102641566,-0.014361961231541986
2013-06-07,-0.08521401880434976,-0.07963894749930889,-0.09341058559709658,-0.7930112477871697,-0.37689098818430544,-0.3420598410139689,-0.36032863487106814,-0.6013538575667656,-0.8045813250881608,0.599097829151396,-0.15986869411010085,0.6243373493975903,0.625369079957482,-0.34571192788675154,-0.253669792331484,0.0012195121951221743,-0.027511961722487932,0.48245422842197083,0.5378160418483002,0.31903240529438603,-0.7321925984878641,0.04015135589657337,-0.26577779409382707,-0.26484869054953775,-0.8550464637510631,-0.8942164558283118,-0.10326908626358788
2013-06-10,-0.10408974006169158,-0.08894370825816367,-0.09863793497303197,-0.8994351188373892,-0.37689098818430544,-0.689964403945466,-0.3280886460730841,-0.7346686449060338,-0.8979861974193419,0.618268959684241,-0.44108214164434223,0.6578313253012051,0.6225345458840206,-0.3616454008760237,-0.4230448230153664,0.04268292682926811,0.013157894736842035,0.49313426329555377,0.48158238884045357,0.35645823824737555,-0.7150815758058107,-0.2322892579356738,-0.2613333497481478,-0.2603138217082923,-0.9171962927493332,-0.9736612267990837,-0.08521401880434976
2013-06-11,-0.07673370159029291,-0.11001661206691926,-0.11927351212501813,-0.8765430226234148,-0.3991254900225907,-0.4633957377738378,-0.35228171033731615,-0.7119188921859546,-0.7733385876100115,0.6509726529461517,-0.4543259253669397,0.6503614457831326,0.6149757883547893,-0.3219704183330161,-0.5056212872502331,0.014634146341462984,-0.014354066985646341,0.43897122929381016,0.4918265039232783,0.27932450935645825,-0.7214484679665745,-0.1665615584051573,-0.3040000599111099,-0.30384757078831304,-0.8556295141334755,-0.9399087801403635,-0.10408974006169158
2013-06-12,-0.0906851444305139,-0.073891630199443,-0.10304027397443072,-0.8905989647095532,-0.416782643715806,-0.388251597635178,-0.37255466042674534,-0.6990603363006924,-0.8620954459567332,0.6633775021144634,-0.6853186431724712,0.6291566265060242,0.6274949805125787,-0.3309845743667874,-0.5959546369483038,0.060975609756097615,0.031100478468899517,0.43515693112467346,0.43657367044463813,0.2998630762209036,-0.770791882212496,-0.06425618386938547,-0.2942222379061725,-0.2938710010227066,-0.8852041511780169,-0.9177519852495546,-0.07673370159029291
2013-06-13,-0.07180980615771038,-0.09113314422279295,-0.1033152774326096,-0.8773555674488043,-0.38460696277700057,-0.44621570194842997,-0.3779205345007295,-0.7030168150346192,-0.8790101751088748,0.6848040597688181,-0.9630607855714448,0.6513253012048195,0.6395417503247902,-0.330032374785755,-0.4962933870096715,-0.03536585365853684,-0.0633971291866029,0.39864864864864913,0.4348299912816045,0.18165221360109518,-0.7894946279347401,-0.6012893280078481,-0.28177783818271473,-0.2811737933226204,-0.889763024756337,-0.9687523459543388,-0.0906851444305139
2013-06-14,-0.0898644906324102,-0.08018599176691366,-0.0741503834193411,-0.9398261804109528,-0.3980793496585995,-0.5404411958102832,-0.36026294293770666,-0.6939292779426312,-0.9367668010548972,0.669016069918241,-0.2996264573821833,0.6722891566265059,0.6707216251328689,-0.3401891703167652,-0.46958613579458974,-0.058536585365854155,-0.08612440191387583,0.3625762859633834,0.3976678291194422,0.1837060702875397,-0.7982491046557909,-0.7972111274612851,-0.3044444154567909,-0.3043011049008155,-0.9336685653179121,-0.904400415268249,-0.07180980615771038
2013-06-17,-0.1347283663694654,-0.09496453400819904,-0.08405548796639772,-0.9442984271298968,-0.38159948524965603,-0.5610699479199653,-0.3537082178705626,-0.5955736894164194,-0.9252680186324735,0.6814209190865519,-0.4390823680338076,0.6997590361445785,0.680878705562773,-0.32012949914302036,-0.6772546516765672,-4.440892098500626e-16,-0.028708133971292238,0.3396904969485619,0.3678073234524848,0.12209036969420328,-0.807401512136888,-0.9904701842898185,-0.30133330441481565,-0.3011266494835658,-0.9655657303563467,-0.9402914567895809,-0.0898644906324102
2013-06-18,-0.17685691181976582,-0.1250682796166589,-0.13880869024684905,-0.8726428074615451,-0.36459612527915164,-0.6519696083718587,-0.33291143912540067,-0.7193372898120673,-0.8505562460214011,0.6955173385959963,-0.47421046673961453,0.7012048192771083,0.6787528050076772,-0.30210118707547773,-0.5279100594039963,0.008536585365853444,-0.020334928229665206,0.35167829119442073,0.34110723626852657,0.07873117298037391,-0.7938718662952651,-0.3857473197393315,-0.33733339250370253,-0.33785823698685213,-0.8712487567308023,-0.9721781259097725,-0.1347283663694654
2013-06-19,-0.36807556602276614,-0.11986885496962651,-0.17044974346194364,-0.7504685675159747,-0.3945479218536092,-0.2671025501773491,-0.34725202780400766,-0.6817198318496539,-0.7749552881263453,0.6396955173385956,-0.421423989737011,0.7231325301204821,0.6926892642021967,-0.2986097886116932,-0.6786292896067553,0.21463414634146316,0.18181818181818166,0.2834568439407148,0.3509154315605931,0.024189867640346918,-0.7898925586947874,-0.3316516011491837,-0.37600001386666637,-0.3773104624246184,-0.8504585695654736,-0.954073309127662,-0.17685691181976582
2013-06-20,-0.3284091734590455,-0.30514515946488174,-0.3644242512329243,-0.406939782844687,-0.447519602957168,0.21730174037079064,-0.4207203087729243,-0.4923961424332345,-0.6004526761445735,0.5974062588102615,0.09315926498886906,0.703132530120482,0.6633990787764263,-0.4566114390909668,0.181894054690952,0.29634146341463374,0.26196172248803773,0.12619877942458624,0.28312990409764627,-0.11866727521679632,-0.7345801830481493,-0.1887043654964613,-0.46311116748641856,-0.46619186089278,-0.445466321585264,-0.8524241375585229,-0.36807556602276614
2013-06-21,-0.35904801861512725,-0.3273125623178288,-0.3333333975329067,-0.6728499522223643,-0.4408264901984915,0.009835469510423245,-0.4291481634025267,0.2724715628090997,-0.7724898198389363,0.5427121511136175,-0.04973021922046572,0.6325301204819278,0.614739577182001,-0.48644702596330847,-0.3657027836418085,0.44390243902438975,0.406698564593301,0.20967741935483897,0.12096774193548399,-0.07439525330899155,-0.7063270990847599,-0.24714455889566256,-0.4475555678320986,-0.45032010331868855,-0.751778831313763,-0.8288721292385101,-0.3284091734590455
2013-06-24,-0.37163176895593253,-0.35112216529694207,-0.36497464334672225,-0.7562863884657638,-0.46725514653533917,-0.199014075349506,-0.45566078982752023,-0.5355464886251238,-0.7446017359321795,0.540456723992107,-0.08436780741802818,0.6033734939759035,0.6064721861344045,-0.4957151018853554,-0.4292306937012126,0.4463414634146341,0.4090909090909087,0.13175675675675702,0.22155623365300814,-0.15267001369237798,-0.6426581774771201,-0.40704926073856074,-0.49866667780740737,-0.502469914283564,-0.7201665958739734,-0.8956409650775514,-0.35904801861512725
2013-06-25,-0.43564500840315956,-0.373015840761596,-0.3768057350946301,-0.8295259288470748,-0.44740074603948177,-0.4517942477769036,-0.4327704032705819,-0.6058048961424334,-0.7831196257338305,0.521285593459262,-0.35641248160585604,0.6325301204819278,0.6211172788472896,-0.5090458960198059,-0.5340959300898424,0.5292682926829269,0.4904306220095691,0.1546425457715781,0.1339363557105493,-0.10223642172524006,-0.6530043772383607,-0.4689930628547404,-0.5026666777185185,-0.5065511073271733,-0.8346599268504815,-0.9360527178281544,-0.37163176895593253
2013-07-01,-0.4651893658160393,-0.4263821450815639,-0.4731050951372331,-0.687038068266766,-0.41071621773378597,-0.579337413016705,-0.3860101215815228,-0.6533135509396638,-0.8285691189992624,0.509444601071328,-0.17216918839376683,0.6693975903614462,0.6704854139600802,-0.5515774773059099,-0.9620010800726593,0.3646341463414631,0.3289473684210522,0.20401046207497853,0.15300784655623367,-0.021223185759926988,-0.5869478710704339,-0.6510405717889426,-0.44800005671111,-0.45077359020281293,-0.7583726650503069,-0.9327111633553234,-0.43564500840315956
2013-07-02,-0.44631383605096664,-0.439518322993091,-0.46209939896130114,-0.803934017026606,-0.4126887467801694,-0.4829294856404839,-0.3939526580861661,-0.6655539070227499,-0.8059555205270444,0.46151677473921726,-0.33969739274799093,0.7045783132530123,0.7073343569150823,-0.547768678981781,-0.9913594187245323,0.3573170731707318,0.3217703349282295,0.20172188317349615,0.20292066259808195,-0.022136010953902385,-0.603263032232392,-0.5565832807792026,-0.49866667780740737,-0.502469914283564,-0.7383422901480317,-0.8585176681259646,-0.4651893658160393
2013-07-03,-0.5188073927122501,-0.43130825284928465,-0.441188625752416,-0.8862718926660789,-0.41176840142124904,-0.8181106210992841,-0.39619105103504815,-0.8374443620178043,-0.9030788040457931,0.47843247815055,-0.06852054484398007,0.7436144578313255,0.7637888272115272,-0.5242810893163208,-0.9946978251264175,0.3963414634146343,0.36004784688995217,0.16346992153443773,0.19954228421970344,-0.0175718849840254,-0.5567051333068047,-0.525891668418471,-0.47955556712098746,-0.48297026163647594,-0.8489152009061466,-0.7955133451615206,-0.44631383605096664
2013-07-05,-0.47996165394663315,-0.5295566534481404,-0.545742299198122,-0.78135177123938,-0.3888899775998058,-0.6194759255826363,-0.37448951547127063,-0.7337104352126609,-0.8605191629533078,0.3786298280236817,-0.16303814662491045,0.7787951807228917,0.7985118696114326,-0.5722084682282742,-0.9955815209386812,0.6804878048780489,0.638755980861244,0.10680034873583288,0.14123801220575416,-0.031264262893655914,-0.5300437723836051,-0.293812627005816,-0.513333344148148,-0.5174345091758952,-0.6577327166893996,-0.8866160215177797,-0.5188073927122501
2013-07-08,-0.4495964238873422,-0.4890529912222643,-0.48548635888611624,-0.8450617859085227,-0.3766617966084871,-0.6797575504056502,-0.3423984638266604,-0.6030848170128587,-0.9056453161154729,0.40005638567803725,-0.34233860317699893,0.8472289156626507,0.8084327388685488,-0.5344378848473306,-0.7336148068142765,0.5609756097560972,0.5215311004784686,0.16826503923278135,0.10756320836966005,0.013007759014148412,-0.4739355352168726,-0.5614883329829725,-0.536444454745679,-0.541015213181459,-0.8501331869991198,-0.9418258253639548,-0.47996165394663315
2013-07-09,-0.44056909532801125,-0.4384236050107764,-0.4546704811301745,-0.8548296581028054,-0.36114593030276065,-0.6326012473874237,-0.3247620150727335,-0.6882418397626113,-0.8984509988177878,0.3498731322244151,-0.42595177904388193,0.824096385542169,0.8233140427542223,-0.5244080492604581,-0.7579655358633216,0.5634146341463415,0.5239234449760763,0.19507410636442923,0.16728421970357488,0.04769511638521218,-0.5013927576601676,-0.42064326256043727,-0.5222222772839495,-0.5265040579448745,-0.8601127582504269,-0.9143591630916611,-0.4495964238873422
2013-07-10,-0.35056770140107085,-0.4154352115638078,-0.4398130581794648,-0.7140817268419308,-0.3603571885802075,-0.6237128597559217,-0.31888005194875957,-0.7012858555885263,-0.8592662200531491,0.4598252043980837,-0.2899671735275253,0.8626506024096388,0.8689027991023979,-0.536342284009395,-0.781432569100103,0.6048780487804875,0.5645933014354063,0.258391455972101,0.19431124673060207,0.16408032861706978,-0.470354158376443,-0.2859645434797842,-0.5235555216987664,-0.5278644713688703,-0.8421393288149128,-0.8169322515851785,-0.44056909532801125
2013-07-11,-0.3535768929889631,-0.3604269260557973,-0.36057230434532306,-0.7881359788348324,-0.33077268525749437,-0.5640300785293108,-0.31132014461924973,-0.639774975272008,-0.7890407913749029,0.5274880180434174,-0.346602271440969,0.9019277108433734,0.8887445376166294,-0.5128546943439347,-0.6045952182237713,0.48048780487804876,0.44258373205741597,0.2901046207497826,0.25860941586748076,0.15586490187129165,-0.6299243931555907,-0.2653633242239507,-0.4444445012345666,-0.44714583681495035,-0.7018062250082007,-0.8697105023683839,-0.35056770140107085
2013-07-12,-0.3522090089972778,-0.3620689072438399,-0.3646994472898233,-0.8898795916908083,-0.32985277994639883,-0.6960849810825602,-0.28961879848638183,-0.6237326904055391,-0.8834156840158842,0.5117000281928394,-0.5612194845866507,0.864578313253012,0.8627613086098975,-0.4627055164095726,-0.7687662624576561,0.5048780487804878,0.46650717703349276,0.2816041848299915,0.2894507410636442,0.1490187129164764,-0.6251492240350176,-0.549996496391283,-0.4711110784197541,-0.4743542942083767,-0.836959590123496,-0.9163036731465358,-0.3535768929889631
2013-07-15,-0.3327862490386231,-0.3596059628290411,-0.35039222385419055,-0.9429788543334642,-0.32143737867148037,-0.8423749387952806,-0.2808237919601635,-0.7186572700296736,-0.9181949538735135,0.5083168875105724,-0.6629060861034601,0.8983132530120483,0.8681941655840322,-0.4766076302926425,-0.7124061073199469,0.44512195121951237,0.4078947368421053,0.30656059285091564,0.3013295553618134,0.19329073482428072,-0.610425785913252,-0.6126410202508583,-0.47466663389629704,-0.4779820948246174,-0.9277105467042704,-0.9321289089321123,-0.3522090089972778
2013-07-16,-0.37573520208268096,-0.3371648052205356,-0.33691014836360944,-0.9116882948042635,-0.3297205015700322,-0.761358512258724,-0.2885671805225263,-0.6984421364985165,-0.8212939666757607,0.5647025655483509,-0.9681168169641173,0.9084337349397595,0.8818944136057638,-0.48911318479019883,-0.7753448868378418,0.43170731707317067,0.39473684210526283,0.31778552746294686,0.30481691368788155,0.203788224554998,-0.6000795861520096,-0.5498563520426039,-0.41422223523950596,-0.4163095315769052,-0.7297152550779469,-0.9598134588659222,-0.3327862490386231
2013-07-17,-0.3568594808253387,-0.3237548999207158,-0.38093268544041026,-0.7967381200529563,-0.3240672658279631,-0.7438022528386681,-0.28423536725980947,-0.6357875865479724,-0.7766124061555872,0.5438398646743732,-0.3508282081273819,0.8915662650602412,0.8672493208928782,-0.5362788040373263,-0.5768078943492562,0.38170731707317085,0.34569377990430583,0.2884699215344382,0.3166957279860507,0.20972158831583743,-0.644647831277358,-0.26690491205942124,-0.4484445011456777,-0.4512271715436931,-0.7138436211386104,-0.9586947247383059,-0.37573520208268096
2013-07-18,-0.32676786586283857,-0.35604827306466236,-0.3520429874840407,-0.8992596091551052,-0.3119702484251863,-0.6985788301003284,-0.278863640157307,-0.6047848664688429,-0.8671880525831843,0.5353820129687064,-0.3022676678111913,0.9120481927710846,0.9121294437226881,-0.5287246873611378,-0.7093622661888163,0.4341463414634146,0.397129186602871,0.29904097646033145,0.2881429816913692,0.2517115472387039,-0.6339037007560693,-0.6441734987036647,-0.45288885660247,-0.4557618514714272,-0.8980338978281155,-0.9303583428087001,-0.3568594808253387
2013-07-19,-0.22472997914471327,-0.33141770685879335,-0.32810563544542815,-0.9075605670912846,-0.3080258650724188,-0.6976883500933089,-0.2738282959593574,-0.3173528684470822,-0.8886093344246062,0.5534254299407957,-0.24284043315851045,0.965542168674699,0.9485059643321128,-0.522821049958738,-0.801659384358584,0.37073170731707306,0.3349282296650715,0.3305361813426333,0.2989319965126418,0.2644910999543586,-0.6267409470752092,-0.7030341251489034,-0.4048888576691365,-0.40678649592380123,-0.8009502929762217,-0.908340703063061,-0.32676786586283857
2013-07-22,-0.20092992475817306,-0.22085370843345054,-0.2472143380942593,-0.7973989898442732,-0.30368667081054834,-0.8003843456476422,-0.2691427340033772,-0.4667717606330367,-0.7003243505410895,0.5782351282774174,-0.29479681545485426,0.9518072289156627,0.9175623006968232,-0.5033961785056813,-0.6052825371888654,0.37317073170731696,0.33732057416267924,0.37009590235396717,0.3556015693112471,0.26038338658146953,-0.6434540389972145,-0.5578445799173148,-0.3346666370074083,-0.33513726845372704,-0.6571144898133272,-0.9014653402984145,-0.22472997914471327
2013-07-23,-0.26193399997354705,-0.20224418691574053,-0.22630334477255065,-0.8414237518769786,-0.3084204559576076,-0.7944880718393483,-0.26375760563049067,-0.7209136993076164,-0.718875988966019,0.5996616859317738,-0.32581217220692005,0.9212048192771085,0.8899255934805717,-0.4232844537548406,-0.7976336589916048,0.4012195121951221,0.3648325358851672,0.3682432432432434,0.36911508282476024,0.24030123231401213,-0.6776760843613214,-0.6485179735127181,-0.2942222379061725,-0.2938710010227066,-0.6915918506617139,-0.9344267998161686,-0.20092992475817306
2013-07-24,-0.2293804509727746,-0.22249610013047505,-0.267024299561446,-0.8163106998069394,-0.31657197521979175,-0.6594671470320945,-0.2728850305429362,-0.7189972799208706,-0.733001909727485,0.5866929799830851,-0.29713617326340425,0.9291566265060245,0.8885083264438411,-0.4505808417444297,-0.7359713289803131,0.4951219512195122,0.45693779904306187,0.3590889276373148,0.3682432432432434,0.269968051118211,-0.6896140071627537,-0.5202858944713055,-0.3564444143012353,-0.35735765349205084,-0.6576896254846663,-0.8872330647272832,-0.26193399997354705
2013-07-25,-0.22637125938488234,-0.23700072341260947,-0.24583855040848457,-0.9306455072771516,-0.31118150670263267,-0.6671490100038022,-0.28085852547055223,-0.706818743818002,-0.7617993876746796,0.6295460952917971,-0.3789759649850961,0.8824096385542168,0.8507145387976851,-0.48993842442709346,-0.6852079139869409,0.4865853658536583,0.44856459330143483,0.3741281604184832,0.35854402789886697,0.22980374258329528,-0.6633505769996022,-0.6317006516712214,-0.3448889478913568,-0.3455672778750798,-0.793158699630559,-0.9237118536380831,-0.2293804509727746
2013-07-26,-0.23485157659893918,-0.2342638326713944,-0.26950067887609563,-0.8993116120239301,-0.3088148268188853,-0.6809270418704456,-0.2906064235961594,-0.7327213155291792,-0.8700374872432226,0.6306738088525519,-0.5909142361242125,0.8881927710843376,0.846226526514704,-0.5000317399860346,-0.7073003092935342,0.47073170731707314,0.4330143540669855,0.33162598081952943,0.37391020052310386,0.16636239160200805,-0.708714683645046,-0.6469763856772476,-0.328444459367901,-0.32878873544625065,-0.8213280357533883,-0.960355431536584,-0.22637125938488234
2013-07-29,-0.24442635420015968,-0.2394636678274078,-0.22905492014409967,-0.9555267132236795,-0.3156520845769575,-0.7992632498354022,-0.2757014255218162,-0.7563365479723048,-0.7286166095769298,0.6210882435861294,-0.36833566011394947,0.8628915662650607,0.8377229242943192,-0.4858122262426203,-0.7050419755510824,0.5134146341463417,0.47488038277511935,0.3487358326068004,0.33162598081952943,0.24737562756732068,-0.7170712296060486,-0.6197883820334945,-0.3440000145777775,-0.34466035133520867,-0.8744990647449749,-0.969142346558565,-0.23485157659893918
2013-07-30,-0.28573380815574057,-0.2523263099214996,-0.25739441858539136,-0.9352975972507818,-0.3156520845769575,-0.7760560615239201,-0.2763083099666521,-0.6626483679525224,-0.8224458657936484,0.6216521003665072,-0.4397615364298382,0.8614457831325304,0.8188260304712416,-0.4905732241477816,-0.7210466885954145,0.5219512195121951,0.4832535885167464,0.34786399302528404,0.34840889276373144,0.18781378366042922,-0.7146836450457617,-0.5186041622871558,-0.35155561440987526,-0.3523694866801923,-0.889308368575783,-0.9228586128795411,-0.24442635420015968
2013-08-01,-0.29257281777359045,-0.2638205340122495,-0.28188194262497923,-0.8036306669584606,-0.28843468651755666,-0.6698852581161088,-0.2715300641056335,-0.6827707715133533,-0.7375488799296737,0.5900761206653513,-0.15734067841376453,0.8795180722891567,0.9022085744655723,-0.4557227194820035,-0.7589474200991702,0.6463414634146343,0.6052631578947367,0.34895379250218017,0.3574542284219704,0.18781378366042922,-0.7182650218861912,-0.3729941840095298,-0.39111112464197495,-0.3927286386578299,-0.7905327743788492,-0.8568771022039611,-0.28573380815574057
2013-08-02,-0.31062791258886735,-0.2813355564857689,-0.28215713868187775,-0.8924255654770289,-0.28462146675333067,-0.751197108549134,-0.26093158253567506,-0.7019349653808111,-0.771398546990411,0.6329292359740633,-0.4368939365354867,0.9424096385542169,0.9218141018070156,-0.48993842442709346,-0.5928126073935882,0.5121951219512195,0.47368421052631593,0.37162162162162193,0.34819093286835257,0.1841624828845272,-0.6649423000397929,-0.39850045546913315,-0.4168889018469135,-0.4190303111965188,-0.7559261399162625,-0.9383030030046525,-0.29257281777359045
2013-08-05,-0.3579537497202332,-0.29802961573253217,-0.30912106955021823,-0.9457805088914073,-0.28790871201991264,-0.9070900262241312,-0.255876794607913,-0.7884520276953513,-0.8969959683530875,0.6188328164646189,-0.40644455344677966,0.9168674698795181,0.8927601275540331,-0.4395988065765253,-0.8112818498699003,0.5634146341463415,0.5239234449760763,0.3751089799476901,0.3615954664341765,0.19237790963030577,-0.6983684838838045,-0.6584682222689371,-0.4240000127999999,-0.42628591242900016,-0.8781539024362361,-0.9690141773459084,-0.31062791258886735
2013-08-06,-0.3530296354393432,-0.35522709089978344,-0.35837112108757196,-0.9021782701679043,-0.30066285284061456,-0.7664383724499961,-0.27741580231702345,-0.7548219584569734,-0.7860903129325938,0.645897941922752,-0.17880994604384415,0.909397590361446,0.88402031416086,-0.4392179267441123,-0.7718101035887868,0.565853658536585,0.5263157894736836,0.3245422842197039,0.37478204010462113,0.15814696485622992,-0.7047353760445683,-0.5989068740803027,-0.48622218919506266,-0.4897725176699661,-0.7015705425006795,-0.9074343636307042,-0.3579537497202332
2013-08-07,-0.2788947985378911,-0.35385886446729886,-0.3501170277972916,-0.917594953988295,-0.30789402674387745,-0.7775495934449561,-0.2873996598364026,-0.7526582591493571,-0.8537492295411603,0.6633775021144634,-0.25702750632003935,0.8889156626506025,0.8474075823786467,-0.4833365073319369,-0.7066129903284402,0.5134146341463417,0.47488038277511935,0.3418700959023546,0.32345248474280774,0.15267001369237798,-0.7290091524074818,-0.44783126620419034,-0.49022218910617377,-0.49385385239870927,-0.8700439618229515,-0.9103511287130163,-0.3530296354393432
2013-08-08,-0.2788947985378911,-0.2884511002181185,-0.3248040806716248,-0.8450314509017082,-0.2997422874577804,-0.7046337574826518,-0.2880086202893728,-0.7447453016815035,-0.7114997928602464,0.6887510572314639,-0.38040976493227197,0.8527710843373495,0.8282744773827804,-0.4363613280010159,-0.6829495802444892,0.49878048780487827,0.46052631578947345,0.46261987794245885,0.34187009590235373,0.2261524418073937,-0.7528849980103463,-0.49099572559736526,-0.39866668002962946,-0.40043777400281333,-0.4614214996970426,-0.8201419748678483,-0.2788947985378911
2013-08-09,-0.2167964817836614,-0.28078829328004007,-0.28270733819695515,-0.8983690600264782,-0.30618561440240155,-0.7484995769588718,-0.3019161776400612,-0.7750680019782394,-0.6871482413329697,0.6667606427967305,-0.4834169716635853,0.8479518072289156,0.8613440415731666,-0.40074906367041185,-0.8389709853208306,0.4902439024390244,0.45215311004784686,0.48910200523103775,0.4628378378378377,0.23482428115015974,-0.770791882212496,-0.7405928105949128,-0.37777783604938153,-0.37912455164625003,-0.6430570835344991,-0.8861674292734819,-0.2788947985378911
2013-08-12,-0.2548215667511755,-0.21401189208939408,-0.2117208977659164,-0.8718844322911815,-0.3088148268188853,-0.8459827294853459,-0.2993493308232784,-0.7847119188921861,-0.7140663049299263,0.6425148012404858,-0.4856808663170208,0.8927710843373495,0.8634699421282628,-0.35288516473052756,-0.4914821542540134,0.5414634146341459,0.5023923444976073,0.4710113339145603,0.5000000000000004,0.21611136467366476,-0.7632311977715887,-0.7055567234251279,-0.3093333486814811,-0.30928927171267384,-0.6067892391588245,-0.9401028649481006,-0.2167964817836614
2013-08-13,-0.22035290356513615,-0.2430215491626444,-0.25299227218271225,-0.8735788591003938,-0.3022405709778959,-0.7945878089667886,-0.30274939336273343,-0.7639094955489616,-0.7529277435912982,0.6210882435861294,-0.6200052824208582,0.9012048192771085,0.8821306247785521,-0.19754967307814386,-0.5407727428936128,0.6621951219512194,0.6208133971291865,0.4687227550130775,0.47046643417611156,0.2151985394796898,-0.7377636291285317,-0.6319809403685797,-0.34577774787160576,-0.34647415718657326,-0.7165654023355434,-0.9371018743831856,-0.2548215667511755
2013-08-14,-0.12241823112545136,-0.2315269419301793,-0.24776451009523415,-0.8437400463258891,-0.3136793355066616,-0.7986984936116686,-0.3077209341375142,-0.7446216617210684,-0.6728000242505079,0.6177051029038623,-0.6739614383277366,0.9103614457831328,0.8785874571867249,-0.16276264838443488,-0.7309637193774853,0.6512195121951221,0.6100478468899522,0.5088273757628601,0.4675239755884917,0.25216795983569096,-0.7154795065658579,-0.7202718800364376,-0.27866663825185256,-0.27799943236212643,-0.5679139371906119,-0.9255739691991072,-0.22035290356513615
2013-08-16,-0.13801136454641805,-0.11658450945182564,-0.14266066464855331,-0.7194986923445277,-0.35194224202137603,-0.583910170935549,-0.35841114561525345,-0.5573380316518299,-0.6753059100508252,0.6588666478714407,-0.3044938308870695,0.9272289156626508,0.9062241644029765,-0.10829683234939358,-0.6687122588246845,0.7890243902439025,0.7452153110047846,0.5411944202266783,0.5444638186573671,0.3338658146964857,-0.7648229208117794,-0.6406698899866863,-0.23022219488395135,-0.22857054270199817,-0.6149141297819146,-0.9211612863062182,-0.12241823112545136
2013-08-19,-0.1259746529069261,-0.13765741326058123,-0.13715792661699844,-0.8566280906496676,-0.36587949542590836,-0.7288050713593897,-0.36787495149928473,-0.6808543521266075,-0.714046096173472,0.6622497885537069,-0.3338867298041732,0.9443373493975906,0.9000826739104761,0.11877102774074766,-0.7560017673916244,0.8585365853658535,0.8133971291866025,0.5082824760244118,0.5447907585004361,0.2886809675947051,-0.7532829287703944,-0.7034545581949407,-0.2551111276641973,-0.2539652887008159,-0.7670401530881006,-0.9566769751333417,-0.13801136454641805
2013-08-20,-0.1363696739656728,-0.12041589923723128,-0.12532664227037005,-0.8633299603694804,-0.35522925259578386,-0.7588659257362398,-0.37043802129568215,-0.7096624629080119,-0.7730152475067448,0.708486044544685,-0.16360412028826932,0.9178313253012049,0.877642612495571,0.05002221799022388,-0.6821640728558103,0.7804878048780486,0.7368421052631575,0.5276809067131651,0.5066477768090674,0.2631218621633957,-0.7536808595304425,-0.5686356947656086,-0.20622223986172816,-0.20408295938494092,-0.6474664570147646,-0.8950458937330747,-0.1259746529069261
2013-08-21,-0.11612645170118352,-0.11767941900499768,-0.13935908236064654,-0.8002526472710412,-0.368640546170933,-0.4632901090017386,-0.3919558881286651,-0.7220264589515333,-0.7562419796497823,0.6746546377220195,-0.3047956835075275,0.8775903614457834,0.8379591354671079,0.10321843458388891,-0.7530561146840786,0.8707317073170731,0.8253588516746406,0.500653879686138,0.5271360069747164,0.2366499315381101,-0.7831277357739763,-0.4764207133347348,-0.2684444607012344,-0.26756951739752943,-0.5689164672599183,-0.9185246625029981,-0.1363696739656728
2013-08-22,-0.05895244072011474,-0.111384646928546,-0.11844811655304133,-0.9081239315035547,-0.34891752928752995,-0.7076212421564849,-0.3884455864645515,-0.5515578635014837,-0.8516677276263807,0.6740907809416408,-0.4586650567860243,0.8462650602409638,0.8360694460847999,0.16479400749063666,-0.7267416171633363,0.8707317073170731,0.8253588516746406,0.5724716652136013,0.5004359197907586,0.2964399817434962,-0.7429367290091529,-0.521827482306776,-0.24888886113580333,-0.24761656677982802,-0.7291541900040718,-0.9363493380060166,-0.11612645170118352
2013-08-23,-0.04390653749272966,-0.06267096929339466,-0.11211998294951053,-0.7806822343032591,-0.34155520646398596,-0.7521557633014925,-0.38221365166769905,-0.6184161721068251,-0.7887578687845445,0.6887510572314639,-0.2155982341621704,0.8775903614457834,0.8748080784221095,0.16511140735098095,-0.7093622661888163,0.7804878048780486,0.7368421052631575,0.5712728857890155,0.5718177855274629,0.2813783660429028,-0.7353760445682456,-0.5748020461074907,-0.21466672856296176,-0.21269892681303992,-0.6652587275079302,-0.9101314100627479,-0.05895244072011474
2013-08-26,-0.008343605411795796,-0.05281872639068741,-0.06672187829975806,-0.8658651002246958,-0.34970716577399585,-0.7571501946452104,-0.3795074958134781,-0.7081787833827895,-0.7623046065860338,0.6814209190865519,-0.6936195902350678,0.9183132530120484,0.8849651588520135,0.3260331365454201,-0.7194756738180568,0.7426829268292678,0.7440191387559802,0.595139494333043,0.5877288578901485,0.2754450022820629,-0.7469160366096297,-0.7675005255413075,-0.20266668438518498,-0.20045501708356683,-0.7415284010612749,-0.9145752197644249,-0.04390653749272966
2013-08-27,-0.009437655458381933,0.0005473589911573207,-0.001513179358452188,-0.7880514741729919,-0.3848137705867578,-0.4671243071794109,-0.41426619471450365,-0.6593719090009893,-0.5773338587610013,0.6949534818156184,0.04588159830962524,0.9000000000000001,0.9312625487185549,0.3472989271884721,-0.6674358093180813,0.647560975609756,0.7129186602870812,0.5595030514385355,0.5951394943330426,0.26814240073025974,-0.7481098288897732,-0.523789503188284,-0.2608889053135799,-0.2598605709660571,-0.4873887873167636,-0.7535617308702872,-0.008343605411795796
2013-08-28,-0.032417056046819326,-0.0019155854236410086,0.002338795043251629,-0.7367614780082035,-0.3771868763422197,-0.6796712798945732,-0.41523456552537796,-0.7026149851632049,-0.6540665070174907,0.665069072455597,0.035995924989623784,0.9737349397590365,1.0,0.4463276836158192,-0.6063626098482988,0.7158536585365853,0.6172248803827749,0.5670226678291197,0.5566695727986053,0.26038338658146953,-0.7656187823318739,-0.5581248686146731,-0.2964445045234556,-0.29613852990008493,-0.4909161102185077,-0.7821965639665075,-0.009437655458381933
2013-08-29,-0.06661210413606788,-0.026819906385068926,-0.03177885759931609,-0.860506637949527,-0.37376892220318325,-0.6330115583547413,-0.40910701875763333,-0.7380069238377844,-0.6493578667636688,0.6092472511981963,-0.10576161189299338,0.9819277108433739,0.9492145978504785,0.3739605154573731,-0.7097550198831557,0.7121951219512193,0.6889952153110044,0.5150392327811684,0.5661508282476024,0.2199908717480601,-0.7389574214086752,-0.41517763296195076,-0.2857777492049389,-0.28525493913785205,-0.5031267505801924,-0.8698771223448374,-0.032417056046819326
2013-08-30,-0.017371152819434688,-0.04980829983203705,-0.05874256835483349,-0.8661272813550215,-0.38060572524516845,-0.5668214556023543,-0.41485967595598705,-0.6060830860534125,-0.8516475188699264,0.5985339723710181,-0.11881673772780454,0.9496385542168675,0.9185071453879767,0.31943121945026354,-0.8076488781972604,0.7451219512195122,0.6806220095693782,0.5332388840453359,0.5150392327811684,0.14856230031948892,-0.697174691603661,-0.6209095368229276,-0.3040000599111099,-0.30384757078831304,-0.6816492147287498,-0.8291724113938768,-0.06661210413606788
2013-09-03,-0.06551761639286591,-0.020252036367428783,-0.042509330204246076,-0.8570116118072515,-0.37087582777396433,-0.5354854809886095,-0.4119349284296727,-0.5854352126607321,-0.7558175957642448,0.5692134197913727,-0.15779345734445172,0.9228915662650603,0.9201606235974964,0.41331809814003684,-0.9967597820216996,0.8353658536585362,0.7595693779904304,0.5612467306015696,0.534655623365301,0.1216339570972158,-0.6713091922005576,-0.5561628477331652,-0.2920000157333331,-0.29160366105883995,-0.7252601521559234,-0.8739785371498462,-0.017371152819434688
2013-09-04,-0.13281366252477556,-0.07361812174927307,-0.07855274993484329,-0.8638434886991266,-0.3529935162766651,-0.7247995946548474,-0.40775790534884937,-0.6484297725024729,-0.8359453151050351,0.591203834226107,-0.2524242538580539,0.9563855421686747,0.915436400141727,0.28064495651621923,-0.9982326083754725,0.8768292682926826,0.7930622009569377,0.48027462946817856,0.5607018308631213,0.03217708808763131,-0.6669319538400318,-0.6918225772545722,-0.2840000159111109,-0.28344113328648723,-0.7405311474660174,-0.9403445554633957,-0.06551761639286591
2013-09-05,-0.07946946957366352,-0.0870278081109701,-0.1313797724157224,-0.7916201710461028,-0.35023202548381516,-0.8691402596489883,-0.3837543628439306,-0.7137734915924827,-0.713803591096022,0.541020580772483,-0.4726257404822096,0.9349397590361448,0.9128380772410538,0.2422395734145879,-0.9995090578820756,0.9975609756097565,0.8289473684210522,0.4497602441150832,0.4810374891020053,-0.017115472387038366,-0.6812574612017519,-0.3759372153317917,-0.3306666370962972,-0.3310560754101175,-0.6162631483137709,-0.9381089181969154,-0.13281366252477556
2013-09-06,-0.08603464524641469,-0.08565977324934382,-0.08928322253977283,-0.8494711958276365,-0.3491809712524385,-0.4623390292210846,-0.4096308454803981,-0.6909000989119685,-0.7813816726787718,0.5748519875951512,-0.40644455344677966,0.9590361445783133,0.9657493799456716,0.3156224211261347,-0.7753448868378418,0.921951219512195,0.942583732057416,0.4723190932868353,0.4496512641673931,0.02692834322227311,-0.6458416235575015,-0.45413776189475163,-0.3093333486814811,-0.30928927171267384,-0.765216251891836,-0.8279236770648517,-0.07946946957366352
2013-09-09,-0.14539722137331124,-0.08784879870499163,-0.07992853762061758,-0.9222362100309202,-0.3282748564534659,-0.7661677776274473,-0.38299646523758657,-0.745765331355094,-0.7664474016591389,0.6171412461234844,-0.2866845262800438,1.0000000000000002,0.958426833589229,0.3528216847584589,-0.9263586823113554,0.897560975609756,0.8851674641148324,0.4533565823888406,0.4768962510897996,-0.037197626654495775,-0.6792678074015122,-0.5549015485950529,-0.32533334832592575,-0.32561446894251245,-0.7785384694531727,-0.8741231852612729,-0.08603464524641469
2013-09-10,-0.1464916817604749,-0.15134104594869413,-0.1503645584237554,-0.8498092144749986,-0.3119702484251863,-0.6892064859432723,-0.35592716708963223,-0.7070042037586549,-0.6667171885578023,0.6244713842683964,-0.3787873070973098,0.9689156626506026,0.9244124247076888,0.21456230559258538,-0.8026412685944326,0.9609756097560975,0.8564593301435406,0.4302528334786402,0.4528116826503923,0.028069374714742246,-0.7122960604854764,-0.5904982131595544,-0.37333334725925904,-0.37458977726176035,-0.6315675612928418,-0.8230202891863635,-0.14539722137331124
2013-09-11,-0.25673648944417327,-0.15654088110470799,-0.14623760807797526,-0.9231874291731761,-0.3050016070546593,-0.7367659457888733,-0.33139791128472496,-0.7104352126607321,-0.757858680166116,0.6492810826050182,-0.6309097083349056,0.9301204819277109,0.9026809968111493,0.2186885037770585,-0.8220825764642348,0.8951219512195121,0.9186602870813396,0.426765475152572,0.43068875326939837,0.0002282062984937383,-0.7126939912455237,-0.3871487632261229,-0.36355552525432167,-0.3646132074961541,-0.7339513843269374,-0.917398604420373,-0.1464916817604749
2013-09-12,-0.25263302896138695,-0.2394636678274078,-0.24666391846635838,-0.7520676557323414,-0.31091828476163696,-0.7844752217415154,-0.3141693845983258,-0.7176372403560831,-0.7235240029504786,0.6419509444601079,-0.690865185073388,0.9400000000000002,0.9281918034723042,0.12429378531073443,-0.7598311159114339,0.8865853658536582,0.8588516746411479,0.36268526591107264,0.42665649520488236,0.007530807850296917,-0.7397532829287714,-0.7111624973722934,-0.43022219043950694,-0.4326345398932321,-0.4785093609046692,-0.9292835524111375,-0.25673648944417327
2013-09-13,-0.29011088373531857,-0.26190482543591376,-0.2851837175116052,-0.7712133786047197,-0.30592240712966756,-0.8285834403122739,-0.30844768582294435,-0.7450544015825916,-0.722412521345499,0.6391316605582178,-0.9731351167792326,0.9604819277108436,0.9177985118696115,0.04957785818574223,-0.7585546664048308,0.8682926829268292,0.8516746411483251,0.3813208369659984,0.36235832606800367,0.03628480146052038,-0.7361719060883409,-0.7767500525541308,-0.4151111685530853,-0.4172164581167763,-0.6000714082821297,-0.959734726349576,-0.25263302896138695
2013-09-16,-0.2887429997436328,-0.2602626526770129,-0.28188194262497923,-0.8195608791084976,-0.29303664800433626,-0.6873043263819641,-0.29520685182193374,-0.6991530662710189,-0.7186132751321148,0.661685931773329,-0.10229030675772566,0.9337349397590364,0.9010275186016301,0.03091474639751146,-0.7755412636850114,0.8341463414634145,0.8229665071770333,0.34699215344376677,0.3856800348735834,0.06732085805568211,-0.7660167130919229,-0.9929927825660431,-0.4257778349827148,-0.42809985996549815,-0.7202703665302699,-0.9081301393565538,-0.29011088373531857
2013-09-17,-0.13801136454641805,-0.2884511002181185,-0.28793507277033115,-0.8562575702092899,-0.2830435285921369,-0.7873608651291018,-0.2716652211268036,-0.7030477250247281,-0.8184243232592683,0.6757823512827752,-0.23469041240614275,0.9028915662650603,0.8639423644738398,0.057258934806068584,-0.7972409052972653,0.8182926829268293,0.7966507177033493,0.3164777680906714,0.3463382737576288,0.06777727065266959,-0.745324313569439,-0.81921379020391,-0.4017777910716047,-0.40361204050655153,-0.6983123197754334,-0.8951465981144477,-0.2887429997436328
2013-09-18,-0.1451237977687896,-0.1469621740194369,-0.3143485840107707,-0.49560684097739394,-0.25700925778482775,-0.27841829540832574,-0.2780421285587038,-0.5765331355093968,-0.45205977750159154,0.7676910064843536,-0.2861562841942422,0.8872289156626507,0.9135467107594191,0.00691931695550041,-0.763955029701998,0.626829268292683,0.767942583732057,0.41619442022667874,0.31615082824760243,0.0543130990415337,-0.7548746518105851,-0.3266064045967346,-0.29866668225185156,-0.29840586986395223,-0.03243448597908949,-0.8754543140841485,-0.13801136454641805
2013-09-19,-0.24880321093142932,-0.12999460632250326,-0.14733800710813094,-0.7215181370838959,-0.26082224285688005,-0.5176346393356076,-0.24802505349811632,-0.6665739366963404,-0.7083674356098498,0.7722018607273764,-0.2828736369467608,0.95710843373494,0.9300814928546122,0.10010791595251689,-0.74863763562276,0.6999999999999997,0.6004784688995213,0.39864864864864913,0.4158674803836093,0.20607028753993628,-0.8356545961002793,-0.4939387569196272,-0.33822219248395147,-0.3387651162983454,-0.40508986275011605,-0.8927663127365408,-0.1451237977687896
2013-09-20,-0.26001907728054885,-0.1811712557397196,-0.23868480112015433,-0.6087520828232358,-0.2767047276743497,-0.5754981648578966,-0.2823082518210276,0.14750247279920847,-0.12954823324946707,0.7688187200451093,-0.4373089838886165,0.9043373493975906,0.8625250974371088,0.05021265790643037,-0.7254651676567332,0.6804878048780489,0.6578947368421049,0.33206190061028806,0.39755884917175255,0.12437243267914155,-0.8225228810187026,-0.683554060682503,-0.409333346459259,-0.41132117585153516,-0.1982476829683334,-0.9158587428797424,-0.24880321093142932
2013-09-23,-0.2570098856926566,-0.2487684559535288,-0.2543678397556639,-0.8717219233261035,-0.28714279411124455,-0.6943856624302234,-0.2977410411364616,-0.732597675568744,-0.7694180888579022,0.7513391598533969,-0.4053503376976192,0.8698795180722894,0.8320538561473958,0.0033644385196471838,-0.828268447150081,0.6378048780487804,0.638755980861244,0.3235614646904974,0.33500435919790794,0.12209036969420328,-0.8209311579785119,-0.7944082404877023,-0.4355555680987653,-0.4380762408175929,-0.5556250291305339,-0.9117811309285127,-0.26001907728054885
2013-09-24,-0.22609786313639946,-0.2550627901537337,-0.2816069666809029,-0.8732841761770525,-0.29242763648200665,-0.687161664414866,-0.30568754215943184,-0.7619312561819982,-0.7339517212808311,0.7406258810262196,-0.2964192732898163,0.8344578313253013,0.7968583914019134,0.005141877737573797,-0.795375325249153,0.5817073170731701,0.5992822966507179,0.3256320836966,0.3230165649520491,0.131446827932451,-0.8129725427775574,-0.7826361151986546,-0.4395555680098764,-0.44215752831795796,-0.6741293597966096,-0.9120649341851093,-0.2570098856926566
2013-09-25,-0.25345368275948976,-0.22769552477750743,-0.249140297781008,-0.8696136403524929,-0.2989016200918093,-0.6409821119147361,-0.31998754429913134,-0.7728733926805145,-0.8192124647609811,0.7699464336058641,-0.24506659623438865,0.8344578313253013,0.8048895712767212,0.017203072430648003,-0.7914477883057587,0.5463414634146342,0.5442583732057411,0.32944638186573716,0.32530514385353104,0.15814696485622992,-0.8034222045364112,-0.731903860976806,-0.4200000128888888,-0.422204577700257,-0.5760986278529237,-0.9289851012445229,-0.22609786313639946
2013-09-26,-0.22117355736323985,-0.2337163778948086,-0.25464303581256287,-0.8268802828956064,-0.29031342670405014,-0.8099864639463961,-0.31587809972889325,-0.7816518298714146,-0.8400274839087778,0.7490837327318864,-0.5034524393464892,0.8072289156626506,0.7885910003543168,-0.0036183584079223508,-0.7794688006284058,0.5731707317073171,0.517942583732057,0.2969703574542284,0.32813862249346126,0.1540392514833404,-0.8197373656983684,-0.7513839254432064,-0.43822219026172915,-0.44079711489396245,-0.6972007425757812,-0.9650720585623442,-0.25345368275948976
2013-09-27,-0.24278504660395228,-0.21756977342463069,-0.2128217095076148,-0.8715399132852163,-0.30061921476457787,-0.7174249388689262,-0.3279804829565598,-0.7303103363006924,-0.7590105792840038,0.7676910064843536,-0.32528393012111845,0.8226506024096387,0.8006377701665293,-0.011934234748936845,-0.7734793067897294,0.5487804878048781,0.5334928229665068,0.31375326939843085,0.2966434176111594,0.1855317206754905,-0.8066056506167927,-0.7628757620348959,-0.4355555680987653,-0.4380762408175929,-0.8171455506572289,-0.942386107922139,-0.22117355736323985
2013-09-30,-0.3409931426481583,-0.22961145229196678,-0.24418775926453185,-0.837980728603528,-0.3125112138854216,-0.5289125097080627,-0.3521618430967224,-0.6478733926805145,-0.8364505340163894,0.7699464336058641,-0.4812285401652644,0.8113253012048196,0.7763080193693161,0.01733003237478581,-0.8091217045510333,0.5329268292682929,0.47009569377990434,0.27517436791630345,0.30863121185701825,0.1540392514833404,-0.8217270194986082,-0.7724055777450775,-0.4422222346172837,-0.444878591307839,-0.7897219561999891,-0.9214249486865401,-0.24278504660395228
2013-10-01,-0.2701408935830818,-0.3357963598499283,-0.35121759191206436,-0.6702259741329064,-0.29493821200471615,-0.59951545430998,-0.3475942618041121,-0.7711115232443126,-0.7926985762931079,0.7699464336058641,-0.3278874089725692,0.8072289156626506,0.7715837959135468,-0.09604519774011289,-0.6987579164416514,0.5756097560975606,0.4928229665071764,0.23419790758500447,0.2748474280732345,0.13076220903696933,-0.8304814962196589,-0.600168173218415,-0.46933334512592584,-0.47254048835701234,-0.6138957702904613,-0.9029008354801675,-0.3409931426481583
2013-10-03,-0.2879223459455291,-0.26929390498569816,-0.2849085214547067,-0.7804763896141604,-0.3176642179276423,-0.39104381637174424,-0.3791614867259572,-0.7437870919881306,-0.8576697282932696,0.8218212574006198,-0.24261404369316686,0.844578313253012,0.8150466517066257,-0.032311305783025546,-0.7780941626982179,0.520731707317073,0.49641148325358797,0.2154533565823895,0.24869224062772455,0.06138749429484225,-0.8635097493036215,-0.7823558265012963,-0.4760000116444443,-0.4793426027053689,-0.798011296930939,-0.9302869342473629,-0.2701408935830818
2013-10-04,-0.25755714324227696,-0.2840722282888608,-0.2909616516000586,-0.8825146853934775,-0.30088355149339874,-0.7269517282823983,-0.3742711132300869,-0.7938612759643918,-0.8584578697949823,0.7879898505779526,-0.4983586763762594,0.8245783132530125,0.8119759064603755,-0.03751666349266802,-0.8005793116991506,0.5695121951219511,0.4880382775119614,0.24248038360941582,0.2159982563208369,0.0481515289822001,-0.8702745722244334,-0.8009950248756219,-0.4791110782419763,-0.48251696366586283,-0.8284653463169772,-0.9681920633961545,-0.2879223459455291
2013-10-07,-0.2641225104072973,-0.2517788551449134,-0.2601457738441173,-0.8866510802512606,-0.32017391335470036,-0.7294051774510767,-0.38422590083668595,-0.7798899604352127,-0.8508189598553054,0.8015224133070209,-0.18420556163453206,0.8351807228915662,0.7994567143025866,-0.0018409191899957378,-0.8073543129265058,0.5512195121951216,0.5167464114832532,0.26351351351351404,0.2467306015693116,0.06321314468279304,-0.8424194190210903,-0.8173919136710812,-0.4613333453037036,-0.46437781889952623,-0.7458647833171963,-0.93460806770264,-0.25755714324227696
2013-10-08,-0.2994118273914399,-0.24849492013609353,-0.2576696146422903,-0.8808679278806881,-0.3459391682579773,-0.3855014620747469,-0.4127101918247269,-0.7085806132542039,-0.7389634928814657,0.7964477022836203,-0.42527261064785127,0.8281927710843375,0.8074878941773944,0.055989335364692305,-0.820511561686877,0.5609756097560972,0.5071770334928232,0.27048823016564993,0.26242371403661746,0.10794157918758573,-0.8583366494230011,-0.779973372573751,-0.4955555667654319,-0.4992956477798258,-0.6145711589687308,-0.9557596497684714,-0.2641225104072973
2013-10-09,-0.3497470476029676,-0.2911877993884757,-0.3193011500413503,-0.800579831987398,-0.34435407198548784,-0.4235530699361366,-0.4231559611538942,-0.7070351137487637,-0.7066901088241536,0.7688187200451093,-0.3978040221861677,0.8356626506024096,0.7992205031297983,0.012632514441693665,-0.8037213412538661,0.5890243902439023,0.5035885167464116,0.23757628596338298,0.2690714908456848,0.06230031948881809,-0.8607242339832872,-0.592039800995025,-0.49111112241975285,-0.4947607789385804,-0.7426637223941475,-0.8175639427046999,-0.2994118273914399
2013-10-10,-0.3954316044941648,-0.3201970185854792,-0.34323850207996287,-0.8045125489422834,-0.2971844801351269,-0.3100042440883132,-0.4063468750941208,-0.6966802670623147,-0.8783432861458871,0.7665632929235979,-0.24223672791759432,0.7889156626506024,0.7970946025747017,-0.013584714022725652,-0.810005400363297,0.6158536585365857,0.5562200956937793,0.23365300784655663,0.23681342632955582,0.08420812414422629,-0.8185435734182258,-0.7773106299488473,-0.5071111665086407,-0.511085881711663,-0.7199766428082099,-0.8941194134244432,-0.3497470476029676
2013-10-11,-0.3891396062215895,-0.4028462694907442,-0.4051452335359218,-0.6864443688476816,-0.28278278558722514,-0.6926034399209005,-0.3495678148773522,-0.7610039564787341,-0.7735002576616449,0.7789681420919097,-0.5101309285741238,0.8243373493975905,0.7822132986890282,-0.10658287310353565,-0.7736756836368991,0.6256097560975613,0.5801435406698561,0.20553618134263285,0.23354402789886697,0.10657234139662242,-0.812176681257462,-0.7994534370401514,-0.5297778326716038,-0.5342130988331024,-0.6304858841128006,-0.9064053479519475,-0.3954316044941648
2013-10-14,-0.3645191442412923,-0.36371108000274033,-0.3787316947813797,-0.8999681482428448,-0.27379797709427844,-0.6628674676638134,-0.34256080418338675,-0.7743261622156281,-0.8688451706124265,0.789681420919087,-0.6405312606120063,0.7855421686746988,0.7734734852958547,-0.10950295181870118,-0.8385782316264911,0.6853658536585368,0.6435406698564594,0.21948561464690508,0.200959023539669,0.11433135554541307,-0.8276959808993238,-0.860416228715577,-0.5271110771753096,-0.5314921775283552,-0.8431365824101703,-0.9701493903722949,-0.3891396062215895
2013-10-15,-0.3697168462629348,-0.3604269260557973,-0.3949649329319671,-0.8508687729273066,-0.29018136835159636,-0.48031485790720785,-0.3377380091981017,-0.7433543521266075,-0.6450736103953845,0.7682548632647315,-0.6897332377466703,0.8048192771084339,0.7692216841856623,-0.1541293721830761,-0.7012126270312729,0.6707317073170733,0.6423444976076551,0.22079337401918053,0.21948561464690508,0.07234139662254657,-0.8229208117787516,-0.6457150865391352,-0.4982222333728392,-0.5020163329426837,-0.6051218733593464,-0.9187040994007173,-0.3645191442412923
2013-10-16,-0.2635754990620227,-0.373289595517154,-0.3869858155857626,-0.8478526065354606,-0.2588676237569971,-0.45426116356194524,-0.33592679454861996,-0.7389960435212661,-0.6593207836955755,0.7750211446292639,-0.9854733426404559,0.7737349397590363,0.7819770875162395,-0.09325207896908516,-0.8830575875104324,0.5963414634146336,0.6435406698564594,0.2686355710549262,0.220466434176112,0.1252852578731174,-0.8117787504974139,-0.7447971410552869,-0.5195555217876553,-0.5237831366401273,-0.6977072840844836,-0.9291865100072689,-0.3697168462629348
2013-10-17,-0.27916844099072025,-0.26464149723900565,-0.2686752833041193,-0.7771785410161794,-0.24367316838306863,-0.5901351143494582,-0.32465385195620877,-0.6906528189910981,-0.6129618963897057,0.8545249506625314,-0.16156661510017745,0.8028915662650602,0.7654423054210464,-0.10264711483526945,-0.7177082821935292,0.5048780487804878,0.5610047846889952,0.3329337401918049,0.2674367916303404,0.22067549064354175,-0.8077994428969362,-0.6340831055987668,-0.46533334521481473,-0.4684591063998913,-0.49725227613899303,-0.8403048230074722,-0.2635754990620227
2013-10-18,-0.2756120192092464,-0.2791461205211401,-0.2744532449066752,-0.9166025659082193,-0.22821437628031926,-0.5525674630136225,-0.30671782981625073,-0.5417593966369931,-0.8210312528418564,0.859599661685932,-0.35848771837150517,0.7710843373493976,0.7531593244360457,-0.049070018409191896,-0.8234572143944228,0.49390243902439046,0.4772727272727275,0.34917175239755904,0.33184394071490875,0.23619351894112262,-0.8766414643851972,-0.8213159554340972,-0.47066672287407285,-0.4739009962377638,-0.8328606491997789,-0.9428347001664368,-0.27916844099072025
2013-10-21,-0.21105195990901393,-0.27887261207097014,-0.26922548281919667,-0.9589697364971301,-0.22808253795177835,-0.6965424252071492,-0.2988215395821876,-0.7364923343224532,-0.8923883718815364,0.8584719481251772,-0.32615175640493543,0.7739759036144578,0.7401677099326798,-0.007871516536532841,-0.8300358387746084,0.5158536585365856,0.4641148325358846,0.34241499564080247,0.3482999128160418,0.28457325422181645,-0.8798249104655786,-0.8465419381963423,-0.4462222345283948,-0.44895973712307047,-0.8035269711368076,-0.9288276362118307,-0.2756120192092464
2013-10-22,-0.228833220779193,-0.21127541185716003,-0.22988031571607648,-0.8407975506648784,-0.2147370608630741,-0.6016069881638962,-0.2927211742170299,-0.6951656775469832,-0.8017925166974851,0.9137299126022,-0.14296494736444942,0.7281927710843374,0.7044998228416204,0.010855075223767052,-0.745888359762384,0.4060975609756099,0.48444976076555024,0.37467306015693147,0.3420880557977335,0.29324509356458206,-0.8754476721050546,-0.7160675495760633,-0.3977777911604936,-0.39953075300618646,-0.571310227653473,-0.8318932606796996,-0.21105195990901393
2013-10-23,-0.1957326330771081,-0.23097989766257365,-0.22630334477255065,-0.9221993746655025,-0.2258358444418036,-0.6907349469005004,-0.2981391495230814,-0.7458580613254204,-0.6669192761223439,0.9114744854806878,0.18133796174018024,0.707710843373494,0.6716664698240229,0.08106392433187315,-0.840051057980264,0.3902439024390243,0.3648325358851672,0.3444856146469051,0.3741281604184832,0.25079872204472853,-0.9132510943095902,-0.813187583210707,-0.43511112366419735,-0.4376227539334685,-0.6420237740332402,-0.790483619059128,-0.228833220779193
2013-10-24,-0.18041289590462428,-0.1915709534190122,-0.19713845075928305,-0.8110605768418225,-0.21817225020861208,-0.8385899779336865,-0.2888726050041073,-0.7501545499505441,-0.6874109551668739,0.9244431914293765,-0.1292306531336076,0.6824096385542171,0.656785165938349,0.08506316257220847,-0.8204133732632921,0.41707317073170724,0.3564593301435406,0.3724934612031392,0.3447035745422844,0.2626654495664078,-0.9096697174691606,-0.8098241188424077,-0.3928889468246901,-0.39454268065108367,-0.548034821211074,-0.9167266315483024,-0.1957326330771081
2013-10-25,-0.17767753826183075,-0.18089774728954966,-0.19576266307350787,-0.8425548142739209,-0.20760212541926304,-0.740641385479158,-0.269769062178026,-0.6862945103857567,-0.7962755261854962,0.9272624753312666,-0.24250084896049517,0.6850602409638553,0.6659974016770995,0.049006538437123215,-0.7888948892925522,0.4060975609756099,0.38038277511961693,0.38208369659982555,0.3718395815170008,0.24349612049292535,-0.917628332670116,-0.8386938546703104,-0.3844444581234565,-0.3859266187662289,-0.8222690069587899,-0.9487725966899385,-0.18041289590462428
2013-10-28,-0.19928864451800532,-0.16666665982485052,-0.17815366475124916,-0.8850259906004816,-0.20390283403707787,-0.7770264995655964,-0.2658025123017329,-0.7392742334322454,-0.7458748875887924,0.9154214829433327,-0.03912764592687634,0.7012048192771083,0.6834770284634462,0.06684441058845936,-0.8286612008444203,0.4207317073170733,0.37320574162679376,0.41390584132519637,0.37881429816913714,0.2539936102236422,-0.9140469558296864,-0.8494849695186042,-0.37466663611851936,-0.3759501906857563,-0.7992459918584006,-0.9403408934858912,-0.17767753826183075
2013-10-29,-0.20393911634606576,-0.1899289995982345,-0.1927361117578834,-0.9170792588724479,-0.19148307089076644,-0.7668339543056665,-0.2583162240092687,-0.7583147873392682,-0.7582628552951995,0.8939949252889772,-0.34539486095913674,0.7175903614457833,0.6778079603165232,0.04322986097886128,-0.8078452550444302,0.3963414634146343,0.38038277511961693,0.39374455100261585,0.41281604184830023,0.2539936102236422,-0.9072821329088736,-0.7483007497722655,-0.4084444131456799,-0.41041424931166404,-0.6990519055546323,-0.9762337659959754,-0.19928864451800532
2013-10-30,-0.2764328644996188,-0.17268748557488545,-0.21364707756548862,-0.8397791611503902,-0.20311051325887597,-0.5454722395172387,-0.25786979141096644,-0.7812809099901089,-0.6362221750684572,0.8883563574851987,-0.15828396785269605,0.6975903614457832,0.6589110664934452,0.06062337332571577,-0.8015611959349992,0.4390243902439024,0.3672248803827749,0.40584132519616434,0.3934176111595469,0.2485166590597898,-0.8822124950258656,-0.7729661551397939,-0.3884444580345676,-0.39000785903821633,-0.6708025429087268,-0.9103895794768132,-0.20393911634606576
2013-11-01,-0.2802626825295764,-0.2835249924503973,-0.2895858639142843,-0.8252573600310285,-0.20416649602589976,-0.5336763252465601,-0.26391409295869783,-0.711238872403561,-0.8516677276263807,0.7479560191711307,0.08312266535863855,0.6636144578313254,0.6322192039683476,-0.011362915000317386,-0.8302322156217781,0.5390243902439025,0.42822966507177007,0.3844812554489976,0.37728857890148193,0.23254221816522103,-0.8320732192598488,-0.5626094877724056,-0.4840000114666665,-0.4875050832493435,-0.5197238997012638,-0.8399752450320697,-0.2764328644996188
2013-11-04,-0.2871016921474263,-0.2739464769359836,-0.27060127050497096,-0.9497803962185248,-0.19597490307506638,-0.7740890938713638,-0.2551711857315784,-0.8059161721068251,-0.9045338345104935,0.7643078658020857,-0.17348979360827088,0.6199999999999999,0.5956064721861343,-0.016441312765822502,-0.9556188325396435,0.5182926829268295,0.4940191387559807,0.3846992153443769,0.38241063644289497,0.2711090826106801,-0.7938718662952651,-0.7567094106930138,-0.45155561218765317,-0.45440134359067574,-0.721946526453163,-0.9352470827771704,-0.2802626825295764
2013-11-05,-0.26959385488176935,-0.2920087626152319,-0.2909616516000586,-0.925471221829071,-0.20337461529552314,-0.7734662628645639,-0.26798691744132297,-0.7419634025717112,-0.867733689007447,0.7406258810262196,-0.3385654454212732,0.61855421686747,0.5904098263847879,-0.04107154192852169,-0.8720604840689281,0.5999999999999996,0.4784688995215305,0.3787053182214475,0.3841543156059286,0.27476038338658126,-0.8081973736569843,-0.7895031882839325,-0.46577778964938266,-0.4689126405123938,-0.8231141222189685,-0.8987426600238394,-0.2871016921474263
2013-11-06,-0.2980439433997546,-0.27832512992711855,-0.26564873198849437,-0.9557260575541752,-0.19148307089076644,-0.7670569951391827,-0.2473930636588264,-0.688458209693373,-0.8483737003243507,0.7620524386805752,-0.12341999018978989,0.6012048192771087,0.6024565961970003,-0.02393194946994237,-0.8364180863076243,0.5682926829268293,0.5574162679425836,0.40584132519616434,0.37826939843068885,0.33842994066636267,-0.7958615200955039,-0.7955293952771354,-0.4524444121679021,-0.4553083645873026,-0.8415334137116215,-0.8359379148333891,-0.26959385488176935
2013-11-07,-0.34947343250617635,-0.2922825173707899,-0.29481359848765987,-0.8656917573286127,-0.22107989555259522,-0.47393925672273474,-0.25558684933781795,-0.7049641444114738,-0.7659219739913306,0.7101776148858194,0.05497490850092435,0.6303614457831326,0.6012755403330581,-0.030343426648892446,-0.768864450881241,0.5170731707317069,0.5287081339712918,0.38796861377506575,0.40595030514385355,0.3283888635326333,-0.8085953044170315,-0.39962161025856635,-0.4813333893037026,-0.48478439808648566,-0.7102037334571547,-0.9318982043493306,-0.2980439433997546
2013-11-08,-0.3606892988552963,-0.3576902542527054,-0.35644513388671983,-0.8499348880746589,-0.1898975199021895,-0.5593133961480847,-0.2569361521775124,-0.7131862017804156,-0.7138642173653845,0.6825486326473076,-0.12772139003131733,0.6156626506024099,0.5906460375575766,-0.023804989525804565,-0.805194167607639,0.6987804878048784,0.4784688995215305,0.3631211857018313,0.38807759372275497,0.3169785486079415,-0.7823318742538801,-0.5452315885361922,-0.4751110783308652,-0.478435581708742,-0.6883925485633482,-0.9507995012386639,-0.34947343250617635
2013-11-11,-0.39953503762091325,-0.3711001595525256,-0.3553445422578445,-0.9615157102833507,-0.18950113948917613,-0.8711455229918277,-0.22642035578861286,-0.8440590999010882,-0.7997110147827055,0.7028474767409083,-0.3919178960872355,0.61855421686747,0.6022203850242116,-0.01536215324065271,-0.8628307722519514,0.719512195121951,0.6566985645933014,0.3380557977332175,0.35494768962510914,0.2923322683706071,-0.7485077596498213,-0.7876813117511037,-0.47422227835061626,-0.4775287968540043,-0.7972127905248598,-0.9725644645364943,-0.3606892988552963
2013-11-12,-0.38859259487631537,-0.3738368313556175,-0.4084467883097256,-0.8655725840875556,-0.19425798314229636,-0.7811885256853612,-0.23201237364249172,-0.7810027200791296,-0.8555073913526732,0.7191993233718632,-0.4522506886012905,0.6315662650602409,0.5982047950868075,-0.04570557988954471,-0.8091217045510333,0.7268292682926827,0.6746411483253585,0.3342414995640808,0.33805579773321703,0.2261524418073937,-0.7636291285316359,-0.7027538364515451,-0.49733330005926013,-0.5011093119460568,-0.7116494873465756,-0.8809106605658121,-0.39953503762091325
2013-11-13,-0.3497470476029676,-0.3910783453789666,-0.39028759047238903,-0.9032443289788155,-0.17549584002254948,-0.6976365877866626,-0.23902712394220016,-0.7402324431256183,-0.89046854001839,0.7479560191711307,-0.6133267931932236,0.5855421686746991,0.5826148576827683,-0.11629530883006423,-0.7658206097501103,0.6560975609756099,0.6794258373205739,0.3504795117698345,0.3334786399302532,0.20789593792788663,-0.7612415439713498,-0.7075187443066359,-0.4915555668543208,-0.4952142185943269,-0.853653474602132,-0.9463428746157212,-0.38859259487631537
2013-11-14,-0.3483791636112823,-0.34537484799707663,-0.34929163222531523,-0.8663504603337284,-0.16373633930198617,-0.6993577896905897,-0.2145286371293551,-0.6431441641938676,-0.7933654652560955,0.7321680293205537,-0.9647964381390787,0.5963855421686748,0.5804889571276721,-0.10150447533803097,-0.824046344935932,0.6280487804878048,0.6172248803827749,0.3703138622493465,0.34862685265911075,0.2261524418073937,-0.7894946279347401,-0.7415738210356667,-0.46311116748641856,-0.46619186089278,-0.6117121894465244,-0.903137033029206,-0.3497470476029676
2013-11-15,-0.3872246835285913,-0.35604827306466236,-0.3440638701378371,-0.9315490571229847,-0.15343009652537143,-0.7019543216581277,-0.19961382150816664,-0.6351075667655788,-0.8637727727424294,0.7524668734141526,-0.29396672074859465,0.6060240963855421,0.5835597023739227,-0.1094394718466325,-0.934311944621729,0.6402439024390247,0.5909090909090908,0.35374891020052335,0.36965998256320853,0.1951163852122315,-0.7699960206923997,-0.792025786560157,-0.4817778337382703,-0.4852377905138543,-0.7111042516948476,-0.9463630154919958,-0.3483791636112823
2013-11-18,-0.3858570183852139,-0.3713738869408183,-0.38588522395688685,-0.897300834429366,-0.16175464259257044,-0.6936302694185977,-0.18680413032488286,-0.7327831355093968,-0.8724625380177231,0.7581054412179311,-0.34358374523638846,0.6016867469879521,0.5760009448446914,-0.19767663302228167,-0.8145220678482006,0.5951219512195123,0.6124401913875595,0.29206625980819556,0.35374891020052335,0.1120492925604748,-0.7886987664146439,-0.8088431084016537,-0.5022222332839503,-0.5060977148998045,-0.7107762308914691,-0.9213059344176449,-0.3872246835285913
2013-11-19,-0.46327444312304156,-0.3866994734497089,-0.37818130266758176,-0.953091245533712,-0.16690764663479074,-0.7395219729939633,-0.18649285474775068,-0.7645895153313552,-0.934038618933584,0.7772765717507761,-0.1966569822284271,0.5881927710843373,0.5613558521318058,-0.21069002729638786,-0.8340615641415876,0.6512195121951221,0.5586124401913874,0.30361813426329576,0.29184829991281624,0.14080328617069826,-0.7994428969359335,-0.7994534370401514,-0.5013332999703712,-0.5051905049896663,-0.8681998341428325,-0.9462861139644019,-0.3858570183852139
2013-11-20,-0.46819855740393157,-0.41297204821088584,-0.462649598476379,-0.7230977242244532,-0.17430668411524852,-0.608988377257999,-0.20164928949438332,-0.7652695351137488,-0.7724898198389363,0.7208908937129976,-0.21265517111270427,0.590120481927711,0.5665524979331527,-0.2208468228273981,-0.7907604693406647,0.7634146341463413,0.6040669856459324,0.25261551874455135,0.3018744551002617,0.10383386581469622,-0.8089932351770788,-0.5609277555882559,-0.5386666769185182,-0.5432826003737039,-0.4958619252270864,-0.9243270658588344,-0.46327444312304156
2013-11-21,-0.4687457875975132,-0.4701697423162603,-0.47503105482398267,-0.868781594451294,-0.1552804242905932,-0.7439407064881526,-0.19339547741260787,-0.7818063798219586,-0.7885153637070944,0.7451367352692424,-0.08523563370184517,0.6009638554216867,0.6076532419983467,-0.2430013330794134,-0.7691590161519956,0.7439024390243905,0.7284688995215314,0.24444202266782966,0.2516346992153444,0.10383386581469622,-0.7636291285316359,-0.7547473898115058,-0.5528888543802479,-0.5577936611535326,-0.6504335942549752,-0.9184569159191655,-0.46819855740393157
2013-11-22,-0.4539734994669198,-0.46880126957838764,-0.46099880733242626,-0.8857496971916285,-0.14338909990974935,-0.7925257333361668,-0.18021278323715695,-0.775624381800198,-0.8595087251305992,0.7879898505779526,-0.0011319473267177305,0.6400000000000003,0.6078894531711354,-0.24909541039801963,-0.8388727968972457,0.6902439024390246,0.6961722488038271,0.23060156931124665,0.2442240627724499,0.1120492925604748,-0.7755670513330681,-0.7959498283231728,-0.5653333429925925,-0.5704911994522641,-0.7808618768594076,-0.913853810196044,-0.4687457875975132
2013-11-25,-0.47148133673257675,-0.4523809650871824,-0.4799836208545618,-0.8750912758687188,-0.14576717703217934,-0.8001427882166265,-0.1649055228269578,-0.7353177546983186,-0.7632948356522882,0.7643078658020857,0.008414141795268337,0.6110843373493979,0.5811975906460378,-0.28273979559449014,-0.8150130099661249,0.6731707317073168,0.6614832535885165,0.24444202266782966,0.2254795117698345,0.15038795070743927,-0.8010346199761242,-0.7930067970009109,-0.5675555207209885,-0.5727584449593754,-0.6068956480521457,-0.923254106450024,-0.4539734994669198
2013-11-26,-0.48132953793831845,-0.46880126957838764,-0.4673271610487797,-0.8363708064561562,-0.14510669458251835,-0.7685467395743666,-0.16191527279819207,-0.6938674579624136,-0.7722675235179404,0.7958838455032424,-0.289778515639739,0.6125301204819278,0.5856856029290185,-0.2550625277724876,-0.8446659138887525,0.6487804878048777,0.6184210526315783,0.2139276373147343,0.24411508282476024,0.1366955727978092,-0.7922801432550743,-0.6964473407609838,-0.5915555646320987,-0.597246264418322,-0.7299315905139551,-0.9592128945551887,-0.47148133673257675
2013-11-27,-0.44740810494586114,-0.4608647626192819,-0.4766818459679354,-0.8993961166857706,-0.13929319342237712,-0.8871960463697683,-0.16454214795072675,-0.8228239366963404,-0.8832944314771591,0.7998308429658874,-0.3115496358902766,0.5961445783132533,0.5606472186134406,-0.2725195200914112,-0.8535028720113897,0.6841463414634141,0.6124401913875595,0.16543156059285113,0.21370967741935498,0.11319032405294394,-0.8034222045364112,-0.7642772055216873,-0.5848889425580235,-0.5904440556132095,-0.8101718107891583,-0.8752675532314205,-0.48132953793831845
2013-11-29,-0.5327588081964327,-0.4510125197165751,-0.43898744249466537,-0.9812984682988346,-0.14087827502660577,-0.8995226294915111,-0.16129479765206245,-0.8121290801186944,-0.9352915618337426,0.8060332675500428,-0.5647285212994757,0.5665060240963855,0.5665524979331527,-0.2788675172982926,-0.8405420000981884,0.6926829268292685,0.6507177033492826,0.1830863121185704,0.17316913687881463,0.12984938384299394,-0.8133704735376046,-0.8640599817812347,-0.5639999652444454,-0.5691307387998905,-0.7995608214766565,-0.9480932998628588,-0.44740810494586114
2013-12-02,-0.5223635956454165,-0.4991789615132638,-0.5248315259892369,-0.8094203196876362,-0.14708839129193452,-0.7149664397191116,-0.17828736494468922,-0.739799703264095,-0.7200278880839068,0.7789681420919097,-0.036222314454967375,0.5766265060240963,0.5715129325617103,-0.35059988573605017,-0.9654376748981294,0.7548780487804878,0.6590909090909087,0.14864864864864868,0.18973408892763732,0.10429027841168415,-0.8038201352964585,-0.7229346226613411,-0.6253333416592592,-0.6317104175009853,-0.3976957637828099,-0.9402530060257839,-0.5327588081964327
2013-12-03,-0.4676515187026191,-0.5259989636837621,-0.5322602512216434,-0.8807574217844352,-0.15739395932855071,-0.6441109960603835,-0.20274923166992131,-0.7048095944609298,-0.7799468509705256,0.8060332675500428,-0.22238991812247677,0.6036144578313254,0.638833116806425,-0.3668507585856662,-0.9879228238990622,0.7390243902439022,0.7165071770334928,0.17436791630340043,0.14810374891020084,0.11182108626198062,-0.7827298050139273,-0.7561488332982973,-0.6400000079999999,-0.6466750596216945,-0.6913025240013615,-0.7623431529260115,-0.5223635956454165
2013-12-04,-0.5130624331409872,-0.45894905404294617,-0.5066721080390773,-0.83512707117676,-0.15765873610519687,-0.6168831811009505,-0.21596873536389527,-0.6823380316518299,-0.726171350045975,0.8082886946715533,-0.15571822057880247,0.6775903614457832,0.6541868430376758,-0.37840411350219005,-0.9919485492660415,0.8036585365853659,0.700956937799043,0.1867916303400179,0.1733870967741935,0.17822911912368777,-0.8046159968165547,-0.6783687197813748,-0.6111111641975298,-0.617199215036023,-0.5104487377354957,-0.8440656739045651,-0.4676515187026191
2013-12-05,-0.5062234235231373,-0.5005474068838716,-0.5273076851910639,-0.8103390370368766,-0.16809634782600558,-0.6846328863609057,-0.2124739129112676,-0.6301001483679527,-0.8468580435902877,0.8500140964195095,-0.3198505829528734,0.6884337349397589,0.6643439234675799,-0.3605027613787848,-0.9930286219254749,0.8475609756097562,0.7571770334928227,0.17938099389712292,0.1862467306015696,0.21542674577818355,-0.8046159968165547,-0.5285544110433746,-0.6355555636543209,-0.6421402852372048,-0.6279241559620201,-0.9292982003211554,-0.5130624331409872
2013-12-06,-0.47421691322367776,-0.4999999521072853,-0.5107992784976805,-0.8611545070236375,-0.1416710505208938,-0.5971251299055043,-0.20934642985319707,-0.7222737388724036,-0.8650863419119506,0.871440654073866,-0.4566652831754897,0.6898795180722892,0.6664698240226765,-0.3043864660699551,-0.7322401688840885,0.828048780487805,0.8098086124401909,0.16859197907585033,0.17796425457715825,0.2094933820173437,-0.8340628730600876,-0.6855160815640109,-0.6360000080888888,-0.6425938193497072,-0.8293245321746198,-0.9692631918162126,-0.5062234235231373
2013-12-09,-0.41676925978977897,-0.4819376664280375,-0.48493615937103884,-0.9131378747727583,-0.13559366734801737,-0.8395410577143406,-0.17267024169635725,-0.7422106824925817,-0.83911808986834,0.8900479278263322,-0.27808172659698915,0.6959036144578314,0.6633990787764263,-0.29467403034342654,-0.8461387402425253,0.8085365853658537,0.7918660287081334,0.19768962510898014,0.16717523975588522,0.20515746234596044,-0.8400318344608042,-0.7824959708499755,-0.6115556086320977,-0.617652560235014,-0.632815447405426,-0.914591698663195,-0.47421691322367776
2013-12-10,-0.4430310293662836,-0.416256174790564,-0.41560051008395327,-0.8341541841724935,-0.14418164071186368,-0.7938723949724913,-0.18151546094445115,-0.7805081602373889,-0.7966190750452171,0.902452776994644,-0.17330113572048456,0.6853012048192773,0.680878705562773,-0.25271376880594154,-0.7452010407972899,0.7621951219512191,0.767942583732057,0.23768526591107264,0.19768962510898014,0.22113190324052923,-0.8460007958615199,-0.6636535631700652,-0.5751110761086429,-0.5804674858476032,-0.5683958551537522,-0.9137933875672202,-0.41676925978977897
2013-12-11,-0.513336048237778,-0.43021353486697045,-0.4351354956070641,-0.8172684193077986,-0.17100309840607597,-0.585076716578015,-0.2089307662469575,-0.6947329376854601,-0.8317014762496591,0.9165491965040884,-0.4445911783571672,0.7197590361445785,0.6818235502539274,-0.19856535263124497,-0.8134419951887671,0.8256097560975606,0.7404306220095691,0.22842197035745437,0.23735832606800367,0.21337288909173857,-0.8591325109430965,-0.5850325835610679,-0.6124444086123466,-0.618559534003263,-0.6754009900424142,-0.8853324984024622,-0.4430310293662836
2013-12-12,-0.483518075728107,-0.5120416036073561,-0.5102490789826026,-0.8416252629936752,-0.17879897101563413,-0.64831089703867,-0.23288220945277693,-0.6987512363996045,-0.8004789475279639,0.8990696363123769,-0.5593329057087878,0.6934939759036147,0.6688319357505614,-0.2544912080238686,-0.7368550247925769,0.8548780487804875,0.7858851674641145,0.18602877070619073,0.22809503051438584,0.13806481058877207,-0.8611221647433345,-0.6871978137481606,-0.6204444528790122,-0.6267221090039933,-0.784315329124466,-0.9397055403888653,-0.513336048237778
2013-12-13,-0.521269326750522,-0.4937055905398151,-0.4901637013456943,-0.8920832132572648,-0.17906307305228086,-0.6809548167666948,-0.23015094820410287,-0.7688860039564789,-0.8801822829832167,0.8923033549478436,-0.6733200015092632,0.694939759036145,0.6560765324199838,-0.2747413191138195,-0.7991064853453776,0.8390243902439023,0.8074162679425831,0.1824324324324329,0.1849389712292937,0.11958010041077127,-0.8408276959808996,-0.8234181206642842,-0.6159999640888898,-0.6221873346195036,-0.801143763691351,-0.9051108389041166,-0.483518075728107
2014-01-02,-0.48598000976637934,-0.5145045753894202,-0.5179530002719082,-0.8689224355543614,-0.10238551686433439,-0.631175048548204,-0.09511951006184871,-0.7757480217606332,-0.8181818181818183,0.8522695235410209,-0.2863826736595858,0.71566265060241,0.6865477737096968,-0.27797879768932887,-0.6989542932888211,0.9914634146341461,1.0,0.26918047079337404,0.2138186573670442,0.18872660885440418,-0.8241146040588934,-0.6873379580968397,-0.5751110761086429,-0.5710861353280521,-0.5937616247318893,-0.8222915556629735,-0.521269326750522
2014-01-03,-0.48023526904342395,-0.4901477092045785,-0.494841263918095,-0.9052507730009773,-0.10278414152125848,-0.7921276264899285,-0.0907103026746694,-0.801063303659743,-0.8477472288742713,0.8049055539892871,-0.32230313549409506,0.6453012048192772,0.6128498877996931,-0.2104361074081127,-0.7591437969463399,1.0,0.9354066985645928,0.2913034001743684,0.2686355710549262,0.17549064354176158,-0.7974532431356947,-0.7349870366477471,-0.5840000092444444,-0.5802407896339188,-0.8298671295893233,-0.8421065159396726,-0.48598000976637934
2014-01-06,-0.4988373752039754,-0.4690750243339461,-0.5355619985941669,-0.8135502141868161,-0.10982483338909255,-0.6800281452281991,-0.09724011177826997,-0.7497218100890208,-0.8420887770671033,0.8274598252043983,-0.35743123419990197,0.6127710843373493,0.584268335892288,-0.2124039865422458,-0.7311600962246549,0.9512195121951219,0.9700956937799039,0.2981691368788142,0.2786617262423712,0.22752167959835656,-0.7787504974134505,-0.6558054796440334,-0.5795555648987654,-0.5756635569377413,-0.7961865163223328,-0.9357414497402742,-0.48023526904342395
2014-01-07,-0.5179865200658389,-0.5093049318042637,-0.5074977237238771,-0.8931319377785676,-0.09494618567131541,-0.7721229678823304,-0.09269763588011326,-0.7747898120672603,-0.8857396910081139,0.8206935438398641,-0.3333584877183716,0.5973493975903617,0.5741112554623835,-0.2557608074652449,-0.736756836368992,0.9304878048780489,0.9078947368421053,0.2939189189189193,0.29827811682650385,0.23573710634413514,-0.7898925586947874,-0.6539836031112045,-0.5777778316049371,-0.5738326071852167,-0.8591445252624388,-0.9617012082694776,-0.4988373752039754
2014-01-08,-0.5086855764097171,-0.5202518653220198,-0.5248315259892369,-0.871576748650634,-0.09441484259019939,-0.7281961278007143,-0.09508100146404264,-0.706818743818002,-0.8442309052512454,0.7975754158443751,-0.34339508734860213,0.606506024096386,0.5736388331168065,-0.303370786516854,-0.7190829201237173,0.9914634146341461,0.8887559808612435,0.300457715780297,0.29337401918047057,0.21976266544956635,-0.7735773975328302,-0.46801205241398636,-0.5937777423604947,-0.590310824359292,-0.7540239710216046,-0.9138263453647604,-0.5179865200658389
2014-01-09,-0.4594446250930839,-0.5155992933717344,-0.5113496706114784,-0.9464543793999303,-0.09282056398641592,-0.7530205725710695,-0.10244157142036237,-0.7663822947576657,-0.8494245556599676,0.8167465463772201,-0.3817681017243332,0.5730120481927712,0.5438762253454588,-0.2982923887513489,-0.7791742353576512,0.9646341463414632,0.9389952153110044,0.30536181342632984,0.3006756756756759,0.21839342765860303,-0.761639474731397,-0.608156401093126,-0.6088888975802468,-0.6058738500273724,-0.8057562814225023,-0.8994805484909906,-0.5086855764097171
2014-01-10,-0.4386541726350135,-0.46798030635163146,-0.467602136992856,-0.8593409069733681,-0.08617849677550593,-0.705285625880985,-0.10236247821661726,-0.7626730959446094,-0.866905129992826,0.8511418099802652,-0.2942308417914954,0.5665060240963855,0.554741939293729,-0.28115279629276957,-0.7477539398104962,0.8317073170731706,0.9222488038277512,0.3455754141238012,0.3047079337401919,0.2498858968507527,-0.7719856744926394,-0.45876252540116325,-0.5760000094222221,-0.5720016102043144,-0.612371748702647,-0.9191270578024838,-0.4594446250930839
2014-01-13,-0.4695664413956169,-0.4512862471048682,-0.4505435307843948,-0.905287608366395,-0.11872549006952893,-0.5038519783195893,-0.1291186122772472,-0.6807925321463898,-0.8014489678377642,0.8522695235410209,-0.47070143002678955,0.5783132530120485,0.5419865359631513,-0.2557608074652449,-0.7879130050567037,0.7939024390243903,0.7918660287081334,0.3656277244986925,0.3476460331299043,0.2384755819260609,-0.7990449661758854,-0.7411533879896293,-0.5475555656098765,-0.5427067447625675,-0.681437276354449,-0.9045615422784458,-0.4386541726350135
2014-01-14,-0.4758581934638464,-0.4507389838991398,-0.46375019010525476,-0.8699104900620351,-0.09242171930557896,-0.6927040187118634,-0.1252081262183795,-0.7211918892185956,-0.8007618701183223,0.856216521003665,-0.6235897822887976,0.5481927710843377,0.5434038029998822,-0.23658985590046333,-0.8008738769699051,0.8475609756097562,0.7583732057416266,0.3287925021795992,0.3654097646033132,0.22113190324052923,-0.805013927576602,-0.8169714806250438,-0.572000009511111,-0.5678819260327566,-0.6479448573285389,-0.9463117478069332,-0.4695664413956169
2014-01-15,-0.47230199053068,-0.48494806561942294,-0.48053379285553666,-0.9139200845913333,-0.07927050866360341,-0.7200172625188506,-0.10279532011362624,-0.7134025717111772,-0.8667434599411926,0.8144911192557096,-0.7764026713956911,0.5751807228915664,0.584740758237865,-0.2580460864597218,-0.824046344935932,0.8719512195121948,0.8050239234449759,0.329991281604185,0.3285745422842199,0.24212688270196248,-0.7982491046557909,-0.6775278536892999,-0.5591111653530854,-0.5546077764688433,-0.8211890886034318,-0.8854258788288263,-0.4758581934638464
2014-01-16,-0.4411161340293237,-0.4808429484457233,-0.467877333049755,-0.9469592405847723,-0.08245859648682252,-0.830423316772902,-0.10303127757442976,-0.7559347181008903,-0.7600816433760749,0.8229489709613764,-0.9885296004225937,0.6149397590361445,0.5849769694106532,-0.2524598489176664,-0.812852864647258,0.8085365853658537,0.8265550239234445,0.33435047951177,0.3304272013949432,0.24440894568690075,-0.7640270592916831,-0.7013523929647537,-0.5488888544691368,-0.5440798153918274,-0.884613186084531,-0.9399014561853546,-0.47230199053068
2014-01-17,-0.4747641434172598,-0.451833701881454,-0.4505435307843948,-0.8608533237416931,-0.09282056398641592,-0.6807835382398248,-0.10240494939978095,-0.4542532146389714,-0.6901391372881871,0.7784042853115318,-0.29479681545485426,0.6130120481927712,0.5927719381126728,-0.25385640830318046,-0.7781923511218026,0.7841463414634147,0.7691387559808609,0.38371839581517,0.33435047951177,0.26814240073025974,-0.77516912057302,-0.7052764347277696,-0.5173333440592591,-0.5115807878831629,-0.691970877380899,-0.893039130060624,-0.4411161340293237
2014-01-21,-0.48871558625748035,-0.48056922105743016,-0.47723204548301323,-0.8859858768875417,-0.08564713902612864,-0.7616989651536572,-0.11449563043634647,-0.6811325420375867,-0.7545242353511777,0.789681420919087,-0.08391502848734111,0.606265060240964,0.5972599503956539,-0.26909160159969536,-0.7399970543472923,0.7975609756097559,0.7476076555023918,0.38524411508282475,0.4068221447253708,0.27179370150616133,-0.754476721050537,-0.6429121995655525,-0.5008888555358033,-0.49464445544393354,-0.7195905807902928,-0.9470697771503589,-0.4747641434172598
2014-01-22,-0.4175899135878822,-0.4860427836017367,-0.47888302922568604,-0.9265416142123841,-0.084052875090606,-0.8767977143785377,-0.11126168334103426,-0.7556256181998022,-0.8168480402558429,0.7823512827741759,-0.34920575029241985,0.6371084337349397,0.638360694460848,-0.2652828032755665,-0.8579213510727084,0.840243902439024,0.7511961722488034,0.3947253705318228,0.38491717523975577,0.2644910999543586,-0.7648229208117794,-0.7913250648167612,-0.5280000104888887,-0.5225663447131761,-0.7183937005935155,-0.9274818594789371,-0.48871558625748035
2014-01-23,-0.4039118943521829,-0.42446643650522775,-0.4293575615186107,-0.7935789457718418,-0.10411251389230936,-0.5770560840384193,-0.14845207203767163,-0.7152262611275966,-0.7601018521325291,0.8652382294897096,-0.13111723201147052,0.6725301204819278,0.6603283335301762,-0.270869040817622,-0.7046492218567431,0.7329268292682922,0.8002392344497609,0.3963600697471672,0.39374455100261585,0.2530807850296668,-0.7485077596498213,-0.5127180996426319,-0.5000000555555544,-0.493729075024427,-0.6381860185749476,-0.9150036711324482,-0.4175899135878822
2014-01-24,-0.44029548023122045,-0.41133006702284325,-0.4133993268262022,-0.8480194490729406,-0.15592211669810174,-0.2564656065774321,-0.19899334636203703,-0.5887734915924828,-0.7862721917406813,0.8556526642232871,-0.12070331660566735,0.687710843373494,0.65820243297508,-0.23849425506252775,-0.7125042957435317,0.6597560975609751,0.692583732057416,0.3298823016564958,0.3957061900610288,0.2065267001369233,-0.8133704735376046,-0.6258145890266975,-0.5022222332839503,-0.4960176677583268,-0.7270348062610642,-0.928946650480726,-0.4039118943521829
2014-01-27,-0.44056909532801125,-0.42337171852291355,-0.43623608723593943,-0.8694077956633942,-0.16761200185266034,-0.3735999190319691,-0.2174648974158604,-0.631769287833828,-0.7810381238190509,0.8522695235410209,-0.27638380560691256,0.6780722891566267,0.645210818471714,-0.2265600203135909,-0.7955717020963228,0.6975609756097558,0.6136363636363633,0.3040540540540544,0.3494986922406276,0.14856230031948892,-0.8161559888579388,-0.8002943031322262,-0.5368889436246902,-0.5317209990190428,-0.6959229564435863,-0.9177977599683604,-0.44029548023122045
2014-01-28,-0.39898780742733164,-0.4414340042021614,-0.4447653765831183,-0.9209578061723073,-0.15353036875655768,-0.6697808918392936,-0.20639091526778897,-0.7505563798219586,-0.808966625238716,0.8505779531998874,-0.33298117194279897,0.646987951807229,0.6553678989016181,-0.26991684123659,-0.7599293043350188,0.6999999999999997,0.6590909090909087,0.2887968613775067,0.30340017436791644,0.11980830670926501,-0.8113808197373658,-0.8172517693224021,-0.5142222330172839,-0.5083765313594895,-0.7267560325488097,-0.9399801887017007,-0.44056909532801125
2014-01-29,-0.4728492207242616,-0.4110563396345501,-0.4249554151159316,-0.7669426430024724,-0.1763797054167302,-0.2231348894148818,-0.23187891570060382,-0.6872527200791296,-0.7860094779067771,0.8471948125176212,-0.26125344300645215,0.683855421686747,0.6579662218022913,-0.28788167333206394,-0.6720506652265696,0.610975609756097,0.6854066985645928,0.29925893635571077,0.28748910200523126,0.11661341853035134,-0.8018304814962205,-0.6923831546492888,-0.48711112250864175,-0.4804548310037582,-0.6432611071977263,-0.9282655226648941,-0.39898780742733164
2014-01-30,-0.43044727902547875,-0.4737274047133737,-0.4670519649918812,-0.8430185065209431,-0.15140452704774487,-0.6341158208965273,-0.22718391699256646,-0.7413142927794264,-0.8226075358452818,0.7868621370171978,-0.3313587141078369,0.6906024096385541,0.6782803826620998,-0.3363803719926364,-0.643281457116206,0.6329268292682926,0.5813397129186599,0.23212728857890186,0.29838709677419395,0.07873117298037391,-0.807401512136888,-0.6642141405647817,-0.5102222331061728,-0.5042569416446869,-0.6980757578555707,-0.9589913449161681,-0.4728492207242616
2014-02-03,-0.43947482643311675,-0.42200327315230624,-0.4472417558977684,-0.8317338839859333,-0.21862413532069125,-0.062209665537645176,-0.300076082508709,-0.5590999010880318,-0.82875099780735,0.7693825768254872,-0.04459872467267867,0.6898795180722892,0.6626904452580606,-0.3460293277470958,-0.7485394471991751,0.4865853658536583,0.5550239234449763,0.23605056669572821,0.21229293809938987,0.05819260611592858,-0.7481098288897732,-0.7181697148062505,-0.5186667218074064,-0.5129539057408004,-0.7845061616025708,-0.7951563023548346,-0.43044727902547875
2014-02-04,-0.43126793282358156,-0.4499180206723836,-0.44531579621101924,-0.8802677281030005,-0.2024171152318628,-0.4402205326762185,-0.2999890602683113,-0.6423714144411474,-0.8842846605434136,0.7659994361432201,-0.33999924536844894,0.6689156626506023,0.6600921223573875,-0.3157493810702725,-0.7822180764887818,0.5524390243902433,0.45933014354067003,0.21109415867480408,0.23572362685265924,0.055910543130989865,-0.7652208515718266,-0.8022563240137341,-0.5057777887604937,-0.49967966172013156,-0.8181683072103898,-0.9707279828180015,-0.43947482643311675
2014-02-05,-0.4326358168152673,-0.42829785365789963,-0.43596089117904047,-0.8851949999241626,-0.20533953151452478,-0.44351101621822486,-0.3030682191146985,-0.7010385756676558,-0.8437256863398912,0.7738934310685082,-0.3123042674414218,0.6966265060240964,0.6707216251328689,-0.2924522313210183,-0.6528057342039373,0.5987804878048779,0.5107655502392343,0.22809503051438584,0.21065823888404545,0.08101323596531218,-0.761639474731397,-0.6580477892228995,-0.5226667217185175,-0.5170735426839808,-0.8106203110833218,-0.9517241505585431,-0.43126793282358156
2014-02-06,-0.4071947010368664,-0.4384236050107764,-0.43458529609198626,-0.9297051220659007,-0.174652473696582,-0.5754539775229548,-0.28329210184338827,-0.6953202274975273,-0.9013812685036428,0.8060332675500428,-0.2696675848017207,0.6857831325301207,0.6834770284634462,-0.2602044055100614,-0.7427463302076684,0.6390243902439021,0.5586124401913874,0.21349171752397567,0.22744115082824745,0.09151072569602903,-0.7660167130919229,-0.6077359680470885,-0.5235555216987664,-0.5179887814183535,-0.8909326431705278,-0.9785627836888198,-0.4326358168152673
2014-02-07,-0.38667767218331717,-0.4184456107551928,-0.422203839744383,-0.8879099830340641,-0.14542675603431698,-0.41591834012170037,-0.2480095762195984,-0.6990294263105836,-0.8862449099194682,0.8314068226670424,-0.22986077047881381,0.703855421686747,0.7174914373449863,-0.2678220021583191,-0.7835927144189699,0.6170731707317074,0.5956937799043063,0.22994768962510914,0.2131647776809067,0.09151072569602903,-0.7815360127337847,-0.7092004764907855,-0.4915555668543208,-0.48503211092831355,-0.6757553932160374,-0.9027854831887767,-0.4071947010368664
2014-02-10,-0.3472848947163878,-0.39326756240547267,-0.3812078814973092,-0.8606843144180121,-0.14104323428815047,-0.7465591217072807,-0.22710255834977744,-0.7660113748763602,-0.7577172188709369,0.8381731040315765,-0.42972493679960766,0.7532530120481928,0.7241053501830637,-0.2470640512918174,-0.814227502577446,0.5987804878048779,0.5765550239234449,0.23365300784655663,0.22809503051438584,0.11843906891830214,-0.7930760047751697,-0.8531287225842618,-0.4564444120790132,-0.44887108945784426,-0.6363234232356572,-0.9650995233936277,-0.38667767218331717
2014-02-11,-0.3453699993794279,-0.3497537199263343,-0.3635988556609475,-0.7823593268228631,-0.11487287135665358,-0.6388459698941166,-0.21362784289609715,-0.7294757665677548,-0.7315670880192389,0.8336622497885537,-0.5255631437950422,0.7503614457831327,0.7243415613558524,-0.25188852916904736,-0.7689626393048259,0.6682926829268294,0.5741626794258368,0.23659546643417606,0.23234524847428073,0.12893655864901854,-0.809789096697175,-0.6642141405647817,-0.41422223523950596,-0.4053863634340329,-0.5127000333297279,-0.9807801110677776,-0.3472848947163878
2014-02-12,-0.31637265331182274,-0.34345916678800625,-0.3424131065079865,-0.888404010287901,-0.11367723207805502,-0.7360429568228717,-0.18939815854425213,-0.7870301681503463,-0.7680236846625643,0.8082886946715533,-0.6439271025921595,0.7626506024096387,0.74323845517893,-0.24477877229734002,-0.8592959890028965,0.713414634146341,0.6196172248803826,0.2749564080209246,0.23659546643417606,0.17183934276586044,-0.8022284122562677,-0.7407329549435919,-0.4533333454814814,-0.44566697461930427,-0.5275832077972217,-0.9382425803758287,-0.3453699993794279
2014-02-13,-0.27096152002514673,-0.3264915990910726,-0.3278304393885292,-0.8338876694697659,-0.10119031763356068,-0.7115316108829618,-0.2020591020050726,-0.7185336300692384,-0.7580607677306578,0.8573442345644215,-0.9752480851224391,0.7580722891566267,0.7262312507381599,-0.23874817495080292,-0.8502626540330894,0.6780487804878046,0.6985645933014353,0.2956625980819534,0.2746294681778556,0.18781378366042922,-0.7990449661758854,-0.6472566743746058,-0.4044444132345688,-0.3953162342519039,-0.5209392475572124,-0.9789454603380371,-0.31637265331182274
2014-02-14,-0.2641225104072973,-0.2777778940886555,-0.27032607444807244,-0.7909853026891984,-0.08777254068711482,-0.728549205648488,-0.1784498927993572,-0.7661659248269042,-0.7859084341245062,0.8641105159289539,-0.48975587669320464,0.7597590361445785,0.7217432384551792,-0.21456230559258538,-0.6860916097992046,0.6914634146341463,0.6423444976076551,0.3249782040104625,0.2957715780296426,0.21291647649475154,-0.8304814962196589,-0.7565692663443346,-0.38311112481975274,-0.37334502613512144,-0.5794887624293943,-0.986879134601476,-0.27096152002514673
2014-02-18,-0.2950349706601698,-0.26765192379765557,-0.26097138952891674,-0.8660016077553613,-0.08485012440445416,-0.7960400993752121,-0.15493525600887237,-0.7439416419386746,-0.7780270191073793,0.9007612066535096,-0.4761725087725919,0.7592771084337351,0.7874099444903746,-0.09185551958357152,-0.6717560999558152,0.647560975609756,0.6555023923444971,0.313208369659983,0.33129904097646046,0.22204472843450507,-0.8424194190210903,-0.7604933081073506,-0.37822228048394946,-0.36830996154405726,-0.7729559599093503,-0.9318048239229666,-0.2641225104072973
2014-02-19,-0.25865141213717147,-0.2758621855123198,-0.28655928508455686,-0.8292030777031201,-0.1010569244693702,-0.6021906818168906,-0.16950594911976458,-0.7769844213649852,-0.6450129841260219,0.8866647871440652,-0.4271591895257142,0.8269879518072292,0.8001653478209518,-0.06335301212467481,-0.769551769846335,0.6841463414634141,0.6040669856459324,0.2972972972972978,0.3144071490845688,0.19557279780921943,-0.8575407879029049,-0.7497021932590568,-0.4151111685530853,-0.4063018855386731,-0.6046091759642538,-0.9332110232846839,-0.2950349706601698
2014-02-20,-0.2591984234824456,-0.26765192379765557,-0.27995595542412666,-0.8034443233451714,-0.08671005988053482,-0.6927797684289067,-0.17435196292227806,-0.7857628585558853,-0.785888225368052,0.8782069354383983,-0.47292759310266774,0.833012048192771,0.792606590291721,-0.07795340570050158,-0.8007756885463203,0.6999999999999997,0.6363636363636358,0.30078465562336554,0.2963164777680909,0.21337288909173857,-0.8412256267409468,-0.7272790974703944,-0.36888890291358,-0.35869756980005896,-0.6124517752257232,-0.9688182615494192,-0.25865141213717147
2014-02-21,-0.2206263271696578,-0.25889420730640555,-0.2593203782721405,-0.8744000710705875,-0.08949975773900398,-0.6375737954795515,-0.15749455071785334,-0.6347366468842731,-0.7843321511210808,0.890611784606711,-0.4590046409840396,0.8204819277108435,0.7793787646155663,-0.07166888846568886,-0.8490843929500711,0.6756097560975611,0.6614832535885165,0.32693984306887547,0.3010026155187444,0.2284345047923324,-0.8300835654596099,-0.8074416649148624,-0.3751110805530873,-0.3651057522487613,-0.6994986470241127,-0.9405313163161239,-0.2591984234824456
2014-02-24,-0.2146079439938724,-0.2315269419301793,-0.22657876094227225,-0.7700476476285609,-0.07594924770010492,-0.6546280026083152,-0.15585738054916698,-0.26999876360039576,-0.7945779906433459,0.8877925007048209,-0.27932686865637857,0.8065060240963857,0.7918979567733553,-0.07725512600774476,-0.7617948843831311,0.6865853658536585,0.638755980861244,0.3405623365300787,0.323234524847428,0.24303970789593743,-0.8364504576203737,-0.8336486581178614,-0.3675555251654328,-0.35732431025728806,-0.8108498377044525,-0.9548826061561503,-0.2206263271696578
2014-02-25,-0.24469975044864212,-0.21893821879523845,-0.22025021462719874,-0.9071662120026955,-0.07687945013031872,-0.6419142542661294,-0.14716279753372996,-0.7185336300692384,-0.7692968363191772,0.8939949252889772,-0.2957778364713429,0.8195180722891566,0.7781977087516241,-0.06455913159398197,-0.789091266139722,0.6402439024390247,0.6483253588516744,0.35037053182214484,0.34001743679163043,0.22387037882245542,-0.8380421806605654,-0.7696026907714947,-0.3840000136888888,-0.374260406554628,-0.7491995149161526,-0.9570797926588336,-0.2146079439938724
2014-02-26,-0.24223781641037068,-0.24001112260399404,-0.2518916805538365,-0.8797151976217356,-0.07674671703786551,-0.7193801232321646,-0.1454984440294873,-0.7355032146389714,-0.7737629714955492,0.8612912320270656,-0.338980492774403,0.800722891566265,0.779142553442778,-0.13819589919380437,-0.7074966861407039,0.5951219512195123,0.6040669856459324,0.32846556233653024,0.3502615518744552,0.19329073482428072,-0.8456028651014726,-0.6832737719851447,-0.3964445023012335,-0.38707714927905523,-0.7126590527146142,-0.9817999718027731,-0.24469975044864212
2014-02-27,-0.18506380542930145,-0.238916213050822,-0.23896002469115585,-0.9227562387191695,-0.06386073788862268,-0.7395648978336211,-0.14473507225644422,-0.7241901582591495,-0.81508987844433,0.8731322244149986,-0.3155869146889032,0.8137349397590363,0.7836305657257592,-0.1326731416238176,-0.8881633855368452,0.5621951219512189,0.5633971291866025,0.3771795989537927,0.3279206625980824,0.24052943861250542,-0.8249104655789896,-0.7216733235232289,-0.4000000577777765,-0.3907389543273485,-0.8293368439474007,-0.9697429108692984,-0.24223781641037068
2014-03-03,-0.22910702736825295,-0.1899289995982345,-0.18613297469617374,-0.7781319269446365,-0.07501949998597723,-0.4287061548538841,-0.16185335788521593,-0.7392742334322454,-0.8288520415896209,0.8877925007048209,0.05569180847451216,0.8236144578313251,0.833707334356915,-0.12803910366279458,-0.9738818793264273,0.5182926829268295,0.4880382775119614,0.39178291194420245,0.37881429816913714,0.274988589685075,-0.8698766414643853,-0.6801905963142036,-0.3853333914370358,-0.37563380778253275,-0.6989885878660445,-0.8820623524909685,-0.18506380542930145
2014-03-04,-0.22336209515302885,-0.2268745615507517,-0.22712874034452746,-0.8951253810835231,-0.04048005814733324,-0.4295587600023819,-0.14289667620437463,-0.7288884767556876,-0.9020077399537221,0.8928672117282215,-0.21903180771988084,0.8693975903614459,0.8278020550372034,-0.13337142131657442,-0.9939123177377386,0.6378048780487804,0.4820574162679421,0.39178291194420245,0.39112903225806495,0.33842994066636267,-0.8503780342220457,-0.7820755378039381,-0.39422223568395043,-0.3847883676316439,-0.8558001201277259,-0.9507171067448132,-0.22910702736825295
2014-03-05,-0.1883463932656766,-0.2241380813185172,-0.21997521116901986,-0.9268297967771223,-0.03822193806215335,-0.7627270571466386,-0.10913938254532995,-0.7973231948565778,-0.8840421554659634,0.8866647871440652,-0.21269290269026153,0.8327710843373495,0.7944962796740285,-0.14238557735034618,-0.9986253620698119,0.6463414634146343,0.5861244019138754,0.42720139494333065,0.3914559721011335,0.37927886809675915,-0.8471945881416634,-0.7876813117511037,-0.3764444583012343,-0.366478870106399,-0.8231457810632624,-0.9182371972688971,-0.22336209515302885
2014-03-06,-0.21789096952686382,-0.19321293460705524,-0.19548768712943243,-0.9153371627668128,-0.03250961856537149,-0.7873894816888736,-0.10593073027538091,-0.7913884767556876,-0.8874776440631726,0.9588384550324225,-0.18047013545636348,0.7768674698795184,0.7600094484469118,-0.12334158572970244,-0.7852619176199125,0.6841463414634141,0.5992822966507179,0.44790758500435945,0.4275283347863996,0.4171611136467366,-0.8487863111818541,-0.5044495830705626,-0.36355552525432167,-0.353204720542486,-0.7775623217541111,-0.9521489399490618,-0.1883463932656766
2014-03-07,-0.2167964817836614,-0.22714848050990222,-0.23015529166015147,-0.8684024068661123,-0.031446463018791615,-0.6527359430092795,-0.09852749777201941,-0.7765825914935708,-0.8691887194721474,0.9684240202988441,-0.39429498547334274,0.8016867469879518,0.7819770875162395,-0.1614930489430586,-0.7071039324463645,0.7463414634146339,0.6483253588516744,0.44627288578901503,0.4470357454228422,0.4201277955271565,-0.8842021488261045,-0.6352042603881998,-0.39066668020740725,-0.3811265153549728,-0.6796775722591137,-0.9783467270160559,-0.21789096952686382
2014-03-10,-0.19682668312369422,-0.21674878283060917,-0.21447247313746542,-0.9421836437976829,-0.03277551012984281,-0.81927716674175,-0.11102591337817236,-0.8151582591493571,-0.8852546808532138,0.9678601635184663,-0.47998339810587487,0.8185542168674702,0.7779614975788354,-0.17831524154129363,-0.8097108350925425,0.7329268292682922,0.7033492822966503,0.43581081081081097,0.4352659110723631,0.3975353719762662,-0.8834062873060091,-0.7255973652862449,-0.4000000577777765,-0.3907389543273485,-0.8440731565538645,-0.960161346728847,-0.2167964817836614
2014-03-11,-0.14485037416426794,-0.20197065109830525,-0.21034552279168572,-0.8745820811114747,-0.04512969148188306,-0.7179833826162395,-0.11277143802726242,-0.7844337289812069,-0.8672688876090011,0.9577107414716659,-0.4893785609176321,0.7742168674698797,0.7465454115979688,-0.18136228020059653,-0.6984633511708969,0.7219512195121949,0.6949760765550232,0.4117262423714041,0.43472101133391483,0.36855317206754856,-0.8766414643851972,-0.699670660780604,-0.3928889468246901,-0.3834152497740062,-0.6882149072703658,-0.9533866883455734,-0.19682668312369422
2014-03-12,-0.1325398285796764,-0.14805711093987428,-0.14266066464855331,-0.7921488668791563,-0.044465395284400966,-0.693510753198374,-0.1253627269693629,-0.7852064787339269,-0.8573261794335487,0.9830842965886673,-0.44266686790174703,0.7402409638554219,0.7023739222865246,-0.15603377134514052,-0.7301782119888065,0.6756097560975611,0.6794258373205739,0.43003487358326087,0.4121621621621623,0.3977635782747604,-0.8742538798249111,-0.5340200406418611,-0.35777779204938254,-0.34725413384678094,-0.6172577636720039,-0.8986089978449262,-0.14485037416426794
2014-03-13,-0.10819298169617042,-0.13656291421639022,-0.13798329467487225,-0.8590267229742174,-0.07236275524387414,-0.48229571300788865,-0.1593695687905048,-0.7596748269040554,-0.8089059989693534,0.9633493092754444,-0.7179941893370563,0.7057831325301207,0.6775717491437345,-0.12492858503142257,-0.7599293043350188,0.5695121951219511,0.6363636363636358,0.43668265039232823,0.42981691368788155,0.4050661798265627,-0.8869876641464387,-0.6295984864410342,-0.32622228163950484,-0.31475510633811665,-0.5905297843768881,-0.978463910296199,-0.1325398285796764
2014-03-14,-0.1481329893566823,-0.10509031272834157,-0.11624693329529023,-0.7738308563355746,-0.07927050866360341,-0.486902558299402,-0.16654269492861307,-0.7612203264094957,-0.8327725403417302,0.9887228643924448,-0.9948685054522131,0.7093975903614458,0.6936341088933506,-0.10512283374595333,-0.6955176984633511,0.5829268292682928,0.5322966507177029,0.41804707933740204,0.43537489102005233,0.38110451848470994,-0.8897731794667729,-0.7995935813888305,-0.32177779284938257,-0.3101776375000498,-0.7472718430635913,-0.9529435890675323,-0.10819298169617042
2014-03-17,-0.176036258021663,-0.11795295482243295,-0.14733800710813094,-0.7156049775412612,-0.05708570289308579,-0.720717105737978,-0.16279662330163713,-0.751112759643917,-0.7523821071670356,0.9932337186354676,-0.4162547636116667,0.7371084337349398,0.6964686429668125,-0.11401002983558683,-0.9180126663066424,0.6292682926829265,0.5263157894736836,0.4148866608544033,0.4239319965126418,0.3840712003651303,-0.9040986868284921,-0.9815009459743536,-0.3631111697086409,-0.3527470303327327,-0.5368645256493801,-0.9722165766735694,-0.1481329893566823
2014-03-18,-0.2452470079982625,-0.17131904020427768,-0.17182553114771837,-0.8933334488952641,-0.03941781203292605,-0.7062190307276623,-0.12808832462042785,-0.7813736399604353,-0.8787272525185164,1.0,-0.3998415273742596,0.703373493975904,0.70615330105114,-0.17926744112232607,-0.7464774903038931,0.6048780487804875,0.5885167464114827,0.3936355710549262,0.41270706190061013,0.3751711547238701,-0.896935933147633,-0.7667998037979118,-0.3795555693432098,-0.3696830321733169,-0.7258713437332638,-0.9716031954415704,-0.176036258021663
2014-03-19,-0.25153876006649245,-0.21483329319239663,-0.23758423700538156,-0.7523081690006566,-0.05270219581518054,-0.3928563387678845,-0.15121429170931844,-0.7474653808110783,-0.7383774389442946,0.9430504651818437,-0.3323020035467684,0.744096385542169,0.7255226172197946,-0.20008887196089642,-0.7162354558397563,0.725609756097561,0.5645933014354063,0.37271142109851807,0.39352659110723653,0.34938384299406655,-0.8965380023875849,-0.6405297456380071,-0.4235555239209885,-0.4149988496347865,-0.5226919163538158,-0.9762282730297187,-0.2452470079982625
2014-03-20,-0.23485157659893918,-0.24958941918028543,-0.24748931403833518,-0.8658932684453093,-0.03822193806215335,-0.6412577567184212,-0.14463445931475238,-0.7430761622156281,-0.8726646255822649,0.9126021990414435,-0.26917707429347626,0.760240963855422,0.72930199598441,-0.23227321779978416,-0.7190829201237173,0.725609756097561,0.6770334928229658,0.3439407149084568,0.37325632083696636,0.37631218621633966,-0.844011142061281,-0.6078761123957677,-0.42222227950617164,-0.4136256373203926,-0.7705736318762351,-0.9769167248005595,-0.25153876006649245
2014-03-21,-0.29749693205448047,-0.23097989766257365,-0.22465255362859793,-0.8757196438670201,-0.047900364606026535,-0.4481506863871235,-0.11941696042222061,0.0671983184965379,-0.435508805965625,0.9210600507471103,-0.4103309059351773,0.7197590361445785,0.718672493208929,-0.23989081444804183,-0.7881093819038735,0.6926829268292685,0.6746411483253585,0.3432868352223193,0.3432868352223193,0.4527612962117753,-0.8316752884998015,-0.7190105808983253,-0.4200000128888888,-0.4113369501297375,-0.8377106082631344,-0.9693693891638423,-0.23485157659893918
2014-03-24,-0.2912049337819047,-0.2843459830444188,-0.2901362560280818,-0.749196664015965,-0.058175041285287055,-0.6237090722700696,-0.13395877305124237,-0.684068991097923,-0.759980599593804,0.9464336058641099,-0.5046975814058787,0.7402409638554219,0.7184362820361403,-0.28432679489621027,-0.79753547056802,0.6731707317073168,0.6638755980861242,0.34001743679163043,0.3524411508282479,0.4828845276129621,-0.8368483883804227,-0.7453577184500035,-0.472888900602469,-0.4658071857551844,-0.5089862750115863,-0.988770545982536,-0.29749693205448047
2014-03-25,-0.3185609722533038,-0.2931034805975461,-0.28435832193962884,-0.8902457785587838,-0.04643299579513771,-0.6976029212457546,-0.12165723994832689,-0.7505563798219586,-0.8394212212151526,0.9396673244995775,-0.41300984794174256,0.7392771084337351,0.7179638596905638,-0.312829302355107,-0.7722028572831262,0.6975609756097558,0.6375598086124397,0.3150610287707063,0.33903661726242396,0.45572797809219523,-0.8515718265021892,-0.7543269567654685,-0.46622223408395036,-0.4589412186399733,-0.6873284596301369,-0.9789656012143116,-0.2912049337819047
2014-03-26,-0.3409931426481583,-0.30514515946488174,-0.3148990036386712,-0.8467258777109204,-0.06431240297678853,-0.6303077142880589,-0.12363079495453544,-0.7392433234421366,-0.7956086372225086,0.9148576261629557,-0.4156887899483078,0.7318072289156625,0.7212708161096022,-0.34971116612708686,-0.7831017723010456,0.6292682926829265,0.6555023923444971,0.2972972972972978,0.31538796861377527,0.418073938840712,-0.8487863111818541,-0.834209235512578,-0.5102222331061728,-0.5042569416446869,-0.5116368238088581,-0.9834112419047409,-0.3185609722533038
2014-03-27,-0.34181376909022365,-0.33497536925590676,-0.3402119232502354,-0.874094554216241,-0.06951599785068874,-0.5354522352794627,-0.1385533482484984,-0.736523244312562,-0.7480372245293887,0.890611784606711,-0.3460740293551674,0.7597590361445785,0.7517420573993152,-0.3694534374404874,-0.7555108252737002,0.6158536585365857,0.5897129186602865,0.2724498692240629,0.29707933740191805,0.32610680054769503,-0.8452049343414245,-0.7827762595473338,-0.4955555667654319,-0.48915170064311586,-0.7033531113168937,-0.9808332097415925,-0.3409931426481583
2014-03-28,-0.367801923569937,-0.3440066215645925,-0.34929163222531523,-0.8753642909300497,-0.05737375819970536,-0.7069033031716196,-0.12386675241533895,-0.7590257171117707,-0.8268109571877496,0.8979419227516212,-0.5139040863298495,0.7862650602409638,0.7656785165938351,-0.3788484733066717,-0.7921351072708527,0.6646341463414638,0.5777511961722483,0.2884699215344382,0.27277680906713186,0.3840712003651303,-0.834858734580183,-0.8239786980590007,-0.48311112259753064,-0.4763352412889559,-0.6358124846652474,-0.9823236345859127,-0.34181376909022365
2014-03-31,-0.37382030674572153,-0.34865900194401966,-0.35782092157249457,-0.7643056641958081,-0.03709232062565215,-0.7148864816844549,-0.11295510675805609,-0.7029549950544016,-0.7372053310699527,0.9080913447984216,-0.4940195449571747,0.792530120481928,0.7574111255462386,-0.3604392814067161,-0.8189405469095192,0.6597560975609751,0.6244019138755981,0.30220139494333065,0.295008718395815,0.3995892286627112,-0.8304814962196589,-0.705696867773807,-0.5048888554469144,-0.4987641396154916,-0.6397962225722285,-0.9800623634769011,-0.367801923569937
2014-04-01,-0.3483791636112823,-0.37438431349946866,-0.37047738137827624,-0.9027026324285558,-0.020547783854609758,-0.7592926491422501,-0.08717319653681965,-0.7539564787339269,-0.8648640455909546,0.9210600507471103,-0.30758782024676457,0.7884337349397594,0.7477264674619111,-0.3699612772170382,-0.855466640483087,0.7036585365853654,0.6267942583732058,0.3198561464690499,0.3018744551002617,0.4235508900045639,-0.8380421806605654,-0.8524280008408661,-0.5013332999703712,-0.49510228733882045,-0.8736601053711869,-0.9331048259370542,-0.37382030674572153
2014-04-02,-0.3593216337119185,-0.3497537199263343,-0.3407621227653128,-0.9261949284202179,-0.01214133021881203,-0.8031391103574481,-0.07770165104704585,-0.7845264589515333,-0.821576889266119,0.9058359176769102,-0.018677130890842664,0.7428915662650606,0.7066257233967166,-0.3714213165746205,-0.7956698905199076,0.7658536585365852,0.6638755980861242,0.34666521360069735,0.3199651264167396,0.44842537654039205,-0.8388380421806607,-0.7796930838763927,-0.47333334503703695,-0.4662649231933156,-0.5952188109817497,-0.9573178211966243,-0.3483791636112823
2014-04-03,-0.31418411552203374,-0.36316362522615453,-0.3572707495715193,-0.9532580880711921,-0.015476922073163646,-0.8087740476419428,-0.07364241726571441,-0.7873083580613255,-0.8932977659219741,0.8793346489991549,-0.21133456589820032,0.7349397590361446,0.7226880831463331,-0.35910620199327115,-0.7937061220482104,0.7597560975609756,0.7224880382775116,0.35135135135135176,0.3459023539668702,0.4532177088087632,-0.828093911659372,-0.4383014504940088,-0.4844444559012344,-0.47770835914659315,-0.7823568778399523,-0.98475335666013,-0.3593216337119185
2014-04-04,-0.33223899148900315,-0.31663935618836625,-0.3223277013569752,-0.8748290947383932,-0.04523220795698091,-0.4218360763498231,-0.09970464657407829,-0.7034495548961426,-0.7739246415471825,0.8697490837327324,-0.348941629249519,0.7628915662650602,0.7512696350537382,-0.3462197676633023,-0.7669006824095438,0.6682926829268294,0.7141148325358846,0.37107672188317364,0.351133391455972,0.46188954815152883,-0.8105849582172713,-0.6581879335715788,-0.4760000116444443,-0.4690114895072357,-0.7761499855336671,-0.9745034816251124,-0.31418411552203374
2014-04-07,-0.29995908494106027,-0.33004926148818603,-0.32287812098487567,-0.9465757194271884,-0.07271840189650014,-0.5421013771088142,-0.12845943910240187,-0.6657702769535114,-0.8627421261632666,0.8911756413870888,-0.23148322831377588,0.7734939759036144,0.741821188142199,-0.35605916333396825,-0.8373017821198879,0.6378048780487804,0.6232057416267942,0.3279206625980824,0.3712946817785525,0.3575992697398447,-0.8129725427775574,-0.8548104547684114,-0.4760000116444443,-0.4690114895072357,-0.8127863036804287,-0.9817798309264986,-0.33223899148900315
2014-04-08,-0.29366708666848496,-0.30623987744719594,-0.29371300685878454,-0.8821810003185176,-0.0625777931214313,-0.6605360597059269,-0.14077815049608677,-0.7215009891196835,-0.8793941414815041,0.922187764307866,-0.3138889936988266,0.7689156626506024,0.7753631746781622,-0.3309845743667874,-0.9186017968481515,0.6158536585365857,0.6052631578947367,0.35516564952048846,0.327593722755013,0.39388407120036506,-0.8308794269797062,-0.6377268586644244,-0.4484445011456777,-0.44063191002823987,-0.7295938961748203,-0.9365946904988162,-0.29995908494106027
2014-04-09,-0.2747913654111427,-0.29584017976790333,-0.3093960454942941,-0.9175754529124858,-0.036025380667771945,-0.7127444480191765,-0.1260702224229222,-0.7430143422354105,-0.8147059120717007,0.9554553143501554,-0.4974153869373279,0.8077108433734941,0.7992205031297983,-0.38583127023424124,-0.7990082969217929,0.6280487804878048,0.5765550239234449,0.3598517872711424,0.3548387096774195,0.4244637151985393,-0.8682849184241945,-0.7169084156681382,-0.4400000124444443,-0.431935040388882,-0.7947486771439853,-0.9371586350345049,-0.29366708666848496
2014-04-10,-0.27697990320093124,-0.27805140253882543,-0.2684000872472203,-0.9241278143844269,-0.08846323975413162,-0.40677871592867154,-0.1459856506646391,-0.678103363006924,-0.8583770347691656,0.9740625881026226,-0.5725012262762708,0.8349397590361447,0.8011101925121058,-0.35307560464673404,-0.7372477784869162,0.5719512195121945,0.5897129186602865,0.38360941586748076,0.3591979075850045,0.4689639434048378,-0.8889773179466776,-0.68565622591269,-0.46222223417283925,-0.4548217233819267,-0.7441314615921057,-0.9645886775317538,-0.2747913654111427
2014-04-11,-0.2518124025193216,-0.2796935752977263,-0.27087627396314984,-0.9307581801596055,-0.1104792871835425,-0.4307997928666071,-0.17266439060080696,-0.6564663699307618,-0.8127860802085545,0.972371017761489,-0.6457759498924651,0.832530120481928,0.8159914963977797,-0.3404430902050404,-0.841425695910452,0.5487804878048781,0.5251196172248802,0.3926547515257197,0.38339145597210145,0.5351437699680508,-0.8997214484679663,-0.822156821526172,-0.4777778338271592,-0.470842486488138,-0.8159214086778652,-0.9706455883241508,-0.27697990320093124
2014-04-14,-0.31637265331182274,-0.25396829110954267,-0.24638872240945942,-0.8878514798066361,-0.09139909216373487,-0.5775396197322121,-0.1701573826888665,-0.7477435707220574,-0.8427758747865451,0.9362841838173113,-0.6818850696147607,0.8378313253012049,0.8185898192984529,-0.35396432425569735,-0.8869851244538268,0.5756097560975606,0.4796650717703348,0.4098735832606799,0.4102005231037493,0.556595162026472,-0.887783525666535,-0.8542498773736948,-0.4644444563456789,-0.4571103633442044,-0.8066137084554619,-0.9942635122392443,-0.2518124025193216
2014-04-15,-0.315004769320137,-0.3237548999207158,-0.32948145064530543,-0.8165598802200589,-0.07458640491605006,-0.473547883184678,-0.1634093588420238,-0.7235410484668645,-0.8509200036375762,0.9323371863546663,-0.9697015432215221,0.8392771084337352,0.8072516830046061,-0.4350282485875705,-0.6638028376454415,0.5512195121951216,0.5311004784688995,0.35636442894507425,0.40845684394071524,0.4853947968963941,-0.8702745722244334,-0.8448602060121926,-0.48666667807407404,-0.47999704633724916,-0.6825295064825883,-0.9692375579736813,-0.31637265331182274
2014-04-16,-0.3366160670685807,-0.3273125623178288,-0.3176503588973971,-0.9443200949919072,-0.04883436611580194,-0.6919427340555788,-0.12416424786026692,-0.7334322453016816,-0.8629442137278084,0.9334648999154211,-0.17805531449269907,0.8426506024096387,0.8289831109011461,-0.4201104551513999,-0.7605184348765279,0.5573170731707311,0.5071770334928232,0.3524411508282479,0.35581952920662596,0.5146052031036055,-0.8666931953840038,-0.8511667017027538,-0.4964445000790112,-0.4900671755193782,-0.8304308329002228,-0.9334563757774835,-0.315004769320137
2014-04-17,-0.35056770140107085,-0.328407280300143,-0.33030681870317924,-0.9046549067956916,-0.04536538109725896,-0.691698651633995,-0.10446552471341919,-0.6050321463897133,-0.8952175977851204,0.9329010431350433,-0.4247066369844924,0.8467469879518073,0.8261485768276842,-0.3944010664635309,-0.8280720703029112,0.6621951219512194,0.5143540669856459,0.29718831734960816,0.35233217088055824,0.5365130077590141,-0.8686828491842418,-0.8960128932800785,-0.5066666776296296,-0.5005950421396381,-0.8715785363588636,-0.9624867024441868,-0.3366160670685807
2014-04-21,-0.3631514517418757,-0.3612479166498188,-0.35259318699911857,-0.8899792638560562,-0.03669280120481577,-0.8470949878305976,-0.09790494661775595,-0.7802608803165184,-0.8297412268736044,0.9199323371863546,-0.7722899294419501,0.8655421686746989,0.8278020550372034,-0.42017393512346857,-0.8406401885217731,0.6548780487804873,0.6184210526315783,0.27517436791630345,0.29163034001743693,0.4027841168416244,-0.8631118185435742,-0.8951720271880037,-0.5093333442370369,-0.503341419540047,-0.7494897209888465,-0.994168300824128,-0.35056770140107085
2014-04-22,-0.3636984904431886,-0.3659002970292464,-0.3757051434657548,-0.8830693826609435,-0.025350949875501794,-0.7736135539810369,-0.0887618549958824,-0.7637858555885263,-0.784109854800085,0.9272624753312666,-0.28464702109195195,0.8559036144578316,0.8129207511515295,-0.408557100234876,-0.8190387353331041,0.6500000000000004,0.616028708133971,0.2724498692240629,0.274193548387097,0.4294842537654038,-0.8531635495423799,-0.8448602060121926,-0.4968888556246922,-0.4905249129575091,-0.8490312833352242,-0.9618513493471609,-0.3631514517418757
2014-04-23,-0.31801396090802925,-0.3719211501465467,-0.36304868365997267,-0.9515723284067839,-0.031221979954706658,-0.8237809082517322,-0.08336917451519499,-0.7885138476755689,-0.8885082906423354,0.934028756695799,-0.3577330868203601,0.7971084337349399,0.7604818707924887,-0.38367295118390166,-0.8620452648632725,0.6280487804878048,0.616028708133971,0.27822580645161343,0.2717959895379254,0.44020994979461436,-0.859928372463191,-0.8157101814869315,-0.47555556720987635,-0.4685537048407269,-0.6464498563479941,-0.975199257350962,-0.3636984904431886
2014-04-25,-0.33305986413541433,-0.3234811725324227,-0.3165497672685218,-0.8803478991924388,-0.0466997967917826,-0.7122141999998737,-0.11110708452301976,-0.7458580613254204,-0.9438600745703114,0.9430504651818437,-0.22767233898049288,0.7978313253012048,0.7585921814101808,-0.3807528724687361,-0.7816289459472727,0.5951219512195123,0.5789473684210527,0.3168047079337408,0.29152136006974727,0.5552259242355091,-0.8706725029844815,-0.8811575923200897,-0.46711116739752967,-0.45985674074461347,-0.7547231038330946,-0.9824902545623662,-0.31801396090802925
2014-04-28,-0.33360687548068846,-0.3336071428234222,-0.33360859358980566,-0.9264094402541208,-0.03882715050492269,-0.5660130377887984,-0.11518953518861208,-0.6998639960435213,-0.9060494912445564,0.9526360304482662,-0.11349658529223117,0.7633734939759036,0.7465454115979688,-0.38583127023424124,-0.8299376503510235,0.6463414634146343,0.5657894736842102,0.3063426329555363,0.329991281604185,0.5073026015518027,-0.8738559490648621,-0.8389741433676687,-0.4880000113777776,-0.4813703058800203,-0.7903639272092817,-0.9934743560870305,-0.33305986413541433
2014-04-29,-0.3626042215482941,-0.332512424841108,-0.32810563544542815,-0.9189621960811506,-0.027218952895051274,-0.7807340273831018,-0.08841414682907933,-0.8057925321463898,-0.9060697000010105,0.9312094727939106,-0.26430970078859006,0.7727710843373494,0.7623715601747962,-0.41699993652002787,-0.8127546762236731,0.6329268292682926,0.6052631578947367,0.32846556233653024,0.3060156931124678,0.5401643085349153,-0.8774373259052926,-0.8569126199985986,-0.4737778339160481,-0.4667228967733359,-0.8177901599035462,-0.9933406939081173,-0.33360687548068846
2014-05-01,-0.3281357498545243,-0.3749315493379317,-0.37185316906405097,-0.8876369679727332,-0.01947993446455687,-0.7431916259529472,-0.07409658946976005,-0.7922230464886252,-0.9125567108227997,0.9639131660558213,-0.3383390559559296,0.7460240963855422,0.7092240462973898,-0.4992699803212086,-0.9646521675094505,0.5304878048780486,0.5466507177033488,0.3192022667829124,0.32290758500435945,0.568690095846645,-0.892558694787108,-0.8989559246023404,-0.4968888556246922,-0.4905249129575091,-0.8563638234386255,-0.9724491122451034,-0.3626042215482941
2014-05-02,-0.2964026631595864,-0.3245758905147369,-0.3644242512329243,-0.8177451122720271,-0.02308254733946491,-0.7217165811711874,-0.08123686867470381,-0.7820845697329377,-0.8971374296482667,0.9639131660558213,-0.2316718862015622,0.7325301204819279,0.7148931144443131,-0.47476671110264723,-0.9926358682311355,0.4975609756097561,0.4940191387559807,0.35037053182214484,0.31811246730601583,0.5607028753993606,-0.8933545563072025,-0.668558615373835,-0.47333334503703695,-0.4662649231933156,-0.7719974004571186,-0.9851488502306129,-0.3281357498545243
2014-05-05,-0.30296805768064505,-0.2983033431208253,-0.2909616516000586,-0.919939416657819,-0.018279146626400067,-0.8153053565781159,-0.10273548120878395,-0.8086362512363997,-0.9364434609516304,0.9672963067380884,-0.5169980756895447,0.7503614457831327,0.7210346049368135,-0.41541293721830774,-0.9982326083754725,0.5219512195121951,0.44617224880382755,0.3772885789014828,0.35516564952048846,0.5794157918758556,-0.8933545563072025,-0.8876042323593301,-0.46933334512592584,-0.462145427935269,-0.9188706938475434,-0.9760341882219817,-0.2964026631595864
2014-05-06,-0.3524826240940686,-0.31253421164740125,-0.30114195220401374,-0.9569589589025662,-0.04016111148335888,-0.7750275486991774,-0.09830890803289494,-0.7962104352126609,-0.9718694110157933,0.9966168593177338,-0.3094366675470702,0.7373493975903613,0.7210346049368135,-0.3738970354853044,-0.8450586675830919,0.5060975609756095,0.4832535885167464,0.38197471665213634,0.3769616390584134,0.5880876312186216,-0.8941504178272988,-0.6155840515731203,-0.4751110783308652,-0.46809592017421786,-0.9642589236168824,-0.9888822362964224,-0.30296805768064505
2014-05-07,-0.3524826240940686,-0.3273125623178288,-0.34819104059643946,-0.8490118371530163,-0.025484357707953986,-0.6864592962051705,-0.10655120542151053,-0.7358432245301683,-0.9031596390716098,0.9875951508316891,-0.2241633022676679,0.7474698795180725,0.7340262194401794,-0.41319113819589903,-0.7589474200991702,0.5024390243902435,0.47488038277511935,0.3492807323452487,0.3816477768090669,0.4890460976722957,-0.9247910863509752,-0.7708639899096069,-0.49600005564444327,-0.4896093908528689,-0.7394890438413435,-0.9834625095898035,-0.3524826240940686
2014-05-08,-0.3543975467870668,-0.3574165268644123,-0.34901643616841627,-0.9524628775354108,-0.02815273438091337,-0.7406708437024525,-0.07858885264604165,-0.7922539564787341,-0.963119019471137,0.9475613194248673,-0.4251216843376222,0.7715662650602411,0.7328451635762372,-0.4343299688948137,-0.8144238794246157,0.5280487804878051,0.5035885167464116,0.34786399302528404,0.3487358326068004,0.5225924235508899,-0.9164345403899725,-0.38238385537103214,-0.4977777889382715,-0.4914403878337714,-0.9245763211191754,-0.9950856261889982,-0.3524826240940686
2014-05-09,-0.3314183650469378,-0.3574165268644123,-0.35094239585516585,-0.9649327321223888,-0.024416948365726387,-0.782497312463164,-0.07922650608294024,-0.7942321958456975,-0.9598856184384695,0.9018889202142653,-0.36720371278723174,0.7595180722891566,0.7399314987598915,-0.4482320827778836,-0.8430948991113947,0.5426829268292686,0.4892344497607657,0.33206190061028806,0.34721011333914564,0.5029666818804199,-0.9013131715081588,-0.6174059281059492,-0.499555566676543,-0.4932712903579175,-0.9475632803135634,-0.9905301261734348,-0.3543975467870668
2014-05-12,-0.3407195275513675,-0.33141770685879335,-0.3270050713306554,-0.9453124830719829,8.947639122958151e-07,-0.7687739887254963,-0.06258183638802661,-0.8048343224530169,-0.9610375175563572,0.9001973498731317,-0.493906350224503,0.7542168674698797,0.7323727412306602,-0.4434710848727228,-0.7990082969217929,0.5890243902439023,0.5131578947368416,0.34721011333914564,0.3208369659982564,0.5440438156093106,-0.8651014723438122,-0.8263611519865461,-0.49066667798518515,-0.484116730508807,-0.8990795191021552,-0.9915188600996423,-0.3314183650469378
2014-05-13,-0.3076187210009751,-0.34017523177918596,-0.33223280590403137,-0.9752574683703386,0.002269531992121987,-0.8549855833559354,-0.04110663210208498,-0.8054834322453017,-0.933674861317409,0.8703129405131103,-0.5505414481379467,0.7665060240963857,0.7588283925829691,-0.4208087348441567,-0.8432912759585645,0.5280487804878051,0.5490430622009566,0.3805579773321712,0.34721011333914564,0.5830670926517567,-0.8619180262634307,-0.6259547333753767,-0.49866667780740737,-0.49235586271003373,-0.9316098610264678,-0.978269825488462,-0.3407195275513675
2014-05-14,-0.3360690283672678,-0.31663935618836625,-0.3063694941786692,-0.9455204945472826,-0.009739299826410086,-0.8301018013072297,-0.060614134410336806,-0.8035361028684471,-0.93803995271151,0.8765153650972648,-0.6085726144210091,0.7983132530120483,0.7739459076414312,-0.3954802259887007,-0.8697039619028916,0.4512195121951219,0.49521531100478455,0.4402789886660856,0.3797951176983436,0.6346417161113647,-0.8448070035813773,-0.7864200126129914,-0.48711112250864175,-0.4804548310037582,-0.8942946365520705,-0.9718046042043164,-0.3076187210009751
2014-05-15,-0.34345507668643016,-0.32895454350587183,-0.3311322142751556,-0.9055389555657154,-0.03188874042001233,-0.48254105792475654,-0.09879781181436087,-0.6964638971315531,-0.9427688017217861,0.8742599379757543,-0.9666075538618271,0.8004819277108435,0.7640250383843159,-0.4319177299561989,-0.792626049388777,0.3878048780487804,0.4078947368421053,0.4207715780296426,0.43995204882301664,0.5593336376083982,-0.8491842419419031,-0.6792095858734497,-0.5044444110123465,-0.49830635494898234,-0.8091684013075103,-0.9944356251819545,-0.3360690283672678
2014-05-16,-0.3412665388966416,-0.3492064567206059,-0.3380107399924843,-0.9447361179425066,-0.02321572047974385,-0.7245109040665604,-0.09553894875550517,-0.6571463897131554,-0.9341194539594007,0.8652382294897096,-0.1759046145719353,0.7898795180722893,0.7637888272115272,-0.4776867898178123,-0.8217880111934802,0.4207317073170733,0.3504784688995213,0.4088927637314739,0.4214254577157801,0.5725696029210403,-0.8535614803024272,-0.831266204190316,-0.513333344148148,-0.5074611037116048,-0.9117624038912238,-0.9901163227154295,-0.34345507668643016
2014-05-19,-0.33825737466478767,-0.33004926148818603,-0.3327830054191092,-0.9479754633130595,-0.014009333238361066,-0.8659903339152735,-0.09016552257371968,-0.7719770029673592,-0.9483868360160459,0.8731322244149986,-0.39557785911028953,0.8134939759036144,0.7940238573284519,-0.48238430775090446,-0.8059796749963178,0.44756097560975583,0.3815789473684208,0.42382301656495214,0.414014821272886,0.5787311729803744,-0.8495821727019504,-0.8541097330250158,-0.5137777885827159,-0.5079188883781138,-0.9447175019764793,-0.9888364615776165,-0.3412665388966416
2014-05-20,-0.3464642682743224,-0.34537484799707663,-0.34351369813686183,-0.9508312875260286,-0.029887344236271485,-0.6648117104012568,-0.10965358115215862,-0.7937067260138477,-0.9578445340365982,0.8697490837327324,-0.3915028487341057,0.8134939759036144,0.7774890752332588,-0.4865105059353776,-0.8098090235161274,0.4097560975609751,0.4078947368421053,0.418374019180471,0.42316913687881463,0.624372432679142,-0.8519697572622364,-0.8904071193329129,-0.5146667218962953,-0.508834410482754,-0.9556072650012357,-0.9942598502617398,-0.33825737466478767
2014-05-21,-0.3388046048583693,-0.35522709089978344,-0.35892151320136945,-0.8841874443406795,-0.008805738364460858,-0.7597134809036015,-0.10291329884402822,-0.7888229475766568,-0.9019471136843595,0.8607273752466877,-0.2133720710862922,0.8228915662650602,0.8119759064603755,-0.4799720688122897,-0.8130492414944277,0.4341463414634146,0.3672248803827749,0.4269834350479518,0.41826503923278135,0.6460520310360565,-0.8523676880222846,-0.7508233480484899,-0.5119999664000008,-0.5060878913972116,-0.9389679040877725,-0.9354118717648717,-0.3464642682743224
2014-05-22,-0.34318146158963936,-0.3363438146265141,-0.3311322142751556,-0.9575916604732695,-0.002667481909047975,-0.8756273812502195,-0.08098580893126472,-0.8428536102868448,-0.9456182363818243,0.8432478150549763,-0.2884956420027922,0.8438554216867471,0.8098500059052793,-0.4790198692312577,-0.7612057538416219,0.4585365853658536,0.4078947368421053,0.4586965998256325,0.42600261551874485,0.673436786855317,-0.8475925189017106,-0.8485039590778503,-0.5146667218962953,-0.508834410482754,-0.9471675447598897,-0.9560306361038023,-0.3388046048583693
2014-05-23,-0.41594863334771404,-0.3522166643411331,-0.3407621227653128,-0.9847393247860841,0.007473581582109201,-0.8775472157455044,-0.07037751368039835,-0.836393422354105,-0.9147998827892126,0.8308429658866645,-0.5014149341583972,0.8416867469879519,0.8176449746072989,-0.4953977020250111,-0.8165840247434827,0.4365853658536585,0.4186602870813396,0.42785527462946815,0.45727986050566694,0.6510725696029209,-0.834858734580183,-0.8486441034265293,-0.5182222773728384,-0.5124961683026694,-0.969793944894264,-0.9723392529199693,-0.34318146158963936
2014-05-27,-0.4337300857101618,-0.39573072575839463,-0.40789658879464774,-0.7964477707020171,0.0230843368672895,-0.8316041706952539,-0.05821340303769684,-0.7760262116716123,-0.7680843109319269,0.8308429658866645,-0.3891634909255557,0.8563855421686746,0.8171725522617224,-0.5184409318859902,-0.752859737836909,0.4146341463414629,0.40311004784688986,0.40769398430688764,0.4372275501307761,0.648105887722501,-0.8316752884998015,-0.8265012963352253,-0.558222232039506,-0.5536922071358252,-0.665488254129061,-0.9977954895423077,-0.41594863334771404
2014-05-28,-0.4408425189325329,-0.43322396142562036,-0.430733349204385,-0.8865644088032191,0.021216568539912828,-0.8538535459179003,-0.055739052628011265,-0.8328696834817013,-0.6939990097709339,0.8065971243304206,-0.38199449118967677,0.8510843373493977,0.8141018070154717,-0.531898685964578,-0.801659384358584,0.3256097560975606,0.37320574162679376,0.3926547515257197,0.4073670444638191,0.6900958466453675,-0.8265021886191803,-0.8057599327307127,-0.574666631674075,-0.5706283978899209,-0.7011369922163215,-0.9844384265947453,-0.4337300857101618
2014-05-29,-0.45479415326502304,-0.43979205038138414,-0.4348604921488852,-0.9122386584993273,0.03442618819660348,-0.8637262590392032,-0.05569865552001341,-0.854444856577646,-0.8848707144805845,0.8127995489145761,-0.384371580575784,0.8253012048192774,0.803708515412779,-0.557036754903828,-0.7513869114831361,0.35609756097560963,0.2942583732057411,0.40028334786399355,0.3916739319965128,0.6583751711547237,-0.809789096697175,-0.828183028519375,-0.5657777874271605,-0.5614736491272987,-0.8593133724320061,-0.9971711223777951,-0.4408425189325329
2014-05-30,-0.4747641434172598,-0.4575808002431967,-0.46650154536398025,-0.842951336148711,0.0385619336804508,-0.8134831550514645,-0.05020517459969209,-0.700853115727003,-0.8737558984307902,0.8291513955455319,-0.38297551220616544,0.8373493975903619,0.7959135467107594,-0.5625595124738147,-0.7723010457067111,0.3621951219512196,0.3157894736842106,0.38088491717523976,0.39973844812554526,0.6668188041989955,-0.8157580580978916,-0.860416228715577,-0.5542222321283949,-0.5495725229642674,-0.7895038619392978,-0.9949483020325806,-0.45479415326502304
2014-06-02,-0.4662836347109338,-0.4671593157576104,-0.4667767414208792,-0.9043472231551442,0.04149800611396559,-0.8625521384250329,-0.04378371804352632,-0.8480773986152326,-0.922256913920802,0.8099802650126868,-0.3105308832962307,0.8216867469879519,0.7897720562182591,-0.5658604710213928,-0.8176640974029161,0.42560975609756113,0.33732057416267924,0.34361377506538826,0.3778334786399302,0.6503879507074393,-0.8261042578591331,-0.7020531147081495,-0.5635555208098774,-0.5591849619366431,-0.8523079737196417,-0.9619813495485696,-0.4747641434172598
2014-06-03,-0.47312264432878326,-0.47728528604860987,-0.4720045035083573,-0.924017308288174,0.040163370395529974,-0.8609066862381491,-0.04224904546078667,-0.8163328387734917,-0.914840300302121,0.8274598252043983,-0.37308983888616387,0.8103614457831327,0.7781977087516241,-0.5551958357138322,-0.8201188079925376,0.5134146341463417,0.39114832535885125,0.33249782040104625,0.34361377506538826,0.6693290734824284,-0.8034222045364112,-0.8129072945133488,-0.5599999653333343,-0.555523109659972,-0.8850722393267924,-0.9977112640597048,-0.4662836347109338
2014-06-04,-0.4485021549924477,-0.47536935853415097,-0.46485078173412964,-0.9489093481657073,0.045367405317255916,-0.9009614532835714,-0.04541126202924595,-0.8233184965380812,-0.925672193761557,0.8111079785734434,-0.24699090668980883,0.8183132530120483,0.7970946025747017,-0.5504348378086714,-0.8724532377632677,0.5219512195121951,0.47009569377990434,0.3502615518744552,0.3321708805579777,0.6713829301688725,-0.8105849582172713,-0.8143087380001401,-0.5639999652444454,-0.5596427466031519,-0.8948609780999945,-0.9876188540573795,-0.47312264432878326
2014-06-05,-0.449870038984133,-0.4556651190341259,-0.4442152045821435,-0.9419561312465738,0.062179637848853275,-0.7470464448869256,-0.038394812650254906,-0.8082035113748764,-0.872442329261269,0.8455032421764876,-0.3140021884314984,0.808433734939759,0.773709696468643,-0.5563384752110707,-0.7771122784623692,0.4951219512195122,0.4724880382775116,0.3579991281604187,0.3499346120313862,0.6814240073026014,-0.8038201352964585,-0.24602340410622936,-0.5475555656098765,-0.5427067447625675,-0.8358568070472588,-0.9957283032410331,-0.4485021549924477
2014-06-06,-0.4487757700892385,-0.45867551822551045,-0.45769705995990195,-0.9283638814074577,0.07458842913604657,-0.8034673591313022,-0.013325872049276377,-0.7770771513353116,-0.8515868926005639,0.8359176769100651,-0.45862732520846705,0.8103614457831327,0.7831581433801817,-0.5428172411604137,-0.8210025038048013,0.5109756097560973,0.45454545454545414,0.38241063644289497,0.3579991281604187,0.704701049748973,-0.8265021886191803,-0.636325415177633,-0.5480000544888879,-0.5431643405155653,-0.899592216497248,-0.9999999999999999,-0.449870038984133
2014-06-09,-0.42853238368851887,-0.4564861096281474,-0.44036323018043966,-0.9721264623098375,0.07725771524117953,-0.8606036873699761,0.000838783638342111,-0.8184965380811079,-0.9547525942991099,0.8082886946715533,-0.3295475983850886,0.8187951807228917,0.8188260304712416,-0.5331682854059543,-0.8782463547547743,0.524390243902439,0.47009569377990434,0.37968613775065396,0.3797951176983436,0.6955727978092194,-0.8229208117787516,-0.7504029150024525,-0.552000054399999,-0.5472840246871231,-0.9588681259635062,-0.9627174070269686,-0.4487757700892385
2014-06-10,-0.4279851261388985,-0.439518322993091,-0.42275423185818095,-0.9554725435686536,0.07752382682956327,-0.8942281451019496,-0.002153542398557029,-0.8264404055390704,-0.9075651479786192,0.7823512827741759,-0.23253971248537908,0.8587951807228917,0.8299279555922996,-0.5247254491208024,-0.8387746084736609,0.5634146341463415,0.4784688995215305,0.4292720139494337,0.37892327811682636,0.7546782291191234,-0.8070035813768408,-0.7306425618386938,-0.5306666326518528,-0.5253126276568294,-0.8343187148619807,-0.9866484300186943,-0.42853238368851887
2014-06-11,-0.3943373355992703,-0.43568690584041914,-0.4235796274301573,-0.9551323581350906,0.06845039270454745,-0.845230703127811,-0.016764820115388268,-0.8347861028684471,-0.828629745268625,0.7738934310685082,-0.5470324114251217,0.8549397590361447,0.824022676272588,-0.5017456992318925,-0.8601796848151602,0.5634146341463415,0.5394736842105261,0.4362467306015696,0.42861813426329576,0.781150159744409,-0.7918822124950262,-0.6455749421904562,-0.5137777885827159,-0.5079188883781138,-0.8111242143549995,-0.9975116862857111,-0.4279851261388985
2014-06-12,-0.3855834032884231,-0.4044882506787868,-0.4056954055368971,-0.8724434631310495,0.05003763289004315,-0.6870905438471977,-0.03959687741585771,-0.8017124134520278,-0.8158173936766802,0.7851705666760642,-0.5413726747915332,0.8590361445783132,0.8745718672493208,-0.5010474195391352,-0.7811380038293484,0.5109756097560973,0.5287081339712918,0.38197471665213634,0.43417611159546654,0.5960748516659056,-0.7962594508555512,-0.7268586644243571,-0.48622218919506266,-0.4795393561274959,-0.7240465631246578,-0.9125739490582309,-0.3943373355992703
2014-06-13,-0.4003556914190165,-0.3965517163524157,-0.3869858155857626,-0.9452886484237715,0.05790982446081516,-0.7894915363368236,-0.036722719540268844,-0.7316703758654799,-0.7808360362545091,0.7789681420919097,-0.9829075953665624,0.9197590361445787,0.8953584504547063,-0.44905732241477825,-0.829643085080269,0.524390243902439,0.4832535885167464,0.34099825632083736,0.3815387968613777,0.5650387950707438,-0.8109828889773185,-0.8098241188424077,-0.48266663371851926,-0.4758773621656911,-0.7956148983003599,-0.964845015957067,-0.3855834032884231
2014-06-16,-0.40418550944897413,-0.3973727069464372,-0.39276374967421557,-0.9061521560606094,0.06004417376092119,-0.7667371630005557,-0.0358993194314734,-0.7852064787339269,-0.9048571746137603,0.7975754158443751,-0.37976832811379857,0.9178313253012049,0.8892169599622064,-0.40500222179902234,-0.8159948942019735,0.5109756097560973,0.4784688995215305,0.34884481255449007,0.3586530078465562,0.5502053856686446,-0.807401512136888,-0.9829023894611449,-0.4884444558123455,-0.48182804331815143,-0.8088852305335483,-0.9856358932387078,-0.4003556914190165
2014-06-17,-0.3935166818011666,-0.41133006702284325,-0.40597060159379605,-0.9451543076793071,0.06724960486638887,-0.7776367056195559,-0.03395653535029641,-0.8296241345202771,-0.9403235421908314,0.7812235692134202,-0.13594687393879945,0.9103614457831328,0.8802409353962442,-0.4197930552910556,-0.8050959791840541,0.5792682926829267,0.4772727272727275,0.35135135135135176,0.3482999128160418,0.5837517115472388,-0.8141663350577,-0.8499054025646415,-0.48222218928395155,-0.4754196719559378,-0.8766632985173988,-0.9792841932572007,-0.40418550944897413
2014-06-18,-0.27670628810414044,-0.40311980530817904,-0.39854190387549204,-0.9328274609815975,0.0863300199101098,-0.6916481518226328,-0.029630764547008415,-0.7981268545994067,-0.9083330807238778,0.809416408232309,-0.13507904765498258,0.9130120481927715,0.877642612495571,-0.39681330540214566,-0.8435858412293189,0.5024390243902435,0.5466507177033488,0.3829555361813428,0.3509154315605931,0.6120492925604744,-0.802626343016315,-0.717749281760213,-0.4537777899160491,-0.4461246176006797,-0.7160483078787432,-0.9779329235580505,-0.3935166818011666
2014-06-19,-0.2887429997436328,-0.2818828196914973,-0.33718534442050796,-0.504386658664003,0.08926541760362605,-0.7730285978327585,-0.009606796259915118,-0.7780353610286845,-0.5300655774146938,0.8167465463772201,-0.099271780553145,0.9077108433734942,0.877642612495571,-0.3827207516028692,-0.6624281997152535,0.5402439024390246,0.4641148325358846,0.41466870095902353,0.3827375762859635,0.6837060702875402,-0.8209311579785119,-0.6402494569406489,-0.39466668011851835,-0.38524615229815273,-0.3445352877393212,-0.9757448919991284,-0.27670628810414044
2014-06-20,-0.27916844099072025,-0.28626166425348964,-0.2851837175116052,-0.8168393956399929,0.09458427567130467,-0.7113430782538763,0.0023270185866230975,-0.26143669634025735,-0.7786736993139128,0.8111079785734434,-0.29321208919744945,0.909879518072289,0.8925239163812448,-0.27918491715863647,-0.7068093671756099,0.524390243902439,0.5023923444976073,0.3914559721011339,0.41488666085440284,0.6088544043815611,-0.8288897731794664,-0.8082825310069371,-0.4066666798518517,-0.39760492144255943,-0.6963679390883837,-0.9697355869142895,-0.2887429997436328
2014-06-23,-0.2756120192092464,-0.28981935401786796,-0.28078135099610346,-0.9211029808477769,0.09377964822224749,-0.8374916070365594,-0.0024144177558724778,-0.8292841246290802,-0.9109400103064659,0.8144911192557096,-0.21065539750216966,0.9301204819277109,0.8863824258887445,-0.26274360439281397,-0.8340615641415876,0.5463414634146342,0.4904306220095691,0.38208369659982555,0.3885135135135136,0.6118210862619806,-0.8229208117787516,-0.8626585382944433,-0.38666668029629614,-0.3770068311834147,-0.7790889815789498,-0.9790681365844369,-0.27916844099072025
2014-06-24,-0.2753385956047243,-0.2794198479094332,-0.27087627396314984,-0.8949412042564349,0.07795938616731402,-0.7296492598726605,-0.019977247472754645,-0.7780353610286845,-0.8484949528630756,0.8144911192557096,-0.1737916462287289,0.896385542168675,0.8629975197826858,-0.2642671237224654,-0.7878148166331189,0.4865853658536583,0.49880382775119614,0.4201176983435051,0.3815387968613777,0.6492469192149701,-0.8300835654596099,-0.7847382804288416,-0.42222227950617164,-0.4136256373203926,-0.6212898692577673,-0.9839880033616952,-0.2756120192092464
2014-06-25,-0.28245102882709583,-0.2731252947711047,-0.272802233649899,-0.8875286286626813,0.08975827116826629,-0.7862721733624858,-0.021102295042745745,-0.7975086547972305,-0.8747865450099529,0.8285875387651549,-0.24389691733011365,0.9007228915662651,0.8889807487894177,-0.2707420808734846,-0.8021503264765083,0.4670731707317075,0.44856459330143483,0.41630340017436795,0.42000871839581544,0.6604290278411682,-0.8276959808993238,-0.6119402985074627,-0.409333346459259,-0.4003512988429685,-0.80712376761353,-0.9812433512220934,-0.2753385956047243
2014-06-26,-0.28436592416405526,-0.2903668087944542,-0.28545891356850417,-0.9127175182497569,0.08788064576959709,-0.77983344741381,-0.03140894476538447,-0.8292532146389714,-0.9186799640284136,0.8178742599379758,-0.36105346564539875,0.9139759036144579,0.8722097555214363,-0.26699676252142446,-0.7986155432274534,0.43170731707317067,0.4294258373205744,0.41859197907585033,0.4153225806451615,0.6675034230944772,-0.8380421806605654,-0.7219536122205872,-0.4008888577580254,-0.3916542402900993,-0.8261815124661097,-0.9820471552843251,-0.28245102882709583
2014-06-27,-0.24661489198994868,-0.2835249924503973,-0.27307742970679794,-0.9415249407925671,0.09297568084492891,-0.8339814493151279,-0.02604495726862499,-0.6003956478733927,-0.6898360059413745,0.8393008175923322,-0.5314115383164171,0.8889156626506025,0.8582732963269164,-0.2511902494762901,-0.8306249693161175,0.4365853658536585,0.38875598086124397,0.4394071490845688,0.4177201394943335,0.7015061615700593,-0.8380421806605654,-0.7667998037979118,-0.3995555688987653,-0.3902812641175948,-0.8764548777924641,-0.9891550536205056,-0.28436592416405526
2014-06-30,-0.25591583564607,-0.2597156084094081,-0.28078135099610346,-0.6398411312357399,0.091634781779109,-0.8392161755945773,-0.020613391261279812,-0.7466926310583581,-0.8343690321016097,0.8635466591485761,-0.20642946081575675,0.888674698795181,0.8466989488602814,-0.2829302355106962,-0.8542883794000686,0.43170731707317067,0.39114832535885125,0.45357454228422034,0.4337401918047079,0.7028753993610222,-0.8523676880222846,-0.6520215822296966,-0.37866663602963047,-0.36876755729705457,-0.7322655508682878,-0.9854546253522364,-0.24661489198994868
2014-07-01,-0.25591583564607,-0.25752617244477927,-0.2499656933529848,-0.8560322244443819,0.10919725184852336,-0.7539186275497933,-0.015473657101254368,-0.7971068249258161,-0.9030181777764306,0.856216521003665,-0.17869675131117246,0.8826506024096388,0.854493917562301,-0.26299752428108913,-0.9696597771122784,0.4743902439024392,0.3923444976076551,0.4933522231909335,0.4532476024411509,0.7533089913281605,-0.8710704337445287,-0.7436759862658539,-0.3880000135999999,-0.3783799962694303,-0.7102037334571547,-0.9754903845625675,-0.25591583564607
2014-07-02,-0.2706879049283559,-0.25424182692697794,-0.24583855040848457,-0.9081867683033849,0.1118788446245107,-0.9138136552752418,0.007950371792325495,-0.8472119188921861,-0.9212868936110017,0.8455032421764876,-0.025619741161378107,0.87710843373494,0.8412660918861463,-0.27797879768932887,-0.9940105061613235,0.5487804878048781,0.4377990430622005,0.4989102005231043,0.49269834350479513,0.7660885440438152,-0.869478710704338,-0.7892228995865742,-0.37733334717037015,-0.3673945338961726,-0.6214314546447484,-0.9703324892475185,-0.25591583564607
2014-07-03,-0.27451794180662104,-0.28024083850345427,-0.2741780213356737,-0.9258764108486652,0.12488390071535349,-0.9118618375660942,0.013611854734013829,-0.8195165677546984,-0.9357765719886428,0.8178742599379758,-0.21722069199713245,0.8559036144578316,0.8133931734971065,-0.27029772106900296,-0.9990181157641513,0.5646341463414632,0.5059808612440189,0.4822362685265915,0.4985832606800349,0.786627110908261,-0.8591325109430965,-0.6738841006236423,-0.3764444583012343,-0.366478870106399,-0.8302936445749494,-0.9924490023857783,-0.2706879049283559
2014-07-07,-0.27315005781493573,-0.28735638223580384,-0.2846333253978077,-0.9322099269143015,0.11563320065793592,-0.8750087585610331,0.01621154655099266,-0.8359606824925817,-0.8776966059393536,0.8144911192557096,-0.46802248802022417,0.8501204819277113,0.8081965276957601,-0.24141433377769328,-0.8794246158377926,0.5317073170731703,0.5430622009569377,0.4782040104620755,0.49313426329555377,0.8188041989958923,-0.8320732192598488,-0.8472426599397379,-0.3968888578469143,-0.3875348394888085,-0.7974766142273089,-0.9927987212374554,-0.27451794180662104
2014-07-08,-0.2520860176161124,-0.2736727495476905,-0.27913058736625285,-0.8978360306210227,0.09860587274919919,-0.6795450303661678,-0.00653179136276405,-0.7933976261127598,-0.8759586528842949,0.8190019734987315,-0.16533977285590318,0.8351807228915662,0.8117396952875873,-0.23601853615184432,-0.8424075801463007,0.4646341463414636,0.49521531100478455,0.48714036617262435,0.4778770706190061,0.8368324965769052,-0.83724631914047,-0.8909676967276294,-0.37822228048394946,-0.36830996154405726,-0.6964022361697021,-0.9746774255565748,-0.27315005781493573
2014-07-09,-0.23293687275424935,-0.25369475529210694,-0.2584950102142667,-0.8513346319605299,0.11040431770232573,-0.8274716027987836,0.0010109396089452716,-0.8185274480712167,-0.7666292804672266,0.8370453904708208,-0.39003131720937256,0.8359036144578316,0.7968583914019134,-0.23132101821875217,-0.8864941823359025,0.4609756097560975,0.4270334928229662,0.5039232781168268,0.4863775065387972,0.8359196713829302,-0.8428173497811393,-0.7396118001541587,-0.3475555700543209,-0.3367263144548991,-0.6395007400254855,-0.9120576102301003,-0.2520860176161124
2014-07-10,-0.22637125938488234,-0.22769552477750743,-0.22245139788494983,-0.8957407483646183,0.09994655179110579,-0.7178533456019819,-0.019948177559974134,-0.8173219584569734,-0.7517758444734104,0.817310403157598,-0.46817341433045323,0.7990361445783132,0.7822132986890282,-0.22465562115152649,-0.6888408856595807,0.4390243902439024,0.4258373205741628,0.5174367916303404,0.5042502179598953,0.8375171154723868,-0.8539594110624753,-0.8157101814869315,-0.3715555250765439,-0.3614438055153346,-0.5450289898278375,-0.9517131646260296,-0.23293687275424935
2014-07-11,-0.31008068239528574,-0.23809522245680048,-0.22547794920057385,-0.938885795199702,0.10356751466033964,-0.864290173599414,-0.009332330201305972,-0.8374443620178043,-0.8756959390503907,0.8167465463772201,-0.39810587480662574,0.8226506024096387,0.7817408763434512,-0.15603377134514052,-0.8815847611566595,0.41219512195121943,0.3995215311004783,0.5162380122057546,0.5165649520488231,0.8477863989046095,-0.8436132113012338,-0.8336486581178614,-0.3400000146666664,-0.328944825235048,-0.6521132718272342,-0.9283717200125239,-0.22637125938488234
2014-07-14,-0.3426344228883269,-0.3128079664029597,-0.3060944907204908,-0.7841035897146993,0.11683981179565173,-0.8877936274708873,0.008185952324277768,-0.8387734915924828,-0.8658340659007548,0.8229489709613764,-0.6691695279779648,0.7636144578313255,0.7399314987598915,-0.22179902240843008,-0.7766213363444449,0.4500000000000002,0.3863636363636358,0.48114646904969494,0.515802092414996,0.8327247832040165,-0.8408276959808996,-0.8833999018989559,-0.37200001395555526,-0.3619015901818434,-0.594106354369756,-0.9057590089224081,-0.31008068239528574
2014-07-15,-0.3305977112488345,-0.30678711328565944,-0.33608475279163263,-0.8041203606398953,0.1118788446245107,-0.6662299134370109,0.01890637714296428,-0.711547972304649,-0.8363090727212101,0.7958838455032424,-0.8025129230653134,0.7746987951807227,0.7363883311680643,-0.2398273344759727,-0.8073543129265058,0.4560975609756097,0.4126794258373203,0.45608108108108114,0.48092850915431606,0.8169785486079411,-0.8416235575009958,-0.6339429612500875,-0.4084444131456799,-0.39943572950995043,-0.5382135441812365,-0.9378946925129038,-0.3426344228883269
2014-07-16,-0.2726030464696616,-0.33004926148818603,-0.32452888461472584,-0.9437025609246111,0.12166603632260342,-0.7980369460828243,0.02963812722389969,-0.6813489119683482,-0.8837996503885135,0.7693825768254872,-1.0,0.7566265060240964,0.7484351009802763,-0.2544277280517995,-0.8279738818793263,0.4292682926829263,0.4126794258373203,0.45586312118570227,0.45510026155187466,0.854404381560931,-0.8249104655789896,-0.7725457220937566,-0.38622219141728475,-0.3765490937452838,-0.7265018823821171,-0.9423458261695898,-0.3305977112488345
2014-07-17,-0.29886481604616577,-0.2731252947711047,-0.31544917563964603,-0.7850049727743315,0.09150071387491909,-0.5227641576747193,0.011135615814136024,-0.719244559841741,-0.8004991562844181,0.770510290386242,0.07531222880428623,0.7877108433734941,0.8029998818944137,-0.23722465562115147,-0.7741666257548234,0.32195121951219496,0.3863636363636358,0.49400610287707103,0.4555361813426333,0.8925148334094022,-0.8109828889773185,-0.813187583210707,-0.3546666810074073,-0.34405006623661905,-0.6068595921461444,-0.9003667470470729,-0.2726030464696616
2014-07-18,-0.2931200753232108,-0.30979753984430936,-0.30004136057513797,-0.892542571931885,0.11831411869392339,-0.6114249931562235,0.013325684551335204,-0.6781651829871416,-0.9049380096395769,0.7693825768254872,-0.24778326981851118,0.8433734939759037,0.8058344159678756,-0.22967053894496292,-0.8401492464038489,0.37073170731707306,0.2978468899521527,0.4662162162162167,0.49498692240627706,0.8760839799178459,-0.8101870274572223,-0.7075187443066359,-0.3568888587358032,-0.34633865897051885,-0.7809427827948252,-0.9572775394440751,-0.29886481604616577
2014-07-21,-0.30953364369397285,-0.30049256014733094,-0.28793507277033115,-0.9611126880499575,0.11335359157060765,-0.850196517911757,0.012711060500755877,-0.8170746785361029,-0.9191043479139512,0.7682548632647315,-0.2446892804588161,0.8253012048192774,0.8306365891106648,-0.21608582492223682,-0.8573322205311993,0.35487804878048745,0.3349282296650715,0.46207497820401056,0.4678509154315611,0.8562300319488818,-0.812176681257462,-0.8400952981571018,-0.3586666809185184,-0.3481697504081771,-0.8653039293022832,-0.9554428887143346,-0.2931200753232108
2014-07-22,-0.31281623153034843,-0.303776714094274,-0.30554409860669285,-0.9484218212704735,0.12488390071535349,-0.8498346025969948,0.02542825720991182,-0.785021018793274,-0.9411723099619066,0.7361150267831977,-0.35260159227257304,0.8612048192771085,0.8339435455297037,-0.23138449819082085,-0.803819529677451,0.3512195121951218,0.3241626794258372,0.45902353966870146,0.4610941586748041,0.8457325422181654,-0.807401512136888,-0.5536402494569406,-0.3724444583901232,-0.3623592803915967,-0.8269553953266271,-0.9917459027049196,-0.30953364369397285
2014-07-23,-0.34755853716921736,-0.31444992022373697,-0.307470058293442,-0.9666358260764053,0.13078288849974307,-0.8585289867865139,0.028892121239567192,-0.7989923343224531,-0.8764840805521034,0.7355511700028199,-0.2618571482473683,0.7992771084337351,0.7900082673910478,-0.22224338221291173,-0.8898325887377877,0.35487804878048745,0.31698564593301404,0.44856146469049696,0.4588055797733217,0.8432222729347325,-0.7890966971746911,-0.8036577675005255,-0.37688890273580244,-0.3669367492296638,-0.8653338293218941,-0.9776179934926659,-0.31281623153034843
2014-07-24,-0.30816575970228754,-0.34646956597939127,-0.34874121259741475,-0.8567754321113382,0.13091651635610768,-0.8952423496468064,0.02947578686717378,-0.8207838773491594,-0.8821829498721797,0.734987313222442,-0.36592083915028495,0.8296385542168674,0.7897720562182591,-0.295245350092046,-0.7687662624576561,0.39512195121951166,0.31937799043062176,0.42349607672188316,0.44823452484742843,0.8279324509356458,-0.7875049741345013,-0.7572699880877304,-0.3951111245530863,-0.3857038897362839,-0.753920200365308,-0.9686644584942314,-0.34755853716921736
2014-07-25,-0.31391050042524293,-0.3174603467823873,-0.33415879310488306,-0.9103557212906246,0.11844884666985278,-0.8112906215748239,0.0013665748794329247,-0.818001978239367,-0.8691280932027848,0.7169438962503527,-0.08821642832886856,0.8019277108433738,0.7715837959135468,-0.2859137941979304,-0.8548775099415777,0.352439024390244,0.36004784688995217,0.4411508282476029,0.42316913687881463,0.8637608397991778,-0.7831277357739763,-0.6572069231308247,-0.36222223639506157,-0.3518315082280925,-0.7136079386310893,-0.9690086843796518,-0.30816575970228754
2014-07-28,-0.3243059318245667,-0.3245758905147369,-0.3102214410662705,-0.9629197877416238,0.11952116987946537,-0.8431812524500298,-0.005965114595015919,-0.8214020771513354,-0.9095051885982197,0.7220186072737533,-0.517035807267102,0.7980722891566263,0.761662926656431,-0.2738525995048562,-0.8663655555010064,0.37682926829268304,0.3217703349282295,0.4630557977332175,0.4392981691368787,0.8726608854404381,-0.7668125746120174,-0.8395347207623852,-0.3546666810074073,-0.34405006623661905,-0.8994005046068017,-0.9788630658441865,-0.31391050042524293
2014-07-29,-0.33442752927879216,-0.31882879215299464,-0.326179675758679,-0.9183966648826795,0.10812538335499733,-0.7960186369553832,0.0006821088121937713,-0.7911411968348171,-0.9640486222680289,0.704539047082041,-0.3769761913745615,0.7915662650602411,0.7552852249911424,-0.26909160159969536,-0.8961166478472187,0.346341463414634,0.34569377990430583,0.44867044463818706,0.4621839581517002,0.8614787768142396,-0.7715877437325904,-0.7875411674024245,-0.3648889030024689,-0.35457802731363497,-0.8460140195915482,-0.9693474172988155,-0.3243059318245667
2014-07-30,-0.37382030674572153,-0.3448276121586136,-0.3347089651058579,-0.9108757499788739,0.10852758706756838,-0.6960458437287546,-0.017671276013286885,-0.785670128585559,-0.9256115674921944,0.6972089089371298,-0.21944685507301065,0.7766265060240964,0.7503247903625843,-0.27315431981209937,-0.875693455741568,0.46585365853658534,0.308612440191387,0.44267654751525765,0.4481255448997383,0.8699224098585123,-0.7556705133306805,-0.5839114287716347,-0.37777783604938153,-0.36785231856268163,-0.7535455707078302,-0.927302422581218,-0.33442752927879216
2014-07-31,-0.34673788337111366,-0.3683634603821684,-0.3671756340057528,-0.8181004652089974,0.0563741895639196,-0.36250721463450863,-0.06674149368013982,-0.7117334322453017,-0.8923277456121739,0.692698054694108,-0.15847262574048226,0.7390361445783136,0.7073343569150823,-0.2607122452866122,-0.8262064902547989,0.4682926829268288,0.4258373205741628,0.405623365300785,0.44256756756756754,0.8404837973528072,-0.7389574214086752,-0.6636535631700652,-0.40266667994074057,-0.39348533172775735,-0.743912487919073,-0.9314587670487939,-0.37382030674572153
2014-08-01,-0.35740671101892074,-0.3481117387382917,-0.33966153113643793,-0.8722592863039612,0.04846462326449519,-0.3381747221931731,-0.09114144549239578,-0.7636931256181999,-0.7876059696666566,0.7158161826895979,-0.22710636531713402,0.6961445783132534,0.6657611905043108,-0.2583634863200661,-0.8363198978840394,0.3853658536585365,0.43062200956937735,0.40747602441150876,0.4043156059285091,0.798722044728434,-0.7365698368483882,-0.5267325345105458,-0.38977774689382794,-0.3802109932503326,-0.7693697163807258,-0.9405111754398492,-0.34673788337111366
2014-08-04,-0.3606892988552963,-0.3574165268644123,-0.3534185825710954,-0.8917083592444851,0.06710031130743355,-0.7502573912260364,-0.08918355912858322,-0.7902757171117707,-0.8968545070579083,0.7113053284465751,-0.25944232728370387,0.6956626506024095,0.6794614385260425,-0.2723925601472734,-0.8798173695321321,0.3743902439024387,0.35885167464114787,0.40943766346992216,0.4069311246730605,0.7555910543130993,-0.7473139673696787,-0.839254432065027,-0.4008888577580254,-0.3916542402900993,-0.8241439140708614,-0.9746133409502464,-0.35740671101892074
2014-08-05,-0.3114485663869706,-0.35604827306466236,-0.3624982640320722,-0.8517723227731397,0.04189460655089228,-0.49207710563697826,-0.10419294523203426,-0.7891320474777449,-0.8871138864469976,0.6853679165491959,-0.254197638003245,0.7127710843373494,0.6789890161804655,-0.32457309718783733,-0.8085325740095242,0.3792682926829265,0.34090909090909083,0.39461639058413267,0.4085658238884049,0.7288909173893199,-0.7469160366096297,-0.6581879335715788,-0.39422223568395043,-0.3847883676316439,-0.8164824737517402,-0.958718527592085,-0.3606892988552963
2014-08-06,-0.29749693205448047,-0.3155446382060516,-0.3041685035196382,-0.8304229783343049,0.04269902864429698,-0.7356208625662363,-0.1036574163181685,-0.7830427794263106,-0.8551840512494064,0.6887510572314639,-0.2702712900426367,0.6944578313253011,0.6664698240226765,-0.31022662350028574,-0.8169767784378221,0.35487804878048745,0.34090909090909083,0.41085440278988683,0.39298169136878824,0.7295755362848011,-0.7298050139275771,-0.6127811645995376,-0.3679999696000009,-0.35778209492379687,-0.7059843130426524,-0.9241860797249122,-0.3114485663869706
2014-08-07,-0.2972233169576892,-0.3015872781296456,-0.3082954538654188,-0.8743849035671802,0.02875593727194481,-0.563437547409328,-0.11110708452301976,-0.7773862512363997,-0.8744632049066862,0.6780377784042857,-0.3272459721540959,0.6766265060240964,0.656785165938349,-0.3015933472989274,-0.8466296823604496,0.28170731707317076,0.3217703349282295,0.4348299912816045,0.41074542284219717,0.7599269739844816,-0.7389574214086752,-0.6129213089482166,-0.3648889030024689,-0.35457802731363497,-0.8836994766617157,-0.9758016526504477,-0.29749693205448047
2014-08-08,-0.30351528787422666,-0.3043239499327375,-0.29398823042978606,-0.908418614426896,0.05838522279504055,-0.6422130448166887,-0.10522323288885316,-0.7712351632047478,-0.8919033617266363,0.7051029038624188,-0.2747236161943932,0.6978313253012047,0.6770993267981575,-0.311496222941662,-0.8173695321321615,0.2975609756097559,0.26076555023923387,0.43297733217088075,0.43450305143853507,0.7802373345504336,-0.7290091524074818,-0.6126410202508583,-0.3639999696888898,-0.35366241075223925,-0.9196973414485505,-0.9776839090877464,-0.2972233169576892
2014-08-11,-0.3026946340761234,-0.31444992022373697,-0.3008667561471148,-0.963990180124937,0.0658937001697173,-0.8209402938626106,-0.06790731528698046,-0.82334940652819,-0.9002899956551175,0.6910064843529744,-0.5016035920461835,0.6934939759036147,0.6782803826620998,-0.31517806132165305,-0.9034807796160832,0.3060975609756098,0.27392344497607635,0.4229511769834353,0.4281822144725371,0.8450479233226837,-0.7413450059689621,-0.8849414897344264,-0.35555561432098637,-0.3449654466561256,-0.9226952581207135,-0.9844164547297185,-0.30351528787422666
2014-08-12,-0.296949893353168,-0.2933772079858392,-0.2945384024307609,-0.9326541180855145,0.06227319201657,-0.8247782795261349,-0.07548628748448394,-0.8319732937685461,-0.8103408206775997,0.6814209190865519,-0.5155642757423688,0.7,0.6624542340852724,-0.3062273852599504,-0.866561932348176,0.3304878048780484,0.27392344497607635,0.418374019180471,0.4225152571926767,0.8601095390232771,-0.7361719060883409,-0.7872608787050662,-0.33511112588641967,-0.32390976064398336,-0.7654484167499911,-0.9661193841286232,-0.3026946340761234
2014-08-13,-0.29394070176527576,-0.30104001492391674,-0.29371300685878454,-0.9465692190685854,0.0798363368259829,-0.8440734157840948,-0.06592224752058096,-0.821927546983185,-0.8671072175573677,0.6791654919650414,-0.6695468437535375,0.6862650602409637,0.6603283335301762,-0.33568209229987955,-0.8174677205557463,0.295121951219512,0.3062200956937797,0.41750217959895375,0.4170662598081951,0.8765403925148334,-0.7329884600079586,-0.7038749912409782,-0.3364444591901232,-0.32528292572999895,-0.892180529283112,-0.9742086924360023,-0.296949893353168
2014-08-14,-0.3308713263456253,-0.30104001492391674,-0.2873849007693563,-0.9599816256530153,0.09217037865587319,-0.8932097322394793,-0.049660017569891135,-0.8332096933728982,-0.8709872987965687,0.6791654919650414,-0.9733992378221334,0.6860240963855422,0.6532419983465219,-0.3370151717133245,-0.8445677254651676,0.27439024390243905,0.2727272727272725,0.4135789014821274,0.41684829991281624,0.8973071656777725,-0.7258257063270985,-0.7369490575292552,-0.3484445033679,-0.33764169487440543,-0.8023723027324222,-0.8742824812827175,-0.29394070176527576
2014-08-18,-0.33853098976157847,-0.340722467617649,-0.32810563544542815,-0.9252263749883536,0.1136221820950758,-0.8172369743627186,-0.04718981917647369,-0.79209940652819,-0.9462244990754495,0.6780377784042857,-0.3601479077840245,0.6836144578313255,0.6454470296445023,-0.3727543959880659,-0.8918945456330698,0.26341463414634125,0.18421052631578894,0.3681342632955542,0.38993025283347915,0.9406663623916014,-0.7389574214086752,-0.838273421624273,-0.3546666810074073,-0.34405006623661905,-0.8946639897354992,-0.9680858660485248,-0.3308713263456253
2014-08-19,-0.35111474010238375,-0.34291190358227785,-0.3327830054191092,-0.9268319635633233,0.1274311908949759,-0.8857862599692413,-0.01343799968412851,-0.8182183481701286,-0.9077268180302526,0.6537919368480409,-0.37524053880692765,0.6759036144578314,0.6480453525451755,-0.39789246492731545,-0.8532083067406352,0.27439024390243905,0.23205741626794207,0.3518962510897996,0.36737140366172616,0.8765403925148334,-0.727019498607242,-0.6621119753345946,-0.3679999696000009,-0.35778209492379687,-0.8628618012299462,-0.9451911826905647,-0.33853098976157847
2014-08-20,-0.38777194107821167,-0.3478380113499986,-0.34929163222531523,-0.9372932073419384,0.13453702450925586,-0.8284353075322783,-0.0023253195073404953,-0.8344770029673592,-0.9482655834773208,0.6199605300253728,-0.41640568992189575,0.623132530120482,0.6265501358214243,-0.3944645464355996,-0.8824684569689233,0.30487804878048763,0.23803827751196138,0.32715780296425523,0.35037053182214484,0.8206298493838431,-0.7039395145244729,-0.6907014224651391,-0.36933334734814793,-0.3591552127814346,-0.901011588016424,-0.9607490941183148,-0.35111474010238375
2014-08-21,-0.3792914323718857,-0.3910783453789666,-0.38863679932843587,-0.8590028883260061,0.14231275759666273,-0.8493590627066678,0.014555309581344655,-0.8245858061325422,-0.8006608263360515,0.6323653791936854,-0.3657699128400559,0.5951807228915664,0.5800165347820951,-0.41236589855900485,-0.8578231626491235,0.28170731707317076,0.27751196172248793,0.313535309503052,0.3260680034873582,0.8728890917389318,-0.6760843613211298,-0.7578305654824469,-0.3955555689876542,-0.38616157994603717,-0.6277684999775751,-0.9477618908987041,-0.38777194107821167
2014-08-22,-0.3916017591081693,-0.38861518202604506,-0.38533502444180945,-0.9298481299551693,0.13815663789849086,-0.8143626934326889,0.014678762478446128,-0.8271513353115728,-0.9465680479351704,0.610374964758952,-0.5434856431347396,0.606506024096386,0.5719853549072873,-0.4189043356820923,-0.8513427266925229,0.27439024390243905,0.24880382775119614,0.31179163034001744,0.3114646904969489,0.9089456869009584,-0.6804615996816556,-0.5575642912199565,-0.39422223568395043,-0.3847883676316439,-0.9044553667457259,-0.9474268199570449,-0.3792914323718857
2014-08-25,-0.37491457564061603,-0.3965517163524157,-0.3812078814973092,-0.9239284700539314,0.1516975255582711,-0.8659230008334573,0.019954030588492877,-0.8485719584569734,-0.9276122343811575,0.5816182689596845,-0.7305210730860658,0.5922891566265063,0.5689146096610371,-0.4168729765758905,-0.8941528793755216,0.25121951219512173,0.24880382775119614,0.30361813426329576,0.30361813426329576,0.9217252396166131,-0.6498209311579783,-0.8339289468152197,-0.4155555240987663,-0.40675957574842636,-0.8170321064651758,-0.9579037375973398,-0.3916017591081693
2014-08-26,-0.37573520208268096,-0.3711001595525256,-0.3658000389186986,-0.9484153209118704,0.15344084836057492,-0.9356001155604017,0.033051778531679954,-0.8692507418397627,-0.9010377196439219,0.5686495630109949,-0.4781345508055693,0.5934939759036146,0.5790716900909412,-0.4087475401510825,-0.8361235210368696,0.26829268292682906,0.21770334928229618,0.30318221447253757,0.3031822144725371,0.9107713372889092,-0.6482292081177876,-0.7714245673043234,-0.39022219132839586,-0.3806687779168416,-0.7635743890502611,-0.9634699434041376,-0.37491457564061603
2014-08-27,-0.35713309592212994,-0.3782157032848752,-0.366625434490675,-0.9767027147664313,0.15236853981922316,-0.9331761246150178,0.035185595953513005,-0.8353115727002969,-0.937676195095335,0.5821821257400615,-0.4917179187261821,0.6043373493975903,0.5748198889807488,-0.41757125626864733,-0.8743188178113799,0.22317073170731705,0.2284688995215305,0.30874019180470835,0.30263731473408884,0.9363304427202195,-0.6442499005173108,-0.727699530516432,-0.39377774680493904,-0.3843305829651349,-0.9309793223776145,-0.9724362953238378,-0.37573520208268096
2014-08-28,-0.3609629139520871,-0.3612479166498188,-0.35121759191206436,-0.9611040209051533,0.15089311813312678,-0.8891739556481197,0.021214235179655372,-0.8656960929772504,-0.9459819939979994,0.5765435579362848,-0.3462626872429537,0.6012048192771087,0.5859218141018072,-0.40176474322351297,-0.7831999607246305,0.19512195121951192,0.18540669856459324,0.3187663469921538,0.30819529206626006,0.9477407576449108,-0.6601671309192207,-0.7240557774507743,-0.37822228048394946,-0.36830996154405726,-0.877739699223391,-0.9721854498647814,-0.35713309592212994
2014-08-29,-0.42141973161783985,-0.3642583432084687,-0.35644513388671983,-0.9527228918795354,0.1585354433880819,-0.8572875330905274,0.024510097187943725,-0.7740788822947577,-0.8652075944506756,0.5483507189173951,-0.40455797456891684,0.6204819277108438,0.6161568442187315,-0.3956706659049072,-0.9298934655604103,0.2036585365853658,0.16866028708133962,0.317567567567568,0.31843940714908436,1.0,-0.6597692001591726,-0.723775488753416,-0.3679999696000009,-0.35778209492379687,-0.8970946854473967,-0.9606905024782432,-0.3609629139520871
2014-09-02,-0.4077417123821405,-0.42282426374632776,-0.4167011017128286,-0.8130713544363865,0.15719408960617542,-0.8298535105680324,0.019424350837209392,-0.8256367457962415,-0.8260632331989453,0.5483507189173951,-0.12338225861223262,0.650843373493976,0.614267154836424,-0.43572652828032776,-0.9958760862094358,0.2987804878048781,0.18540669856459324,0.2919572798605059,0.3163687881429822,0.8811045184847099,-0.6370871468364507,-0.7170485600168173,-0.40711116873086306,-0.3980626116523127,-0.6403185935030776,-0.9085238019382846,-0.42141973161783985
2014-09-03,-0.42607023080193906,-0.41954032873750746,-0.4103727479964747,-0.9585493799741287,0.1557195626839909,-0.8928267753366496,0.029309673355999433,-0.8319732937685461,-0.921549607444906,0.5585001409641954,-0.16190619929819272,0.5896385542168676,0.6123774654541161,-0.4411223259061767,-0.9977416662575481,0.26829268292682906,0.25956937799043045,0.2922842197035749,0.2913034001743684,0.8480146052031037,-0.6191802626343019,-0.7606334524560296,-0.4084444131456799,-0.39943572950995043,-0.876171707018502,-0.9381693408257392,-0.4077417123821405
2014-09-04,-0.4102038652687203,-0.40695119509358557,-0.4216536402293052,-0.8741313895816587,0.1518315934624619,-0.7759449619389234,0.02349302330356684,-0.8154364490603364,-0.8941869512059577,0.44234564420637223,-0.21925819718522443,0.6334939759036147,0.6024565961970003,-0.4442963245096174,-0.9995090578820756,0.33536585365853666,0.2404306220095691,0.272231909328684,0.290976460331299,0.9167047010497491,-0.6283326701154,-0.3992011772125289,-0.4484445011456777,-0.44063191002823987,-0.6193481268077421,-0.9542545770141333,-0.42607023080193906
2014-09-05,-0.4465872596554883,-0.42337171852291355,-0.41119836368127416,-0.9569134563923444,0.163897719507883,-0.7046518532483899,0.019530437945600276,-0.7891320474777449,-0.875271555164853,0.4451649281082606,-0.2807606686035544,0.6221686746987951,0.5937167828038268,-0.44975560210753507,-0.9999999999999999,0.3426829268292684,0.3181818181818179,0.2875980819529209,0.2729947689625112,0.9194431766316749,-0.5451651412654197,-0.45189545231588535,-0.4400000124444443,-0.431935040388882,-0.7803430235779244,-0.9357579286390443,-0.4102038652687203
2014-09-08,-0.44275741426949233,-0.43568690584041914,-0.4458659682119941,-0.8698866554138237,0.15692662853779327,-0.8646983804079248,0.032974384407217894,-0.8231021266073195,-0.881859609768913,0.41528051874823824,-0.29785307323699217,0.5961445783132533,0.5615920633045945,-0.42779153177172624,-0.8594923658500662,0.3573170731707318,0.2966507177033493,0.2634045335658244,0.2870531822144726,0.8952533089913279,-0.5491444488658974,-0.39471655805479644,-0.4791110782419763,-0.4722155571173978,-0.6509823475560692,-0.9666741737205508,-0.4465872596554883
2014-09-09,-0.4594446250930839,-0.45402294627522544,-0.45604626881594923,-0.8991209348382386,0.13989975534514354,-0.7618260563455853,0.016373884974750563,-0.8126236399604353,-0.8790910101346915,0.4383986467437273,-0.39259706448326614,0.5860240963855421,0.5677335537970949,-0.4186504157938171,-0.8749079483528891,0.39512195121951166,0.3325358851674638,0.24313426329555377,0.2596992153443769,0.7784116841624829,-0.5121368881814572,-0.39499684675215474,-0.46266672305185064,-0.4552794608200579,-0.780614761991447,-0.9804084203510737,-0.44275741426949233
2014-09-10,-0.48105592284152765,-0.4649698797929811,-0.4659513733630054,-0.8803955684888617,0.1499550828516174,-0.8516315542179651,0.012755609625021869,-0.7886683976261128,-0.8782220336071621,0.4265576543557943,-0.2764592687620271,0.5790361445783134,0.5471831817644977,-0.4128737383355552,-0.8759880210123225,0.44512195121951237,0.3564593301435406,0.22558849171752415,0.2410636442894507,0.7270652670013691,-0.5304417031436532,-0.1854810454768412,-0.48311112259753064,-0.4763352412889559,-0.7437858525418974,-0.9256801665467368,-0.4594446250930839
2014-09-11,-0.5108741141995061,-0.48795849217807286,-0.48988869788751543,-0.8676006959717278,0.15303887934017668,-0.8536372383925657,0.014555309581344655,-0.8292532146389714,-0.8653086382329465,0.431632365379194,-0.49715126589442715,0.5513253012048194,0.5552143616393059,-0.45407224020821424,-0.8037213412538661,0.45365853658536537,0.39473684210526283,0.20259372275501342,0.22504359197907586,0.6563213144682791,-0.5196975726223645,-0.5348609067339359,-0.47555556720987635,-0.4685537048407269,-0.7828599016992885,-0.8697159953346406,-0.48105592284152765
2014-09-12,-0.5037614894848654,-0.5098521676427268,-0.5091484873537273,-0.8564525809673834,0.13735201044943413,-0.6405494968640668,0.005622880594911894,-0.7699987636003958,-0.8186668283367184,0.4536227798139274,-0.6529826812059013,0.5840963855421688,0.5611196409590176,-0.467720434203009,-0.8338651872944178,0.5256097560975608,0.4126794258373203,0.2028116826503923,0.2004141238012207,0.6686444545869463,-0.5165141265419821,-0.7725457220937566,-0.492888944602468,-0.486405323242707,-0.7564678579186246,-0.9436458281836774,-0.5108741141995061
2014-09-15,-0.4985637601071846,-0.5109468856250414,-0.4984180147487973,-0.9290637533503933,0.135340991886574,-0.8131254480543159,0.008273162062617079,-0.8042470326409497,-0.8928531732799823,0.4406540738652387,-0.9681922801192319,0.5626506024096385,0.5467107594189207,-0.45489747984510887,-0.8689184545142127,0.5036585365853661,0.4904306220095691,0.18602877070619073,0.19213164777680936,0.6725239616613417,-0.5264623955431755,-0.9911709060332142,-0.4915555668543208,-0.48503211092831355,-0.8648035436799714,-0.9603426146153183,-0.5037614894848654
2014-09-16,-0.5338530770913268,-0.4953475717278577,-0.4989682142638747,-0.8907311386678166,0.15545142687560976,-0.6456344070364753,0.01487809985163624,-0.7997341740850644,-0.8745036224195946,0.45080349591203905,-0.28970305248462447,0.5783132530120485,0.5970237392228652,-0.4474703231130577,-0.8199224311453679,0.5073170731707313,0.4653110047846889,0.19104184829991322,0.18722755013077608,0.7058420812414425,-0.5101472343812183,-0.5071123256954664,-0.4875555669432097,-0.48091252121351147,-0.804141680363514,-0.9242208685112047,-0.4985637601071846
2014-09-17,-0.5272876825702681,-0.5005474068838716,-0.5248315259892369,-0.852071339268883,0.1590719350287575,-0.49806974991862163,0.03487639638451512,-0.7545746785361029,-0.8734527670839776,0.39780095855652675,-0.32592536693959184,0.6243373493975903,0.594425416322192,-0.4554687995937283,-0.8893416466198634,0.5414634146341459,0.4653110047846889,0.15453356582388889,0.18973408892763732,0.6823368324965764,-0.5212892956625552,-0.06804008128372219,-0.5128888997135801,-0.5070034135018517,-0.6771993882807754,-0.9245431225315982,-0.5338530770913268
2014-09-18,-0.5461634311836487,-0.5320198168010624,-0.5333608428505188,-0.9162082108196303,0.1734170100897683,-0.7348970319367119,0.04931967207997889,-0.7623330860534125,-0.8194347610819769,0.4299407950380605,-0.313058898992567,0.6072289156626509,0.5892287705208457,-0.493810702723291,-0.7919387304236829,0.5365853658536586,0.5107655502392343,0.15126416739320003,0.15333478639930265,0.6474212688270193,-0.4711500198965384,-0.5491556302992082,-0.5262222771950607,-0.5207353477322738,-0.7335213516919454,-0.9399911746342141,-0.5272876825702681
2014-09-19,-0.5527288257047078,-0.5462506853276388,-0.5462924987131998,-0.7957023962488599,0.170980949332189,-0.6227074926780534,0.06743747637350772,0.05467977250247258,-0.7448038234967211,0.3769382576825482,-0.44583632041655674,0.5867469879518075,0.5549781504665172,-0.562051672697264,-0.7320437920369187,0.4878048780487805,0.5107655502392343,0.12478204010462068,0.15050130775937243,0.5604746691008673,-0.5105451651412656,-0.48174619858454204,-0.5471111211753086,-0.542248865639303,-0.5870112555985589,-0.9566440173358014,-0.5461634311836487
2014-09-22,-0.5322117968511586,-0.5517240563010879,-0.5501444456008011,-0.8678260417366359,0.15010370167057374,-0.6062782207148963,0.04847475416620606,-0.7963340751730961,-0.7744702779714452,0.3887792500704821,-0.3977285590310532,0.5633734939759039,0.5360812566434392,-0.6061067733130199,-0.7259561097746574,0.47317073170731705,0.4389952153110044,0.10865300784655663,0.11867916303400206,0.5184847101780008,-0.4659769200159172,-0.7464788732394366,-0.5684444540345678,-0.5642201209844626,-0.6794849809563259,-0.9466578046811058,-0.5527288257047078
2014-09-23,-0.5472574812302353,-0.5347564886041543,-0.5300592605626129,-0.9314602188887421,0.13474808611466038,-0.6658679981222486,0.028470417106866375,-0.78771018793274,-0.8366930390938394,0.38708767972934854,-0.31766215145455245,0.5277108433734938,0.5240344868312272,-0.5883958611058211,-0.7801561195934998,0.42560975609756113,0.4234449760765546,0.11933304272013956,0.10832606800348765,0.5737106344135099,-0.47592518901711056,-0.6546843248546003,-0.5524444099456798,-0.5477416204401206,-0.7370337245838842,-0.96891713494204,-0.5322117968511586
2014-09-24,-0.5379565375741135,-0.5421455681539391,-0.5413399326826203,-0.9130382026075106,0.1556257884923622,-0.6831936417370841,0.024229590602874662,-0.7770771513353116,-0.8371376317358312,0.3493092754440372,-0.22567256536995817,0.5518072289156628,0.551907405220267,-0.5976639370278676,-0.759045608522755,0.47317073170731705,0.39354066985645897,0.0819529206625984,0.11867916303400206,0.5931081697854861,-0.47831277357739754,-0.5686356947656086,-0.5671111651753076,-0.5628469558984477,-0.7823595160769768,-0.906363235210646,-0.5472574812302353
2014-09-25,-0.5469840576257141,-0.5410508501716249,-0.5605999422616552,-0.8671738390901232,0.11225351601146238,-0.5021349847332758,0.007194550194115745,-0.7369250741839763,-0.818848707144806,0.3323935720327036,-0.3253216616986757,0.5804819277108437,0.5582851068855557,-0.6130260902685203,-0.7177082821935292,0.397560975609756,0.4366028708133971,0.07901046207497853,0.0793374019180475,0.51665905979005,-0.4444886589733388,-0.45413776189475163,-0.5608888986469134,-0.5564385845362341,-0.7259241084737535,-0.940835260448995,-0.5379565375741135
2014-09-26,-0.5478047114238174,-0.5591133547889955,-0.5501444456008011,-0.9418521255089239,0.13326662110509258,-0.6988864581178762,0.00764079529447681,-0.7951904055390704,-0.9272484767649823,0.29574288130814796,-0.41863185299777395,0.570843373493976,0.5663162867603639,-0.5953786580333906,-0.8008738769699051,0.42682926829268286,0.36363636363636287,0.04816913687881463,0.0773757628596341,0.42902784116841586,-0.4385196975726222,-0.6607105318478033,-0.5773333427259258,-0.5733748225187079,-0.7758034970711173,-0.9633893798990392,-0.5469840576257141
2014-09-29,-0.5702366629703643,-0.5509030657070664,-0.5413399326826203,-0.9447924543837336,0.12841711804816835,-0.7343836171878633,0.0049965543532315415,-0.8089453511374878,-0.9553184394798268,0.29574288130814796,-0.40116213258876365,0.5913253012048194,0.583795913546711,-0.5930933790389132,-0.8503608424566742,0.3670731707317074,0.3851674641148324,0.056015693112467346,0.04707933740191805,0.4561843906891827,-0.39594110624751266,-0.6949057529255133,-0.5875555647209876,-0.5839025474538343,-0.8402600246411339,-0.9579165545186056,-0.5478047114238174
2014-09-30,-0.5549173361384581,-0.552271538444939,-0.5702298507518124,-0.8121721381629554,0.12141380090898579,-0.5820846027548068,0.0209782777188523,-0.7098170128585559,-0.8620348196873706,0.2658584719481265,-0.05508810323359625,0.6156626506024099,0.5906460375575766,-0.6517488732304959,-0.6232510187048946,0.38658536585365866,0.33133971291865993,0.0316041848299915,0.0554707933740195,0.389776357827476,-0.401512136888182,-0.5051503048139584,-0.6048888532246922,-0.6017541658558144,-0.6542124290863874,-0.8067025174264354,-0.5702366629703643
2014-10-01,-0.6140062698125255,-0.5547344828597378,-0.5498694696567252,-0.8804540717162898,0.08544951354766406,-0.3864146669968793,-0.02560211032682913,-0.7037895647873393,-0.8405731203330404,0.26134761770510284,-0.10776138550352798,0.5453012048192771,0.5462383370733437,-0.6495905541801563,-0.733222053119937,0.25731707317073127,0.3564593301435406,0.009045335658239395,0.030296425457716047,0.43359196713829284,-0.37684042976522125,-0.455539205381543,-0.6031111199308642,-0.5999233577884234,-0.7547670744501696,-0.8928706790954183,-0.5549173361384581
2014-10-03,-0.575160749895216,-0.6026271972681339,-0.6095750178549331,-0.787661452656805,0.1146781648620987,-0.6230441580871344,-0.020563178539405147,-0.7541728486646886,-0.7561409358675115,0.2010149422046803,-0.13941817907406717,0.5445783132530122,0.5176567851659386,-0.7089443280644958,-0.8227698954293288,0.31463414634146325,0.2799043062200952,-0.11573670444638173,-0.032258064516129004,0.29666818804198947,-0.4027059291683255,-0.22261929787681312,-0.6373333858370359,-0.635168998839386,-0.40609151340708094,-0.8984313919359592,-0.6140062698125255
2014-10-06,-0.5661332024875776,-0.5807334944362146,-0.5952675743064777,-0.8669051576011944,0.11158003748268674,-0.693706019135641,0.004213928281285639,0.9999999999999998,-0.8723817029919065,0.27826332111643737,-0.2752518582801948,0.5053012048192771,0.49214597850478325,-0.6626039484542625,-0.8758898325887376,0.295121951219512,0.2834928229665068,-0.07051002615518698,-0.16336094158674808,0.34938384299406655,-0.31715081575805826,-0.3928946815219676,-0.6137777863604937,-0.6109091035319482,-0.6553310415847715,-0.9358000413803458,-0.575160749895216
2014-10-07,-0.535767999784325,-0.5719759968830873,-0.5636265210913827,-0.9182449898486067,0.07076737652052634,-0.5121802388767327,-0.03726598999284647,-0.7805081602373889,-0.8704618711287602,0.28728502960248115,-0.20344866618873347,0.5219277108433735,0.48836659974016783,-0.650606233733257,-0.7049437871274975,0.198780487804878,0.26196172248803773,-0.026809067131647435,-0.07203574542284219,0.4447740757644909,-0.3863907680063665,-0.40312521897554476,-0.6466666745185183,-0.6447812961266283,-0.5197063114544338,-0.9397842729052115,-0.5661332024875776
2014-10-08,-0.5311175279562641,-0.5424192955422322,-0.5702298507518124,-0.8013208728681533,0.11629481256368202,-0.34995801151101114,-0.0474197361108164,-0.6954747774480714,-0.5461517475522144,0.3233718635466598,-0.26004603252462,0.47325301204819303,0.4423054210464157,-0.6484479146829174,-0.7462811134567233,0.17073170731707288,0.17942583732057393,-0.0049040976460328345,-0.027353966870095725,0.48790506617982654,-0.4003183446080385,-0.2866652652231799,-0.579111076019754,-0.5752056778144765,-0.03680076825462164,-0.8823882684888666,-0.535767999784325
2014-10-09,-0.5324854119479494,-0.5273672174835116,-0.5251067220461358,-0.889301059775131,0.06376360466525721,-0.2479315592889879,-0.05016855451207958,-0.7378832838773492,-0.7141875574686513,0.29912602199041416,-0.2266913179640042,0.4566265060240966,0.42671548364237655,-0.6366406398781184,-0.6975796553586331,0.18170731707317067,0.15311004784688986,-0.02855274629468152,-0.0049040976460328345,0.5063897763578273,-0.43135694389176304,-0.22444117440964195,-0.6111111641975298,-0.6081626316747837,-0.35844583215711945,-0.8740243118686521,-0.5311175279562641
2014-10-10,-0.5070442688135102,-0.5415983049482107,-0.5333608428505188,-0.9317505682396813,0.03413030003868922,-0.20078156874718178,-0.07048963938228114,-0.6044757665677548,-0.7968817888791214,0.26360304482661423,-0.2975889521940913,0.3812048192771085,0.3924648635880481,-0.6417190376436235,-0.8041140949482055,0.1317073170731704,0.1363636363636358,-0.034219703574542404,-0.028879686137750493,0.4358740301232311,-0.40827695980899303,-0.6064746689089762,-0.6311111193086419,-0.6287605330204169,-0.5835982563012094,-0.8798120673144705,-0.5324854119479494
2014-10-13,-0.5051293734765507,-0.5161467481483202,-0.5130004617554311,-0.9156101778281436,-0.008029758028849088,-0.16278046069715413,-0.11561293840059506,-0.6926928783382791,-0.8062788606303112,0.334085142373838,-0.49058597139946436,0.3956626506024097,0.3775835597023742,-0.6410842379229353,-0.7798615543227453,0.0731707317073167,0.038277511961722244,-0.022340889276373233,-0.017763731473408928,0.4399817434961206,-0.3887783525666535,-0.699670660780604,-0.615555519654322,-0.6127399115993392,-0.6387541189475545,-0.9258138287256501,-0.5070442688135102
2014-10-14,-0.4878949324593771,-0.5120416036073561,-0.5014445935785248,-0.9204096092634444,-0.004124098884730643,-0.2262923901203011,-0.12273207672941178,-0.6847181008902079,-0.7361746844907899,0.2810826050183257,-0.5089612496698488,0.39012048192771087,0.3709696468642969,-0.628388243509173,-0.763267710736904,0.02317073170731687,0.045454545454545414,-0.02855274629468152,-0.02419354838709653,0.48174349612049294,-0.4269797055312372,-0.5822296965874851,-0.6044444087901244,-0.6012965701028168,-0.7244493339770632,-0.7369125501462044,-0.5051293734765507
2014-10-16,-0.49418690337591453,-0.48932671861055743,-0.48686214657189053,-0.8907116375920072,-0.02338469884476302,0.003246085791183795,-0.18814758013605726,-0.6190034619188922,-0.6857942546505402,0.365661122074993,-0.987095800475418,0.29590361445783153,0.35278138655958413,-0.6201358471402272,-0.7145662526388138,-0.032926829268292934,-0.10885167464114831,-0.05002179598953793,-0.037053182214472624,0.25764491099954334,-0.46040588937524873,-0.16263751664214143,-0.6048888532246922,-0.6017541658558144,-0.788725582017073,-0.6697189249166442,-0.4878949324593771
2014-10-17,-0.47202837543388876,-0.5008209427013068,-0.49951860637767265,-0.8579151616530846,0.0062479310418064316,-0.2314349542440146,-0.15274141218425674,-0.5997156280909991,-0.7308597815433429,0.3397237101776147,0.014790778402445026,0.35156626506024113,0.34852958544939217,-0.6358788802132929,-0.8062742402670724,0.025609756097560776,-0.05622009569378017,-0.03585440278988683,-0.04969485614646896,0.3064810588772251,-0.4584162355750099,-0.6291780533949969,-0.6346666303407417,-0.6324225269822217,-0.5621933599091744,-0.8814636191689874,-0.49418690337591453
2014-10-20,-0.46601021110641216,-0.4835796202488152,-0.46870272862173135,-0.9668026686138853,0.030897224659435008,-0.5875175407938528,-0.12526419003580536,-0.7344522749752721,-0.8732102620065275,0.36002255427121543,-0.10923291702826099,0.3616867469879519,0.3369552379827565,-0.6328318415539895,-0.8311159114340418,0.018292682926829062,0.0191387559808609,-0.02517436791630301,-0.04228421970357443,0.33204016430853445,-0.43414245921209726,-0.7541868124167893,-0.6119999641777787,-0.609078059322668,-0.7513927692958459,-0.9081704211091031,-0.47202837543388876
2014-10-21,-0.48461234462300196,-0.46606459777529574,-0.4585224280177762,-0.9335988368691673,0.08167770228382443,-0.48257051614805113,-0.09719178756658753,-0.7011003956478735,-0.8707852112320269,0.3126585847194816,-0.06852054484398007,0.33542168674698813,0.3331758592181411,-0.6245794451850442,-0.7864401787029308,0.05975609756097544,-0.031100478468899517,0.007192676547515209,-0.024520488230165505,0.3945686900958467,-0.4500596896140081,-0.5473337537663794,-0.6164444529679011,-0.6136553392472236,-0.8507364638653867,-0.913148879526433,-0.46601021110641216
2014-10-22,-0.5070442688135102,-0.4854953288251509,-0.4766818459679354,-0.9514943241035465,0.06308946606474342,-0.4957299253255081,-0.08673827863167727,-0.7414688427299705,-0.8737963159436986,0.27544403721454724,-0.04429687205222055,0.33180722891566283,0.3135703318766978,-0.6544150320573858,-0.7899749619519858,0.051219512195122,0.01674641148325362,-0.0276809067131647,0.007628596338273841,0.3977635782747604,-0.4230003979307604,-0.5215471936094177,-0.6457777412049392,-0.6438658684787438,-0.6895516140294411,-0.8614509121070468,-0.48461234462300196
2014-10-23,-0.5116947679976094,-0.5120416036073561,-0.5143762494412059,-0.8934829571431357,0.09326172659981191,-0.4825915577361187,-0.08514924324376372,-0.7186881800197825,-0.8390372548425233,0.27431632365379155,0.114817190506735,0.2804819277108437,0.295145860399197,-0.6596203897670283,-0.9500220923953064,0.12073170731707306,0.01674641148325362,-0.039232781168264896,-0.028334786399302647,0.40963030579643966,-0.3911659371269396,-0.7205521687337958,-0.6404444968790112,-0.638373113677926,-0.7225867386377728,-0.8860447530270821,-0.5070442688135102
2014-10-24,-0.5196280191543154,-0.5172414661306348,-0.507772699667953,-0.9543024790200927,0.11346617047265006,-0.6383708508355509,-0.05003679564947383,-0.746568991097923,-0.9162144957410047,0.28728502960248115,-0.2578198694487417,0.31783132530120506,0.2854612023148697,-0.6579699104932395,-0.9097648387255142,0.10731707317073136,0.08732057416267924,-0.06081081081081052,-0.04032258064516103,0.4169329073482424,-0.38678869876641464,-0.6482376848153598,-0.6444444967901223,-0.6424927506211063,-0.8982220920691958,-0.9155145169943221,-0.5116947679976094
2014-10-27,-0.5185337776154593,-0.5243567909248616,-0.5107992784976805,-0.979588873986215,0.10982932187691308,-0.7855483427329614,-0.03455190510197248,-0.8016505934718102,-0.9177099437186134,0.3030730194530591,-0.18156435120552394,0.30072289156626497,0.2691626313924651,-0.6629848282866755,-0.8669546860425155,0.09878048780487791,0.10167464114832514,-0.04457279860505681,-0.06135571054925926,0.44545869465997256,-0.3967369677676089,-0.6898605563730642,-0.6604444075456799,-0.6589710150235595,-0.7907508686395404,-0.923680726829295,-0.5196280191543154
2014-10-28,-0.5647653184958923,-0.5213463917334766,-0.5107992784976805,-0.9618970646547336,0.14013632505617046,-0.6854661332483813,-0.0161192395748051,-0.7667532146389714,-0.9124354582840746,0.3233718635466598,-0.2932498207750067,0.28602409638554205,0.2783748671312156,-0.6521297530629089,-0.8262064902547989,0.14878048780487774,0.07177033492822948,-0.02517436791630301,-0.04522667829119431,0.4698767685988132,-0.41146040588937627,-0.6054936584682222,-0.6417777412938281,-0.6397461843071859,-0.7551610511791602,-0.9442848432582078,-0.5185337776154593
2014-10-29,-0.5981397401430755,-0.5369457056306599,-0.5622507334056084,-0.8613430174231279,0.13609504317221166,-0.5347199880147114,-0.0025514613542672038,-0.7896884272997033,-0.788818495053907,0.2658584719481265,-0.12375957438780527,0.30722891566265087,0.3064839966930437,-0.6608899892084046,-0.8536010604349746,0.17439024390243896,0.11244019138755945,-0.04479075850043568,-0.023757628596338343,0.5073026015518027,-0.4257859132510946,-0.5019269847943382,-0.6813333848592582,-0.6804845801589664,-0.4431895230331284,-0.8791950241049669,-0.5647653184958923
2014-10-30,-0.6673504627636375,-0.5938696723477417,-0.5952675743064777,-0.8623960755168327,0.15320113964172588,-0.6577164869048728,0.0023542019221793886,-0.7781590009891197,-0.666333222185173,0.2551451931209483,-0.31954873033241527,0.31638554216867476,0.2878233140427542,-0.7661397828984957,-0.5772988364671805,0.1585365853658538,0.12918660287081307,-0.0695292066259805,-0.04544463818657318,0.41602008215426745,-0.37325905292479167,-0.5080933361362203,-0.7453332945481491,-0.7463982989660689,-0.04707318381564718,-0.909038309777663,-0.5981397401430755
2014-10-31,-0.6813020970961277,-0.6746032420439354,-0.6855137766896258,-0.6380036965372591,0.18391259077746547,-0.5164306396663814,0.05802746886785837,-0.6500989119683482,-0.5594895268119677,0.2055257964477022,-0.19311021393804484,0.2966265060240967,0.27010747608361885,-0.8414905097441756,-0.5492169473219106,0.1914634146341463,0.1255980861244015,-0.09099825632083691,-0.07007410636442923,0.4666818804198991,-0.3609231993633113,-0.09382664144068387,-0.7893333824592582,-0.7917140691991608,-0.1283933224462087,-0.9332458120709763,-0.6673504627636375
2014-11-03,-0.6793872017591682,-0.6800766130173845,-0.6761590917704701,-0.889749584518746,0.18539405578703327,-0.7407465934194958,0.08336294649079257,-0.7786226508407519,-0.7419139713237747,0.18184381167183528,-0.10708221710749732,0.2845783132530122,0.2618400850360223,-0.8308893544086842,-0.7675880013746379,0.20487804878048754,0.12799043062200965,-0.10472972972972938,-0.09960767218831723,0.5241898676403465,-0.2908873855949068,-0.4399831826781585,-0.7582222275950616,-0.7596725429867381,-0.3888655844618394,-0.6730018877494035,-0.6813020970961277
2014-11-04,-0.7458623752446671,-0.6792556224233635,-0.6739579085127194,-0.8932099420818049,0.17596563508112872,-0.7418281310461687,0.07147707892708555,-0.7744188921859546,-0.7418533450544122,0.2173667888356361,0.14005961589254046,0.22843373493975894,0.20231486949332722,-0.8277153558052435,-0.870096715597231,0.1914634146341463,0.1662679425837319,-0.11617262423714037,-0.10723626852659107,0.4614331355545409,-0.2721846398726626,-0.545932310279588,-0.7893333824592582,-0.7917140691991608,-0.4476534200785668,-0.7872464309451747,-0.6793872017591682
2014-11-05,-0.7434004412063953,-0.7304324907787025,-0.7402670064841796,-0.7387180859477416,0.1930719662428162,-0.7487045220266499,0.09223723565166608,-0.7909866468842731,-0.555750906867946,0.18353538201296882,0.3316605667282948,0.20722891566265056,0.22404629738986692,-0.9299181108360313,-0.4768520791398694,0.20487804878048754,0.15669856459330145,-0.15300784655623367,-0.11737140366172616,0.3117298037425833,-0.29287703939514476,-0.5082334804848995,-0.8168888929580247,-0.8200933653078897,-0.28329389168981733,-0.7653404815134219,-0.7458623752446671
2014-11-06,-0.6588701729056194,-0.7400109789258509,-0.738065823226429,-0.8804302370680783,0.203981851958289,-0.683980597130811,0.10278927958716588,-0.8075544015825916,-0.7108126951408046,0.12094727939103489,-0.19533637701392303,0.24240963855421716,0.21412542813275093,-0.9190630356122642,-0.8235554028180077,0.24878048780487783,0.16985645933014304,-0.17927201394943326,-0.15224498692240607,0.2877681424007301,-0.25507361719060917,-0.22990680400812835,-0.7893333824592582,-0.7917140691991608,-0.13579269788756376,-0.9026536519986157,-0.7434004412063953
2014-11-07,-0.7275338841809074,-0.6672139435560278,-0.7111019198721915,-0.7959992459584021,0.20654122878485426,-0.7578323629303609,0.11303778755127603,-0.7698751236399606,-0.7110754089747089,0.16549196504088037,-0.30604082556691703,0.2187951807228916,0.22499114208102045,-0.9450898241604775,-0.530855712111542,0.1499999999999999,0.22129186602870776,-0.1326285963382734,-0.1790540540540544,0.37882245549977167,-0.20771985674492655,-0.08738000140144353,-0.7257778283160483,-0.7262579933734334,0.15860729226301795,-0.8983801242508966,-0.6588701729056194
2014-11-10,-0.6843112886840199,-0.6921182645174548,-0.7234833762197947,-0.8473087431989998,0.2151616483417058,-0.8555537062337598,0.12350300061025665,-0.8052052423343226,-0.7565653197530491,0.1468846912884132,-0.21371165528430758,0.23445783132530118,0.23562064485650192,-0.8786897733764998,-0.7787814816633118,0.22195121951219487,0.1267942583732058,-0.16641238012205717,-0.15224498692240607,0.3500684618895482,-0.25109430959013146,-0.5054305935113166,-0.7786666271407416,-0.7807281817705025,-0.06011398942770496,-0.8816430560667066,-0.7275338841809074
2014-11-11,-0.6990835768146137,-0.6778871770527557,-0.7072499454704877,-0.8461235111470317,0.217855547788548,-0.905294337098445,0.1307380397283726,-0.8625432739861524,-0.676235512847717,0.1773329574288134,-0.23819944911896773,0.20192771084337346,0.19215778906342273,-0.8945597663937028,-0.7422553880897441,0.23536585365853657,0.20454545454545459,-0.16913687881429773,-0.16706625980819556,0.37950707439525333,-0.2351770791882215,-0.6265153107700931,-0.7444444945679002,-0.7454827296330513,-0.2789416800117491,-0.9299738351707305,-0.6843112886840199
2014-11-12,-0.6944331049865529,-0.6940339730937906,-0.6973448684375341,-0.9213088255368755,0.21489217772158709,-0.755390276219239,0.12131104336286436,-0.7911411968348171,-0.7779461840815627,0.15703411333521355,-0.6053276987510849,0.21204819277108444,0.1954647454824614,-0.8801498127340825,-0.794000687318965,0.23780487804878048,0.20454545454545459,-0.17251525719267624,-0.16913687881429773,0.38384299406663613,-0.24035017906884182,-0.545932310279588,-0.743555561254321,-0.7445673019851669,-0.6314804994710336,-0.9085256329270368,-0.6990835768146137
2014-11-13,-0.6178361151985214,-0.691570809740869,-0.697620064494433,-0.9269143014389628,0.21799051045665108,-0.775431968021836,0.13053341761939263,-0.7770462413452028,-0.8200208150191479,0.17846067098956908,-0.9612496698486965,0.19734939759036152,0.1720798393764027,-0.8758966546054721,-0.7776032205802935,0.2036585365853658,0.20933014354066914,-0.1798169136878811,-0.17262423714036634,0.37106344135098146,-0.22960604854755218,-0.66449442926214,-0.7568888498469143,-0.7582993306723448,-0.5473392060489499,-0.696000937466241,-0.6944331049865529
2014-11-14,-0.6293255966444318,-0.6242473642826178,-0.7133030756158396,-0.7254248526043687,0.21866398898542672,-0.7962227403596386,0.1362005641586892,-0.8008160237388725,-0.6942010973354755,0.2043980828869465,-0.033732030336188545,0.13614457831325288,0.1531829455533249,-0.9167142766457181,-0.503559330354951,0.17195121951219505,0.17105263157894735,-0.14189189189189166,-0.18047079337401906,0.37334550433591973,-0.22562674094707535,-0.23859575362623497,-0.7088888953580247,-0.7088638762676952,-0.06776575621106962,-0.8724936052717828,-0.6178361151985214
2014-11-17,-0.6019695581730327,-0.6365627431709808,-0.6332371463225441,-0.9146416243962793,0.22041492461511325,-0.7961238448957211,0.13496565439289032,-0.8086053412462909,-0.7363767720553316,0.16323653791936898,-0.33003810889333296,0.1722891566265059,0.14869493327034378,-0.8162889608328574,-0.7049437871274975,0.19756097560975583,0.13277511961722466,-0.16761115954664296,-0.17044463818657363,0.3674121405750794,-0.24950258654993984,-0.6000280288697358,-0.6924444957234558,-0.6919279688838665,-0.5257971213316415,-0.9129145129661468,-0.6293255966444318
2014-11-18,-0.6394474129469643,-0.6119321769651118,-0.6059980469114077,-0.9114846169013658,0.23630905603170005,-0.8145263969878546,0.14177332771366524,-0.7557801681503462,-0.6865419786393445,0.21229207781223636,-0.25280156963362643,0.16240963855421686,0.1555450572812096,-0.8073382847711548,-0.7145662526388138,0.16951219512195115,0.15909090909090873,-0.16412380122057524,-0.1681560592850917,0.40369694203560025,-0.22562674094707535,-0.6336626725527292,-0.6520000521777767,-0.6502740509274461,-0.3387135780386116,-0.8857920765792735,-0.6019695581730327
2014-11-19,-0.6071672601946756,-0.6070060691973915,-0.6519467637877812,-0.7725719535527711,0.23186422095517134,-0.7879933752664128,0.1383849692982797,-0.7979413946587538,-0.6127800175816183,0.22187764307865887,-0.11093083801833759,0.14240963855421707,0.14137238691390142,-0.8276518758331748,-0.6300260199322498,0.21951219512195097,0.1375598086124401,-0.19474716652135982,-0.16466870095902353,0.37266088544043807,-0.24233983286908156,-0.3572980169574662,-0.7013332955259269,-0.7010825287329775,0.022354661720851432,-0.8956739228750917,-0.6394474129469643
2014-11-20,-0.5926686145169113,-0.6160372941388115,-0.6186547268300129,-0.9110274250129466,0.23671304927209613,-0.8281100045807537,0.13440124306418655,-0.7857010385756678,-0.8249517515939657,0.213983648153369,-0.26476247971927713,0.13036144578313258,0.13735679697649728,-0.8091792039611501,-0.756983651627473,0.19512195121951192,0.1866028708133971,-0.1571490845684389,-0.1960549258936357,0.35988133272478295,-0.23915638678869922,-0.46310700021021656,-0.678222273817283,-0.6772804180920485,-0.5271953869546215,-0.8866508103040722,-0.6071672601946756
2014-11-21,-0.6003282505768262,-0.5903120099506283,-0.6081992301691588,-0.8903021150000109,0.2515294742273375,-0.5356866385705354,0.15704189009514957,-0.5903499010880318,-0.7620418927521295,0.1294051310967026,-0.04505150360336574,0.18240963855421688,0.18908704381717278,-0.8046721259442644,-0.677451028523737,0.16341463414634116,0.1650717703349276,-0.1126852659110722,-0.15747602441150832,0.4872204472843449,-0.2439315559092723,-0.2262630509424708,-0.6706667184296285,-0.6694989761005752,-0.6371096178689554,-0.8210593002327187,-0.5926686145169113
2014-11-24,-0.5929422296137021,-0.6064585870535399,-0.5993947172509779,-0.9308058494560284,0.2593416872794845,-0.8573977910120014,0.17099210805991172,-0.7616839762611277,-0.8470399223983753,0.15928954045672405,-0.4731539825680112,0.18843373493975912,0.16806424943899856,-0.7858185742398272,-0.8222789533114045,0.15487804878048772,0.12918660287081307,-0.1546425457715781,-0.1210767218831732,0.4659972615244179,-0.18623159570234815,-0.6360451264802747,-0.6835555625876543,-0.6827732673496221,-0.682598100645225,-0.8642028882016577,-0.6003282505768262
2014-11-25,-0.5989603665851408,-0.6037219152504485,-0.5963681384212505,-0.8364033082491719,0.2573217064092437,-0.8017322697792506,0.17054775340271178,-0.7534000989119685,-0.6828033586953228,0.1773329574288134,-0.0744066709429122,0.16144578313253044,0.1574347466635173,-0.7636005840157432,-0.7139771220973046,0.09878048780487791,0.12320574162679421,-0.12173060156931115,-0.1551874455100264,0.48973071656777734,-0.20374054914444972,-0.5267325345105458,-0.6480000522666656,-0.6461543667558881,-0.3997535886619127,-0.5650779177263514,-0.5929422296137021
2014-11-26,-0.6823963659910222,-0.6072797965856847,-0.5941669826776024,-0.963545988953724,0.26446045560087583,-0.8730232743109774,0.17059985270181022,-0.8175074183976262,-0.8074711772611074,0.19481251762052398,-0.2805720107157681,0.1216867469879519,0.10759418920514952,-0.7583952263061002,-0.8731405567283617,0.08170731707317058,0.0681818181818179,-0.10854402789886652,-0.1223844812554491,0.5114103149246918,-0.2276163947473142,-0.6151636185270829,-0.6608888964246912,-0.6594287996900684,-0.7193443453346737,-0.7444250969966291,-0.5989603665851408
2014-11-28,-0.5601148466678314,-0.6486042031001942,-0.6775348794562444,-0.824171800144308,0.25853414084651805,-0.8910251945663044,0.1738122800591757,-0.7772626112759645,-0.8433417199672619,0.16436425148012468,-0.05478625061313824,0.11759036144578316,0.09058698476437943,-0.8883387291309592,-0.7660169865972801,-0.0060975609756099836,0.015550239234449315,-0.1702266782911943,-0.137750653879686,0.5607028753993606,-0.210903302825308,-0.6256744446780184,-0.7382221835950626,-0.7390746416411048,-0.045458582756658816,-0.6480528350114345,-0.6823963659910222
2014-12-01,-0.5995076241347608,-0.5519977836893806,-0.6282846078060675,-0.6935644283042949,0.23913746343055875,-0.6971130730755416,0.15811106327862534,-0.7589638971315531,-0.5857811189588449,0.17451367352692504,0.35203561860921395,-0.06554216867469864,-0.006732018424471464,-1.0,-0.938435858412293,0.07073170731707323,-0.028708133971292238,-0.11312118570183038,-0.19627288578901458,0.5410771337288911,-0.19220055710306383,-0.39415598066007984,-0.6777778293827149,-0.6768226334255396,-0.2679455080936717,-0.5430785878682347,-0.5601148466678314
2014-12-02,-0.5669538562856813,-0.5971538262946847,-0.6013207044518301,-0.894336670906345,0.2570522357891245,-0.8210951599507879,0.16822026220529773,-0.772626112759644,-0.76703345559631,0.12545813363405678,-0.09066898087009023,0.012289156626505982,-0.011928664225817842,-0.8112105630673523,-0.9902793460650988,0.14146341463414602,0.038277511961722244,-0.13295553618134237,-0.11246730601569288,0.5180282975810129,-0.2196577795463588,-0.4908555812486861,-0.7008888510913589,-0.7006248385232242,-0.5619268979697009,-0.6457586061048826,-0.5995076241347608
2014-12-03,-0.5792642103780028,-0.5684181155478512,-0.5782089405839139,-0.9077555778493781,0.2678282736243194,-0.8444732059573785,0.1830539066816388,-0.7187500000000001,-0.776814493720129,0.08486044544685711,-0.11957136927894962,-0.027469879518072116,-0.03814810440533822,-0.7901986923125754,-0.997839854681133,0.1268292682926826,0.107655502392344,-0.11835222319093264,-0.13360941586748032,0.48973071656777734,-0.16792678074015122,-0.5155209866162147,-0.6986666733629628,-0.6983361985609464,-0.5800005804121455,-0.7936768634430278,-0.5669538562856813
2014-12-04,-0.6189303840934155,-0.5799125312094584,-0.5768331528981396,-0.9540207968139577,0.2647301462449074,-0.7503558658581927,0.17517139851274655,-0.7902448071216618,-0.8544565360170563,0.12320270651254628,-0.324491566992416,-0.03277108433734921,-0.0388567379237037,-0.7806766965022534,-0.9969561588688692,0.07073170731707323,0.09569377990430583,-0.09361377506538782,-0.1185701830863124,0.5107256960292106,-0.14444886589733397,-0.05528694555392055,-0.7008888510913589,-0.7006248385232242,-0.6059054297556202,-0.892286593683455,-0.5792642103780028
2014-12-05,-0.5819997595130655,-0.6116584495768191,-0.6145275563714097,-0.8953572272070344,0.26930972396562636,-0.7515809071154865,0.19222795672648418,-0.7814663699307617,-0.8514050137924764,0.07020016915703398,-0.30377693091348157,-0.045060240963855414,-0.06814692334947425,-0.8010537675363425,-0.9989199273405664,0.15731707317073162,0.05143540669856428,-0.11944202266782877,-0.0941586748038361,0.518712916476495,-0.16872264226024658,-0.4025646415808283,-0.720888895091358,-0.7212228343256133,-0.6307681754744211,-0.808242378967066,-0.6189303840934155
2014-12-08,-0.5160716247288795,-0.584838420039056,-0.6084744262260577,-0.9193327165215281,0.25058697979452926,-0.6776714873646316,0.1731357410956207,-0.7518855093966371,-0.7412874998736954,0.08824358612912331,-0.3202656303060032,-0.08000000000000007,-0.10239754340380292,-0.751729829238875,-0.8631253375227059,0.09878048780487791,0.12918660287081307,-0.10091543156059268,-0.12391020052310342,0.4940666362391597,-0.10744130521289286,-0.3696307196412305,-0.7146667174518508,-0.7148146518769111,-0.5762393338275632,-0.7388186094372822,-0.5819997595130655
2014-12-09,-0.5223635956454165,-0.507389223227928,-0.5391387769389722,-0.8057346163596693,0.24870084680456594,-0.6078475023529756,0.13936504423322393,-0.7156590009891197,-0.7111562440005255,0.12094727939103489,-0.3246047617250878,-0.13734939759036124,-0.13239636234793895,-0.7406843140989019,-0.6538858068633707,0.04268292682926811,0.07416267942583676,-0.0669136878814296,-0.10255013077593711,0.5593336376083982,-0.12534818941504255,-0.10293602410482794,-0.675555562765432,-0.6745341351483953,-0.3474865955573848,-0.7980071518420662,-0.5160716247288795
2014-12-10,-0.5297496439645788,-0.5216201191217698,-0.516302209127955,-0.9398543486315662,0.2041170346503045,-0.4619186182914946,0.11588514095312874,-0.6702213155291792,-0.7943961118352583,0.1621088243586124,-0.10153567520658047,-0.1310843373493975,-0.1522381008621707,-0.6485748746270552,-0.7188865432765477,-0.0060975609756099836,0.0191387559808609,-0.07040104620749776,-0.06745858761987789,0.6036056595162025,-0.16713091922005585,-0.20201807862097965,-0.700444495545678,-0.7001671955418489,-0.5037300274464593,-0.5390046378945094,-0.5223635956454165
2014-12-11,-0.5374092800244936,-0.5240832824746913,-0.5435411159403714,-0.919549395141632,0.21799051045665108,-0.46546875503025464,0.12094974449476759,-0.7474962908011871,-0.7427223215819416,0.1412461234846356,-0.34305550315058686,-0.1843373493975904,-0.19357505610015346,-0.6379102393194946,-0.8137365604595217,-0.010975609756097793,-0.04186602870813427,-0.08162598081952899,-0.07116390584132537,0.5935645823824736,-0.22403501790688463,-0.3575783056548245,-0.7097777842271604,-0.7097794928290909,-0.6782370948437417,-0.6240650513683894,-0.5297496439645788
2014-12-12,-0.62002465298831,-0.5399561321893103,-0.5473930903420752,-0.9299066331825974,0.17354032615875425,-0.2831753776386414,0.07195465744630125,-0.649047972304649,-0.7044065193448322,0.17000281928390226,-0.4628155303173227,-0.22987951807228924,-0.2419983465217903,-0.6296578429505493,-0.842113014875546,-0.11585365853658525,-0.03708133971291927,-0.10636442894507381,-0.08271578029642557,0.5796439981743493,-0.17469160366096315,-0.8171116249737229,-0.725333339437037,-0.7258001142501688,-0.6591318617247212,-0.5343154757000327,-0.5374092800244936
2014-12-15,-0.6047053261564037,-0.5626710171861089,-0.6112257814847837,-0.841945947351429,0.15495252998749898,-0.3352086999391688,0.039954213698595975,-0.6734668644906034,-0.7118029242070589,0.15590639977445786,-0.6363807870807079,-0.2816867469879518,-0.2630211408999643,-0.6462895956325778,-0.8189405469095192,-0.07682926829268277,-0.14832535885167442,-0.1435265911072361,-0.10734524847428073,0.5157462345960746,-0.21010744130521353,-0.9906103286384976,-0.7835555603654321,-0.7857633408183227,-0.24756248884245602,-0.5475883131649921,-0.62002465298831
2014-12-16,-0.6233074323169547,-0.5755336592802007,-0.6192048988309877,-0.8337554955115025,0.13340114372536993,-0.04240237702612082,0.030735991458335832,-0.6654611770524235,-0.7874847171279317,0.1976318015224141,-0.9691355695581634,-0.3209638554216867,-0.2993976615093892,-0.7755348187646796,-0.5291865089105994,-0.14268292682926864,-0.10287081339712945,-0.16586748038360932,-0.14439843068875335,0.43108169785486083,-0.1675288499801031,-0.20454067689720412,-0.7942222267950616,-0.7967489921050918,-0.4785331050378896,-0.14564416930786783,-0.6047053261564037
2014-12-17,-0.5992339816819316,-0.6034481878621554,-0.6326867542087466,-0.8354174205276992,0.18566330638323958,-0.06611077596537229,0.031039529362693052,-0.6605773986152326,-0.7377913850071236,0.10290386241894556,0.10376183828245855,-0.3190361445783132,-0.2566434392346757,-0.771472100552276,-0.7764249594972752,-0.051219512195122,-0.16866028708134007,-0.18232345248474235,-0.16597646033129898,0.4094020994979459,-0.20652606446478305,-0.14974423656366054,-0.7551111165530864,-0.7564684281481981,-0.2498691874142025,-0.15061713475894112,-0.6233074323169547
2014-12-18,-0.6096294130812554,-0.5944171271243275,-0.6051726513394313,-0.9186046763579792,0.2528764312848888,-0.05043984283617031,0.08877525819923493,-0.6428968842729972,-0.7901724817363365,0.07076402593741182,0.0691997132400104,-0.29662650602409624,-0.24837604818707915,-0.7573160667809304,-0.7836909028425547,0.03658536585365857,-0.06459330143540676,-0.17371403661726248,-0.18210549258936348,0.46827932450935617,-0.12216474333466021,-0.535982061523369,-0.72044445065679,-0.72076514411586,-0.49291149682136426,-0.41233866700356847,-0.5992339816819316
2014-12-19,-0.6703596543515298,-0.6105637315945049,-0.5999451093647759,-0.931731067163872,0.26472656718925913,-0.10325128306343645,0.16197700021322703,0.03635014836795247,-0.4138652278032072,0.03806033267550113,-0.20556163453193987,-0.32144578313253014,-0.30790126372977444,-0.7571256268647244,-0.8415238843340369,-0.02195121951219514,0.013157894736842035,-0.17872711421098497,-0.1760026155187444,0.5273847558192606,-0.10147234381217629,-0.6036717819353934,-0.7306666282074084,-0.731293057964498,-0.6311260962974103,-0.5091888170530968,-0.6096294130812554
2014-12-22,-0.6651621438221564,-0.6174055479385614,-0.6648781995376392,-0.8703915165986658,0.2775933015802643,-0.5104720827574075,0.17467645227185224,-0.7216555390702276,-0.7565249022401408,0.03975190301663467,-0.304720220352413,-0.26506024096385516,-0.26750915318294544,-0.7966101694915255,-0.8222789533114045,-0.02682926829268295,-0.044258373205741997,-0.21556233653007828,-0.17883609415867463,0.5737106344135099,-0.06884202148826102,-0.7708639899096069,-0.7782222715950607,-0.7750176569194142,-0.3912734154528579,-0.6421039525554193,-0.6703596543515298
2014-12-23,-0.6643414900240527,-0.6625615631766002,-0.6593754615060852,-0.8643223484495562,0.28138570708234045,-0.6205237966684012,0.20519998826649433,-0.7697823936696342,-0.8260632331989453,0.006484352974345242,-0.4402897785156399,-0.31999999999999984,-0.28853194756111966,-0.7906430521170571,-0.8257155481368745,0.11097560975609744,-0.053827751196172446,-0.18733653007846574,-0.21621621621621623,0.5682336832496575,-0.06685236768802305,-0.6360451264802747,-0.7853333825481471,-0.7823894399614086,-0.6753693311981203,-0.7227242183051269,-0.6651621438221564
2014-12-24,-0.6079879139927793,-0.6735085240616208,-0.6579996738203104,-1.0,0.28165630715854517,-0.9538414890879376,0.2163375863397934,-0.8934841740850644,-0.9143148726343125,0.01945305892303395,-0.6334377240312419,-0.2891566265060239,-0.3012873508916971,-0.7655684631498763,-0.9106485345377779,0.10487804878048745,0.06937799043062132,-0.19322144725370505,-0.18864428945074074,0.5397078959379278,-0.04297652208515679,-0.8182327797631561,-0.7644444496790124,-0.7607344258343383,-0.6827581536913774,-0.8402004566485948,-0.6643414900240527
2014-12-26,-0.6397210280437555,-0.6171318205502683,-0.6065484390252056,-0.9509439604084826,0.2907308560713866,-0.893396160709758,0.21837135524672746,-0.8635014836795253,-0.9080501581335194,0.008739780095855743,-0.859412142021658,-0.31108433734939744,-0.3138065430494863,-0.7442391925347551,-0.8065688055378271,0.09024390243902403,0.06339712918660245,-0.13655187445509975,-0.18799040976460324,0.589000456412597,-0.052924791086351064,-0.9083455959638428,-0.743555561254321,-0.7390795061640234,-0.6959273535052937,-0.7890810816749152,-0.6079879139927793
2014-12-29,-0.5978663165385543,-0.6264368002472467,-0.6423166626989039,-0.7516407988507366,0.29452282152563747,-0.7994782948654526,0.2151374081514148,-0.8594831849653809,-0.8795962290460457,-0.0047927826332108125,-0.45821227785533725,-0.3303614457831323,-0.33364828156371784,-0.7584587062781694,-0.8295448966566841,0.03170731707317076,0.055023923444975864,-0.16390584132519637,-0.140475152571927,0.5588772250114102,-0.037803422204536474,-0.6852357928666526,-0.7622222275061727,-0.7584308617046597,-0.6922549275672025,-0.6233509657550174,-0.6397210280437555
2014-12-30,-0.6421829620820279,-0.5821017482359641,-0.5963681384212505,-0.8594687473592294,0.27935365423341807,-0.8251620780924874,0.20317792155066172,-0.8792037586547974,-0.7863328180100438,-0.001973498731321577,-0.461985435611063,-0.36168674698795167,-0.36624542340852706,-0.7590300260267884,-0.7584564779812459,0.017073170731707332,-4.440892098500626e-16,-0.13273757628596305,-0.16357890148212695,0.5232770424463715,-0.021488261042578394,-0.6485179735127181,-0.7342221836839515,-0.729403970078839,-0.5028233533223759,-0.705710670819349,-0.5978663165385543
2014-12-31,-0.6285049428463285,-0.6165845573445399,-0.6409410676118492,-0.8673363480552011,0.2514536099822089,-0.5861590958682106,0.17634477029442142,-0.7699369436201782,-0.8708054199884812,-0.035241048773611006,-0.4845111874127458,-0.35783132530120465,-0.3733317585921814,-0.7948327302735989,-0.7909568461878344,-0.009756097560976063,-0.022727272727272485,-0.15180906713164743,-0.1332824760244118,0.4968051118210859,-0.04218066056506231,-0.741854109733025,-0.7373333836148137,-0.7326292432306563,-0.7856115829158324,-0.5739984949272456,-0.6421829620820279
2015-01-02,-0.5814525293194839,-0.622057928317989,-0.6673545788522892,-0.8784866298457465,0.2499634173574341,-0.6234780356330877,0.159029223300593,-0.7902448071216618,-0.7996503885133429,-0.08880744290950116,-0.371920159981889,-0.35927710843373495,-0.3464036848942953,-0.8049895258046087,-0.7269379940105061,-0.07804878048780539,-0.0023923444976077235,-0.16477768090671274,-0.14243679163033995,0.4806024646280238,0.0019896538002388553,-0.37327447270688807,-0.7124444063901244,-0.706827530299897,-0.6257361780563757,-0.6324949235836843,-0.6285049428463285
2015-01-05,-0.5453425585372376,-0.5892172919683136,-0.6010455083949311,-0.8555425307629472,0.19971539760198542,-0.42077726363826307,0.10966679685756953,-0.666944856577646,-0.7842108985823558,-0.12771356075556728,0.05033392446138163,-0.38819277108433736,-0.40403921105468266,-0.7613787849933344,-0.7498158967057783,-0.1756097560975607,-0.11961722488038307,-0.1435265911072361,-0.16837401918047057,0.47307165677772733,0.07520891364902571,-0.4057879616004485,-0.6902221846617294,-0.6837904721517751,-0.6368721765367512,-0.44220026256378697,-0.5814525293194839
2015-01-06,-0.5642183071506182,-0.5481663939039745,-0.5716054183247641,-0.7891565351355218,0.17398260355997497,-0.25446960153334264,0.06838621595662797,-0.7111152324431258,-0.6484282639667769,-0.15308711587256774,0.23518092291438686,-0.45325301204819257,-0.46167473721507024,-0.7190376436234369,-0.7462811134567233,-0.29268292682926855,-0.19736842105263186,-0.1289232781168259,-0.14407149084568394,0.5059333637608394,0.062475129327496326,-0.3710321631280219,-0.6444444967901223,-0.6363340284642127,-0.37243200603628646,-0.245634465067481,-0.5453425585372376
2015-01-07,-0.5776227112895262,-0.5651341805390304,-0.5614253378336316,-0.8931211038475624,0.2077064314221837,-0.6071463966385642,0.09011474542505127,-0.7446216617210684,-0.72275607020522,-0.18127995489145743,0.1574538731464361,-0.5009638554216866,-0.4862406991850714,-0.7089443280644958,-0.794000687318965,-0.2548780487804878,-0.3086124401913879,-0.12674367916303364,-0.12914123801220567,0.4696485623003195,0.09669717469160322,-0.38728890757480205,-0.6613333408592592,-0.6538421548740831,-0.6387312542266756,-0.445256182791269,-0.5642183071506182
2015-01-08,-0.5415127405072804,-0.5654076889892008,-0.5702298507518124,-0.880131220572335,0.2563290758608421,-0.5151058612816474,0.13209715818194345,-0.670870425321464,-0.7685895298432812,-0.20721736678883484,-0.1250047164471948,-0.48144578313253006,-0.47750088579189787,-0.7318605979813371,-0.7910550346114192,-0.1951219512195128,-0.2703349282296652,-0.12750653879686125,-0.12783347863993022,0.4726152441807394,0.11539992041384828,-0.6089972671852008,-0.6746666294518527,-0.6676644369913342,-0.6299001954933636,-0.5299778633459854,-0.5776227112895262
2015-01-09,-0.5059499999186161,-0.5525452658332322,-0.5523456288585522,-0.860229289315794,0.23398199512051487,-0.49997906361987277,0.15029009116088998,-0.7373269040553908,-0.8723412854789981,-0.18015224133070173,0.0345998566200052,-0.4773493975903613,-0.47773709696468636,-0.7521741890433566,-0.7854582944670823,-0.2780487804878051,-0.2200956937799048,-0.09819093286835212,-0.12816041848299875,0.5047923322683703,0.13768404297652204,-0.3676686987597225,-0.6337778303604927,-0.6252762122160873,-0.5494225338859562,-0.5360915347897017,-0.5415127405072804
2015-01-12,-0.5168922511709444,-0.515052030166006,-0.5297840645057139,-0.8522988518199921,0.212311311892873,-0.5269804710916985,0.12815571563307193,-0.7400778931750742,-0.7824527367708429,-0.18409923879334578,-0.19858129268384717,-0.49686746987951813,-0.5131687728829573,-0.7320510378975436,-0.8479061318670528,-0.32804878048780495,-0.2846889952153111,-0.08620313862249329,-0.09710113339145598,0.5684618895481517,0.09988062077198645,-0.5511176511807161,-0.5991111200197531,-0.5893383448309637,-0.48822247021650267,-0.45569648065651924,-0.5059499999186161
2015-01-13,-0.5220899805486257,-0.501915660683621,-0.5146512253852817,-0.8658824345143041,0.20459175824453046,-0.2317366906169036,0.1139774673111904,-0.7188736399604353,-0.7649923711944386,-0.21905835917676875,-0.2584235746896578,-0.5568674698795182,-0.546002125900555,-0.7071034088745001,-0.7088713240708919,-0.33292682926829276,-0.35526315789473717,-0.07476024411508275,-0.08653007846556227,0.5757644910999544,0.10863509749303635,-0.5226683483988508,-0.6408889413135792,-0.6326480897148377,-0.37862482774510775,-0.4145852902025622,-0.5168922511709444
2015-01-14,-0.4408425189325329,-0.4983579709192427,-0.5138258298133049,-0.8651002246957291,0.18806780104346466,-0.3224772766630061,0.06887549859991315,-0.6885200296735906,-0.7795022583285338,-0.20947279391034623,-0.5818586575104706,-0.5455421686746986,-0.4959253572693987,-0.7207516028692948,-0.7052383523982522,-0.39390243902439037,-0.3612440191387565,-0.09503051438535293,-0.07508718395815173,0.41579187585577326,0.1333068046159962,-0.2943732044005325,-0.6515556077432088,-0.6437059059629627,-0.47651309488947113,-0.24317544717322792,-0.5220899805486257
2015-01-15,-0.39762011492791505,-0.43322396142562036,-0.44669158389679353,-0.649177812976016,0.16314702725398078,-0.3913977358830407,0.0752810990157422,-0.7338340751730961,-0.47321834550910913,-0.2985621652100363,-0.975814058785798,-0.48674698795180715,-0.44017952049131903,-0.7175141242937855,-0.629240512543571,-0.5487804878048781,-0.40909090909090917,-0.04119442022667785,-0.09557541412380077,0.3505248744865357,0.12614405093513792,0.12199565552519087,-0.5995555644543209,-0.5897991048852773,-0.2997301083523948,-0.10176086188302536,-0.4408425189325329
2015-01-16,-0.35166197029596535,-0.39354128979376535,-0.4089971804235235,-0.7199082149365241,0.1984966998173272,-0.24298846942015484,0.0647486863079969,-0.5917717606330367,-0.6828841937211394,-0.33295742881308055,0.0639172923819944,-0.5308433734939757,-0.4869493327034369,-0.6836158192090394,-0.6891354509303352,-0.4231707317073172,-0.5717703349282299,-0.022122929380993472,-0.04097646033129898,0.29552715654952033,0.14166335057699975,-0.15955434097120036,-0.5693333429037036,-0.5584685546730224,-0.43524579135238683,-0.32796304332302484,-0.39762011492791505
2015-01-20,-0.3508411250055925,-0.35385886446729886,-0.3600221048302452,-0.7084415823606269,0.2043202634044139,-0.589810232229695,0.08469299503158334,-0.6563118199802177,-0.7070538664403287,-0.34367070764025875,-0.0640304871146663,-0.4855421686746988,-0.5001771583795911,-0.6017266552402716,-0.7186901664293779,-0.4719512195121953,-0.48086124401913866,-0.000544899738447846,-0.03389276373147343,0.40712003651300765,0.18026263430163159,-0.549996496391283,-0.5346666325629639,-0.5225306400595209,-0.39720681052093765,-0.49809668719205047,-0.35166197029596535
2015-01-21,-0.32348508653419383,-0.3336071428234222,-0.36332365960404855,-0.7923980472922757,0.2181353301960467,-0.6172631921814509,0.09422418999528981,-0.730712166172107,0.1825355926723049,-0.3104031575979693,-0.029807946270233643,-0.5325301204819275,-0.5124601393645918,-0.5595124738145114,-0.6212872502331974,-0.3695121951219513,-0.4856459330143541,-0.013513513513513598,-0.00010897994768921393,0.36170698311273375,0.20015917230401836,-0.22360030831756705,-0.5524444099456798,-0.5409601448928849,-0.5121899741716597,-0.5856692172339985,-0.3508411250055925
2015-01-22,-0.3508411250055925,-0.3270388349295361,-0.3418626868800856,-0.8046252218247374,0.25903796627027553,-0.400899696222593,0.11094436723744172,-0.6798652324431258,-0.6484080552103227,-0.44798421201014893,0.16949024638720145,-0.5168674698795179,-0.49167355615920605,-0.5699231892337968,-0.6846187834454317,-0.37317073170731696,-0.3995215311004787,0.008609415867480763,-0.012314734088927803,0.3804198995892283,0.18265021886191768,-0.1588536192278046,-0.5577777876049381,-0.5464891238595142,-0.7097640272864063,-0.32718487310332445,-0.32348508653419383
2015-01-23,-0.3461906258214933,-0.35659553627039076,-0.3638740792319495,-0.8967461371619002,0.24373338159386693,-0.6480078981704971,0.14670239730528234,-0.7258283877349161,-0.5552456879565917,-0.537073583309839,-0.11776025355620123,-0.5337349397590361,-0.522617219794496,-0.5493556782835016,-0.8134419951887671,-0.4743902439024392,-0.3911483253588517,-0.02114210985178744,0.008609415867480763,0.3893199452304885,0.28929566255471517,-0.19080653072664844,-0.5880000091555555,-0.5778196740717692,-0.5937704188553042,-0.4317965844735815,-0.3508411250055925
2015-01-27,-0.37299965294761783,-0.35276414648498466,-0.3594717127164473,-0.8248543377976353,0.21353090444144351,-0.5705428708679844,0.07340060870935972,-0.6058048961424334,-0.6600685076843797,-0.439526360304483,-0.10179979624948132,-0.5703614457831325,-0.5516711940474783,-0.590109820351679,-0.8074525013500907,-0.42682926829268286,-0.4485645933014357,-0.02822580645161299,-0.055579773321708714,0.4221816522136006,0.36132113012335854,-0.20271880036437528,-0.5373333880592581,-0.5252950587002689,-0.5792337328503602,-0.5939690892478846,-0.3461906258214933
2015-01-28,-0.4457666058573846,-0.373289595517154,-0.37515475135195686,-0.8489966696496091,0.1783161945461993,-0.42548342522545535,0.05420419254733044,-0.6675012363996045,-0.7424393989915832,-0.4919650408796157,-0.0052824208580162235,-0.5537349397590361,-0.5689146096610369,-0.5758903066082652,-0.8496735234915802,-0.5597560975609759,-0.45574162679425845,-0.04795117698343487,-0.02855274629468152,0.49041533546325855,0.28491842419418933,-0.5364024945694065,-0.5777778316049371,-0.5672227123347131,-0.42900108431541717,-0.28500072324055703,-0.37299965294761783
2015-01-29,-0.3721789991495146,-0.4170771653845855,-0.44889254704172155,-0.7725654531941679,0.20337260574378568,-0.4041426257755666,0.04401759949619599,-0.680761622156281,-0.749492254994089,-0.4739216239075281,-0.15062445760857268,-0.586746987951807,-0.5887563481752685,-0.7118009268075922,-0.5929107958171731,-0.5146341463414634,-0.5681818181818183,-0.11235832606800322,-0.04827811682650385,0.3779096303057963,0.3255073617190609,-0.3266064045967346,-0.5946666756740739,-0.5847307915162058,-0.6170132870410678,-0.49494006258319545,-0.4457666058573846
2015-01-30,-0.4003556914190165,-0.3825943562760097,-0.430733349204385,-0.7171412289577976,0.16897015079324174,-0.3025357428196107,0.04798395994157856,-0.5049765084075174,0.3061323471460182,-0.4919650408796157,0.22061653397728542,-0.5814457831325301,-0.5082083382543994,-0.709579127785184,-0.737444155334086,-0.6573170731707318,-0.5275119617224884,-0.08260680034873547,-0.11421098517872741,0.3815609310816974,0.32709908475925165,-0.5715787260878705,-0.5635555208098774,-0.5524788156520795,-0.5873436734636448,-0.14078289417068102,-0.3721789991495146
2015-02-02,-0.43783332734464064,-0.39326756240547267,-0.40597060159379605,-0.8400131740601025,0.20242450803533174,-0.4482390610570073,0.024969932989598487,-0.6918892185954502,-0.3928683298473229,-0.4615167747392155,0.47360676149869807,-0.5106024096385542,-0.45647809141372386,-0.6815844601028376,-0.8164858363198978,-0.6146341463414635,-0.6566985645933014,-0.1057105492589363,-0.08969049694856146,0.45298950251026904,0.327894946279347,-0.6779482867353375,-0.556444409856791,-0.5451070326100851,-0.6776135914936204,-0.25872969662347356,-0.4003556914190165
2015-02-03,-0.42333465431083805,-0.4315817886667199,-0.44036323018043966,-0.8538502707399359,0.24197304360897398,-0.6194788714049657,0.08918525820786583,-0.6771451533135511,-0.7658007214526055,-0.3831406822667045,0.5208466966003849,-0.457590361445783,-0.3695523798275657,-0.6777121818066401,-0.686484363493544,-0.46341463414634143,-0.6327751196172251,-0.09622929380993872,-0.10603748910200528,0.44157918758557724,0.3123756466374843,-0.17987527152967553,-0.5822221870617293,-0.5718299822792041,-0.5770809314383758,0.3756181875774738,-0.43783332734464064
2015-02-04,-0.4175899135878822,-0.4189928739609212,-0.430733349204385,-0.9158181893034433,0.23140852209527063,-0.5694398708214825,0.1342698611304325,-0.7089824431256183,-0.7917285559833076,-0.45869749083732714,0.3138889936988265,-0.41301204819277104,-0.4099444903743945,-0.6607630292642672,-0.7657224213265255,-0.5256097560975612,-0.4916267942583734,-0.07454228421970344,-0.09677419354838701,0.4607485166590597,0.2518901711102268,-0.7028939808002242,-0.5644444541234567,-0.5534002413039509,-0.708280458666301,0.19954664718494652,-0.42333465431083805
2015-02-05,-0.5037614894848654,-0.4296660800903842,-0.43926263855156433,-0.8834637377495326,0.2593087863703927,-0.7224269451843485,0.14858326647348408,-0.779055390702275,-0.8144836157507049,-0.385396109388215,0.2349545334490435,-0.48144578313253006,-0.4172670367308373,-0.6963118136228021,-0.6950267563454268,-0.44024390243902456,-0.5550239234449759,-0.05939407149084541,-0.07486922406277197,0.4885896850753082,0.30839633903700747,-0.59610398710672,-0.5506666766518518,-0.5391171991323862,-0.8094929044615227,-0.10004888739968465,-0.4175899135878822
2015-02-06,-0.4892628164510624,-0.4928845999457936,-0.5124502622403537,-0.751941982132681,0.2515887926742244,-0.6309309661266203,0.16542727354158782,-0.7366468842729972,-0.7468044903856842,-0.47674090780941647,-0.08768818624306696,-0.42939759036144554,-0.39270107476083616,-0.7394147146575256,-0.6965977711227845,-0.2682926829268295,-0.4569377990430623,-0.11976896251089819,-0.06157367044463813,0.4201277955271565,0.23438121766812614,-0.3202999089061733,-0.6062222309728394,-0.5967100806445803,-0.3059739359770228,-0.259004344936309,-0.5037614894848654
2015-02-09,-0.5084119613129263,-0.4961685349546139,-0.48988869788751543,-0.9190575346739962,0.23912784105143947,-0.767599868111326,0.15014134343842578,-0.7738006923837786,-0.8443521577899705,-0.47166619678601585,-0.2378221333433952,-0.4045783132530121,-0.37593008149285456,-0.7177680441820606,-0.7980264126859442,-0.24390243902439046,-0.31220095693779903,-0.1294681778552742,-0.10996076721883163,0.41556366955727997,0.3274970155192998,-0.6130614532968959,-0.5902221868839516,-0.5801233798865815,-0.7679371536764273,-0.38105073120535815,-0.4892628164510624
2015-02-10,-0.5467104425289233,-0.5054735146515923,-0.505296540466126,-0.9440167449237618,0.26865415538335125,-0.7299556253949242,0.15863092548306312,-0.7480217606330367,-0.7896066365556196,-0.4733577671271485,-0.4504395728785422,-0.39397590361445767,-0.40710995630093283,-0.7109756871706976,-0.7837890912661396,-0.2121951219512197,-0.2787081339712918,-0.15486050566695697,-0.13088491717523976,0.3523505248744865,0.3060087544767205,-0.5506972181346788,-0.6084444087012355,-0.5990137392310148,-0.7260481056139046,-0.40114400177239706,-0.5084119613129263
2015-02-11,-0.5393244215657993,-0.5188834199514125,-0.5385885774238943,-0.8855330185715247,0.2702795453684028,-0.7513187289281646,0.16450911351962016,-0.7481454005934719,-0.8184445320157225,-0.46602762898223826,-0.6027242198996341,-0.4281927710843372,-0.44206920987362697,-0.7064051291817433,-0.8153075752368795,-0.19146341463414673,-0.26913875598086134,-0.1752397558849168,-0.15562336530078458,0.356914650844363,0.3199363310783925,-0.6531427370191297,-0.6271110749530873,-0.618365047543273,-0.7123688466419201,-0.3569347783496565,-0.5467104425289233
2015-02-12,-0.5218163654518349,-0.5394088689835823,-0.5361124182220678,-0.9384026018768703,0.29723193195898334,-0.7241409929483326,0.18432015373222965,-0.6638538575667656,-0.9085957945577819,-0.42712151113617036,-0.9823038901256462,-0.4640963855421687,-0.4297862288886263,-0.7191646035675743,-0.7659187981736952,-0.23170731707317094,-0.24521531100478455,-0.1693548387096775,-0.17632955536181338,0.3895481515289818,0.3366494230003978,-0.4252680260668489,-0.6142222307950617,-0.6050034782519577,-0.724638407630485,-0.43442405333304035,-0.5393244215657993
2015-02-13,-0.5757077885965285,-0.5186096925631194,-0.5168524086430324,-0.9435053833803165,0.3088797485414174,-0.7404503278595045,0.20357621936819204,-0.7625494559841741,-0.9007750058100176,-0.4372709331829707,0.2726106478511865,-0.41518072289156627,-0.3839612613676626,-0.7011997714721008,-0.7435318375963473,-0.15975609756097553,-0.26076555023923476,-0.1539886660854397,-0.17033565823888397,0.48448197170241913,0.28133704735375975,-0.7106019199775768,-0.6093333420148146,-0.5999352593396418,-0.8613131560965701,-0.45310563157210515,-0.5218163654518349
2015-02-17,-0.566680460037198,-0.5744389412978861,-0.5776585484701164,-0.8759818249973458,0.31334875691183095,-0.810738490303931,0.20157567239030572,-0.7207282393669635,-0.8550425899542273,-0.4220468001127706,0.005357884013130532,-0.3872289156626505,-0.3728593362466044,-0.7730590998539961,-0.7510923462123815,-0.04024390243902465,-0.22129186602870865,-0.21153007846556227,-0.15420662598081947,0.43359196713829284,0.29685634699562247,-0.6392684464998949,-0.6400000079999999,-0.6317265696062103,-0.6203119627340228,-0.4606621221525835,-0.5757077885965285
2015-02-18,-0.5776227112895262,-0.5747126686861792,-0.5938919792194235,-0.8522511825235692,0.3136202517519475,-0.8196592819810571,0.20752710060208868,-0.7938921859545006,-0.7631937918700173,-0.43050465181843833,-0.19790212428781662,-0.37204819277108436,-0.3867957954411243,-0.7750269789881292,-0.760420246452943,-0.11341463414634179,-0.07655502392344538,-0.22983870967741948,-0.21185701830863124,0.40369694203560025,0.27138877835256636,-0.6587485109662953,-0.619111075130865,-0.6100716499358957,-0.49441177427595795,-0.5805406177389851,-0.566680460037198
2015-02-19,-0.5956777787487653,-0.5744389412978861,-0.5732564020674373,-0.8910734908875807,0.3115886389508504,-0.7497418723183811,0.1963932776162065,-0.7814045499505441,-0.7994887184617095,-0.44798421201014893,0.10304493830887052,-0.43132530120481927,-0.41136175741112546,-0.7655049831778076,-0.7276253129756001,-0.06829268292682977,-0.14354066985645986,-0.23212728857890141,-0.230492589363557,0.45116385212231824,0.26900119379228027,-0.5553219816410904,-0.6413332968592601,-0.6331087553123954,-0.6515522067533592,-0.1360479572573985,-0.5776227112895262
2015-02-20,-0.5915743456220168,-0.5766283772625149,-0.5922409954767502,-0.8877583079999914,0.32865378163606485,-0.5417083202437121,0.18745707354235686,-0.6816889218595451,-0.8071276284013864,-0.439526360304483,-0.20673131343621487,-0.3534939759036144,-0.358214243533719,-0.7714086205802069,-0.7680789434925621,-0.07682926829268277,-0.09928229665071786,-0.2492371403661724,-0.2326721883173497,0.4167047010497491,0.2936729009152401,-0.317917454978628,-0.6453332967703712,-0.6372553596593283,-0.7935517969472081,-0.49630964216986806,-0.5956777787487653
2015-02-23,-0.5962248174500777,-0.5831964662182787,-0.5916907959616728,-0.9282620424560089,0.3282482188917575,-0.8214995792734465,0.22156830339260702,-0.7673714144411474,-0.8469388786161045,-0.46715534254299396,-0.029845677847790908,-0.43518072289156606,-0.44679343332939636,-0.799085888402209,-0.7006234964897637,-0.14268292682926864,-0.10645933014354103,-0.2480383609415866,-0.24760244115082797,0.4475125513464171,0.28889773179466793,-0.6188073715927405,-0.6413332968592601,-0.6331087553123954,-0.7827877898872858,-0.10648664385254669,-0.5915743456220168
2015-02-24,-0.5841882973028549,-0.6015324792858192,-0.6131517686856354,-0.867891045322667,0.3363737753322331,-0.8360936039253504,0.23005222377260326,-0.7808481701285857,-0.8455242656643125,-0.46208063151959333,-0.11708108516017068,-0.4660240963855422,-0.46143852604228175,-0.8010537675363425,-0.7041582797388187,-0.2512195121951222,-0.1626794258373212,-0.23975588491717525,-0.2485832606800349,0.46531264262893623,0.30839633903700747,-0.489734426459253,-0.6466666745185183,-0.6386377342790248,-0.8119965913977645,-0.6879995166189694,-0.5962248174500777
2015-02-25,-0.574066481000322,-0.592227718526964,-0.5845370741874452,-0.9234929460275226,0.3339359397150905,-0.8271782830611218,0.24629482249553947,-0.7772317012858557,-0.7140056786605637,-0.45023963913165943,0.011696789042749733,-0.4730120481927711,-0.43970709814574227,-0.7731225798260648,-0.7820216996416122,-0.2512195121951222,-0.2559808612440193,-0.22809503051438496,-0.24400610287707059,0.5465540848927426,0.291285316354954,-0.6468362413285684,-0.6302221859950626,-0.6215900845532009,-0.6676973379309012,-0.31782852057939803,-0.5841882973028549
2015-02-26,-0.5716043281137417,-0.574165213909593,-0.5707800227527877,-0.9453146498581839,0.33054977169732025,-0.828709269008918,0.24132913088334051,-0.7740788822947577,-0.7824931542837512,-0.5427121511136175,-0.056974682111459174,-0.42915662650602404,-0.44159678752805,-0.7503332698533614,-0.7892876429868918,-0.17926829268292677,-0.27511961722488065,-0.22003051438535293,-0.22940278988666085,0.5508900045641258,0.27656187823318756,-0.21435078130474383,-0.6226667194962953,-0.6137575886852707,-0.8323338812072222,-0.2844202998060982,-0.574066481000322
2015-02-27,-0.5847353360041669,-0.5599343180157517,-0.5617003137777075,-0.8536552599818424,0.32079860524788106,-0.6798269876462733,0.2365567380508411,-0.7134643916913948,-0.7469055341679551,-0.5444037214547501,-0.08123608648077585,-0.47421686746987946,-0.46805243888035886,-0.7711547006919317,-0.8167804015906523,-0.22195121951219532,-0.21052631578947434,-0.19638186573670424,-0.22068439407149087,0.5883158375171154,0.35376044568245124,-0.5288346997407329,-0.6084444087012355,-0.5990137392310148,-0.7434657464495926,-0.49766457384652274,-0.5716043281137417
2015-03-02,-0.5904800767271228,-0.5717022694947942,-0.5765579568412407,-0.859338740187167,0.3388120803337227,-0.7664535223934048,0.23466416475856988,-0.74845450049456,-0.6681318015095942,-0.5500422892585277,0.035920461834509254,-0.4660240963855422,-0.4453761662926654,-0.7477305909985401,-0.9734891256320879,-0.10853658536585398,-0.23564593301435455,-0.19921534437663446,-0.20531822144725353,0.6424007302601549,0.36530043772383625,-0.7145259617405928,-0.6315555637432098,-0.6229724119445196,-0.5902167135833152,-0.5812052666560469,-0.5847353360041669
2015-03-03,-0.6003282505768262,-0.5725232327215504,-0.5839869021864703,-0.9298676310309786,0.32702886103536066,-0.6703591146793904,0.2374265738611263,-0.7668768545994067,-0.780108521022159,-0.5551170002819283,0.019733615062445642,-0.4566265060240964,-0.44939175623006955,-0.7732495397702026,-0.9935195640433991,-0.06829268292682977,-0.14593301435406714,-0.20128596338273708,-0.20019616390584094,0.6462802373345502,0.3756466374850769,-0.6960269077149464,-0.6484444967012334,-0.6404807272679013,-0.7228936535449553,-0.6001230424441502,-0.5904800767271228
2015-03-04,-0.6033374421647184,-0.5949643903300559,-0.5930665836474467,-0.9294841098733948,0.31497502699253355,-0.6899698747583636,0.21667019222396222,-0.775933481701286,-0.8595289338870533,-0.6098111079785724,-0.06040825566916963,-0.43807228915662644,-0.4229361048777607,-0.7712181806640004,-0.9982326083754725,-0.07195121951219496,-0.09569377990430672,-0.2072798605056665,-0.20215780296425434,0.6428571428571428,0.3660962992439316,-0.20145750122626305,-0.6635555185876553,-0.6561460023740288,-0.7421914779667635,-0.4223523444895477,-0.6003282505768262
2015-03-05,-0.689235375608872,-0.5859331380213706,-0.5980191496780267,-0.9052984422974002,0.3180899348623605,-0.8111391221407375,0.22791047924708607,-0.7915739366963404,-0.8984509988177878,-0.6368762334367064,-0.231785080934234,-0.41325301204819276,-0.4127790244478562,-0.7731860597981339,-0.9996072463056604,-0.07439024390243931,-0.10765550239234445,-0.2119659982563209,-0.20793374019180488,0.6182108626198084,0.41345005968961424,-0.4755798472426599,-0.6617777852938271,-0.6543029149283967,-0.8725151105025579,-0.6021243131503442,-0.6033374421647184
2015-03-06,-0.6862262113770181,-0.6642035443646428,-0.6844134051735731,-0.7900557514089528,0.2779997590884835,-0.342942746049284,0.1771700569804402,-0.6756305637982196,-0.731344791698243,-0.7423174513673523,-0.35871410783684876,-0.4318072289156625,-0.44159678752805,-0.7914682917539517,-0.8055869213019784,0.08414634146341449,-0.09688995215311014,-0.25762859633827384,-0.2132737576285959,0.5864901871291646,0.4460803820135295,-0.2294863709620909,-0.7284444504790124,-0.7234144199714074,-0.10253684078151626,-0.5162362927604535,-0.689235375608872
2015-03-09,-0.7012721146044028,-0.6817185668381622,-0.6775348794562444,-0.9126265132293132,0.28964690093091816,-0.7566586631479519,0.18324154186372743,-0.7607257665677548,-0.8114118847696707,-0.7378065971243304,-0.3085311096856961,-0.4626506024096384,-0.45151765678516576,-0.7961023297149747,-0.8525209877755412,0.017073170731707332,0.05741626794258359,-0.28618134263295536,-0.26307759372275497,0.6072569602921041,0.5559092717867085,-0.3666876883189686,-0.7582222275950616,-0.7542841629009709,-0.4588210774032362,-0.6577167936457365,-0.6862262113770181
2015-03-10,-0.719600605668163,-0.6891078653260703,-0.697620064494433,-0.8807942571498528,0.24386856428588244,-0.4869787288482066,0.14581519377331897,-0.6536844708209695,-0.853830064566977,-0.8246405413025082,-0.3198505829528734,-0.4501204819277109,-0.4607298925239163,-0.8139402018663113,-0.769551769846335,-0.0695121951219515,-0.0011961722488038617,-0.3231255448997383,-0.2863993025283351,0.521223185759927,0.5555113410266612,0.0053955574241468796,-0.7688888940246913,-0.7653418846923404,-0.5407990164652374,-0.543957462469308,-0.7012721146044028
2015-03-11,-0.7204212594662667,-0.719211802505388,-0.7267849309935981,-0.8906032982819553,0.23736772309045895,-0.6711170326815841,0.13886821141510497,-0.7103424826904057,-0.81508987844433,-0.9097829151395542,-0.37916462287288244,-0.4824096385542167,-0.4923821896775715,-0.8564717831524153,-0.7357749521331434,-0.08414634146341493,-0.08851674641148355,-0.3430688753269395,-0.32421534437663446,0.4541305340027382,0.619180262634301,0.23789503188283923,-0.7453332945481491,-0.7409225463812779,-0.4034101851778569,-0.47313298654406355,-0.719600605668163
2015-03-12,-0.7160444027349966,-0.7205802478759957,-0.7243087717917716,-0.8888460346729129,0.2725819782696166,-0.7390906204385782,0.13760989340116714,-0.6811943620178043,-0.8479897339517214,-0.8601635184663099,-0.5539750216956572,-0.49036144578313245,-0.49923231368843735,-0.8442201485431347,-0.7812361922529333,-0.0829268292682932,-0.11602870813397148,-0.351460331299041,-0.3421970357454227,0.44294842537654056,0.706327099084759,0.012262630509424666,-0.7511111166419753,-0.7469120964887094,-0.600103946538765,-0.5830875230933455,-0.7204212594662667
2015-03-13,-0.717959298071956,-0.7183908119113664,-0.7171550500175439,-0.9337830136962557,0.25538141820021343,-0.4511684709477741,0.13942696107916897,-0.674795994065282,-0.8005395737973264,-0.9391034677191987,-0.7261819416669812,-0.5267469879518072,-0.5339553560883428,-0.825810956643179,-0.8325887377878147,-0.0731707317073167,-0.10287081339712945,-0.3525501307759371,-0.35167829119441985,0.45093564582382495,0.6681257461201753,-0.599187162777661,-0.7511111166419753,-0.7469120964887094,-0.7035984673601714,-0.202219890763211,-0.7160444027349966
2015-03-16,-0.7343728937987568,-0.7203065204877026,-0.7196314293321935,-0.9617843917722795,0.2926270661565553,-0.5618964614992594,0.16288345611112476,-0.7114552423343226,-0.8011458364909516,-0.8979419227516212,-0.9844545900464099,-0.5771084337349397,-0.5873390811385377,-0.8269535961404175,-0.8133438067651823,-0.12682926829268348,-0.11363636363636376,-0.37194856146469,-0.3537489102005229,0.4116841624828842,0.7516912057302036,-0.8920888515170626,-0.7493332944592602,-0.7450692451849664,-0.7949896361255555,-0.29201890312787804,-0.717959298071956
2015-03-17,-0.6752837412763815,-0.7164751307022965,-0.7375156237113512,-0.839376138916997,0.28423001487596355,-0.750985009341413,0.1695616360083383,-0.7708024233432247,-0.7807552012286925,-0.8810262193402867,-0.13681470022261644,-0.6014457831325299,-0.607417030825558,-0.8480924268393322,-0.7691590161519956,-0.153658536585366,-0.14593301435406714,-0.40180906713164743,-0.3732563208369659,0.3297581013235962,0.7413450059689612,-0.3724336066148133,-0.7573333387259259,-0.753362548335588,-0.6802922814858201,-0.45854549915499865,-0.7343728937987568
2015-03-18,-0.6774722790661705,-0.6748767504941058,-0.7287111383072733,-0.7589081997690207,0.3180899348623605,-0.20809478309594565,0.15249941419699242,-0.6212289812067262,-0.6726181454424203,-0.7293487454186636,-0.05323925593329071,-0.630843373493976,-0.5776544230542102,-0.841046149939694,-0.82542098286612,-0.3170731707317076,-0.17464114832535893,-0.33511333914559716,-0.40377070619006084,0.341168416248288,0.7325905292479105,0.4247074486721323,-0.7168888951802469,-0.7114349891578993,-0.30855325237463327,-0.025696096148881242,-0.6752837412763815
2015-03-19,-0.6424565771788187,-0.6828132848204769,-0.6877149599473769,-0.8908784801294872,0.30508778308716655,-0.638411671516402,0.1982567790627292,-0.6927237883283879,-0.8161205250234927,-0.8460670989568655,-0.2524242538580539,-0.5672289156626507,-0.5795441124365182,-0.8175585602742337,-0.7502086504001177,-0.2536585365853661,-0.34210526315789513,-0.33827375762859635,-0.33544027898866613,0.3464171611136466,0.5622761639474723,0.3568775839114289,-0.7226667172740731,-0.7174247281788423,-0.7765597916848046,-0.4253313631894359,-0.6774722790661705
2015-03-20,-0.6227602021233727,-0.6439518227207661,-0.6577246978762346,-0.8584698589205505,0.33013055280215964,-0.38676353652703954,0.20345465304831478,0.005996538081107561,-0.21125223559368278,-0.7547223005356631,-0.33913141908463207,-0.5987951807228915,-0.5530884610842091,-0.7706468609153814,-0.6874662477293927,-0.30000000000000027,-0.28349282296650724,-0.30765039232781133,-0.33881865736704464,0.4087174806024647,0.6776760843613205,0.2268236283371874,-0.6951111178864198,-0.6888586438357132,-0.5537606749665605,-0.48072060393332994,-0.6424565771788187
2015-03-23,-0.61510053870742,-0.6338258524297662,-0.6351631335233963,-0.9407752327670077,0.32455274125739386,-0.8345487305294295,0.23339791964094703,-0.7229846686449062,-0.792233774894662,-0.6842402029884402,-0.320378825038675,-0.538313253012048,-0.5254517538679577,-0.7011997714721008,-0.8092198929746182,-0.32804878048780495,-0.3313397129186604,-0.28836094158674763,-0.30143853530950304,0.3703788224554998,0.5582968563469954,0.048419872468642655,-0.6764444516345678,-0.6695074299802104,-0.7138119622943165,-0.6356533791812916,-0.6227602021233727
2015-03-24,-0.6107234904838807,-0.6261630454916882,-0.6260834245483164,-0.9679814003072503,0.3084994738788196,-0.8072157076296588,0.21298584801202125,-0.7564910979228487,-0.865369264502309,-0.6960811953763741,-0.2983435837452365,-0.5127710843373492,-0.5027754812802645,-0.6798705008569796,-0.803819529677451,-0.37195121951219523,-0.3373205741626797,-0.30503487358326087,-0.2884699215344373,0.33842994066636267,0.5149224035017905,-0.01548595052904489,-0.6813333848592582,-0.6745756488925263,-0.7989179710550223,-0.6298875956005001,-0.61510053870742
2015-03-25,-0.5902064616303315,-0.6127531675591333,-0.6032466641385792,-0.9670691833166131,0.26687031884457246,-0.46332714219673754,0.1565624230657403,-0.6966184470820971,-0.8816171046914629,-0.6701437834789958,-0.07738746556993559,-0.5079518072289158,-0.48293374276603274,-0.6747286231194058,-0.8202169964161224,-0.3060975609756098,-0.38755980861244055,-0.29555361813426284,-0.30568875326939837,0.3461889548151529,0.536808595304417,-0.39107280498913877,-0.6937777401382725,-0.6874764109011502,-0.7531647851639621,-0.43388024967362615,-0.6107234904838807
2015-03-26,-0.6016961345685115,-0.5935961638975713,-0.5842620982433688,-0.9134672262753163,0.26020406367151727,-0.49048972823316095,0.1296420620711607,-0.6620610781404551,-0.8652480119635839,-0.719763180152241,0.22005056031392667,-0.4766265060240962,-0.41159796858391373,-0.6424807973084494,-0.7771122784623692,-0.22195121951219532,-0.32894736842105265,-0.27419354838709653,-0.29489973844812534,0.3808763121862162,0.5057699960206925,-0.17651180716137627,-0.7066666731851851,-0.7008380274208433,-0.5674100339189341,-0.22222161189263812,-0.5902064616303315
2015-03-27,-0.637532490253967,-0.6067323144418331,-0.6087496222829567,-0.9259024122830777,0.2665981492644569,-0.6744567535396685,0.13954286186846776,-0.7069423837784373,-0.8899026948376733,-0.7175077530307297,-0.19880768214919076,-0.4269879518072288,-0.4359277193811266,-0.6636196280073636,-0.8140311257302764,-0.2658536585365856,-0.2416267942583734,-0.3048169136878811,-0.2748474280732345,0.23322683706070269,0.5403899721448466,-0.21056688389040712,-0.7168888951802469,-0.7114349891578993,-0.7353461323005516,-0.4433574474552002,-0.6016961345685115
2015-03-30,-0.6399944242922389,-0.643678095332473,-0.6337873458376215,-0.93754672132746,0.30074500976964824,-0.7298874506495854,0.15829076942406095,-0.7044077645895155,-0.8262653207634869,-0.7479560191711307,-0.2129570237331624,-0.4874698795180723,-0.4902562891224753,-0.6961848536786643,-0.8146202562717855,-0.27439024390243905,-0.294258373205742,-0.3463382737576284,-0.30601569311246735,0.18005476951163857,0.5439713489852771,-0.44208534790834564,-0.7333333837037026,-0.7284825444269675,-0.7113733518713456,-0.5415112614963206,-0.637532490253967
2015-03-31,-0.5869238737939559,-0.6362890157826881,-0.6373640966683243,-0.9375597220446662,0.27598494144606267,-0.6011621689921479,0.16709332612511352,-0.6567136498516322,-0.8649852981296797,-0.8060332675500419,-0.14360638418292282,-0.4816867469879518,-0.4982874689972834,-0.7195454833999873,-0.7978300358387745,-0.3060975609756098,-0.2966507177033497,-0.30350915431560566,-0.3463382737576288,0.20880876312186203,0.5941106247512931,-0.3652862448321771,-0.743555561254321,-0.7390795061640234,-0.7403324002768391,-0.5964152902208721,-0.6399944242922389
2015-04-01,-0.5956777787487653,-0.5894910193566067,-0.6062732429683066,-0.8748854311796201,0.2660536047485733,-0.5764340946951421,0.13075163236263432,-0.7065096439169141,-0.8070670021320239,-0.7874259937975747,-0.07414254990001146,-0.5110843373493974,-0.45860399196882007,-0.7204342030089506,-0.7491285777406843,-0.38902439024390256,-0.3253588516746415,-0.25632083696599794,-0.3038360941586751,0.2706526700136922,0.6323119777158777,-0.3207203419522108,-0.700444495545678,-0.6943875283455868,-0.3178899732043061,-0.38630566892427576,-0.5869238737939559
2015-04-02,-0.5571056824359775,-0.5968800989063916,-0.6024212960807054,-0.9483763187602516,0.2761212389259029,-0.7689385339441845,0.14785462627786128,-0.7559347181008903,-0.7897683066072531,-0.719763180152241,0.04686261932611391,-0.4621686746987952,-0.46309200425180097,-0.7155462451596524,-0.8608670037802542,-0.32317073170731714,-0.41028708133971303,-0.2687445510026154,-0.25577593722754965,0.2590141487905062,0.6088340628730604,-0.43325625394155975,-0.7102222286617283,-0.7045238717134628,-0.6234901589361925,-0.33429460242825726,-0.5956777787487653
2015-04-06,-0.5729722121054275,-0.548987384497996,-0.5517954293434744,-0.9043883920929638,0.2950313407928675,-0.653347411558523,0.14269563975190147,-0.7142680514342237,-0.8589024624369741,-0.697208908937129,-0.5650303739199337,-0.46530120481927706,-0.41679461438526033,-0.6820288199073192,-0.7692572045755804,-0.34024390243902447,-0.4437799043062203,-0.22646033129904053,-0.2273321708805578,0.36170698311273375,0.481496219657779,-0.5652722303973092,-0.6786666293629638,-0.6718111357950227,-0.5970576621878197,-0.26288421010229723,-0.5571056824359775
2015-04-07,-0.5904800767271228,-0.5752599318919076,-0.5677534714371624,-0.9790493442221564,0.28754859154772516,-0.7927769698976936,0.18607341605409378,-0.8029797230464888,-0.9186799640284136,-0.7581054412179311,-0.15032260498811467,-0.405301204819277,-0.3719144915554504,-0.6865993778962736,-0.8286612008444203,-0.3548780487804879,-0.3624401913875599,-0.2370313862249347,-0.22722319093286814,0.36261980830670915,0.5145244727417433,-0.4440473687898535,-0.7013332955259269,-0.6953089539974583,-0.5917715146030817,-0.2142439938991454,-0.5729722121054275
2015-04-08,-0.6123649895723569,-0.5883963013742921,-0.5963681384212505,-0.9118789719899548,0.2970716812091716,-0.7586239474734628,0.17660564565173598,-0.7885447576656777,-0.8566794992270151,-0.7778404285311522,-0.09806437007131275,-0.37590361445783116,-0.3934097082792014,-0.7375103154954612,-0.7851637291963276,-0.331707317073171,-0.3755980861244024,-0.24956408020924137,-0.23626852659110753,0.3019169329073481,0.5833664942300034,-0.3176371662812697,-0.7057777843160493,-0.6999165073122162,-0.7733824748949762,-0.30683160213346805,-0.5904800767271228
2015-04-09,-0.576802057491423,-0.6206897018855044,-0.6079240341122598,-0.9305675029739141,0.30958813753102143,-0.774628179357655,0.17677364767310388,-0.7578820474777449,-0.9125769195792538,-0.8466309557372416,-0.3838810700675396,-0.42722891566265053,-0.4198653596315105,-0.7804227766139782,-0.782807207030291,-0.2621951219512195,-0.35885167464114875,-0.2664559721011335,-0.2509808195292069,0.33249657690552237,0.5949064862713893,-0.2656436129213089,-0.7137777841382715,-0.7082099049195935,-0.8732415050966343,-0.6749097780292335,-0.6123649895723569
2015-04-10,-0.5995076241347608,-0.5840174568122998,-0.5798597317278671,-0.94732976102515,0.32509706574936414,-0.8286040610685801,0.20044307271251283,-0.666172106824926,-0.9205189608657433,-0.8776430786580205,-0.5240538806927518,-0.43445783132530114,-0.42364473839612615,-0.7656954230940141,-0.7558053905444547,-0.27926829268292686,-0.28588516746411496,-0.2292938099389712,-0.2663469921534438,0.39479689639434,0.6709112614405095,-0.3509915212669049,-0.6897777402271614,-0.6833297120974614,-0.6745910512758955,-0.7202615384333693,-0.576802057491423
2015-04-13,-0.6186567689966247,-0.6059113512150769,-0.599119521194079,-0.9634138149954606,0.31217280243929624,-0.8213922671743019,0.2060988939895596,-0.6547972304648864,-0.8638131902553378,-0.8979419227516212,-0.5932535939327624,-0.40963855421686723,-0.39742529821660555,-0.7589665460547197,-0.8311159114340418,-0.30243902439024417,-0.3026315789473686,-0.26950741063644257,-0.22765911072362677,0.37357371063441347,0.706327099084759,-0.19136710812136504,-0.6982222289283949,-0.6920838697591524,-0.8255404208691585,-0.6797692221776681,-0.5995076241347608
2015-04-14,-0.5915743456220168,-0.6146688487682042,-0.6104004134269099,-0.9534660995464918,0.3176147712203088,-0.8273811239700931,0.1926976081420153,-0.769967853610287,-0.8845877918902261,-0.8494502396391317,-0.640493529034449,-0.40265060240963835,-0.3794732490846815,-0.7921665714467085,-0.8209043153812164,-0.33902439024390274,-0.32775119617224924,-0.27364864864864824,-0.2700523103748913,0.3329529895025103,0.7154795065658579,-0.07672903090182892,-0.6915555624098765,-0.6851727995430937,-0.8243180377144778,-0.6250684332046148,-0.6186567689966247
2015-04-15,-0.6025167883666147,-0.6001642528533351,-0.6081992301691588,-0.9533187580848211,0.3304029424061885,-0.7157942157936897,0.21980371580849267,-0.6748269040553908,-0.8214960542403025,-0.8314068226670424,-0.9635512960796893,-0.36698795180722876,-0.31168064249438987,-0.7816288960832858,-0.8189405469095192,-0.35121951219512226,-0.3720095693779908,-0.24967306015693103,-0.27397558849171766,0.35394796896394354,0.6541981695185033,0.0663583490995725,-0.6662222296395061,-0.6589103737863988,-0.6403625641201525,-0.0643592546410987,-0.5915743456220168
2015-04-16,-0.5869238737939559,-0.5985220527271689,-0.6035218877095807,-0.9646662174196611,0.3295862136419285,-0.8445451681885696,0.2233117520335628,-0.7492890702274977,-0.8993806016146797,-0.7885537073583304,0.0639172923819944,-0.3101204819277108,-0.2946734380536198,-0.7778835777312256,-0.7893858314104766,-0.3451219512195123,-0.36722488038277534,-0.2546861377506535,-0.25021795989537887,0.4116841624828842,0.6203740549144445,-0.0038539695886763425,-0.6768888960691358,-0.6699682844912798,-0.7211735230049873,-0.4009297760883854,-0.6025167883666147
2015-04-17,-0.6109971055806716,-0.5949643903300559,-0.5872884569602737,-0.95677911564788,0.2966636541970411,-0.33038007630942323,0.1623594418904184,-0.5967791790306628,-0.9132842260551498,-0.76318015224133,-0.21291929215560512,-0.2942168674698793,-0.30695641903862025,-0.7623944645464356,-0.7729883646718051,-0.38170731707317085,-0.3720095693779908,-0.23299912816041823,-0.2552310374891018,0.4262893655864901,0.5654596100278555,-0.19290869595683557,-0.6777778293827149,-0.6708897101431512,-0.8166697885804791,-0.619974622495894,-0.5869238737939559
2015-04-20,-0.5929422296137021,-0.6179530027151472,-0.612326373113659,-0.9479841304578637,0.3225119461250032,-0.7854847971369974,0.1802684701257311,-0.7071278437190901,-0.9347863429223884,-0.8026501268677748,-0.13866354752292198,-0.28963855421686735,-0.28616983583323474,-0.7889925728432678,-0.7562963326623791,-0.3560975609756101,-0.397129186602871,-0.2802964254577156,-0.230165649520488,0.37813783660429,0.5423796259450855,-0.5110363674584822,-0.6728888961580247,-0.6658214912308353,-0.8473454498765746,-0.6119493987948431,-0.6109971055806716
2015-04-21,-0.635343952464178,-0.6012589434683839,-0.6032466641385792,-0.9606489958029352,0.3191107724763813,-0.8292904376713442,0.1973658023763174,-0.7317940158259151,-0.9256317762486487,-0.8032139836481527,-0.21974870769346877,-0.2995180722891566,-0.30790126372977444,-0.783850695105694,-0.7831017723010456,-0.32560975609756104,-0.3803827751196174,-0.2816041848299915,-0.2806233653007846,0.3879507074395252,0.5805809789096692,-0.45595963842758036,-0.6666667185185174,-0.6593711338407123,-0.8805837187357921,-0.5935790886436584,-0.5929422296137021
2015-04-22,-0.6126383858208402,-0.6176792753268545,-0.6274592122340907,-0.9091163195836305,0.3331239194625639,-0.805282827349772,0.189272252710166,-0.7439107319485658,-0.8857194822516598,-0.8088525514519311,-0.17541410406369096,-0.2990361445783132,-0.2991614503366007,-0.8117818828159717,-0.7634640875840737,-0.23902439024390265,-0.3504784688995217,-0.31876634699215334,-0.28193112467306003,0.3028297581013235,0.5885395941106255,-0.511737089201878,-0.6960000511999989,-0.6897800694875844,-0.5816705844486482,-0.7022885528414198,-0.635343952464178
2015-04-23,-0.6566816351158304,-0.6176792753268545,-0.6263586206052154,-0.9575764929698622,0.3403342791036774,-0.7029310721762241,0.20454459017906634,-0.7161535608308607,-0.9188416340800469,-0.7519030166337748,0.18937478775987615,-0.3009638554216867,-0.2708161096019841,-0.7981971687932456,-0.8021503264765083,-0.2731707317073173,-0.2655502392344502,-0.310483870967742,-0.3190932868352223,0.36535828388863534,0.5925189017111023,-0.34244271599747744,-0.6751110738864208,-0.6681252442740254,-0.6629432348127688,-0.5537093085637175,-0.6126383858208402
2015-04-24,-0.59430989475708,-0.6420361141444304,-0.6549733151034056,-0.8775484114206968,0.34700029958455936,-0.8765599444333743,0.21272308607748158,-0.6577645895153315,-0.837703476916548,-0.7254017479560195,-0.06437007131268169,-0.2710843373493974,-0.28191803472304233,-0.8063226052180537,-0.7886985124453826,-0.3219512195121954,-0.2918660287081343,-0.33772885789014806,-0.3111377506538795,0.36832496576905527,0.5372065260644643,-0.24602340410622936,-0.6937777401382725,-0.6874764109011502,-0.6762540200136662,-0.6652494813724359,-0.6566816351158304
2015-04-27,-0.5669538562856813,-0.5941433997360344,-0.6302105950069192,-0.87029617800582,0.3350284024468535,-0.8006810320393949,0.21573466641328398,-0.6516444114737885,-0.7844129861468976,-0.7175077530307297,-0.3274346300418821,-0.2763855421686747,-0.28309909058698457,-0.7848028946867265,-0.7150571947567381,-0.307317073170732,-0.34928229665071786,-0.29653443766346976,-0.33892763731473385,0.42400730260155184,0.504576203740549,-0.43984303832947935,-0.6760000071999999,-0.6690467643826522,-0.5419668760547454,-0.7297863419225015,-0.59430989475708
2015-04-28,-0.5893858078322278,-0.5722495053332572,-0.5842620982433688,-0.8580148338183324,0.34414324507225613,-0.76909592502293,0.19499376398760626,-0.6398367952522257,-0.8249315428375116,-0.6650690724555952,-0.30219220465607677,-0.292289156626506,-0.284752568796504,-0.7248778010537675,-0.7650351023614315,-0.21341463414634143,-0.33253588516746424,-0.26809067131647746,-0.2969703574542284,0.418073938840712,0.4906486271388779,-0.2705486651250788,-0.6417777412938281,-0.6335695153667091,-0.5036535185727491,-0.6372500013732415,-0.5669538562856813
2015-04-29,-0.6451921536699201,-0.5785440858388506,-0.585912861873219,-0.877169223835515,0.33230742539047764,-0.6057231436216739,0.2020162519600892,-0.7104661226508409,-0.7685895298432812,-0.579926698618551,-0.14379504207070903,-0.2853012048192771,-0.24908468170544462,-0.7128166063606933,-0.7846727870784034,-0.16097560975609815,-0.25837320574162703,-0.27321272885789005,-0.2684176111595469,0.43450479233226824,0.4345403899721454,0.42176441734987047,-0.6333333859259248,-0.6248154521617738,-0.6180043847499348,-0.44524336587000335,-0.5893858078322278
2015-04-30,-0.6558609813177272,-0.6472359766677092,-0.6497455805300305,-0.8279853438581363,0.3036020789502123,-0.45582287022832013,0.16745500385503043,-0.6267000494559842,-0.826629078379662,-0.5274880180434165,-0.2002414820963665,-0.24674698795180716,-0.23727412306602091,-0.7820097759156988,-0.7595365506406794,-0.17439024390243896,-0.2021531100478473,-0.297406277244987,-0.2745204882301655,0.396850753080785,0.3597294070831678,0.17454978627986817,-0.6604444075456799,-0.6529206347654558,-0.5266694983744064,-0.6696932910741129,-0.6451921536699201
2015-05-01,-0.627957931501054,-0.6628352905648933,-0.6684551704811645,-0.8679257139018837,0.33434798583069414,-0.6995063433023467,0.183765179155583,-0.7425506923837786,-0.7266159426879668,-0.5404567239921052,-0.3291325510319587,-0.21469879518072288,-0.23396716664698225,-0.780930616390529,-0.9798713731651038,-0.08048780487804885,-0.18301435406698596,-0.3212728857890146,-0.29773321708805556,0.3842994066636236,0.33068046159968123,-0.2558335085137692,-0.653333341037037,-0.6455487572667057,-0.769042574989689,-0.7526169406741334,-0.6558609813177272
2015-05-04,-0.6192039991902063,-0.6319101712206958,-0.6244326609184663,-0.9534899341947032,0.3425109169998217,-0.8361609370071665,0.21599742834782365,-0.7601384767556876,-0.838511827174715,-0.5720327036932611,-0.5898954835301665,-0.22843373493975894,-0.2398724459666941,-0.7373833555513234,-0.9951887672443418,-0.03902439024390292,-0.08253588516746424,-0.2844376634699213,-0.3257410636442897,0.4249201277955268,0.3672900915240751,-0.592179945343704,-0.6471111189530864,-0.6390984943333383,-0.8616622827961444,-0.7619623072655464,-0.627957931501054
2015-05-05,-0.6208452794303749,-0.6135741307858895,-0.6104004134269099,-0.9489743517517384,0.30958813753102143,-0.6577324785118042,0.19274215726628174,-0.7312994559841741,-0.8965513757110957,-0.5494784324781499,-0.07889672867222586,-0.23759036144578305,-0.20822014881303863,-0.7242430013330794,-0.9963670283273601,0.004878048780487365,-0.06459330143540676,-0.28421970357454196,-0.28498256320836957,0.4810588772250117,0.38280939116593693,-0.3266064045967346,-0.6555556076543199,-0.6478526992234072,-0.7757911852983363,-0.5087347318425423,-0.6192039991902063
2015-05-06,-0.646560037661605,-0.6234263736885963,-0.620580686516762,-0.9614507066973196,0.29788817528125744,-0.5662689034997,0.1593807065548125,-0.7155662710187933,-0.8770499257328201,-0.45531435015506005,0.0761800550881031,-0.19349397590361428,-0.17184362820361376,-0.6752364628959562,-0.7684716971869016,0.09024390243902403,-0.020334928229665206,-0.2941368788142982,-0.28432868352223206,0.47056138749429444,0.3593314763231197,0.08906173358559322,-0.678222273817283,-0.6713504701974649,-0.6370533354790995,-0.37124212445962934,-0.6208452794303749
2015-05-07,-0.6315141344342208,-0.643678095332473,-0.6398404759829743,-0.9143361075419328,0.30917921575497953,-0.7632825550716223,0.17171697123514962,-0.7758716617210684,-0.9002293693857549,-0.5038060332675496,0.061653397728558934,-0.1956626506024095,-0.20325971418448074,-0.6817114200469754,-0.7584564779812459,-4.440892098500626e-16,0.046650717703349276,-0.31876634699215334,-0.2963164777680909,0.43906891830214523,0.2757660167130922,-0.39009179454838483,-0.6728888961580247,-0.6658214912308353,-0.6113762539320726,-0.5695491922593119,-0.646560037661605
2015-05-08,-0.6435508460737127,-0.6321838986089885,-0.6324117782646703,-0.8166443848818994,0.3465916125006907,-0.4786639349074264,0.1981408782734304,-0.7324740356083087,-0.8832944314771591,-0.5393290104313495,-0.10549749085009252,-0.23445783132530118,-0.2353844336837132,-0.6829810194883517,-0.7645441602435072,-0.04390243902439073,-0.031100478468899517,-0.29871403661726204,-0.31898430688753265,0.5148334094020997,0.3151611619578194,-0.1941699950949478,-0.6666667185185174,-0.6593711338407123,-0.8246179173229282,-0.6987657304821175,-0.6315141344342208
2015-05-11,-0.6170154614004177,-0.6354680251886671,-0.6464438056434041,-0.9693378084691007,0.3328515298585355,-0.8160413913287194,0.22819249741349745,-0.7600148367952524,-0.9594814433093861,-0.5669579926698622,-0.27936460023393583,-0.22457831325301192,-0.23609306720207845,-0.6874880975052373,-0.7971427168736804,0.13292682926829258,-0.07775119617224924,-0.3328247602441152,-0.29827811682650385,0.4148790506617983,0.32590529247910816,-0.6181066498493448,-0.6644444519012345,-0.6570672391123888,-0.9029885069601091,-0.7855124845968071,-0.6435508460737127
2015-05-12,-0.5609355004659347,-0.6256158096532252,-0.6192048988309877,-0.9619707353855689,0.32428079170119073,-0.6307933541406584,0.19643216314286338,-0.7500618199802177,-0.9266422140713573,-0.5336904426275728,-0.35196015545409964,-0.22987951807228924,-0.2020786583205385,-0.6893290166952326,-0.7260542981982423,0.08414634146341449,0.08851674641148266,-0.3176765475152572,-0.3321708805579773,0.4420356001825647,0.34739355352168744,-0.5511176511807161,-0.6524444077234577,-0.6446273316148342,-0.7570166112197186,-0.6609320098946632,-0.6170154614004177
2015-05-13,-0.5437012782970689,-0.5637657351684231,-0.57490719321139,-0.777544727884155,0.3248248961692486,-0.7362525310400246,0.21854502086570315,-0.7627040059347182,-0.841341053078299,-0.45305892303354955,-0.5875561257216165,-0.18168674698795173,-0.18955946616274932,-0.6427981971687933,-0.6345426874171534,0.1426829268292682,0.06937799043062132,-0.28618134263295536,-0.31931124673060163,0.4616613418530351,0.3040191006764825,-0.42863149043514825,-0.6306666304296306,-0.6220508918358924,-0.612948643198669,-0.5836642845503,-0.5609355004659347
2015-05-14,-0.534126692188118,-0.5413245775599176,-0.537763181851918,-0.8825298528968849,0.3546182315217168,-0.7309243801095551,0.223047099655862,-0.7429216122650841,-0.8598118564774118,-0.4231745136735263,-0.9559672489906804,-0.20939759036144578,-0.213889216959962,-0.5780486256586048,-0.676763709558643,0.06951219512195106,0.09330143540669811,-0.2602441150828243,-0.2870531822144726,0.4164764947512549,0.23438121766812614,-0.2510686006586784,-0.6288888971358023,-0.6202079933037716,-0.6093008408061398,-0.7053078532938571,-0.5437012782970689
2015-05-15,-0.5344003072849088,-0.5446087315068611,-0.5473930903420752,-0.9361729788760014,0.3577474702823964,-0.8126663206026815,0.2525403479936852,-0.6914873887240357,-0.9146988390069418,-0.3994925288976594,-0.2656680375806514,-0.21783132530120475,-0.2325498996102513,-0.5731606678093062,-0.7561981442387942,-0.03658536585365857,0.0334928229665068,-0.23997384481255413,-0.26078901482127304,0.4872204472843449,0.21408674890568946,-0.41882138602760843,-0.6333333859259248,-0.6248154521617738,-0.817681992185542,-0.710269832812417,-0.534126692188118
2015-05-18,-0.578990595281212,-0.5377669151628046,-0.5311598521914878,-0.9224745565130343,0.36672644080752415,-0.8283401995542128,0.25818257856943916,-0.7815590999010882,-0.9671203532490629,-0.47674090780941647,-0.29555144700599945,-0.20698795180722884,-0.2046769812212117,-0.5287246873611378,-0.7725956109774657,0.06829268292682888,-0.05861244019138789,-0.22776809067131643,-0.24226242371403695,0.4721588315837515,0.20095503382411462,-0.4834279307686917,-0.6320000081777777,-0.6234332664555887,-0.8834057529396557,-0.7400838226650773,-0.5344003072849088
2015-05-19,-0.5737928659035307,-0.5692391061418727,-0.5757325612692643,-0.923068255932119,0.36577430932733535,-0.8311639806728806,0.26148599075256085,-0.75646018793274,-0.8208493740337689,-0.5703411333521284,-0.0875372599328379,-0.2240963855421687,-0.24365182473130953,-0.6045197740112993,-0.6359173253473415,0.1365853658536582,0.0334928229665068,-0.2724498692240629,-0.22831299040976472,0.39707895937927873,0.26621567847194516,-0.12325695466330322,-0.6653333407703703,-0.657988759221016,-0.6447490728795391,-0.4967472484816525,-0.578990595281212
2015-05-20,-0.5844617209073761,-0.5788178132271438,-0.5727060099536394,-0.9364914964475541,0.363733528863206,-0.811204351063747,0.26365303010344077,-0.7781280909990109,-0.9664736730425294,-0.6019171130532843,-0.24959438554125957,-0.2527710843373492,-0.2568796504074642,-0.5996952961340698,-0.7856546713142519,0.09634146341463401,0.09330143540669811,-0.26743679163033995,-0.27321272885789005,0.4050661798265627,0.3660962992439316,-0.26662462336206294,-0.6617777852938271,-0.6543029149283967,-0.8277530223203647,-0.6022945951043022,-0.5737928659035307
2015-05-21,-0.5869238737939559,-0.5892172919683136,-0.5806851272998439,-0.9780482889972765,0.37216840958853625,-0.8620951151322054,0.2592728926290415,-0.7655168150346192,-0.9427283842088778,-0.5906399774457283,-0.0967437648568088,-0.24096385542168663,-0.21199952757765428,-0.5992509363295881,-0.8181550395208403,0.020731707317072967,0.055023923444975864,-0.27037925021795983,-0.26765475152571927,0.40187129164764945,0.3859928372463193,-0.448531987947586,-0.6679999629333343,-0.6607533667752753,-0.8870825759394543,-0.5323929375101848,-0.5844617209073761
2015-05-22,-0.633155414674389,-0.5911330005446493,-0.5848122702443441,-0.9939828347197155,0.36522998483536506,-0.8929467123886348,0.25294053432140773,-0.7821463897131554,-0.9315731506461751,-0.6442063715816184,-0.3471305135267706,-0.19638554216867465,-0.21530648399669294,-0.6097886116930109,-0.766802493985959,0.04512195121951201,-0.008373205741627032,-0.28738012205754115,-0.27168700959023573,0.43108169785486083,0.3720652606446473,-0.08401653703314416,-0.6728888961580247,-0.6658214912308353,-0.8462725668199483,-0.7835936083844637,-0.5869238737939559
2015-05-26,-0.6337026722240093,-0.6376572695824381,-0.6293851994349429,-0.907521564939666,0.33407627096666515,-0.6115150511531526,0.20903874186554106,-0.6877163699307618,-0.8659351096830258,-0.7259656047363965,-0.19778892955514482,-0.21060240963855414,-0.22782567615448213,-0.6382911191519076,-0.7414698807010652,-0.04390243902439073,0.0023923444976077235,-0.33195292066259796,-0.28312990409764627,0.4183021451392057,0.45801830481496264,-0.1266204190316026,-0.6986666733629628,-0.692544629813466,-0.6186920852009854,-0.6455169155895875,-0.633155414674389
2015-05-27,-0.6301464419348046,-0.6434045595150377,-0.631311186635795,-0.9744427567587479,0.3612847067186853,-0.742371004018312,0.21968177255976418,-0.7280229970326411,-0.9037052754958724,-0.7079221877643072,-0.07353884465909533,-0.25036144578313246,-0.2564072280618872,-0.6426712372246555,-0.837989101084982,-0.058536585365854155,-0.05861244019138789,-0.34666521360069735,-0.33249782040104625,0.43838429940666357,0.5196975726223636,-0.2289257935673744,-0.6902221846617294,-0.6837904721517751,-0.8176626451140291,-0.6619683495284288,-0.6337026722240093
2015-05-28,-0.627957931501054,-0.6395729507915084,-0.6428670548127018,-0.9184335002480971,0.3580194051703387,-0.8191281922982316,0.2238029212540722,-0.8173219584569734,-0.9439813271090365,-0.6831124894276854,-0.14322906840735017,-0.26939759036144584,-0.2797921341679459,-0.6572081508284136,-0.791153223035004,-0.05243902439024417,-0.08014354066985696,-0.3501525719267651,-0.347101133391456,0.434732998630762,0.5244727417429367,-0.10419732324294018,-0.6831111181530863,-0.6764185946530249,-0.7947029477022276,-0.5273668733852968,-0.6301464419348046
2015-05-29,-0.6306934806361171,-0.6308154532383816,-0.6211308860318399,-0.9587205560840107,0.340061889499649,-0.6634616821108416,0.20473222342818698,-0.5938427299703265,-0.9733042327240394,-0.6611220749929512,0.007206731313436077,-0.25975903614457807,-0.21601511751505842,-0.6450834761632707,-0.8482006971378073,-0.06707317073170715,-0.07775119617224924,-0.3626852659110722,-0.35037053182214484,0.3979917845732541,0.4958217270194982,-0.3081073505710882,-0.6840000070222222,-0.6773400675332742,-0.8985017451937918,-0.43646926776928807,-0.627957931501054
2015-06-01,-0.6181097302953122,-0.602900924656427,-0.6238822412905654,-0.8536899285610591,0.34591209064844364,-0.7418458059801456,0.20750029612835252,-0.7612821463897133,-0.9544696717087515,-0.6949534818156184,-0.2209938497528583,-0.20530120481927705,-0.21908586276130837,-0.6569542309401384,-0.719279296970887,0.0060975609756099836,-0.08851674641148355,-0.3802310374891018,-0.36519180470793344,0.37927886809675915,0.49383207321925937,-0.29619508093336133,-0.6880000069333333,-0.6814867663369629,-0.821125770914844,-0.7354459281556633,-0.6306934806361171
2015-06-02,-0.6405416818418588,-0.6261630454916882,-0.6164535435722618,-0.9461748639799963,0.34305480144396716,-0.7578837044052458,0.19653447516383737,-0.786288328387735,-0.9511352268938131,-0.5669579926698622,-0.11560955363543757,-0.2081927710843372,-0.1971182236919804,-0.6477496349901606,-0.8052923560312238,0.10731707317073136,-0.020334928229665206,-0.3606146469049696,-0.3805579773321708,0.358968507530808,0.536808595304417,0.21603251348889363,-0.6751110738864208,-0.6681252442740254,-0.7556060338239576,-0.7105865938665539,-0.6181097302953122
2015-06-03,-0.6624265946870933,-0.6338258524297662,-0.6464438056434041,-0.9266651210258433,0.3506738628372097,-0.7650668817397521,0.21298207292460436,-0.7999814540059348,-0.81484737336688,-0.4992951790245277,-0.05240916122703099,-0.18722891566265054,-0.1999527577654423,-0.670919824795277,-0.7594383622170945,0.22317073170731705,0.0681818181818179,-0.37870531822144704,-0.3609415867480381,0.3115015974440891,0.41504178272980496,0.06117300819844451,-0.6915555624098765,-0.6851727995430937,-0.7161731844312358,-0.7127123718078999,-0.6405416818418588
2015-06-04,-0.6788401630578558,-0.6672139435560278,-0.66295223985089,-0.9119201409277746,0.3263215868335809,-0.49547405961460644,0.1871826074837477,-0.7370796241345203,-0.9449109299059284,-0.5195940231181284,-0.15598234162170332,-0.22120481927710833,-0.23443958899255923,-0.7151018853551703,-0.7400952427708772,0.15975609756097553,0.1901913875598087,-0.3875326939843067,-0.37870531822144704,0.29917845732542236,0.3696776760843621,-0.12732114077499823,-0.7066666731851851,-0.7008380274208433,-0.8092167689862927,-0.6458867753175391,-0.6624265946870933
2015-06-05,-0.6698126156502173,-0.6880131473437556,-0.6879901560042758,-0.9120349805964296,0.32142395721280037,-0.6224730893869806,0.1767351390752978,-0.7504636498516322,-0.9190639304010428,-0.5906399774457283,-0.10444100667848932,-0.2604819277108432,-0.2521554269516946,-0.7397955944899386,-0.763955029701998,0.28170731707317076,0.1363636363636358,-0.39821272885789005,-0.38807759372275497,0.2777270652670012,0.3923597294070831,0.04940088290939659,-0.7173333396148148,-0.7118957492122129,-0.7820851394264298,-0.6323539374497622,-0.6788401630578558
2015-06-08,-0.6629736060323679,-0.6806238488558476,-0.6725823409397673,-0.9657864458855981,0.3030579598138936,-0.7755081385706406,0.16469448326266622,-0.7592420870425323,-0.9582285004092275,-0.4897096137581052,-0.26846017431988844,-0.23590361445783126,-0.25333648281563703,-0.7370024757189109,-0.8436840296529038,0.24878048780487783,0.2523923444976077,-0.38371839581517,-0.4023539668700957,0.24440894568690075,0.45045762037405446,-0.19515100553570175,-0.7088888953580247,-0.7031415915505219,-0.6799712959811737,-0.8138781623464486,-0.6698126156502173
2015-06-09,-0.6367118364558633,-0.6650245349586643,-0.6566241062473592,-0.956051075484331,0.3034662068499365,-0.692625744004252,0.15587267032974328,-0.7461053412462909,-0.942283791566886,-0.49422046800112707,-0.20069426102705368,-0.25325301204819284,-0.2183772292429429,-0.7366215958864979,-0.8320977956698904,0.32195121951219496,0.22248803827751162,-0.36987794245858785,-0.38371839581517,0.22752167959835656,0.3569438917628327,-0.27209025296054934,-0.7200000062222222,-0.7146602623097165,-0.822240865763862,-0.7315587390346661,-0.6629736060323679
2015-06-10,-0.650936894392875,-0.6401204329353596,-0.6296602028931213,-0.9143837768383557,0.3376130673551283,-0.568410516333217,0.165616795300902,-0.7262302176063304,-0.9439004920832198,-0.47053848322526015,-0.24959438554125957,-0.19831325301204816,-0.19097673319948028,-0.7425252332888972,-0.7950807599783984,0.37560975609756087,0.27631578947368407,-0.35799912816041823,-0.37053182214472535,0.24395253308991327,0.34341424592120884,0.1484829374255483,-0.7115556064098755,-0.7059061991047814,-0.7743665373051114,-0.60390586520627,-0.6367118364558633
2015-06-11,-0.6517575481909788,-0.6600983998236782,-0.6508461721589058,-0.9364459939373323,0.34700029958455936,-0.8237497667013922,0.2112133313912543,-0.7493818001978241,-0.7831398344902847,-0.5088807442909502,-0.6153642983813155,-0.18409638554216845,-0.1973544348647689,-0.7572525868088618,-0.7811380038293484,0.24756097560975565,0.32655502392344493,-0.37303836094158616,-0.3581081081081079,0.24212688270196248,0.3147632311977713,-0.4741784037558685,-0.7213333395259259,-0.7160424480159014,-0.8319610103744275,-0.8489434279405221,-0.650936894392875
2015-06-12,-0.6380795289552794,-0.657635455408879,-0.6497455805300305,-0.9675653773566509,0.3236006097772055,-0.5649129835646259,0.18334007686431697,-0.7670932245301683,-0.8742813260985987,-0.5026783197067939,-0.6608308493378109,-0.19879518072289137,-0.21908586276130837,-0.7519202691550815,-0.8605724385094996,0.25853658536585344,0.21770334928229618,-0.40061028770706164,-0.37369224062772455,0.22181652213601089,0.34341424592120884,-0.49351832387358985,-0.7293333837925915,-0.7243357511665233,-0.8406328954739286,-0.8414784867976556,-0.6517575481909788
2015-06-15,-0.6492955867966685,-0.6398466781798016,-0.6428670548127018,-0.9230270869942993,0.31230889456348443,-0.611196902341571,0.1526734567448198,-0.7418706726013848,-0.8933786009477908,-0.49422046800112707,-0.9427989284231975,-0.21445783132530116,-0.23443958899255923,-0.7536342284009394,-0.7571800284746427,0.22195121951219487,0.1758373205741628,-0.4148866608544024,-0.3954882301656495,0.2033318119580101,0.3477914842817347,-0.976876182467942,-0.7280000060444444,-0.7229536599170938,-0.7938534353803415,-0.8349070681658802,-0.6380795289552794
2015-06-16,-0.6347969411189038,-0.6590039007794868,-0.6544229229896081,-0.9451608080379101,0.32795412026166737,-0.7756411214072276,0.16730587727074608,-0.7864119683481703,-0.878909131326604,-0.5145193120947278,0.01203637324076512,-0.22120481927710833,-0.22499114208102022,-0.7444931124230307,-0.8352398252246059,0.15975609756097553,0.17942583732057393,-0.43232345248474235,-0.4152136006974718,0.1971702418986765,0.34500596896140134,-0.5041692943732043,-0.7386666724740739,-0.7340114289368412,-0.7721451417304901,-0.9010002691553465,-0.6492955867966685
2015-06-17,-0.5945835098538708,-0.6428571047384515,-0.6588252895051099,-0.8926487444557358,0.3325786855384205,-0.60141508888072,0.17997286125802647,-0.7403560830860535,-0.8830721351561632,-0.4643360586411056,0.20876881862430663,-0.21012048192771093,-0.20018896893823057,-0.7444296324509616,-0.8586086700378024,0.17317073170731678,0.12799043062200965,-0.42883609415867463,-0.4330863121185704,0.14034687357371034,0.3569438917628327,-0.18506061243080374,-0.7173333396148148,-0.7118957492122129,-0.5583652779866384,-0.6576105962981069,-0.6347969411189038
2015-06-18,-0.6000546354800353,-0.5998904980977766,-0.596643361992252,-0.8582986828106685,0.36142034412678736,-0.43662031695785763,0.20026110306100087,-0.7340195351137488,-0.892934008305799,-0.451367352692416,-0.22389918122476715,-0.21662650602409617,-0.21223573875044277,-0.7323684377578874,-0.7047474102803278,0.19024390243902412,0.11722488038277445,-0.4236050566695724,-0.4294899738448126,0.13258785942492013,0.28372463191404673,-0.26494289117791325,-0.7057777843160493,-0.6999165073122162,-0.7006823360357676,-0.7467925654532703,-0.5945835098538708
2015-06-19,-0.6405416818418588,-0.6039956426387412,-0.5949925708482993,-0.9326129491476948,0.3495283450059441,-0.5855493106460125,0.21301303134757665,-0.2275902571711178,-0.6505906009073732,-0.45531435015506005,-0.22782326529072194,-0.19421686746987943,-0.21507027282390445,-0.7699485812226241,-0.8111836614463154,0.10121951219512182,0.14832535885167442,-0.42306015693112453,-0.42382301656495214,0.08124144226380636,0.2717867091126145,-0.6080162567444467,-0.725333339437037,-0.7201891468195902,-0.6447561081782711,-0.7590675140482611,-0.6000546354800353
2015-06-22,-0.661058710695408,-0.6455938039088087,-0.639290303981999,-0.9076494053255272,0.3642926242938551,-0.8371339000394109,0.216308893355865,-0.7855773986152326,-0.9043721644588602,-0.46208063151959333,-0.22699317058446222,-0.22650602409638543,-0.22782567615448213,-0.7584587062781694,-0.7853601060434974,0.2390243902439022,0.10047846889952128,-0.46970357454228395,-0.42731037489101986,0.026700136923778928,0.27775567051333105,-0.575082334804849,-0.7395555613432099,-0.7349329018170905,-0.7996540391848552,-0.8126568928487071,-0.6405416818418588
2015-06-23,-0.6692656043049432,-0.6666667077175643,-0.6544229229896081,-0.9345370552942172,0.36647935395346565,-0.8464729984873202,0.23186324899117627,-0.7911721068249259,-0.9458001151899119,-0.5585001409641945,-0.03973135116779236,-0.2062650602409637,-0.19806306838313437,-0.792737891195328,-0.7356767637095585,0.2878048780487803,0.205741626794258,-0.45727986050566694,-0.47003051438535337,0.027384755819260143,0.29566255471547986,-0.337958096839745,-0.7377777391604948,-0.7330898143714584,-0.8493267658819671,-0.6868807824913531,-0.661058710695408
2015-06-24,-0.673368845939422,-0.6784346318293419,-0.6676297749091882,-0.9680810724724982,0.34542684991118655,-0.7461866855984848,0.2044094331578954,-0.701502225519288,-0.9604110461062779,-0.5376374400902169,-0.07606686035543153,-0.18409638554216845,-0.19664580134640364,-0.7897543325080938,-0.8146202562717855,0.23780487804878048,0.23684210526315752,-0.4434394071490848,-0.4588055797733217,0.02692834322227311,0.38161559888579344,-0.5068320369981081,-0.7382221835950626,-0.7335505744257719,-0.9103474294337552,-0.6277526627153929,-0.6692656043049432
2015-06-25,-0.6700862307470086,-0.6792556224233635,-0.6673545788522892,-0.9695978228132253,0.3361309422738219,-0.7259863402218583,0.1897747491258941,-0.7818372898120673,-0.9311083492477291,-0.5393290104313495,-0.2369543070595782,-0.2065060240963854,-0.22286524152592402,-0.7896908525360251,-0.8731405567283617,0.2853658536585364,0.1949760765550237,-0.4245858761987793,-0.44452920662598094,-0.04746691008671844,0.36888181456426583,-0.6269357438161306,-0.7462222278617283,-0.741844066489905,-0.7644239013721472,-0.7979888419545438,-0.673368845939422
2015-06-26,-0.656134596414518,-0.6800766130173845,-0.6725823409397673,-0.9373582109279696,0.3370879876213957,-0.6962444763201123,0.19009753939618523,-0.537246538081108,-0.9291480998716745,-0.5607555680857059,-0.2431045542014113,-0.21927710843373482,-0.23396716664698225,-0.8228908779280135,-0.7657224213265255,0.36097560975609744,0.2404306220095691,-0.4243679163034,-0.4260026155187444,-0.05271565495207664,0.36410664544369276,-0.537944082404877,-0.7493332944592602,-0.7450692451849664,-0.8669027009391246,-0.8191019732565782,-0.6700862307470086
2015-06-29,-0.6752837412763815,-0.6650245349586643,-0.6615766447638358,-0.9064251711219403,0.2765272563862964,-0.2819503363813476,0.1318226921233343,-0.6663884767556876,-0.8579728596400822,-0.5212855934592611,-0.037731577557257756,-0.23951807228915656,-0.25073815991496384,-0.7983241287373835,-0.819136923756689,0.18292682926829285,0.12081339712918604,-0.4277462946817785,-0.4302528334786402,-0.10543130990415328,0.44767210505372024,0.017868404456590214,-0.7582222275950616,-0.7542841629009709,-0.7886701790395587,-0.6729249862218096,-0.656134596414518
2015-06-30,-0.6859525962802273,-0.6699506427263846,-0.6805614582859718,-0.8614253552987674,0.2822688977365231,-0.36483820176063386,0.1291067206552361,-0.6351075667655788,-0.8330756716885428,-0.5765435579362848,-0.07421801305512588,-0.25132530120481933,-0.23892760127554014,-0.8320319939059226,-0.8158967057783886,0.20853658536585362,0.14832535885167442,-0.4347210113339144,-0.42796425457715737,-0.07713372889091774,0.35017906884202166,-0.4296125008759022,-0.7648888941135802,-0.7611951858886519,-0.7559604369975809,-0.7492003156624608,-0.6752837412763815
2015-07-01,-0.6919709520999731,-0.6847289933968126,-0.6778098829144228,-0.9370028579909992,0.3052352871182977,-0.5623985137905516,0.14101750611545505,-0.7570474777448073,-0.9096668586498531,-0.6239075274880177,-0.0374674565143569,-0.23662650602409618,-0.2580607062714064,-0.8280327556655873,-0.9724090529726545,0.3036585365853659,0.20454545454545459,-0.4255666957279858,-0.4409328683522231,0.05317206754906456,0.3987266215678469,-0.358138883049541,-0.7857777380938281,-0.7828501055589665,-0.7291638635398283,-0.5607311504285428,-0.6859525962802273
2015-07-02,-0.6837642499827079,-0.7030652254024763,-0.6923923024069545,-0.9493622064817243,0.30181844776708555,-0.6954074419467845,0.1505664457296918,-0.7691951038575668,-0.9228631766144271,-0.6069918240766841,-0.266196279666453,-0.28795180722891556,-0.2826266682414078,-0.8399669904145242,-0.9945014482792478,0.25365853658536563,0.27153110047846907,-0.4233870967741935,-0.42611159546643407,0.020994979461432806,0.4612017508953441,-0.4276504799943942,-0.7706667162074067,-0.7671849249095948,-0.7281947511394986,-0.6820048594441483,-0.6919709520999731
2015-07-06,-0.7193269905713722,-0.6828132848204769,-0.6863393923744252,-0.9402357030029491,0.2929321366457627,-0.6381671682630569,0.12675997709188813,-0.7474035608308607,-0.8998656117695798,-0.622215957146885,0.0691997132400104,-0.29855421686746975,-0.3100271642848704,-0.8001015679553101,-0.8273847513378172,0.1365853658536582,0.08612440191387538,-0.4673060156931119,-0.4321054925893635,-0.061159287996348954,0.4763231197771587,-0.46282671151285826,-0.7617777830716049,-0.757970101650346,-0.7375411455049279,-0.25515560657910874,-0.6837642499827079
2015-07-07,-0.7102996620120412,-0.7222222290640383,-0.7298115098233255,-0.8359352824297475,0.31125066755255126,-0.40315451279991366,0.10768550417858647,-0.6988439663699308,-0.8517687714086515,-0.6475895122638846,0.20767460287514616,-0.3855421686746987,-0.38797685130506654,-0.9120802386846951,-0.5667926751436005,0.0939024390243901,0.11244019138755945,-0.5369442022667825,-0.46839581517000894,-0.16955727978092217,0.4548348587345803,-0.29913811225562326,-0.7991111155753087,-0.7966723876762175,-0.45427011853598964,-0.2193231566978483,-0.7193269905713722
2015-07-08,-0.7029133948445714,-0.708264841620367,-0.7014720113820343,-0.9091401542318419,0.2636768624378809,-0.4443964462441081,0.11358898510753823,-0.810150840751731,-0.9719300372851558,-0.610938821539329,0.09266875448062484,-0.38240963855421684,-0.39955119877170175,-0.9064305211705705,-0.6898227698954292,0.02317073170731687,0.06459330143540631,-0.5518744551002617,-0.5371621621621623,-0.16910086718393424,0.48706725029844833,-0.4482516992502278,-0.8048888487802478,-0.8026620794687827,-0.8324191842043474,-0.5855813297738911,-0.7102996620120412
2015-07-09,-0.699357191911405,-0.7006020620495543,-0.6995460241811822,-0.9501357491554951,0.26736808627659814,-0.528171424976323,0.12019203631933317,-0.7152880811078142,-0.9197914456333931,-0.6329292359740624,0.0039240840659546805,-0.40795180722891566,-0.38561473957718184,-0.8676442582365262,-0.7127988610142864,0.16951219512195115,-0.005980861244019309,-0.5583042720139493,-0.5527462946817785,-0.2398448197170242,0.4500596896140072,-0.5491556302992082,-0.801777782182716,-0.7994369007737213,-0.9149098206614413,-0.7028085536470549,-0.7029133948445714
2015-07-10,-0.7130352111471043,-0.7066228877995897,-0.7028477990678086,-0.9546426644536558,0.3040053974506094,-0.5898493695835006,0.12613364891723888,-0.7607875865479724,-0.8990774702678672,-0.5618832816464607,-0.4610044145945743,-0.39397590361445767,-0.37900082673910473,-0.8275883958611057,-0.8286612008444203,0.2719512195121947,0.1770334928229662,-0.5354184829991278,-0.5589581517000872,-0.17891373801916943,0.4588141663350571,-0.34987036647747183,-0.8097777820049382,-0.8077302039243429,-0.7615534994895012,-0.706516305870333,-0.699357191911405
2015-07-13,-0.7198742207649538,-0.7222222290640383,-0.7212821929620441,-0.9398131796937466,0.3351736622340744,-0.6882713977695496,0.16984780619101736,-0.7589948071216619,-0.868905796881789,-0.6521003665069065,-0.3761083650907445,-0.4012048192771085,-0.3955356088342976,-0.8339998730400557,-0.7952771368255682,0.3268292682926828,0.22248803827751162,-0.5332388840453355,-0.5391238012205752,-0.13966225467822913,0.4202148826104253,-0.3561768621680331,-0.8079999598222232,-0.8058871637070885,-0.8849359304138603,-0.7108832140444161,-0.7130352111471043
2015-07-14,-0.7357405589421342,-0.723864182884816,-0.7138534952437401,-0.97617835250578,0.3482977805982559,-0.7907851731712177,0.2024957189894976,-0.788792037586548,-0.960653551183728,-0.6475895122638846,-0.5034524393464892,-0.405301204819277,-0.38963032951458576,-0.8442201485431347,-0.8168785900142372,0.2670731707317069,0.2930622009569377,-0.5462074978204008,-0.5326939843068876,-0.148105887722501,0.5021886191802629,-0.5874150374886133,-0.8119999597333343,-0.8100339569675328,-0.896463267386202,-0.6563728479015953,-0.7198742207649538
2015-07-15,-0.7466830290427708,-0.7482210490696568,-0.7427431656860071,-0.831324361393937,0.3470678909305671,-0.7225914904030368,0.21292997362550503,-0.7772935212660733,-0.9309264704396416,-0.6831124894276854,-0.7427838357921746,-0.3708433734939758,-0.3872682177867013,-0.8771662540468483,-0.7718101035887868,0.21707317073170707,0.22488038277511935,-0.5614646904969485,-0.5467523975588491,-0.21291647649475154,0.47990449661758827,-0.4084507042253521,-0.8293333815703695,-0.8280029851168503,-0.6273050496736062,-0.495463725366335,-0.7357405589421342
2015-07-16,-0.7770482317460234,-0.753147156837378,-0.7421929936850318,-0.9322207608453067,0.36948749155254834,-0.6856879115866136,0.2235960337060483,-0.7631676557863503,-0.9100508250224824,-0.7248378911756417,-0.9895483530166397,-0.4122891566265061,-0.4170308255580488,-0.8965276455278359,-0.7887967008689675,0.21707317073170707,0.205741626794258,-0.5864210985178726,-0.5612467306015692,-0.26745778183477853,0.5224830879426978,-0.44951299838834,-0.8364444480790124,-0.8353748626156006,-0.8588930133327706,-0.6632262388012149,-0.7466830290427708
2015-07-17,-0.8577486820168421,-0.7764092776726392,-0.7752098070717985,-0.7105888674858564,0.37222167004369133,-0.7599786049132529,0.21716513846485652,-0.6967729970326411,-0.869027049420514,-0.7507753030730191,-0.45059049918877114,-0.4303614457831326,-0.44041573166410775,-0.9050974417571256,-0.8388727968972457,0.20609756097560972,0.1901913875598087,-0.620640802092415,-0.5867480383609416,-0.32199908717480596,0.5547154795065659,-0.6217504029150025,-0.8684444473679013,-0.8685482641315984,-0.4491281945752572,-0.582959353880689,-0.7770482317460234
2015-07-20,-0.8667760105761726,-0.8451011685014977,-0.8516989855343917,-0.691230799565776,0.3742720875552008,-0.8589031062223553,0.22343558185951506,-0.793984915924827,-0.7177038810916772,-0.7519030166337748,-0.43576198920876896,-0.42915662650602404,-0.43498287468997265,-0.948962102456675,-0.6692032009426088,0.24634146341463392,0.18899521531100438,-0.66564952048823,-0.6158456843940714,-0.3582838886353268,0.5813768404297655,-0.6357648377829164,-0.941777779071605,-0.94457079216229,0.44590338951898767,-0.7178373093254087,-0.8577486820168421
2015-07-21,-0.8823689525048697,-0.8541324208101835,-0.8618792861383469,-0.8045948868179229,0.3625152711263735,-0.8065436393067806,0.18551844147744712,-0.7163699307616223,-0.8666828336718301,-0.6898787707922187,-0.33079274044447804,-0.4551807228915661,-0.44702964450218485,-0.9202691550815718,-0.8087289508566939,0.18658536585365848,0.20334928229665028,-0.6624891020052308,-0.6652136006974718,-0.2743039707895938,0.5861520095503385,-0.39303482587064675,-0.9266666682962964,-0.9289055642845404,-0.2495613930946785,-0.7842729052115432,-0.8667760105761726
2015-07-22,-0.8952263179424662,-0.8877942666920031,-0.8913193762085139,-0.8516271480976702,0.3560898541282529,-0.7615024367211061,0.173740926461174,-0.6786597428288824,-0.8684207867268888,-0.6915703411333523,-0.2078632607629326,-0.4359036144578312,-0.4534073461674737,-0.9341712689646418,-0.7504050272472874,0.18170731707317067,0.15430622009569328,-0.6409110723626852,-0.6631429816913688,-0.28662711090826143,0.5304417031436532,-0.5034685726298087,-0.9284444460345679,-0.930748510045039,-0.6904837911114279,-0.5228333452347602,-0.8823689525048697
2015-07-23,-0.867323268125793,-0.8820469493921377,-0.8907691766934365,-0.9073113866781651,0.3403685148245068,-0.7537540823311049,0.15395102905766,-0.7521327893175076,-0.8539311083492478,-0.6639413588948404,-0.2619326114024828,-0.4710843373493976,-0.47844573048305183,-0.9219831143274297,-0.821886199617065,0.11097560975609744,0.14712918660287055,-0.6473408892763732,-0.6418918918918917,-0.32724783204016417,0.5423796259450855,-0.4164389321000631,-0.9488888900246915,-0.951942716889418,-0.42958677293485414,-0.6034609349394766,-0.8952263179424662
2015-07-24,-0.8807276449086632,-0.8741106340038902,-0.9119549533605,-0.7817807949071858,0.3102933875128038,-0.6390946814650753,0.12470544230470981,-0.7061696340257172,-0.7672961694302143,-0.6633775021144626,-0.3075500886692073,-0.4816867469879518,-0.49261840085036,-0.9565796991049322,-0.7301782119888065,0.10243902439024355,0.08732057416267924,-0.6335004359197907,-0.6483217088055797,-0.3055682336832497,0.5185037803422201,-0.6147431854810455,-0.9288888904691358,-0.9312092700993526,0.20017975188260184,-0.5933172572520886,-0.867323268125793
2015-07-27,-0.8763507881773931,-0.8716474706509678,-0.8781124967748313,-0.8009048499175538,0.29388918199333647,-0.5776275735703346,0.09482937536084357,-0.6616901582591495,-0.8064809481948529,-0.6013532562729065,-0.1893370561823191,-0.5014457831325301,-0.5129325617101688,-0.928648511394655,-0.7978300358387745,0.04634146341463419,0.07177033492822948,-0.6448343504795115,-0.6330645161290325,-0.3489274303970791,0.5232789494627932,-0.32212178543900216,-0.9515555566320988,-0.9547071355301661,-0.3708182843896396,-0.3224188093812539,-0.8807276449086632
2015-07-28,-0.8722473550506447,-0.8812259587981166,-0.8734351543152536,-0.9122971617267553,0.3290221896756327,-0.6147293641463543,0.10461804945626785,-0.7062314540059349,-0.8768882556811868,-0.6210882435861285,0.053012866467947006,-0.5243373493975902,-0.5067910712176684,-0.9403288262553167,-0.8360253326132848,0.08780487804878012,0.022727272727272485,-0.6416739319965123,-0.6450523103748913,-0.31013235965312624,0.4675686430561079,-0.6626725527293111,-0.9457777789827161,-0.9487174909659787,-0.6966555069240532,-0.6161917997337742,-0.8763507881773931
2015-07-29,-0.8968678170309419,-0.8730159160215756,-0.882790059347232,-0.910830247468652,0.3489817762700631,-0.6894417308978678,0.13929331370637055,-0.7380996538081108,-0.8624187860599999,-0.6622497885537069,0.0523714296494735,-0.5055421686746988,-0.4815164757293018,-0.9338538691042975,-0.8063724286906573,0.13536585365853648,0.0681818181818179,-0.6328465562336527,-0.6420008718395813,-0.3375171154723873,0.4711500198965375,-0.5533599607595824,-0.9333333348148148,-0.9358166817289769,-0.540462201538444,-0.38323876276428026,-0.8722473550506447
2015-07-30,-0.8788127495717033,-0.8910782017008234,-0.9001238616125922,-0.8884018435016999,0.34966533189404414,-0.7504072073330776,0.14154529735654675,-0.7890702274975273,-0.8912768902765569,-0.6921341979137301,-0.22359732860430903,-0.4809638554216866,-0.48505964332112894,-0.928648511394655,-0.8029358338651872,0.09634146341463401,0.11124401913875559,-0.6255448997384483,-0.63371839581517,-0.3149246919214974,0.5157182650218859,-0.5083736248335786,-0.955111112108642,-0.958393121507919,-0.3975946313635378,-0.7649669598079658,-0.8968678170309419
2015-07-31,-0.9015183162150415,-0.8697317620746325,-0.8772871287169575,-0.8875957990349135,0.344606776783452,-0.7000652078814213,0.14748728688330415,-0.6979784866468843,-0.8090070427516244,-0.6611220749929512,-0.2404633437724032,-0.48867469879518066,-0.501594425416322,-0.9365835079032565,-0.7150571947567381,0.010975609756097349,0.06578947368421062,-0.6422188317349606,-0.6259808195292069,-0.35919671382930174,0.5387982491046559,-0.15324784528063906,-0.9431111123753086,-0.945953025096853,-0.6778527916505075,-0.5684927117492716,-0.8788127495717033
2015-08-03,-0.8957735481360478,-0.8951833188745231,-0.8948961270392162,-0.9560792437049445,0.33476406571803263,-0.6550412593979622,0.11366411572592527,-0.7543583086053414,-0.9110006365758284,-0.6819847758669297,0.11300607478398672,-0.527710843373494,-0.5415141136175738,-0.9488986224846063,-0.8190387353331041,-0.03414634146341511,-0.0023923444976077235,-0.7028116826503923,-0.6402571926765477,-0.39639434048379707,0.5189017111022691,-0.580127531357298,-0.964444445234568,-0.9680686575931035,-0.5003073546133533,-0.38190946493015687,-0.9015183162150415
2015-08-04,-0.906168788043102,-0.8970990274508583,-0.8976477024107652,-0.9623109208191319,0.3291587218476466,-0.7903172082525949,0.11538264453740066,-0.7198009396636994,-0.8644598704618712,-0.7208908937129959,-0.20714636078934467,-0.564578313253012,-0.5589937404039209,-0.9554370596076938,-0.8313122882812115,0.054878048780488076,-0.0693779904306222,-0.7142545771578028,-0.7031386224934613,-0.41510725696029205,0.5431754874651809,-0.48118562118982555,-0.9635555563654322,-0.9671471847128541,-0.42939506104440783,-0.7526846872579661,-0.8957735481360478
2015-08-05,-0.8935850377022971,-0.9039408437949152,-0.9023250448703428,-0.9233087692004343,0.3398219460886258,-0.7736270205974001,0.11294717965437151,-0.7093224530168152,-0.9111016803580992,-0.7073583309839293,0.01588499415160549,-0.5498795180722891,-0.5476556041100744,-0.9537231003618358,-0.8328833030585693,0.11219512195121917,0.038277511961722244,-0.7165431560592852,-0.7150174367916304,-0.4406663623916023,0.580183048149622,-0.34076098381332776,-0.9724444450567902,-0.9763620079721028,-0.6743562481807158,-0.5317704013344245,-0.906168788043102
2015-08-06,-0.8864723856316181,-0.8940886008922084,-0.8924199678373892,-0.9478562900720023,0.31589851135927693,-0.6463506626942954,0.08781066247577707,-0.7287339268051436,-0.8690674669334224,-0.696645052156752,-0.15164321020261862,-0.5696385542168674,-0.5819062241644029,-0.9527709007808038,-0.8235554028180077,0.05975609756097544,0.08373205741626766,-0.7105492589363558,-0.7168700959023537,-0.40963030579644055,0.5706327099084758,-0.6262350220727348,-0.9604444453234569,-0.9639220060177925,-0.4337270462386217,-0.5807420265017311,-0.8935850377022971
2015-08-07,-0.85720145182326,-0.879857732365632,-0.8811390756045587,-0.9371783676732834,0.31002010314486306,-0.6386612247508834,0.07161638796452374,-0.7731515825914936,-0.8239008962583488,-0.6723992106005072,-0.11594913783345295,-0.5766265060240965,-0.5833234912011336,-0.9400114263949724,-0.6935539299916539,-0.014634146341463872,0.031100478468899517,-0.6880993897122929,-0.7107672188317351,-0.4228662711090827,0.5682451253481888,-0.1837993132926915,-0.9586666675851852,-0.9620790130289161,-0.5964447117857964,-0.656339890104055,-0.8864723856316181
2015-08-10,-0.8424291636926662,-0.8555008661807908,-0.8709589951134262,-0.9048564179123882,0.3470678909305671,-0.7968405213853024,0.09019213954951422,-0.7402942631058359,-0.8314993886851174,-0.6436425148012397,-0.25766894313851274,-0.6065060240963855,-0.5868666587929607,-0.915508157176411,-0.7148608179095683,0.06585365853658542,-0.0299043062200961,-0.6368788142981687,-0.6991063644289452,-0.382701962574167,0.5471547950656586,-0.5146801205241398,-0.9200000017777779,-0.9219943523833481,-0.2380085531644336,-0.6439166314201331,-0.85720145182326
2015-08-11,-0.801668721082359,-0.8456486506453493,-0.8475720351886116,-0.945706838160572,0.32013609857822267,-0.6402448146688485,0.0858335218130617,-0.7075914935707222,-0.7698222639869856,-0.6318015224133058,-0.20126023469041254,-0.5778313253012048,-0.5800165347820951,-0.8611058211134388,-0.7106387156954195,-0.04268292682926855,0.0334928229665068,-0.6342632955536183,-0.6372057541412381,-0.4105431309904155,0.513728611221647,-0.3734146170555672,-0.9084444464790123,-0.9100151577117293,-0.5690624497086068,-0.5603228399367942,-0.8424291636926662
2015-08-12,-0.8260155679658658,-0.8106183593929224,-0.8156555933178975,-0.8153703145956885,0.32369035019710024,-0.4102939236312394,0.04198987111572183,-0.6538390207715135,-0.7569088686127701,-0.5658302791091065,-0.4631173829377807,-0.6142168674698794,-0.6140309436636351,-0.8333015933472989,-0.6930629878737296,-0.03658536585365857,-0.06220095693779948,-0.6062554489973846,-0.6332824760244113,-0.3016887266088544,0.5133306804615998,-0.03720832457431156,-0.8644444474567902,-0.8644015653279098,0.04199985401755124,-0.6819517607703336,-0.801668721082359
2015-08-13,-0.826289210418695,-0.8305965725866287,-0.8217087234632499,-0.9293606030599355,0.3206831073619294,-0.7584918063003985,0.08365100325069541,-0.7522873392680516,-0.7944365293481667,-0.5703411333521284,-0.60608233030223,-0.6132530120481927,-0.6182827447738275,-0.8058147654415033,-0.7896803966812311,0.013414634146341253,-0.07296650717703379,-0.626961639058413,-0.605819529206626,-0.33546325878594274,0.4444886589733388,-0.49351832387358985,-0.9035555576987654,-0.9049468915710357,-0.1449728833204501,-0.5343923772276267,-0.8260155679658658
2015-08-14,-0.8186295470027418,-0.8243019920810353,-0.8263860659228275,-0.9567509474272665,0.32970596532352703,-0.8426425877955002,0.09384175025106556,-0.7721624629080119,-0.7600614346196208,-0.5940231181279954,-0.9628343961061013,-0.6399999999999999,-0.6359985827329631,-0.8264457563638672,-0.7540379989199273,0.02804878048780468,-0.021531100478469067,-0.6234742807323452,-0.6271795989537923,-0.3277042446371521,0.4436927974532434,-0.418400952981571,-0.9102222242172839,-0.911858103472228,-0.7638558009995402,-0.715605334036433,-0.826289210418695
2015-08-17,-0.819176558348016,-0.8215653202779434,-0.8137296061170454,-0.9075323988706712,0.34611062555908045,-0.8018825067180531,0.08372462228774102,-0.799177794263106,-0.7799670597269798,-0.6086833944178167,-0.30539938874844363,-0.6419277108433734,-0.6430849179166174,-0.8162889608328574,-0.8471206244783739,-0.009756097560976063,-0.004784688995215447,-0.6102877070619006,-0.622602441150828,-0.34481971702419,0.46040588937524785,-0.5582650129633522,-0.8871111136197531,-0.887899477987101,-0.45268014102256315,-0.7141533599559098,-0.8186295470027418
2015-08-18,-0.7797838082371245,-0.8264914280456646,-0.8327143921250788,-0.9432258679603825,0.3374982588774369,-0.8329394698740218,0.1116945252380428,-0.7790244807121662,-0.8582759909868947,-0.642514801240484,-0.3207938723918048,-0.645301204819277,-0.6345813156962323,-0.8778010537675365,-0.7023908881142913,0.017073170731707332,-0.045454545454545414,-0.6186791630340016,-0.6113775065387967,-0.4221816522136015,0.48229208117787525,-0.6469763856772476,-0.8977777800493827,-0.8989572942352261,-0.576281545619955,-0.7358798724899432,-0.819176558348016
2015-08-19,-0.7280809228822194,-0.7898194019105822,-0.7963958038516856,-0.8801008855655205,0.314941686035616,-0.4068334240576472,0.07226196850510647,-0.7023058852621169,-0.629128901553043,-0.5872568367634612,-0.09712108063238134,-0.6272289156626505,-0.6345813156962323,-0.8710086967561734,-0.7233050223378663,-0.059756097560975885,-0.009569377990430894,-0.5804272013949432,-0.6190061028770706,-0.3655864901871291,0.4966175885395945,-0.3742554831476421,-0.878666669362963,-0.8791453675537879,-0.462737100559922,-0.36164225043165554,-0.7797838082371245
2015-08-20,-0.7092053931171467,-0.7367268249789078,-0.7394416109122033,-0.7606264612264444,0.25656788981577927,-0.3168515976772611,0.015871388559022925,-0.6287091988130564,-0.8916608566491862,-0.517902452776994,-0.20756140814247448,-0.6809638554216867,-0.672375103342388,-0.8026407668380626,-0.7452010407972899,-0.1280487804878052,-0.08253588516746424,-0.535963382737576,-0.5807541412380122,-0.30397078959379265,0.4524472741742933,-0.331931889846542,-0.851555558854321,-0.8510400432649723,-0.2773780848685675,-0.4418212478920741,-0.7280809228822194
2015-08-21,-0.7256189614879092,-0.7170223665407596,-0.7278855226224739,-0.730971825279028,0.16934975071584013,0.3239093671468847,-0.08679604152838527,-0.3299950544015827,-0.6779128396334133,-0.4350155060614602,-0.16884880956872816,-0.6679518072289157,-0.6721388921695994,-0.8060052053577098,-0.6667484903529872,-0.16219512195121988,-0.14832535885167442,-0.564516129032258,-0.5367262423714037,-0.3886353263350073,0.3975328292877043,-0.1375516782285754,-0.8702222251061729,-0.8703911626637192,-0.30134295058670013,-0.4436778704868415,-0.7092053931171467
2015-08-24,-0.7630965974135329,-0.6954021995262751,-0.7375156237113512,-0.6340926474443841,0.058891497818359895,1.0,-0.2973389682315153,-0.11748887240356098,-0.7614558388149586,-0.30476458979419263,0.11010074331207775,-0.6855421686746987,-0.6941065312389274,-0.8537421443534563,-0.6059698561539594,-0.20243902439024408,-0.20454545454545459,-0.6657585004359197,-0.5550348735832609,-0.5225924235508903,0.32590529247910816,1.0,-0.9257777794271604,-0.9279840914042912,0.11805231272254613,-0.11589243307278352,-0.7256189614879092
2015-08-25,-0.803857258872148,-0.7520524388550633,-0.7664053216677207,-0.8164168723307903,0.027175549511188724,0.4217300267459625,-0.24303992202204183,-0.36693249258160254,-0.7292228722705549,-0.3628418381731038,0.05867260310153566,-0.7363855421686746,-0.707334356915082,-0.8828794515330411,-0.7289999509057881,-0.12195121951219479,-0.22727272727272751,-0.6460331299040973,-0.6664123801220576,-0.6864445458694663,0.21766812574611993,0.1536682783266765,-0.9457777789827161,-0.9487174909659787,-0.4054556982841787,-0.42744615519826856,-0.7630965974135329
2015-08-26,-0.8022157597836719,-0.8065134337900806,-0.8115284228592947,-0.7972971508928244,0.12902098101093884,0.29305608656341,-0.2382037238334047,-0.381769287833828,-0.7706306142451524,-0.47674090780941647,-0.03392068822397465,-0.7014457831325301,-0.7094602574701783,-0.9666730146638738,-0.6625263881388384,0.0024390243902439046,-0.1734449760765555,-0.6405841325196162,-0.6465780296425456,-0.7311729803742586,0.23836052526860296,0.13951369911008338,-0.9746666672296297,-0.978665761015293,-0.18055390665741544,-0.4249871373040155,-0.803857258872148
2015-08-27,-0.7756805666026461,-0.807060696995809,-0.8107030272873179,-0.8569812768004369,0.19026572258610575,0.019039480962938837,-0.12043761996310387,-0.4944052917903068,-0.6978992997665889,-0.5162108824358604,0.21563596573972754,-0.7183132530120481,-0.6381244832880595,-0.9508030216466703,-0.7329274878491825,0.015853658536585158,-0.04066985645933041,-0.5878378378378377,-0.6414559721011335,-0.5552259242355091,0.3521687226422596,-0.22360030831756705,-0.9413333346370371,-0.9441100793363543,-0.06523480749224153,0.009517479534123297,-0.8022157597836719
2015-08-28,-0.7723977599179626,-0.7725778878872331,-0.7829137283611041,-0.8687512594444794,0.19135886005786773,-0.45957037706315396,-0.07217721170375269,-0.6186325420375867,-0.7425000252609457,-0.5534254299407957,0.5366562275968758,-0.6274698795180722,-0.5651352308964213,-0.9339808290484353,-0.7971427168736804,0.007317073170731714,-0.010765550239234756,-0.5671316477768089,-0.5889276373147343,-0.45641259698767733,0.39952248308794314,-0.36052133697708644,-0.9208888906469136,-0.9229159197203531,-0.21158660936415863,0.24047656975243203,-0.7756805666026461
2015-08-31,-0.7620025473669463,-0.7829775855665257,-0.7853901076757537,-0.9403700437474135,0.1681189662842395,-0.4845804086402652,-0.08979214265270175,-0.5888044015825916,-0.8388351672779817,-0.5336904426275728,0.16892427272384247,-0.5742168674698795,-0.48671312153064816,-0.8978607249412809,-0.8784427316019441,0.04390243902438984,-0.008373205741627032,-0.5916521360069744,-0.5805361813426329,-0.39844819717024205,0.43016315161161955,-0.49323803517623155,-0.9271111127308642,-0.9293662771104761,-0.5657980710969703,0.5836642845503002,-0.7723977599179626
2015-09-01,-0.7778688855441267,-0.7597154373639992,-0.7603521915223683,-0.8791756678576769,0.0892401295219174,-0.05731412965784477,-0.17950132133230312,-0.4962289812067261,-0.8562349065850234,-0.4744854806879051,0.36633588650341453,-0.4985542168674699,-0.49663399078776416,-0.889417888656129,-0.9723108645490696,-0.02317073170731687,0.014354066985645453,-0.592414995640802,-0.5918700959023537,-0.5036513007759011,0.4062873060087542,-0.24924672412584958,-0.9466666678518518,-0.9496389638462279,-0.5405088103925434,0.03178962671632313,-0.7620025473669463
2015-09-02,-0.7992067870440871,-0.7714833888430417,-0.7735590434419484,-0.9433580419186459,0.1390011190122835,-0.46018100394887484,-0.16434696259380432,-0.613408753709199,-0.8378247294552731,-0.5263603044826608,0.18220578802399712,-0.5903614457831323,-0.545529703554978,-0.8956389259188726,-0.9948942019735872,0.012195121951219523,-0.049043062200957,-0.5760680034873582,-0.5931778552746292,-0.4847101780009129,0.37166732988460005,-0.3507112325695466,-0.9484444455901234,-0.9514819096067267,-0.7012504364083746,0.06280657617920271,-0.7778688855441267
2015-09-03,-0.8087813457969997,-0.799397890057731,-0.7983217635384348,-0.9477479507619504,0.14228164621539463,-0.4946113545038362,-0.11429081889645687,-0.6868199802176065,-0.888225368051977,-0.5844375528615728,-0.022676678111911874,-0.5469879518072289,-0.5077359159088224,-0.8791341331809814,-0.9987235504933967,-0.018292682926829062,-0.027511961722487932,-0.5860941586748036,-0.5766129032258065,-0.49292560474669145,0.4158376442499012,-0.21659309088361012,-0.959555556454321,-0.9630004859091655,-0.603944340234082,-0.1822438034763152,-0.7992067870440871
2015-09-04,-0.807960691998896,-0.8201970664781939,-0.8118036189161937,-0.9453233170029881,0.10044992249877671,-0.2631825023203611,-0.1704820614693503,-0.6326038575667656,-0.862782543676175,-0.5714688469128832,-0.20876881862430674,-0.5315662650602409,-0.5341915672611313,-0.8746905351361645,-0.9997054347292453,-0.05731707317073198,-0.044258373205741997,-0.6270706190061026,-0.586312118570183,-0.5130077590141489,0.44687624353362576,-0.3742554831476421,-0.9591111120197531,-0.9625397730832298,-0.6408418438462683,-0.6138664440184343,-0.8087813457969997
2015-09-08,-0.8459855854741405,-0.8097973961661662,-0.8052002892557635,-0.9029171442624586,0.16702604883638994,-0.6463721251141243,-0.1543766957757189,-0.6431132542037588,-0.9069588852849941,-0.5415844375528609,-0.08776364939818138,-0.5530120481927709,-0.5542695169481515,-0.8472671872024375,-0.7689626393048259,0.009756097560975174,-0.06100478468899562,-0.5953574542284219,-0.6302310374891018,-0.4701049748973074,0.4321528054118584,-0.4356387078691052,-0.9520000010666667,-0.9551678955844796,-0.717674341298171,-0.48509666705117427,-0.807960691998896
2015-09-09,-0.8391465758562906,-0.8434592146807205,-0.855550959936096,-0.8418462751861812,0.13011501324661312,-0.5416872786556445,-0.1330811976352142,-0.6588155291790307,-0.8046419513575234,-0.5376374400902169,-0.3898803908991436,-0.5544578313253012,-0.5585213180583442,-0.8327937535707486,-0.8034267759831115,0.020731707317072967,-0.019138755980861344,-0.6431996512641671,-0.5955754141238012,-0.5093564582382473,0.4038997214484681,-0.19655244902249314,-0.968888889580247,-0.9726761164511056,-0.5794430329876364,-0.6228804016456926,-0.8459855854741405
2015-09-10,-0.8451647128277293,-0.8437329420690136,-0.8362911704698837,-0.8981090456823535,0.1450160447304505,-0.46715923621560307,-0.13463134749647088,-0.6467606330365976,-0.8765244980650116,-0.49647589512263934,-0.31743576198920886,-0.5934939759036144,-0.5634817526869018,-0.8289214752745511,-0.7983209779566989,0.05975609756097544,-0.022727272727272485,-0.6451612903225805,-0.6437445510026154,-0.44294842537654056,0.40588937524870694,-0.4462896783687198,-0.9711111117530865,-0.9749798222659178,-0.7506197658476701,-0.6620141242472346,-0.8391465758562906
2015-09-11,-0.8435234325875607,-0.857416574757127,-0.861329086623269,-0.9453471516511995,0.15718311774705818,-0.6309465369017903,-0.1283356092764496,-0.7025840751730961,-0.6727191892246911,-0.46264448829997207,-0.5023582235973287,-0.5566265060240962,-0.5677335537970944,-0.8778010537675365,-0.7672934361038832,0.010975609756097349,0.023923444976076347,-0.6709895379250215,-0.6455972101133391,-0.4497946143313558,0.3772383605252694,-0.679630018919487,-0.9671111118419753,-0.9708331234622293,-0.4806850270375326,-0.5481339478131585,-0.8451647128277293
2015-09-14,-0.85227733754237,-0.8522167396011127,-0.8472968391317126,-0.981599651580779,0.14679295785010682,-0.8002858710154859,-0.11166960734153131,-0.7395833333333335,-0.8744632049066862,-0.4733577671271485,-0.6508319812851376,-0.5785542168674698,-0.5887563481752685,-0.8727861359741,-0.8559575826010113,0.0060975609756099836,-0.0011961722488038617,-0.7006320836965996,-0.676765475152572,-0.4643998174349617,0.3493832073219254,-0.9943942260528345,-0.9711111117530865,-0.9749798222659178,-0.7155241781232111,-0.6931995246753199,-0.8435234325875607
2015-09-15,-0.8137054327218518,-0.861247964542533,-0.8500482219045411,-0.9697776660679115,0.1805593236687879,-0.6782286686166608,-0.10167423512899232,-0.7383778437190901,-0.888346620590702,-0.5038060332675496,-0.9738142851752633,-0.5954216867469879,-0.5828510688555566,-0.8841490509744174,-0.8638126564877999,0.13902439024390212,-0.020334928229665206,-0.689516129032258,-0.7008500435919789,-0.4066636239160202,0.3720652606446473,-0.6884591128862729,-0.9706666673185185,-0.9745190622116043,-0.8118189501047821,-0.7134942040051047,-0.85227733754237
2015-09-16,-0.7836136262670821,-0.8160919493044942,-0.8258358664077501,-0.9173587742923819,0.20366290529431508,-0.7155741207825029,-0.06082668555596982,-0.7180699802176065,-0.8720987804015481,-0.49083732731886087,0.04444779836244939,-0.5689156626506024,-0.5320656667060351,-0.8759601345775407,-0.7273307477048455,0.14390243902438993,0.08612440191387538,-0.665976460331299,-0.689516129032258,-0.3541761752624373,0.3963390370075608,-0.6263751664214141,-0.936888890291358,-0.93950266770673,-0.32612918743179076,-0.208470886363345,-0.8137054327218518
2015-09-17,-0.7617289322701555,-0.7922823463253814,-0.8148301977459211,-0.850444082831903,0.19764796490788727,0.0270466468861712,-0.051929367008776595,-0.6254018298714146,-0.7534329625026526,-0.4079503806033271,-0.17994189337056188,-0.5216867469879518,-0.5237982756584385,-0.8169872405256142,-0.8605724385094996,0.017073170731707332,0.11483253588516718,-0.655187445510026,-0.6658674803836093,-0.41236878137836586,0.37166732988460005,-0.3153948567024035,-0.9208888906469136,-0.9229159197203531,-0.3446935819607907,-0.4986935895252794,-0.7836136262670821
2015-09-18,-0.7803310384307065,-0.770388670860727,-0.7636539388948922,-0.8860747151217843,0.15221006392897474,-0.23694616699067206,-0.10917807864107676,0.03016815034619169,-0.5154950640112361,-0.48237947561319316,-0.19178960872354078,-0.52,-0.532538089051612,-0.795023170189805,-0.7254651676567332,-0.053658536585366345,-0.009569377990430894,-0.6459241499564077,-0.6558413251961639,-0.35919671382930174,0.31555909271786664,-0.5045897274192418,-0.9111111130864198,-0.9127795291240994,-0.584586715773052,-0.5085479709898142,-0.7617289322701555
2015-09-21,-0.8005744521874645,-0.7900929103607526,-0.7771357942726507,-0.9435942216145592,0.1670508968702742,-0.6897156923745074,-0.0998764236828622,-0.7455489614243325,-0.8242848626309781,-0.5477868621370172,-0.3646756970908954,-0.5469879518072289,-0.5204913192394001,-0.7939440106646352,-0.8541901909764837,0.025609756097560776,-0.06459330143540676,-0.6692458587619878,-0.6481037489102004,-0.33523505248744856,0.37047353760445656,-0.4900147151566113,-0.9315555570765433,-0.9339736887401006,-0.5271136016068624,-0.5960124726953802,-0.7803310384307065
2015-09-22,-0.7888113556447633,-0.8092501329604378,-0.8016233458263411,-0.9137250738332399,0.13214686073988346,-0.48702333701490985,-0.1327659575397555,-0.6581355093966371,-0.8359048975921268,-0.5866929799830833,-0.34388559785684647,-0.5395180722891566,-0.5542695169481515,-0.8374912715038407,-0.7467720555746477,-0.056097560975609806,-0.004784688995215447,-0.7465126416739318,-0.6697907585004357,-0.3587403012323138,0.4206128133704725,-0.5771845000350361,-0.9604444453234569,-0.9639220060177925,-0.39269982227076594,-0.49973725311405404,-0.8005744521874645
2015-09-23,-0.7267132303828037,-0.7906403925046037,-0.780712765216176,-0.9730755146658925,0.1280243166908024,-0.7441528056958737,-0.1346506017953737,-0.76007665677547,-0.917083472268534,-0.548914575697772,-0.16707542542353704,-0.5366265060240962,-0.5377347348529584,-0.838951310861423,-0.8319014188227207,-0.032926829268292934,-0.09449760765550241,-0.725479511769834,-0.7470575414123801,-0.20013692377909642,0.45682451253481915,-0.4325555321981641,-0.9648888896691359,-0.9685294648757948,-0.7074423787048544,-0.34214222022034113,-0.7888113556447633
2015-09-24,-0.7453153365433547,-0.7309797266171656,-0.7413675981130554,-0.7936634504336824,0.11881748940159476,-0.46392851078370867,-0.17246335414833336,-0.6482134025717112,-0.8212535491628523,-0.5246687341415273,-0.2962306154020301,-0.5816867469879516,-0.5830872800283453,-0.8254935567828352,-0.7792724237812361,-0.060975609756097615,-0.06698564593301448,-0.7189407149084568,-0.7263513513513513,-0.15107256960292093,0.4436927974532434,-0.30712634013033424,-0.9222222239506173,-0.9242981054265383,-0.13881875575465463,-0.5305473008479309,-0.7267132303828037
2015-09-25,-0.7833402300185988,-0.7525998936316496,-0.7435685612579834,-0.919657734451684,0.11799314780995251,-0.48212527614454137,-0.13598631393377447,-0.6217235410484669,-0.8641769478715129,-0.5444037214547501,-0.3288306984115007,-0.5706024096385542,-0.5542695169481515,-0.8001015679553101,-0.8723550493396828,-0.014634146341463872,-0.06100478468899562,-0.7204664341761116,-0.7194856146469051,-0.10018256503879508,0.44568245125348227,-0.38644804148272716,-0.932444445945679,-0.9348952560771056,-0.734798258411799,-0.6112371441702233,-0.7453153365433547
2015-09-28,-0.795376750165822,-0.7832510940166961,-0.7787867780153239,-0.9499905744800256,0.04983440413593332,-0.3833935157821379,-0.17913417136865561,-0.5934718100890208,-0.9076661917608901,-0.5156470256554826,-0.3330566350979135,-0.5640963855421686,-0.5762371560174795,-0.8610423411413701,-0.7252687908095634,-0.09756097560975574,-0.053827751196172446,-0.7881429816913685,-0.7187227550130775,-0.17206754906435417,0.4436927974532434,-0.5997477401723775,-0.9622222230617284,-0.9657649990066691,-0.4505704308153121,-0.6466869174022662,-0.7833402300185988
2015-09-29,-0.8260155679658658,-0.7892719471339964,-0.7895172781343569,-0.9449202947695948,0.05216995797015178,-0.46533072221253136,-0.18676543229616716,-0.6514898615232444,-0.8551436337364982,-0.5139554553143499,-0.3589782288797495,-0.5855421686746987,-0.5717491437344984,-0.8680251380689392,-0.7762285826501054,-0.14390243902439037,-0.12440191387559807,-0.791521360069747,-0.7887968613775065,-0.1453674121405748,0.43016315161161955,-0.6064746689089762,-0.9582222231506173,-0.9616183002029804,-0.7361252916351179,-0.7497898940406809,-0.795376750165822
2015-09-30,-0.8295717982550705,-0.833333244389721,-0.8283120531236796,-0.875492131315911,0.10040338010709204,-0.49248447078196644,-0.16459235873963296,-0.5755131058358063,-0.7998322673214304,-0.5545531435015505,-0.213787118439422,-0.5742168674698795,-0.5670249202787292,-0.8856725703040689,-0.707398497717119,-0.17439024390243896,-0.1662679425837319,-0.8087401918047079,-0.7917393199651264,-0.17617526243724324,0.4194190210903308,-0.663513418821386,-0.9440000012444445,-0.9468745452054801,-0.6917668537176718,-0.5710982087437035,-0.8260155679658658
2015-10-01,-0.7737656439096479,-0.8297755819926076,-0.8239099067210005,-0.9398283471971538,0.1078245666614368,-0.5830230575826203,-0.1613565250670974,-0.6815961918892187,-0.8603777016581285,-0.5444037214547501,-0.14047466324567037,-0.5638554216867471,-0.5382071571985354,-0.8871326096616516,-0.7692572045755804,-0.16585365853658596,-0.191387559808613,-0.8099389712292935,-0.8087401918047079,-0.0463258785942493,0.44687624353362576,-0.715787260878705,-0.9582222231506173,-0.9616183002029804,-0.5657365122330655,-0.42659657641723103,-0.8295717982550705
2015-10-05,-0.7439474525516694,-0.770388670860727,-0.7735590434419484,-0.9135755655853682,0.19494668732583653,-0.6030470744512406,-0.07857148685733106,-0.6313983679525224,-0.6822779310275143,-0.5500422892585277,-0.23053993887484447,-0.5571084337349397,-0.5419865359631508,-0.8619945407224021,-0.5341941185134271,-0.14634146341463383,-0.26076555023923476,-0.7883609415867479,-0.791848299912816,-0.0015974440894566122,0.41623557500994846,-0.6654754397028939,-0.8822222248395062,-0.882831306303163,-0.1428464642787105,-0.5944964140085287,-0.7737656439096479
2015-10-06,-0.748324528131247,-0.7463053404933215,-0.7413675981130554,-0.8697263132349469,0.18560175836070325,-0.6705750013729637,-0.03142064695648594,-0.6550445103857567,-0.6990714076409309,-0.5015506061460382,0.10198845413726731,-0.5448192771084337,-0.49214597850478325,-0.746334031613026,-0.6607589965143108,-0.17439024390243896,-0.18301435406698596,-0.7440061028770706,-0.7889058413251964,0.08283888635326342,0.4281734978113816,-0.7326045827202018,-0.8573333365037037,-0.8570296878291597,-0.2267837340375669,-0.20334594884583612,-0.7439474525516694
2015-10-07,-0.7636438549631532,-0.7495894944402646,-0.7493467154592595,-0.9164942265981674,0.20786401254852116,-0.6115205219660502,-0.027753670466223568,-0.6683976261127598,-0.754908201723807,-0.5218494502396389,0.08814096517375392,-0.47614457831325296,-0.4760836187551669,-0.7196089633720559,-0.7366586479454071,-0.13780487804878083,-0.19736842105263186,-0.7226460331299038,-0.7443330427201396,0.045413053400273906,0.38161559888579344,-0.6970079181557003,-0.8604444475456791,-0.8602549137525989,-0.5695452470840887,-0.2713085893513355,-0.748324528131247
2015-10-08,-0.7163177989834799,-0.7460318046758858,-0.7570506092344624,-0.9233694392140634,0.23259946753039618,-0.49054022804452313,-0.00951807687320283,-0.7146389713155292,-0.743955055725646,-0.4970397519030172,-0.21359846055163578,-0.4978313253012048,-0.46781622770757036,-0.7762965784295055,-0.708085816682213,-0.09268292682926882,-0.15909090909090917,-0.7118570183086308,-0.7231909328683521,0.06207211319032391,0.38838042180660626,-0.6015696167052064,-0.869333336237037,-0.8694698314686033,-0.48921972381176015,-0.47587214571740877,-0.7636438549631532
2015-10-09,-0.7042812788362567,-0.7246851734788371,-0.724858971306849,-0.8612021763200604,0.23424812137715945,-0.6840639218195587,0.022934652501322983,-0.7053659742828884,-0.7530085786171149,-0.4524950662531717,-0.3856544542127307,-0.45999999999999996,-0.4479744891933388,-0.7413825937916587,-0.7602238696057734,-0.10731707317073225,-0.12320574162679421,-0.6438535309503051,-0.7120749782040106,0.08489274303970751,0.3633107839235965,-0.5563029920818443,-0.8315555592987653,-0.8303065964749069,-0.27709843174397153,-0.47370974800101795,-0.7163177989834799
2015-10-12,-0.689235375608872,-0.7060754330230035,-0.703397998582886,-0.8969411479199937,0.23685920382322934,-0.8973145252397005,0.03015421434092147,-0.8018978733926806,-0.846878252346742,-0.45418663659430525,-0.41399086895823123,-0.4643373493975902,-0.4666351718436281,-0.7305909985399608,-0.7903677156463252,-0.1317073170731713,-0.15909090909090917,-0.6304489973844811,-0.6554054054054057,0.023277042446371077,0.33068046159968123,-0.7831966925933712,-0.8528888921580247,-0.852422323427913,-0.39229441318133584,-0.488678081050548,-0.7042812788362567
2015-10-13,-0.63589118265776,-0.702244015870332,-0.6959692733504794,-0.9209556393861063,0.21940684838803426,-0.7641503101635289,0.024330014113655984,-0.7187500000000001,-0.8910748027120152,-0.4406540738652387,-0.6345696713579596,-0.5127710843373492,-0.5058462265265145,-0.7446200723671681,-0.780057931169915,-0.16585365853658596,-0.15909090909090917,-0.6314298169136876,-0.6309938971229294,-0.019169329073482455,0.33227218463987196,-0.7040151355896573,-0.8488888922469136,-0.8482755773958466,-0.6122794104067899,-0.472027069337713,-0.689235375608872
2015-10-14,-0.6501162405947718,-0.6453202680913734,-0.6679047783673666,-0.8113552597651638,0.20621444926958477,-0.7175747549759672,-0.004041961741592104,-0.6547354104846688,-0.7832004607596472,-0.3876515365097264,-0.8047013545636343,-0.5308433734939757,-0.5398606354080546,-0.7253221608582492,-0.7534488683784181,-0.2475609756097561,-0.18540669856459324,-0.6070183086312118,-0.6317567567567566,0.051574623459607505,0.3187425387982499,-0.4966014995445308,-0.8031111154864198,-0.8008190864799062,0.0733377128067938,-0.6753913280710716,-0.63589118265776
2015-10-15,-0.6720011534400059,-0.6442255501090592,-0.6502957800451079,-0.7273684598267005,0.24826417267899092,-0.5701321390689055,0.004830438909088297,-0.6459260633036599,-0.790596865621874,-0.4383986467437264,-0.9801154586273253,-0.54,-0.5379709460257469,-0.7180219640703358,-0.7771122784623692,-0.1939024390243902,-0.2559808612440193,-0.5939407149084568,-0.6074542284219704,0.07051574623459578,0.2542777556705138,-0.5343003293392194,-0.803555604365431,-0.8012798465342199,-0.6310988345148238,-0.3567095667331315,-0.6501162405947718
2015-10-16,-0.684858518877602,-0.6592774365969216,-0.6643280275366643,-0.8737543687826779,0.26090686405373686,-0.6524556690562195,0.03842142962604944,-0.575080365974283,-0.8073499247223823,-0.45869749083732714,-0.19088405086216664,-0.528433734939759,-0.5289949214597849,-0.7137688059417253,-0.8397564927095095,-0.17439024390243896,-0.21052631578947434,-0.5737794245858763,-0.5942676547515258,0.044956640803285985,0.30282530839633903,-0.7136850956485179,-0.8257778260938262,-0.8243169991390975,-0.46138104672933367,-0.6091589719364353,-0.6720011534400059
2015-10-19,-0.6654355674266781,-0.6798028856290914,-0.6791856706001975,-0.9467447287508695,0.262280884052561,-0.8126082458196151,0.04264300183113878,-0.6599282888229476,-0.8522941990764599,-0.4699746264448823,-0.2008829189148399,-0.5154216867469879,-0.5261603873863232,-0.7396686345458008,-0.8174677205557463,-0.18902439024390238,-0.21411483253588504,-0.577266782911944,-0.5705100261551874,-0.006617982656321519,0.31317150815758055,-0.7337257375096349,-0.856444447634568,-0.8561082149489103,-0.058863465078096366,-0.6309697099530717,-0.684858518877602
2015-10-20,-0.6927916058980768,-0.6688561436821936,-0.6657038152224386,-0.9262946005854658,0.2587080477471839,-0.8045089177406468,0.0462771333212042,-0.6962784371909002,-0.8508997948811221,-0.45982520439808194,-0.08761272308795243,-0.5443373493975903,-0.5533246722569976,-0.7367485558306353,-0.791153223035004,-0.13292682926829302,-0.21291866028708162,-0.5625544899738446,-0.5781386224934613,0.024189867640346918,0.3330680461599682,-0.7673603811926284,-0.8284444482567902,-0.8270814650082232,-0.2659202214712042,-0.6480363561126643,-0.6654355674266781
2015-10-21,-0.6938858747929708,-0.6885603831822187,-0.6923923024069545,-0.9478411225685951,0.24139357396400118,-0.7052368093966682,0.04727080089041058,-0.6949493076162216,-0.9079289055947943,-0.4632083450803499,-0.12040146398520934,-0.5513253012048192,-0.5618282744773828,-0.7463975115850947,-0.8326869262113996,-0.18292682926829285,-0.16985645933014348,-0.5980819529206625,-0.5628814298169136,-0.05659516202647197,0.3239156386788702,-0.7753486090673394,-0.8497777811160494,-0.8491970975044737,-0.48136569218985115,-0.5327335014181007,-0.6927916058980768
2015-10-22,-0.6990835768146137,-0.6929392551114764,-0.6918421304059792,-0.9580770205823022,0.2875658267542267,-0.39856113412476357,0.052634788387170506,-0.5548652324431258,-0.8812129295623795,-0.5940231181279954,-0.28283590536920356,-0.5660240963855421,-0.5613558521318056,-0.7373198755792547,-0.8985713584368402,-0.18292682926829285,-0.21411483253588504,-0.5831517000871838,-0.5989537925021793,-0.01802829758101332,0.339434938320732,-0.26662462336206294,-0.8377777369382725,-0.8367569538650299,-0.6188961088642126,-0.7145470225376405,-0.6938858747929708
2015-10-23,-0.7009984995076115,-0.7030652254024763,-0.7047737862686607,-0.9270486421834272,0.31930908736310526,-0.5267860468179543,0.11917307585773251,-0.5373392680514344,-0.8256590580698617,-0.6442063715816184,-0.13013621099498174,-0.5619277108433733,-0.5696232431794024,-0.7437948327302735,-0.7513869114831361,-0.11097560975609744,-0.19976076555023914,-0.6020052310374888,-0.583696599825632,0.01962574167046993,0.4623955431754876,-0.35631700651671216,-0.820000004,-0.8183273545749105,-0.4663004793676675,-0.5287089881406858,-0.6990835768146137
2015-10-26,-0.6941594898897621,-0.699233616678947,-0.6945934856647056,-0.9767742187110656,0.31202620784033774,-0.844132332230684,0.13413432718041074,-0.6653993570722059,-0.8883870381036104,-0.6227798139272629,-0.3115496358902766,-0.5787951807228915,-0.5887563481752685,-0.7309083984003046,-0.8575285973783691,-0.14634146341463383,-0.14234449760765555,-0.6130122057541412,-0.600806451612903,-0.025787311729803974,0.5133306804615998,-0.6636535631700652,-0.8426666701629629,-0.8418251727773457,-0.529626082666519,-0.631616048982611,-0.7009984995076115
2015-10-27,-0.719600605668163,-0.7038861886292325,-0.6956940772935809,-0.9752011319291115,0.3062545552284077,-0.8067927717095007,0.12216162487424675,-0.6737450544015827,-0.9327250497640629,-0.6272906681702839,-0.12617439535146968,-0.6026506024096385,-0.6137947324908466,-0.7316701580651306,-0.8583141047670478,-0.1719512195121955,-0.1758373205741628,-0.6367698343504795,-0.6134481255448998,-0.049292560474669234,0.4854755272582576,-0.6204891037768903,-0.840444492434567,-0.8395215614192892,-0.8203158321483253,-0.5358480132856542,-0.6941594898897621
2015-10-28,-0.7477772979376653,-0.6644772717529359,-0.7226579806478184,-0.8548339916752075,0.3388225974767538,-0.5627065626398607,0.12528155775748395,-0.6685830860534125,-0.8090272515080785,-0.6994643360586403,0.11338339055955915,-0.6110843373493977,-0.5594661627494979,-0.7163080048244779,-0.7554126368501153,-0.09390243902439055,-0.18899521531100483,-0.6062554489973846,-0.6370967741935485,-0.01574623459607505,0.49860724233983245,-0.3394996846752155,-0.8493333366814815,-0.8487363374501601,-0.37092645210764374,-0.12294173976889256,-0.719600605668163
2015-10-29,-0.7592667793835757,-0.7370005797344659,-0.740541982428256,-0.9210098090411322,0.33813502274929874,-0.778083628950111,0.15002544071615853,-0.7468780909990109,-0.8553659300574941,-0.6678883563574853,-0.23627513866354766,-0.5469879518072289,-0.5452934923821895,-0.7562369072557606,-0.6415140654916784,-0.007317073170731714,-0.13157894736842124,-0.6236922406277245,-0.6066913687881432,-0.08557736193518961,0.5507361719060881,-0.5143998318267815,-0.8804444471012346,-0.8809883605426645,-0.35806592602559284,-0.6176895485331033,-0.7477772979376653
2015-10-30,-0.7786897581905383,-0.7649150809491552,-0.7570506092344624,-0.9124271688988177,0.3249432983708487,-0.5830318950496086,0.14580160307202483,-0.5646636993076164,-0.8395424737538777,-0.6509726529461508,-0.14322906840735017,-0.5549397590361445,-0.5396244242352661,-0.7640449438202248,-0.8219843880406499,-0.03902439024390292,-0.04784688995215358,-0.6352441150828247,-0.6241281604184832,-0.05613874942948449,0.5185037803422201,-0.424427159974774,-0.8893333357925925,-0.8902031838019132,-0.6722060850057558,-0.6651634249010807,-0.7592667793835757
2015-11-02,-0.8227327886372207,-0.785167021531155,-0.7735590434419484,-0.9059246435095003,0.3587477136581807,-0.7715901948724595,0.14428429821096422,-0.7142989614243325,-0.8365919953115686,-0.645897941922752,-0.19722295589178596,-0.5387951807228917,-0.5471831817644972,-0.7889290928711992,-0.8055869213019784,-0.0024390243902439046,-0.07775119617224924,-0.6574760244115083,-0.6384045335658239,-0.17891373801916943,0.47990449661758827,-0.7690421133767781,-0.8866666691851852,-0.8874387179327875,-0.6816140382350899,-0.72461013671993,-0.7786897581905383
2015-11-03,-0.8503624422054106,-0.8133552501341375,-0.8225341190352262,-0.8777130871719757,0.3671304340479198,-0.7338192817958911,0.17153915359990535,-0.7407270029673592,-0.8366122040680228,-0.6723992106005072,0.025695204316492415,-0.5455421686746986,-0.5077359159088224,-0.8007363676759982,-0.8042122833717904,0.04878048780487765,-0.04186602870813427,-0.6821054925893635,-0.6586748038360941,-0.20789593792788708,0.4946279347393556,-0.7344264592530306,-0.8902222246617284,-0.8911247039105403,-0.7983498706824153,-0.3535657590455421,-0.8227327886372207
2015-11-04,-0.859389989613049,-0.8330597359395506,-0.8434448922441113,-0.8729223228814791,0.3586105067461678,-0.7518241478735476,0.17788132945438484,-0.7172354104846688,-0.8436852688269828,-0.7316041725401741,0.19465720861789215,-0.5074698795180721,-0.5108066611550726,-0.8189551196597473,-0.8102017772104668,0.05975609756097544,0.008373205741626588,-0.6989973844812551,-0.6816695727986049,-0.30191693290734856,0.5212892956625543,-0.5823698409361642,-0.9035555576987654,-0.9049468915710357,-0.6638094559691433,-0.5507247968975726,-0.8503624422054106
2015-11-05,-0.9015183162150415,-0.8601532739274838,-0.8527995771632675,-0.9040222052249883,0.3554497312246552,-0.8046764087816647,0.16828595220569031,-0.7202645895153315,-0.7884345286812777,-0.719763180152241,-0.18318680904048612,-0.5344578313253012,-0.5481280264556512,-0.8320319939059226,-0.8338651872944178,0.07073170731707323,0.03229665071770338,-0.7103312990409765,-0.6993243243243246,-0.37996348699224125,0.5754078790290489,-0.6225912690070773,-0.9284444460345679,-0.930748510045039,-0.25098692050024507,-0.5403504146274029,-0.859389989613049
2015-11-06,-0.893311395249468,-0.9061302797595436,-0.8957217152099131,-0.841168071105256,0.35393804959773156,-0.6697459628031014,0.16623896952631423,-0.6938674579624136,-0.8488991279921592,-0.8003946997462634,-0.11719427989284237,-0.5633734939759036,-0.5726939884256523,-0.8575509426775851,-0.8068633708085816,0.17926829268292677,0.04066985645932997,-0.7333260680034872,-0.7098953792502178,-0.3496120492925603,0.5789892558694785,-0.30740662882769254,-0.9560000009777778,-0.9593145943881682,-0.39261363986129927,-0.6088165770397671,-0.9015183162150415
2015-11-09,-0.8993297784252525,-0.9017514078302864,-0.8910441801516149,-0.9430655257815057,0.32700468774147584,-0.5833189023108503,0.14675072151696478,-0.6513353115727004,-0.8004587387715097,-0.7941922751621089,-0.28060974229332536,-0.5853012048192772,-0.5856856029290185,-0.8810385323430459,-0.8588050468849722,0.20853658536585362,0.151913875598086,-0.7873801220575414,-0.7365954664341761,-0.4226380648105885,0.6836450457620371,-0.6286174760002803,-0.9395555568987655,-0.9422670863474778,-0.3693479069546568,-0.6114165810679424,-0.893311395249468
2015-11-10,-0.9089043371781655,-0.8998356992539502,-0.8998486655556932,-0.936097141358965,0.333600432584614,-0.8153407064460694,0.14480642585444636,-0.6901891691394659,-0.8509402123940304,-0.8099802650126859,-0.2649134060295062,-0.5951807228915662,-0.593952993976615,-0.9106201993271124,-0.815602140507634,0.19268292682926802,0.17344497607655462,-0.8187663469921533,-0.7881429816913688,-0.4187585577361941,0.6617588539594106,-0.6733235232289259,-0.9555555565432099,-0.9588538343338547,-0.5647788321931754,-0.7280487335966295,-0.8993297784252525
2015-11-11,-0.908357325832891,-0.9113299233447001,-0.9023250448703428,-0.9561009115669549,0.32233267064086535,-0.8491276052379246,0.1523816248975005,-0.7316394658753711,-0.9066759626946357,-0.7987031294051308,-0.31396445685394114,-0.6053012048192772,-0.6081256643439232,-0.9026217228464422,-0.9786931120820854,0.18658536585365848,0.15909090909090873,-0.8603966870095903,-0.8193112467306016,-0.5136923779096305,0.669717469160366,-0.6096979889285965,-0.9475555567209877,-0.950560531183233,-0.78017593523304,-0.5766900483930326,-0.9089043371781655
2015-11-12,-0.916290576989597,-0.908866951562636,-0.9226854259654305,-0.8960180969983511,0.2824815288458389,-0.6241122290974442,0.10339824004013565,-0.6746723541048467,-0.9235300655774148,-0.7575415844375515,-0.5435611062898541,-0.620722891566265,-0.627967402858155,-0.9285850314225863,-0.851931857234032,0.16707317073170724,0.15430622009569328,-0.8649738448125543,-0.8609415867480383,-0.5972158831583751,0.644647831277358,-0.3773386588185831,-0.9555555565432099,-0.9588538343338547,-0.6740554891599239,-0.40434457011130576,-0.908357325832891
2015-11-13,-0.9121871438628486,-0.9247400202153777,-0.9114047538454226,-0.9626749409009064,0.2508759298650598,-0.48834390708203035,0.06384789400770785,-0.6098231948565778,-0.9038871543039599,-0.7789681420919079,-0.9354412707995322,-0.655421686746988,-0.654423054210464,-0.9284580714784485,-0.8586086700378024,0.11829268292682915,0.1375598086124401,-0.9091107236268525,-0.865409764603313,-0.6859881332724784,0.6255471547950657,-0.5104757900637658,-0.9488888900246915,-0.951942716889418,-0.7646930015486453,-0.3857325694448258,-0.916290576989597
2015-11-16,-0.9496649986367802,-0.9168034858890066,-0.9094787666445705,-0.9685902672297423,0.29320003776197057,-0.6395567547390391,0.058346484050733505,-0.6007047477744808,-0.9253892711711986,-0.8314068226670424,0.12666490585971402,-0.6710843373493974,-0.6525333648281563,-0.9271884720370722,-0.8242427217831017,0.11341463414634134,0.05143540669856428,-0.8957061900610286,-0.9052964254577158,-0.6298493838429944,0.6585754078790291,-0.5589657347067479,-0.9435555568098766,-0.9464137851511665,-0.828539216953663,-0.3270695208119335,-0.9121871438628486
2015-11-17,-0.9472028457502004,-0.9340447809742329,-0.9518503199786985,-0.8463423565533366,0.29113866305960423,-0.6249181219204321,0.10492724902526573,-0.5092111770524235,-0.8881647417826145,-0.8550888074429093,-0.0598045504282535,-0.6455421686746987,-0.6572575882839258,-0.9461055037135786,-0.8167804015906523,0.10975609756097526,0.08732057416267924,-0.9242589363557105,-0.8962510897994771,-0.6528982199908717,0.6916036609629916,-0.6133417419942541,-0.9728888894913581,-0.9768228152547943,-0.4175335473822974,-0.598213321175568,-0.9496649986367802
2015-11-18,-0.916290576989597,-0.9463601872298621,-0.9501995288347453,-0.9232480991868052,0.33593688118274523,-0.6239973420265953,0.1115148190926063,-0.695845697329377,-0.8430183798639952,-0.8466309557372416,-0.0787458023619968,-0.6583132530120481,-0.6612731782213297,-0.9508665016187394,-0.8579213510727084,0.11585365853658525,0.08492822966507152,-0.9291630340017436,-0.9246948561464692,-0.7188498402555914,0.7138877835256663,-0.5411674024244972,-0.954666667674074,-0.9579323614536053,-0.4326981337990702,-0.5656949609358549,-0.9472028457502004
2015-11-19,-0.929147969783231,-0.9151615320682294,-0.9218600303934541,-0.9222990468307503,0.3334632256726011,-0.7633852380213921,0.1494957628978426,-0.6716740850642928,-0.9310477229783666,-0.8043416972089092,-0.28494887371240996,-0.6751807228915662,-0.6801700720444076,-0.9393131467022156,-0.8063724286906573,0.08414634146341449,0.08492822966507152,-0.9166303400174367,-0.9297079337401917,-0.678000912825194,0.6912057302029444,-0.45133487492116875,-0.9333333348148148,-0.9358166817289769,-0.5331727526397761,-0.6077637585072314,-0.916290576989597
2015-11-20,-0.9518533175782613,-0.9269292372418834,-0.9246114131662826,-0.9031446568135676,0.3439071154090545,-0.7390148707215349,0.1593093529568108,-0.5526397131552919,-0.9146988390069418,-0.8539610938821536,-0.11776025355620123,-0.6819277108433734,-0.6839494508090231,-0.9461689836856473,-0.7905640924934949,0.10487804878048745,0.06339712918660245,-0.9228421970357454,-0.9171752397558848,-0.5963030579644002,0.6681257461201753,-0.5764837782916403,-0.9586666675851852,-0.9620790130289161,-0.44701672554332306,-0.32727459155218397,-0.929147969783231
2015-11-23,-0.9332512114177098,-0.9518335582033108,-0.9468977539481189,-0.9449441294178063,0.3406088982833557,-0.8613940094177939,0.16293933243060899,-0.6096995548961426,-0.9606333424272738,-0.8595996616859312,0.054522129570237166,-0.6575903614457832,-0.6409590173615209,-0.9666095346918047,-0.7896803966812311,0.07926829268292712,0.08492822966507152,-0.9359197907585004,-0.9194638186573671,-0.676403468735737,0.7079188221249506,-0.6049330810735056,-0.9617777786271605,-0.9653042861807334,-0.8069610763303531,-0.4871382195099174,-0.9518533175782613
2015-11-24,-0.9463821919520972,-0.9381499255151979,-0.9323153344555877,-0.9571409689434535,0.3444565884605848,-0.7185502429987798,0.14979137176554724,-0.6329129574678537,-0.8841431992482344,-0.8567803777840419,-0.017431988831453138,-0.6448192771084338,-0.6246604464391163,-0.9403288262553167,-0.8295448966566841,0.07439024390243887,0.049043062200957,-0.9504141238012205,-0.9364646904969485,-0.6757188498402558,0.7162753680859524,-0.6759862658538294,-0.9391111124641975,-0.9418063262931643,-0.520518888457977,-0.5509481775253454,-0.9332512114177098
2015-11-25,-0.9794829711464508,-0.9534755393913534,-0.9455221863751677,-0.9690214576837489,0.34404408762889416,-0.9158963516621696,0.17266231459267267,-0.7708642433234423,-0.9054836460638396,-0.8646743727093318,-0.17899860393163047,-0.6298795180722889,-0.6300933034132512,-0.9455341839649591,-0.8875742549953359,0.06829268292682888,0.05263157894736814,-0.9428945074106363,-0.9511769834350479,-0.6309904153354635,0.7023477914842813,-0.9133907925162917,-0.9448888901135802,-0.9477960653141073,-0.7331326514370038,-0.5224433446305339,-0.9463821919520972
2015-11-27,-0.9611544800826906,-0.9827584859766505,-0.979089419389835,-0.9243358258597267,0.3473420700624197,-0.9775999670067899,0.16251234162915074,-0.7708642433234423,-0.9862580456111634,-0.8838455032421768,-0.4197260687469344,-0.6161445783132529,-0.628912247549309,-0.9438202247191012,-0.8212970690755559,0.05365853658536546,0.023923444976076347,-0.9641455972101132,-0.9248038360941586,-0.6387494294842537,0.7278153601273383,-0.8035176231518464,-0.9564444454123457,-0.9597752599857261,-0.7033830113365046,-0.8245088830419314,-0.9794829711464508
2015-11-30,-0.9513062788769484,-0.9619595284943108,-0.9645069723832007,-0.885780032198443,0.3353871881073025,-0.6598513664302083,0.15680404412415294,-0.5451594955489616,-0.8737154809178818,-0.9001973498731317,-0.15322793646002353,-0.6518072289156627,-0.6454470296445021,-0.9501047419539135,-0.8490843929500711,0.03658536585365857,0.0191387559808609,-0.9734088927637312,-0.9717741935483872,-0.6736649931538108,0.7425387982491038,-0.6918225772545722,-0.9426666679407408,-0.9454922650425394,-0.6609531246839613,-0.6132017951013726,-0.9611544800826906
2015-12-01,-0.9948022979783571,-0.960591083123703,-0.9565278550369967,-0.9318697414807384,0.36273283077133556,-0.7228258936941095,0.15679083035171093,-0.7049023244312562,-0.8997241504744007,-0.8624189455878204,0.09300833867864,-0.6527710843373493,-0.6541868430376756,-0.9600076175966481,-0.9636702832736019,-0.04024390243902465,0.017942583732057482,-0.9529206625980817,-0.9727550130775937,-0.6887266088544046,0.7532829287703944,-0.6244131455399061,-0.9248888905580247,-0.927062571295664,-0.5557718909915639,-0.6590039787385585,-0.9513062788769484
2015-12-02,-0.9655313368139606,-0.9901477844645585,-0.9917458791956171,-0.8110150743316007,0.3331879317529238,-0.6782896892220567,0.15456376459804666,-0.7080551434223542,-0.9001283256034841,-0.8714406540738642,0.1792627249745311,-0.653734939759036,-0.6603283335301758,-0.9635624960325018,-0.9958760862094358,-4.440892098500626e-16,-0.05741626794258403,-0.9690496948561462,-0.953138622493461,-0.7478320401643086,0.7230401910067652,-0.47319739331511457,-0.9413333346370371,-0.9441100793363543,-0.5209972887717513,-0.056881496576966395,-0.9948022979783571
2015-12-03,-0.9037068266487918,-0.9731799978295022,-0.9829413937915392,-0.8916975253134799,0.29306261082604435,-0.43512089339216276,0.09993060092306338,-0.6334693372898121,-0.9308052179009165,-0.6876233436707064,-0.019129909821529623,-0.6908433734939758,-0.6648163458131569,-0.9697835332952454,-0.9986253620698119,0.17439024390243896,-0.022727272727272485,-0.9347210113339144,-0.9702484742807322,-0.7015061615700593,0.7405491444488659,0.7533459463247145,-0.9284444460345679,-0.930748510045039,-0.5844363362626559,-0.35984421947695966,-0.9655313368139606
2015-12-04,-0.9406374512291413,-0.9118773781212863,-0.9334158985703604,-0.8013360403715606,0.3481670717258005,-0.3228021587827694,0.11097155057299757,-0.600519287833828,-0.8931563046267949,-0.7186354665914854,0.261404369316681,-0.6626506024096385,-0.659383488839022,-0.9431854249984131,-0.9988217389169816,0.11585365853658525,0.12081339712918604,-0.868788142981691,-0.9348299912816043,-0.5629849383842993,0.5754078790290489,-0.22822507182397866,-0.8951111134419754,-0.8961928283661005,-0.3649394128867327,-0.2520520806440685,-0.9037068266487918
2015-12-07,-0.9359869794010809,-0.9348657715682545,-0.9375430690289632,-0.9373387098521603,0.33071471629060545,-0.7052826800586556,0.14123609778754842,-0.7179154302670624,-0.8806470843816627,-0.7473921623907529,-0.015507678376033063,-0.6920481927710843,-0.7033187669776779,-0.8651685393258428,-0.842113014875546,0.07073170731707323,0.09928229665071742,-0.9157585004359197,-0.8745640802092416,-0.6106800547695119,0.6004775169120569,-0.5951229766659659,-0.9231111128197531,-0.9252196255351653,-0.4332345753273834,-0.042552178601966806,-0.9406374512291413
2015-12-08,-0.941458105027245,-0.9378761981269048,-0.9367176734569869,-0.9585992160567526,0.3114765000966342,-0.6996212303731957,0.11149556672667238,-0.6744868941641939,-0.8839209029272385,-0.7141246123484635,0.19556276647926651,-0.7503614457831325,-0.7404039211054682,-0.898495524661969,-0.81491482154254,0.05365853658536546,0.04066985645932997,-0.9316695727986049,-0.9183740191804708,-0.645595618439069,0.6335057699960212,-0.6660360170976105,-0.9284444460345679,-0.930748510045039,-0.5232820020349602,-0.2943625687307402,-0.9359869794010809
2015-12-09,-0.9439200390655169,-0.9269292372418834,-0.9424956075454403,-0.9019594247615994,0.2893521275608286,-0.4512080291333411,0.09566825468112494,-0.6488316023738874,-0.9268240928794448,-0.6402593741189735,0.030562577821378722,-0.7453012048192771,-0.7300106295027754,-0.8936710467847395,-0.8165840247434827,0.040243902439024204,0.02990430622009521,-0.9201176983435047,-0.9326503923278116,-0.6252852578731178,0.6128133704735372,-0.309929227103917,-0.9200000017777779,-0.9219943523833481,-0.5938794659856499,-0.307227095703951,-0.941458105027245
2015-12-10,-0.9286007122336111,-0.9496441222386824,-0.9419454355444654,-0.9523805396597713,0.29663500708359614,-0.6498603995839657,0.10942140071174,-0.6943001978239368,-0.9512564794325382,-0.6876233436707064,-0.33037769309134823,-0.76,-0.7649698830754693,-0.9007173236843777,-0.8614561343217634,0.06829268292682888,0.0191387559808609,-0.9252397558849172,-0.9204446381865736,-0.6702418986764034,0.5236768802228404,-0.4523158853619228,-0.9226666683851852,-0.9247589127092296,-0.7540354033820441,-0.40106893123355536,-0.9439200390655169
2015-12-11,-0.9647106830158569,-0.9362342169388622,-0.9554272909222239,-0.8852296685033791,0.2418058401035177,-0.24596080415057953,0.062226011686628446,-0.6102250247279921,-0.8829710913738924,-0.6605582182125733,-0.41217975323548284,-0.7751807228915661,-0.7810322428250854,-0.9365200279311878,-0.7824144533359516,-0.056097560975609806,0.04066985645932997,-0.9536835222319093,-0.9261115954664341,-0.6595162026471932,0.5726223637087147,-0.7914652091654404,-0.9151111129975309,-0.916926227927788,-0.6269576817987149,-0.20487848643145778,-0.9286007122336111
2015-12-14,-0.9720969228272884,-0.9526545487973324,-0.9584538422378488,-0.9127738546909838,0.25582212609752286,-0.3929905840997556,0.04443703818985245,-0.5854043026706233,-0.8901654086715775,-0.6588666478714407,-0.6091008565068107,-0.8045783132530119,-0.7841029880713356,-0.9521361010601157,-0.8132456183415975,0.057317073170731536,-0.05622009569378017,-0.939189189189189,-0.9513949433304272,-0.6408032861706987,0.5523278949462789,-0.9889285964543479,-0.9515555566320988,-0.9547071355301661,-0.3346146371148945,-0.31205358205484535,-0.9647106830158569
2015-12-15,-0.9384489134393528,-0.970717026047438,-0.9675333311001055,-0.8845211294156395,0.28509217124408304,-0.48627131065737494,0.08362004676069157,-0.6444732937685461,-0.9448300948801116,-0.6949534818156184,-0.7653850507489719,-0.7831325301204818,-0.7569387032006613,-0.9549926998032121,-0.8258137365604594,0.10975609756097526,0.0191387559808609,-0.9219703574542284,-0.9397340889276373,-0.5575079872204474,0.5467568643056113,-0.6523018709270549,-0.9484444455901234,-0.9514819096067267,-0.7147845923440121,-0.3617722506330643,-0.9720969228272884
2015-12-16,-1.0,-0.9395183708858053,-0.9606548053827764,-0.8528622162322622,0.32631755306184695,-0.3055350107827618,0.11116484741972776,-0.6433605341246291,-0.8460092758192126,-0.7034113335212853,-0.9746821114590802,-0.7706024096385542,-0.7682768394945079,-0.9443915444677207,-0.7724974225538808,0.14634146341463383,0.07894736842105221,-0.8861159546643416,-0.9231691368788142,-0.5349155636695575,0.5885395941106255,-0.3373975194450284,-0.9244444461234568,-0.9266018112413504,-0.3138156558261509,-0.3527051943319911,-0.9384489134393528
2015-12-17,-0.9578716733980075,-1.0,-1.0,-0.8124733214448998,0.2827559280016039,-0.4062169055272674,0.11306308237663965,-0.6681194362017806,-0.9169218022169007,-0.7530307301945305,-0.2856280421084406,-0.7932530120481927,-0.802763670721625,-0.9743540912841997,-0.7211448770189994,0.057317073170731536,0.09688995215310969,-0.9385353095030513,-0.8862249346120314,-0.6010953902327705,0.6263430163151611,-0.5675145399761754,-0.9613333341925926,-0.964843478898042,-0.2278504612078026,-0.4684731201696227,-1.0
2015-12-18,-0.9275064433387161,-0.9578543839533462,-0.970559909929833,-0.8516986520423044,0.23259901281431006,-0.07670142807154057,0.04169992584562676,0.03903931750741818,-0.7443794396111836,-0.7287848886382857,-0.2207674602875147,-0.8146987951807229,-0.80819652769576,-0.9689582936583507,-0.7603220580293583,0.03170731707317076,0.0334928229665068,-0.9135789014821272,-0.939843068875327,-0.5942492012779552,0.6577795463589329,-0.5854530166071052,-0.9480000011555556,-0.951021196780791,-0.49219741400006867,-0.33942686390077503,-0.9578716733980075
2015-12-21,-0.9422787314693104,-0.9307608459654126,-0.9284633600538839,-0.8943193366167368,0.25540694097409666,-0.7176248339555682,0.04023472028366504,-0.6708086053412464,-0.8942071599624118,-0.7022836199605305,-0.3827113911632646,-0.8255421686746988,-0.828746899728357,-0.9207769948581221,-0.777308655309539,0.020731707317072967,0.0023923444976077235,-0.8839363557105491,-0.9177201394943331,-0.6198083067092655,0.6362912853163554,-0.7082194660500316,-0.9426666679407408,-0.9400543896167844,-0.4217160324784567,-0.5331473048761061,-0.9275064433387161
2015-12-22,-0.9504856250788452,-0.9395183708858053,-0.9358922778850105,-0.94453460682581,0.2807037356305315,-0.6986541589856102,0.06461504086816783,-0.7429525222551929,-0.937453898774339,-0.6797293487454183,-0.41599064256876594,-0.7951807228915662,-0.7878823668359511,-0.9038913222878184,-0.8396583042859246,0.07195121951219496,-0.008373205741627032,-0.883391455972101,-0.8846992153443767,-0.6141031492469193,0.6140071627536807,-0.7527853689299979,-0.946222223417284,-0.9437719713793196,-0.7792358434399798,-0.6218989916744941,-0.9422787314693104
2015-12-23,-0.9302420198298176,-0.9562124301325685,-0.9455221863751677,-0.9714027557186906,0.31553928565100264,-0.6675757334098125,0.10033078531781747,-0.7390887734915925,-0.9409702223973648,-0.7056667606427967,-0.3002301626230993,-0.7783132530120481,-0.7541041691271995,-0.9086523201929793,-0.8511463498453531,0.09878048780487791,0.04066985645932997,-0.8863339145597209,-0.8837183958151702,-0.6211775445002283,0.5921209709510542,-0.7662392264031953,-0.9333333348148148,-0.9302957788149602,-0.6644153710724346,-0.29838342003065066,-0.9504856250788452
2015-12-24,-0.9515798939737397,-0.9436232964886471,-0.9301143437965567,-0.9954800839846333,0.3108390614847729,-0.930364126785668,0.12281475752263127,-0.9012734915924828,-0.9926642214071358,-0.6701437834789958,-0.6245708033052864,-0.7440963855421686,-0.7456005669068145,-0.9017964832095475,-0.928715204477392,0.08170731707317058,0.06578947368421062,-0.859524847428073,-0.8858979947689627,-0.5944774075764494,0.6052526860326299,-0.8733095087940579,-0.9200000017777779,-0.9163550006976812,-0.8267548893127658,-0.6703670949349357,-0.9302420198298176
2015-12-28,-0.9534948166667374,-0.9559387027442758,-0.9504747248916443,-0.9598711195567623,0.30434201936891014,-0.8612429308154688,0.10220750053678307,-0.8412462908011871,-0.956066163468631,-0.6723992106005072,-0.7252386522280497,-0.7426506024096384,-0.7519782685721034,-0.9495334222052945,-0.7907604693406647,0.06585365853658542,0.06100478468899517,-0.8646469049694854,-0.8443766346992152,-0.6277955271565498,0.5718265021886193,-0.8506061243080373,-0.9413333346370371,-0.9386603495877588,-0.6682372971085803,-0.6507626983647439,-0.9515798939737397
2015-12-29,-0.9748324993183899,-0.9564859385827389,-0.9482735416338937,-0.9711687428089784,0.3346161216390757,-0.7447836325061394,0.12347581727470036,-0.8100581107814047,-0.9359382420402762,-0.7011559063997748,-0.3956910538429612,-0.7734939759036144,-0.7550490138183535,-0.9436932647749634,-0.8283666355736657,0.1585365853658538,0.035885167464114964,-0.8456843940714909,-0.8656277244986923,-0.6074851665905978,0.5682451253481888,-0.7607735968047089,-0.9342222236839507,-0.9312252332910662,-0.7878479285002591,-0.5871102053820083,-0.9534948166667374
2015-12-30,-0.9737382304234958,-0.9833059681205021,-0.9691843423568813,-0.9513903183658966,0.3142952851163736,-0.8681841298871982,0.1314976364139988,-0.8412772007912959,-0.9376357775824266,-0.692698054694108,-0.38878617514998315,-0.7573493975903615,-0.7675682059761425,-0.962483336507332,-0.8155039520840492,0.14146341463414602,0.11722488038277445,-0.8865518744551002,-0.8438317349607671,-0.6403468735737108,0.5984878631118189,-0.8637796930838764,-0.9471111122864198,-0.9447013786270478,-0.6870145094242225,-0.5649332696149247,-0.9748324993183899
2015-12-31,-0.9346190954093951,-0.9800218141735586,-0.9702849064716541,-0.9496872244118801,0.2858186902041009,-0.6512024320709151,0.09908001941168099,-0.7363996043521267,-0.8915598128669153,-0.7327318861009298,-0.4790023770893862,-0.7696385542168674,-0.7574111255462381,-0.9652764552783597,-0.870096715597231,0.11097560975609744,0.12081339712918604,-0.8419790758500434,-0.8876416739319966,-0.5810132359653126,0.5949064862713893,-0.7383505010160465,-0.9444444456790123,-0.941913156883863,-0.7995441126421681,-0.46302226665421586,-0.9737382304234958
2016-01-04,-0.9266858168966512,-0.9266557287917134,-0.9378182650858622,-0.8929954302479021,0.24642213248114997,-0.198910971567975,0.009481267354680245,-0.5683419881305639,-0.8543150747218771,-0.7496475895122634,0.1708863147568198,-0.7518072289156625,-0.7446557222156607,-0.9531517806132164,-0.6632137071039323,0.07926829268292712,0.10885167464114831,-0.8656277244986921,-0.8441586748038361,-0.661798265632132,0.6346995622761646,-0.4548384836381473,-0.9280000016000001,-0.9247195242421019,-0.5692541615990532,-0.3554626633928587,-0.9346190954093951
2016-01-05,-0.885925374286344,-0.9324028271534557,-0.9257120047951579,-0.9566924441998385,0.2511219019312936,-0.6681707895203632,0.02513415992354906,-0.69912215628091,-0.9184778764638719,-0.7964477022836194,-0.004075010376183963,-0.7689156626506024,-0.7751269635053736,-0.941788865612899,-0.7940988757425499,0.07439024390243887,0.046650717703349276,-0.846774193548387,-0.8663905841325197,-0.6999087174806022,0.646637485077596,-0.46394786630229135,-0.9311111126419753,-0.9279723315382064,-0.7785252782680503,-0.4298575673849635,-0.9266858168966512
2016-01-06,-0.8454383279245201,-0.895730582080251,-0.8981979019258426,-0.8306656583888212,0.2160106032750586,-0.494506988227021,-0.01758255662657504,-0.6543026706231455,-0.9038063192781434,-0.7778404285311522,0.07663283401879029,-0.7862650602409638,-0.7918979567733552,-0.9365835079032565,-0.7132898031322106,-0.009756097560976063,0.04066985645932997,-0.8702048823016564,-0.8473190932868353,-0.8395709721588318,0.6947871070433749,-0.5848924392123888,-0.9208888906469136,-0.9172844079454094,-0.6910123179286675,0.31926401576115127,-0.885925374286344
2016-01-07,-0.8582957207181545,-0.8563218567748123,-0.8635300772823,-0.7783637730681476,0.15007237026539322,-0.23643822305472095,-0.08600737492997901,-0.48123763600395664,-0.8705224973981227,-0.6904426275725966,0.05644644002565746,-0.836867469879518,-0.8426833589228768,-0.9356947882942932,-0.6805930580784525,-0.03536585365853684,-0.022727272727272485,-0.8789232781168266,-0.8704228421970359,-0.8947968963943405,0.6796657381615603,-0.45301660710531844,-0.8928888912691357,-0.8880086227683145,-0.3499770913085042,-0.06688052615292772,-0.8454383279245201
2016-01-08,-0.8840104515933462,-0.8683633167040248,-0.8676572202268003,-0.8661662835066402,0.12062818352599392,-0.25166770366626523,-0.11482030921683073,-0.5875370919881306,-0.8933179746784283,-0.692698054694108,-0.26253631664339894,-0.8554216867469878,-0.8398488248494153,-0.9314416301656827,-0.7516814767538906,-0.07560975609756104,-0.05741626794258403,-0.8692240627724497,-0.8792502179598953,-0.8916020082154268,0.6076402705929169,-0.43788101744797137,-0.9088888909135803,-0.904737669857156,-0.4610178494322955,-0.20071298702012064,-0.8582957207181545
2016-01-11,-0.8985091246271493,-0.8746578698423533,-0.8767369292018801,-0.9045769024924543,0.12325493167465362,-0.3556299819905048,-0.13077503867780527,-0.630996538081108,-0.898228702496792,-0.7332957428813076,-0.28106252122401243,-0.8645783132530119,-0.8672493208928782,-0.9426141052497936,-0.835141636801021,-0.003658536585366079,-0.09090909090909127,-0.9367916303400172,-0.8765257192676548,-0.9794614331355547,0.6008754476721041,-0.5518183729241118,-0.9355555569876544,-0.9326192733200919,-0.5383542501558759,0.48261933926939893,-0.8840104515933462
2016-01-12,-0.8845574902946591,-0.9014778993801165,-0.9059017957010451,-0.9124921724848488,0.14468121233997344,-0.4094236435487648,-0.11337058286635493,-0.6628647378832839,-0.5771115624400054,-0.7349873132224403,-0.5056786024223674,-0.9062650602409638,-0.8882721152710521,-0.9563892591887262,-0.8010702538170749,-0.08902439024390274,-0.03229665071770382,-0.9712292938099387,-0.9375544899738448,-1.0,0.6494230003979302,-0.6197883820334945,-0.9493333344592593,-0.9470248731321795,-0.45323856785941374,0.8502177961120785,-0.8985091246271493
2016-01-13,-0.9310628651201904,-0.8951833188745231,-0.9023250448703428,-0.8738367066583174,0.07791417858736649,-0.20389614461294314,-0.15181154803821917,-0.5514342235410485,-0.8608020855436662,-0.723710177614886,-0.6964871901294194,-0.9209638554216867,-0.9010275186016297,-0.9556274995239002,-0.7320437920369187,-0.10609756097560963,-0.10167464114832558,-0.9378814298169136,-0.9714472537053183,-0.9274303970789592,0.6621567847194587,-0.6193679489874571,-0.9493333344592593,-0.9470248731321795,-0.6936206549335473,0.8222109921578753,-0.8845574902946591
2016-01-14,-0.9020653275603157,-0.9126983687153074,-0.9375430690289632,-0.8160940211868355,0.12076672524974486,-0.12130075730779621,-0.16110527589274914,-0.5350519287833829,-0.8565784554447443,-0.7304764589794184,-0.9816247217296156,-0.9209638554216867,-0.9012637297744183,-0.939503586618422,-0.7589474200991702,-0.10609756097560963,-0.14952153110047872,-0.9650174367916304,-0.938644289450741,-0.9043815609310819,0.647035415837645,-0.4621259897694625,-0.9706666673185185,-0.9693301747938794,-0.5463806465967183,-0.14690205858065408,-0.9310628651201904
2016-01-15,-0.9048009040514171,-0.8913519290891165,-0.8970973102969673,-0.8147159451629749,0.06381374078085189,0.23241170476211104,-0.20614532969104982,-0.28659742828882306,-0.8020350217749352,-0.7011559063997748,0.2562351431913368,-0.9057831325301204,-0.9140191331049957,-0.9337269091601601,-0.7548235063086062,-0.1719512195121955,-0.12081339712918693,-0.976133391455972,-0.9658892763731473,-0.9235508900045644,0.6633505769996022,-0.3558965734706748,-0.9724444450567902,-0.9711888948325802,-0.7280487686908101,0.6805876741499177,-0.9020653275603157
2016-01-19,-0.8667760105761726,-0.9053092891655226,-0.9059017957010451,-0.9331156435463357,0.06726952436462641,-0.31299467458447594,-0.19490711867605937,-0.579778684470821,-0.8245879939777907,-0.7056667606427967,0.5392974380258837,-0.9508433734939759,-0.934097082792016,-0.9151907573160667,-0.7761303942265206,-0.14878048780487818,-0.18540669856459324,-0.9829991281604185,-0.9981473408892765,-0.8783660429027842,0.674094707520891,-0.6626725527293111,-1.0,-1.0,-0.3654653014669479,0.08554745648197493,-0.9048009040514171
2016-01-20,-0.863493422739797,-0.858511073801318,-0.8704086029996287,-0.8132381969738665,0.033955278350198626,0.07123903180919999,-0.28183086079975306,-0.4329253214638973,-0.7428233653642125,-0.715816182689597,0.3729766441534921,-0.976144578313253,-0.9770875162395181,-0.8915762077064686,-0.7665079287152043,-0.23170731707317094,-0.17464114832535893,-0.9917175239755884,-0.9825632083696598,-0.9141944317663171,0.6597692001591726,-0.5284142666946956,-0.9831111114864198,-0.982341592891808,-0.4707731705365208,0.5047157115313841,-0.8667760105761726
2016-01-21,-0.8768978268787055,-0.8768473058069821,-0.8819646637752552,-0.9149883101884455,0.04833145012421669,-0.310770578725734,-0.2327140180005003,-0.5773677052423345,-0.7883739024119152,-0.7254017479560195,0.44413839942648004,-0.9744578313253012,-0.9364591945199007,-0.911445438964007,-0.7584564779812459,-0.18292682926829285,-0.24641148325358886,-1.0,-0.9929163034001742,-0.868553172067549,0.6752884998010344,-0.04225352112676051,-0.9804444448790124,-0.9795534656053789,-0.758648800525537,0.5779882194183683,-0.863493422739797
2016-01-22,-0.8473532506175183,-0.8762998510303959,-0.8753611415161053,-0.9418499587227229,0.10127559890215654,-0.4263027846648064,-0.19087695480750755,-0.5751730959446094,-0.8859417785726557,-0.7688187200451075,0.4951514922838922,-0.9387951807228916,-0.8870910594071099,-0.898495524661969,-0.8022485149000932,-0.14756097560975645,-0.19976076555023914,-0.9743897122929379,-1.0,-0.8639890460976725,0.6760843613211298,-0.6309999299278257,-0.9751111116641976,-0.9739771165757649,-0.753603611922369,0.12644442125192024,-0.8768978268787055
2016-01-25,-0.8033100286785659,-0.8604270013157769,-0.8522494051622922,-0.8847746434011611,0.06146385605578031,-0.5859996006306585,-0.19879230990956387,-0.6450296735905046,-0.6685359766386776,-0.7394981674654639,0.12674036901482832,-0.885301204819277,-0.877642612495571,-0.895194566114391,-0.8109872845991457,-0.20975609756097624,-0.17105263157894735,-0.9143417611159546,-0.9714472537053183,-0.9023277042446374,0.7047353760445683,-0.7676406698899867,-0.959555556454321,-0.9577128439533543,-0.5922481560921731,-0.0031383147213326357,-0.8473532506175183
2016-01-27,-0.834769500276713,-0.8100711235544589,-0.8233594870931,-0.8532695720380575,0.0682375415713179,-0.3532375534272223,-0.19915002118818537,-0.5983555885262117,-0.8770095082199117,-0.7146884691288413,-0.073350186771309,-0.9209638554216867,-0.8745718672493207,-0.8515838253031167,-0.8225735185821591,-0.21341463414634143,-0.25478468899521545,-0.8646469049694854,-0.8787053182214473,-0.8528069374714744,0.6641464385196976,-0.580127531357298,-0.9231111128197531,-0.9196078552221633,-0.5137227898828888,0.2889172081815903,-0.8033100286785659
2016-01-28,-0.8235536339275935,-0.8393540701397559,-0.8280368570667807,-0.9043883920929638,0.0817849126023944,-0.5294940992022502,-0.20196830467725801,-0.6237945103857567,-0.9201754120060223,-0.6887510572314621,-0.30717277289363476,-0.8824096385542168,-0.828746899728357,-0.8810385323430459,-0.787716628209534,-0.23902439024390265,-0.24641148325358886,-0.8931996512641673,-0.8643199651264166,-0.8993610223642174,0.6541981695185033,-0.5174830074977226,-0.9382222235950618,-0.9354075422916545,-0.5904242548959084,0.19226663590605564,-0.834769500276713
2016-01-29,-0.7934618274728238,-0.8355226803543494,-0.834089987212133,-0.8570549475312722,0.14551092251508768,-0.24867096069368222,-0.15817882928715177,-0.35234297725024744,-0.9188820515929553,-0.7462644488299963,-0.9315549183111347,-0.8460240963855422,-0.8389039801582614,-0.8800228527899447,-0.8436840296529038,-0.3109756097560976,-0.25717703349282317,-0.8869877942458586,-0.8930906713164777,-0.8696942035600186,0.6283326701154008,-0.2475649919416999,-0.9226666683851852,-0.9191431752124881,-0.632038926307884,-0.15454826760999196,-0.8235536339275935
2016-02-01,-0.7923677774262377,-0.8040502704371586,-0.7991471591104111,-0.8056349441944215,0.1445426706162225,-0.5620546942415275,-0.11773920371462587,-0.6722304648862514,-0.8892155971182314,-0.7175077530307297,0.20873108704674936,-0.8428915662650602,-0.8441006259596078,-0.8736113756109947,-0.8425057685698856,-0.2780487804878051,-0.32177033492822993,-0.8855710549258935,-0.883391455972101,-0.8521223185759927,0.7095105451651413,-0.6115198654614253,-0.9031111132641976,-0.8986965935894892,-0.6168699428294038,-0.12378582558367335,-0.7934618274728238
2016-02-02,-0.760634663375261,-0.8032293072104024,-0.8040997251409907,-0.8883151720536584,0.09629940607625054,-0.3663540377650214,-0.1546645650376801,-0.6358803165182989,-0.9515394020228967,-0.7000281928390182,0.2654039165377504,-0.9014457831325301,-0.9059879532301877,-0.8680886180410079,-0.8541901909764837,-0.397560975609756,-0.3098086124401913,-0.9204446381865736,-0.8861159546643418,-0.9027841168416249,0.6565857540787903,-0.7264382313783196,-0.9186666684740741,-0.9149609606686555,-0.5186993843234199,-0.20530693779948106,-0.7923677774262377
2016-02-03,-0.7245246925930151,-0.7649150809491552,-0.788966858506456,-0.6905049261884282,0.11205812010864813,-0.271708974637101,-0.1832706098435395,-0.587475272007913,-0.832994836662726,-0.595714688469128,0.45289212541976376,-0.9412048192771084,-0.8778788236683593,-0.858693582174824,-0.7441209681378564,-0.3597560975609757,-0.42105263157894735,-0.8664995640802091,-0.9213164777680909,-0.7918758557736196,0.6410664544369284,-0.1531077009319599,-0.8720000028444445,-0.8661680011162899,0.016427422539162295,0.3038690623323501,-0.760634663375261
2016-02-04,-0.6766516252680672,-0.7342638805641086,-0.7333884807668509,-0.746687525595162,0.11620527749943887,-0.5609752607736613,-0.12417783856156062,-0.6195598417408508,-0.7661846878252347,-0.537073583309839,0.17877221446628666,-0.869156626506024,-0.8570922404629738,-0.814955881419412,-0.8252246060189503,-0.4048780487804877,-0.38157894736842124,-0.8063426329555361,-0.866608544027899,-0.7916476494751254,0.5093513728611221,-0.3228225071823979,-0.8364444480790124,-0.828992466861205,-0.0038773290136600025,-0.2127554000435774,-0.7245246925930151
2016-02-05,-0.635343952464178,-0.6891078653260703,-0.7427431656860071,-0.7123439643086977,0.06574911512249537,-0.37383053483718964,-0.15053397765834653,-0.5963155291790307,-0.8327119140723677,-0.5647025655483509,0.07553861826962982,-0.8949397590361445,-0.8842565253336482,-0.8159080810004444,-0.7735774952133143,-0.4085365853658538,-0.42344497607655507,-0.7957715780296424,-0.8075414123801221,-0.8680967594705615,0.4584162355750099,-0.4081704155279938,-0.7964444934123447,-0.7871699435958563,0.09655331920997101,-0.3808969281501703,-0.6766516252680672
2016-02-08,-0.6421829620820279,-0.6201422197416533,-0.6379145162962248,-0.41844325078600175,0.03077568345001236,-0.3286399369762354,-0.21359896048125915,-0.5132603857566767,-0.6962825992502553,-0.5427121511136175,-0.24525525412217497,-0.9115662650602409,-0.9100035431675917,-0.7853742144353455,-0.7101477735774951,-0.524390243902439,-0.4174641148325362,-0.7616608544027899,-0.8026373147340888,-0.7793245093564587,0.49860724233983245,-0.5591058790554271,-0.7777778271604929,-0.7676528164489638,-0.005682762550753173,-0.3177149992767594,-0.635343952464178
2016-02-09,-0.6181097302953122,-0.6250683548766389,-0.633512149780723,-0.66276572924273,0.030913785125937565,-0.39196670042438775,-0.19860675266857664,-0.631151088031652,-0.7696605939353522,-0.48914575697772733,0.11025166962230681,-0.9298795180722891,-0.9272469587811502,-0.7295753189868597,-0.7993028621925474,-0.5451219512195125,-0.5466507177033493,-0.7501089799476897,-0.7617698343504795,-0.7848014605203106,0.46955829685634676,-0.42638918085628197,-0.8097777820049382,-0.8011106744847578,-0.1564887879323522,0.01206072291097926,-0.6421829620820279
2016-02-10,-0.4922719806829168,-0.6297209268269244,-0.6491951884162326,-0.744113383588328,0.028702002076791633,-0.5109131144433038,-0.1949728086764524,-0.6479970326409497,-0.7753594632554286,-0.49083732731886087,0.21295702373316217,-0.9739759036144577,-0.9605527341443248,-0.7588395861105823,-0.7780941626982179,-0.6158536585365857,-0.557416267942584,-0.7442240627724499,-0.7513077593722755,-0.748744865358284,0.41742936729009195,-0.5026277065377338,-0.7924444935012336,-0.7829876818236464,-0.3341432720998522,0.15622728429579258,-0.6181097302953122
2016-02-11,-0.5114211255447803,-0.4567598370164405,-0.5174028007568303,0.03220060973363692,-0.00461180388981175,-0.21277569477745684,-0.271692402529391,-0.4941271018793275,-0.6724766841472412,-0.47166619678601585,0.2680451269667583,-0.996867469879518,-0.9999999999999999,-0.726401320383419,-0.6424959497275271,-0.626829268292683,-0.6232057416267942,-0.7021578029642543,-0.7437881429816913,-0.7501141031492469,0.389972144846797,-0.3135729801695747,-0.7377777391604948,-0.7258301987268598,0.4421913900255292,0.7386263556182975,-0.4922719806829168
2016-02-12,-0.6096294130812554,-0.5142310395719845,-0.5143762494412059,-0.6645901632240045,0.04750219466518857,-0.5975274450693562,-0.23523461661373446,-0.6162833827893176,-0.8794345589944124,-0.5077530307301945,0.44496849413273964,-1.0,-0.9506318648872091,-0.6733955437059609,-0.844960479159507,-0.526829268292683,-0.6447368421052633,-0.6988884045335659,-0.7024847428073233,-0.7384755819260613,0.39076800636689146,-0.6150234741784038,-0.7168888951802469,-0.7039895298464574,-0.21516845583107558,0.2244206293840738,-0.5114211255447803
2016-02-16,-0.5902064616303315,-0.5807334944362146,-0.6007705049367522,-0.7161488408777219,0.0910461298028431,-0.6285919831970294,-0.17323087793764502,-0.5869807121661722,-0.7774813826831166,-0.5731604172540168,0.46009885673319983,-0.9571084337349397,-0.9064603755757646,-0.7364946359423601,-0.7968481516029259,-0.48658536585365875,-0.5143540669856463,-0.7476024411508284,-0.745313862249346,-0.8181195801004111,0.46557898925586993,-0.7588115759232009,-0.7893333824592582,-0.7797348272991642,0.32741312945037593,-0.12268357035482724,-0.6096294130812554
2016-02-17,-0.513336048237778,-0.5873015833919779,-0.596643361992252,-0.8032384786560726,0.1338991458495684,-0.5622739475891916,-0.1334908207149934,-0.6424641444114738,-0.8161003162670386,-0.5821821257400615,0.2994755310719541,-0.956144578313253,-0.9081138537852839,-0.7265917602996255,-0.8439785949236585,-0.4414634146341463,-0.5071770334928232,-0.7290758500435919,-0.7478204010462077,-0.7898219990871751,0.49343414245921213,-0.8026767570597716,-0.7622222275061727,-0.7513884021414197,-0.3475068220412393,0.0846466100158747,-0.5902064616303315
2016-02-18,-0.5327588081964327,-0.5180624567246563,-0.5856376658163205,-0.7381460543906673,0.1229780682510655,-0.7039532725245465,-0.10015693026793171,-0.7015949554896144,-0.7607485323390626,-0.5940231181279954,0.17941365128476017,-0.8985542168674698,-0.8922877052084562,-0.7243699612772172,-0.8546811330944081,-0.5329268292682929,-0.46650717703349276,-0.7205754141238008,-0.7288578901482126,-0.8402555910543135,0.481496219657779,-0.8123467171186322,-0.7142222285728395,-0.7012014497884063,-0.10477670401530892,-0.004766063722070557,-0.513336048237778
2016-02-19,-0.5899330380258099,-0.5353037518098827,-0.5358372221651688,-0.7033583019329901,0.12173408238469774,-0.6515597182363024,-0.1218892348237719,-0.6107504945598419,-0.8285084927299,-0.5787989850577953,0.039769082745349404,-0.9062650602409638,-0.911184599031534,-0.7031676506062339,-0.8220825764642348,-0.530487804878049,-0.5526315789473686,-0.7374673060156929,-0.7215562336530077,-0.8662711090826107,0.47473139673696796,-0.7497021932590568,-0.7373333836148137,-0.7253655659455625,-0.3459836798657666,-0.1480867083033508,-0.5327588081964327
2016-02-22,-0.5426070094021749,-0.5840174568122998,-0.5823358909296941,-0.8011713646202816,0.16016328297269533,-0.6984938220845354,-0.09499567830292754,-0.7099715628091,-0.8673901401477261,-0.6380039469974621,-0.16307587820246772,-0.9426506024096385,-0.8951222392819179,-0.7609344251888528,-0.7902695272227404,-0.5158536585365856,-0.5430622009569377,-0.7598081952920661,-0.7385571054925895,-0.8628480146052033,0.4743334659769207,-0.7829164038960129,-0.7306666282074084,-0.7183950824301673,-0.5977946097299942,-0.030729484228778303,-0.5899330380258099
2016-02-23,-0.531938154398329,-0.5503558298686029,-0.5517954293434744,-0.836801996910163,0.12615766315125176,-0.6656058199349267,-0.09762481696153813,-0.7225519287833828,-0.8851334283144887,-0.6430786580208618,0.2698939742670641,-0.8542168674698795,-0.8589819298452815,-0.7270996000761758,-0.8311159114340418,-0.5634146341463415,-0.5322966507177038,-0.7271142109851785,-0.7601351351351351,-0.8635326335006845,0.5224830879426978,-0.8036577675005255,-0.7133333397037036,-0.700272042540678,-0.3970063045070763,0.12408244576153571,-0.5426070094021749
2016-02-24,-0.523457864540311,-0.4835796202488152,-0.5289586964478401,-0.6438410185628575,0.13832249192394874,-0.4999794844516341,-0.14356547556218668,-0.7366159742828884,-0.8444734103286955,-0.6470256554835068,0.2544994906237028,-0.9040963855421686,-0.8859100035431675,-0.7231003618358409,-0.7529579262604937,-0.5195121951219517,-0.5753588516746411,-0.7433522231909326,-0.7276591107236268,-0.9167047010497491,0.5328292877039402,-0.6095578445799172,-0.70488885100247,-0.6914427917582041,-0.23903218912993596,-0.13660091586057377,-0.531938154398329
2016-02-25,-0.5456161736340288,-0.5095784402544337,-0.5237309343603616,-0.7625202323661523,0.1706691754477716,-0.6821987954532495,-0.08701463320047864,-0.7350704747774481,-0.8889730920407813,-0.6413870876797283,-0.24895294872278617,-0.8821686746987952,-0.8601629857092239,-0.7312257982606489,-0.8060778634199027,-0.5658536585365854,-0.5382775119617227,-0.7659110723626852,-0.7444420226678292,-0.9402099497946144,0.5376044568245133,-0.779973372573751,-0.6924444957234558,-0.6784313736602755,-0.5650980588731387,-0.3030011736637901,-0.523457864540311
2016-02-26,-0.5037614894848654,-0.5421455681539391,-0.5699546271808109,-0.7615776803687004,0.16444832201549842,-0.5882636755067288,-0.055025891643874836,-0.72159371909001,-0.8995624804227673,-0.6915703411333523,-0.5664641738671095,-0.8587951807228914,-0.8289831109011455,-0.7766139782898498,-0.768177131916147,-0.5048780487804878,-0.5717703349282299,-0.7926111595466434,-0.7666739319965128,-0.9452304883614788,0.5216872264226025,-0.6272160325134889,-0.723555517254322,-0.7109599189050968,-0.009655947509636276,0.057657835807914726,-0.5456161736340288
2016-02-29,-0.527561297667059,-0.5153257575542991,-0.5240061304172601,-0.7829768608901592,0.1432989047737676,-0.6047417639542025,-0.07696697225793159,-0.63584940652819,-0.9272686855214365,-0.7259656047363965,-0.9293664868128138,-0.869156626506024,-0.8483524270698003,-0.7915317717260204,-0.8679365702783641,-0.5365853658536586,-0.5322966507177038,-0.7514167393199651,-0.7946817785527462,-0.8849840255591057,0.5885395941106255,-0.7222339009179455,-0.6928889401580236,-0.6788960064415729,-0.3363039882229101,-0.0923916924378333,-0.5037614894848654
2016-03-01,-0.5026672205899709,-0.504105069280985,-0.5292338925047386,-0.726168060271325,0.20619542453525952,-0.5379069469434252,-0.07014948332327942,-0.7012858555885263,-0.8450392555094124,-0.7293487454186636,-0.0010942157491604654,-0.8407228915662649,-0.8299279555922994,-0.8122897225925221,-0.9812460110952917,-0.42804878048780504,-0.5562200956937797,-0.7438971229293809,-0.7505448997384483,-0.7859424920127798,0.5905292479108635,-0.7305024174900148,-0.7288888949135802,-0.7165363623914663,0.01237333164486154,-0.14730304511739378,-0.527561297667059
2016-03-02,-0.4465872596554883,-0.5079364864336564,-0.5091484873537273,-0.8396274861163175,0.21849880969996827,-0.7036502736563736,-0.027498458706517237,-0.7030786350148369,-0.8806672931381169,-0.7287848886382857,0.006112515564275611,-0.84144578313253,-0.8207157198535489,-0.8061321653018472,-0.9965634051745298,-0.4182926829268294,-0.46172248803827776,-0.7441150828247602,-0.7443330427201396,-0.7952989502510275,0.6004775169120569,-0.7981921379020391,-0.7075556064987644,-0.6942311551865223,-0.3405409968842422,-0.1124684841061021,-0.5026672205899709
2016-03-03,-0.4517849616771308,-0.4441707033725186,-0.4887881062586401,-0.6287601866036276,0.22928065616645998,-0.7384480103389947,-0.01698114634843817,-0.744374381800198,-0.7599603908373499,-0.6786016351846635,-0.07568954457985899,-0.8209638554216866,-0.8169363410889334,-0.8025772868659939,-0.997839854681133,-0.4182926829268294,-0.4401913875598087,-0.7224280732345245,-0.7443330427201396,-0.6725239616613417,0.5929168324711496,-0.6901408450704225,-0.6733333405925925,-0.6584494248185738,-0.2199331118973059,-0.3934538490130054,-0.4465872596554883
2016-03-04,-0.4353713933063683,-0.41488772941995666,-0.44999313867059687,-0.6801931906576847,0.2382661393994061,-0.5905365878497875,-0.0018828514273647734,-0.695536597428289,-0.42712217203714375,-0.6521003665069065,0.07259555522016359,-0.8226506024096384,-0.792842801464509,-0.7507141496857743,-0.9995090578820756,-0.3682926829268296,-0.4389952153110048,-0.6489755884917177,-0.7225370531822146,-0.5775901414879052,0.5459610027855151,-0.5284142666946956,-0.678222273817283,-0.6635611882952682,0.17455807331308915,-0.12224779503179506,-0.4517849616771308
2016-03-07,-0.4506906927822367,-0.43650789643444066,-0.4447653765831183,-0.8297556081843849,0.2404772477085535,-0.7128917391356494,0.006166151047488633,-0.7159990108803167,-0.6992937039619268,-0.6464617987031298,0.24661359091423596,-0.7860240963855422,-0.7515058462265263,-0.6968196533993525,-0.8900289655849575,-0.33414634146341493,-0.3863636363636367,-0.6102877070619006,-0.6413469921534438,-0.5109539023277043,0.5212892956625543,-0.7984724265993974,-0.6475555633876543,-0.6314972286033662,-0.0776767332997399,0.2095896204909613,-0.4353713933063683
2016-03-08,-0.4780467312536354,-0.42829785365789963,-0.44311461295326815,-0.782684344753019,0.21020426022621264,-0.6129193667407822,0.002499174557226702,-0.6909928288822949,-0.7365182333505109,-0.6481533690442625,0.2856280421084405,-0.7431325301204819,-0.7439470886972952,-0.6994858122262428,-0.7886003240217978,-0.4231707317073172,-0.3516746411483256,-0.6422188317349606,-0.6105056669572799,-0.5600182565038794,0.5001989653800232,-0.7742274542779062,-0.6911111179753084,-0.6770373808596276,0.16780682476741715,-0.18218154985873913,-0.4506906927822367
2016-03-09,-0.4255231921006266,-0.4690750243339461,-0.4879627382007663,-0.8446132611649076,0.22375141123337627,-0.7356915623021433,0.007607948361311845,-0.6653066271018795,-0.8181818181818183,-0.6549196504087949,0.21484360261102498,-0.782168674698795,-0.7420573993149875,-0.7297022789309975,-0.803819529677451,-0.3646341463414635,-0.446172248803828,-0.6500653879686138,-0.6427637314734089,-0.5632131446827935,0.5153203342618387,-0.6099782776259548,-0.6871111180641973,-0.6728550246306615,-0.34370512248894813,-0.21358666893709266,-0.4780467312536354
2016-03-10,-0.48269720308169584,-0.4315817886667199,-0.44449040063904244,-0.6405605042544849,0.22596275423469736,-0.4882130284042502,-0.016762931605195597,-0.6625865479723048,-0.6370507340830782,-0.5545531435015505,0.04237256159680025,-0.7383132530120481,-0.7427660328333529,-0.7442391925347551,-0.735382198438804,-0.29512195121951246,-0.38995215311004827,-0.6465780296425456,-0.6501743679163035,-0.5276129621177543,0.5181058495821729,-0.26003783897414334,-0.6484444967012334,-0.6324266830794725,-0.2866039997432117,-0.41711205468064805,-0.4255231921006266
2016-03-11,-0.5248255296836888,-0.44170775895771985,-0.47365526713820794,-0.7982570371798845,0.2704744865551305,-0.5540466866547725,0.02056865270610375,-0.6445042037586549,-0.638546182060687,-0.568085706230617,0.0003773157755724288,-0.7426506024096384,-0.7297744183299869,-0.6964387735669395,-0.8380872895085668,-0.24146341463414656,-0.3229665071770338,-0.6842850915431558,-0.6460331299040978,-0.5002282062984937,0.42896935933147606,-0.7649779272650831,-0.6662222296395061,-0.6510144502070148,-0.26853031730076704,-0.5036390901450691,-0.48269720308169584
2016-03-14,-0.5223635956454165,-0.4712644329313096,-0.5248315259892369,-0.7240684444425185,0.26688083598760404,-0.8248624458784053,0.048822839261860373,-0.728177546983185,-0.7549688279931696,-0.5945869749083723,-0.0446741878277932,-0.7378313253012048,-0.7354434864769102,-0.704373770075541,-0.7784869163925572,-0.2646341463414634,-0.2667464114832536,-0.6913687881429813,-0.6794899738448126,-0.532861706983113,0.4385196975726222,-0.9834629668558615,-0.7044444065679022,-0.690978064520151,0.03963071716955846,-0.3356879848687089,-0.5248255296836888
2016-03-15,-0.4504172965337534,-0.5333880432335465,-0.5286834728768381,-0.8171189110599268,0.26231871349729907,-0.7425599574791588,0.040934288633540206,-0.7390578635014837,-0.8200814412885105,-0.5928954045672397,-0.19692110327132784,-0.7566265060240964,-0.7670957836305656,-0.7297657589030662,-0.8258137365604594,-0.25609756097561,-0.28588516746411496,-0.6958369659982564,-0.6923496076721882,-0.542446371519854,0.4667727815360134,-0.8266414406839044,-0.6862221847506182,-0.6719256646113112,-0.3970010280330274,-0.3694807132799782,-0.5223635956454165
2016-03-16,-0.46300104687455823,-0.45894905404294617,-0.5292338925047386,-0.6569457415067399,0.2784919379131239,-0.5904961880006977,0.05711723594957485,-0.6590628090999011,-0.7249386159022706,-0.5274880180434165,-0.0478436403426028,-0.7720481927710844,-0.738278020550372,-0.7315431981209928,-0.8915017919387304,-0.32317073170731714,-0.2775119617224884,-0.6536617262423712,-0.6950741063644288,-0.5114103149246922,0.4675686430561079,-0.5679349730222129,-0.6271110749530873,-0.610121286961017,0.42850949281652007,-0.3174696467839597,-0.4504172965337534
2016-03-17,-0.47202837543388876,-0.44745485731946166,-0.4552208732439724,-0.8177147772652126,0.29632502272700334,-0.5695585453781836,0.07520597033032361,-0.6612883283877351,-0.6845817292632899,-0.4744854806879051,-0.103082669886428,-0.7272289156626506,-0.6974134876579661,-0.7064686091538119,-0.7104423388482497,-0.34146341463414664,-0.3516746411483256,-0.6346992153443765,-0.6538796861377505,-0.4187585577361941,0.39713489852765615,-0.5735407469693785,-0.6462222300839505,-0.6301031413459628,0.1149488665694034,-0.26695266710976584,-0.46300104687455823
2016-03-18,-0.4950075571740178,-0.4704434697045534,-0.4695281241937077,-0.6649216815127635,0.30743521821267583,-0.5523301139002204,0.11074163170568596,-0.03307368941641953,-0.41818990168439996,-0.502114462926416,0.038108893332830185,-0.6534939759036145,-0.6442659737805596,-0.6857106582873103,-0.7871274976680248,-0.3670731707317074,-0.36004784688995217,-0.6651046207497822,-0.6355710549258937,-0.4541305340027386,0.31953840031834435,-0.715787260878705,-0.6382221858172848,-0.6217386650299199,-0.457597814836214,-0.30633906615911655,-0.47202837543388876
2016-03-21,-0.4854329710650669,-0.4980842435309496,-0.4909890969176707,-0.8756481399223858,0.31146419342577936,-0.8277464059389461,0.12423163887291055,-0.7650840751730961,-0.8404316590378612,-0.5184663095573718,-0.16017054673055886,-0.717590361445783,-0.7002480217314279,-0.6914873357455722,-0.820511561686877,-0.31829268292682933,-0.36961722488038307,-0.6506102877070616,-0.6707715780296426,-0.39525330899132793,0.34341424592120884,-0.8265012963352253,-0.6400000079999999,-0.6235973850686208,-0.6884585044889604,-0.37819255776311755,-0.4950075571740178
2016-03-22,-0.5592941928697281,-0.47536935853415097,-0.4846609633141399,-0.8854810157026997,0.3099357313084403,-0.7244524084517325,0.12213255496146713,-0.7309594460929774,-0.7517556357169562,-0.5319988722864393,-0.031468135682753084,-0.6551807228915663,-0.6612731782213297,-0.674411223259062,-0.8167804015906523,-0.28536585365853684,-0.33851674641148355,-0.6154097646033128,-0.6513731473408892,-0.3831583751711549,0.3708714683645038,-0.7163478382734216,-0.6395555635654321,-0.6231327522873233,-0.6691175888624187,-0.5010134522743626,-0.4854329710650669
2016-03-23,-0.5669538562856813,-0.5585658726451443,-0.5617003137777075,-0.6859871769592623,0.29117828203216645,-0.7935504586750575,0.11166545532526317,-0.7656095450049457,-0.807430759748199,-0.5506061460389056,-0.13447534241406645,-0.6657831325301204,-0.6749734262430612,-0.7390338348251126,-0.7443173449850262,-0.3646341463414635,-0.30023923444976086,-0.6907149084568438,-0.615954664341761,-0.485851209493382,0.3863907680063665,-0.7987527152967556,-0.7084444064790133,-0.6951603262923614,0.336633767850971,-0.28300128352311527,-0.5592941928697281
2016-03-24,-0.5595678353225573,-0.56349200778013,-0.5578483668901062,-0.8964427870937548,0.28992779812624114,-0.7796276606825091,0.09479841887083973,-0.766042284866469,-0.8010245839522265,-0.556244713842684,-0.2764592687620271,-0.6992771084337349,-0.7104051021613321,-0.7463975115850947,-0.9350974520104078,-0.33902439024390274,-0.3803827751196174,-0.7200305143853529,-0.6912598081952921,-0.5335463258785946,0.42260246717071226,-0.8176722023684395,-0.6893333846814804,-0.6751785663641712,-0.47231741860818943,-0.09290620027721164,-0.5669538562856813
2016-03-28,-0.5004786828001824,-0.5643129710068862,-0.5586739550608031,-0.9484846580703036,0.2915952566834168,-0.8720115947566887,0.11297209755088344,-0.8082035113748764,-0.8437256863398912,-0.5438398646743723,-0.7468588461683584,-0.7043373493975903,-0.7026101334593124,-0.7571256268647244,-0.8789336737198683,-0.3597560975609757,-0.34449760765550286,-0.7191586748038361,-0.7303836094158673,-0.5593336376083982,0.43653004377238336,-0.8529885782355826,-0.6911111179753084,-0.6770373808596276,-0.7312718149223963,-0.5200429183763524,-0.5595678353225573
2016-03-29,-0.5458898160868579,-0.5123153309956487,-0.5440913154554488,-0.7272947890958652,0.31771705300323205,-0.7541349350751279,0.10161401929529923,-0.7596748269040554,-0.7672355431608517,-0.490273470538483,-0.47926649813228706,-0.7108433734939757,-0.7191449155545055,-0.7705199009712436,-0.8107909077519759,-0.4560975609756097,-0.38157894736842124,-0.6732781168265038,-0.7187227550130775,-0.5310360565951622,0.4106645443692791,-0.5808282531006936,-0.6413332968592601,-0.6249914723260243,-0.04386420818152492,-0.38895327866000917,-0.5004786828001824
2016-03-30,-0.5311175279562641,-0.529009390242412,-0.5410647366257213,-0.7991930888187333,0.3302223174420522,-0.7711925088579825,0.14377009960413512,-0.7807863501483681,-0.8206674952256814,-0.46377220186072776,-0.6543787495755198,-0.7298795180722891,-0.7101688909885435,-0.7695677013902116,-0.8223771417349893,-0.42682926829268286,-0.47009569377990434,-0.6792720139494333,-0.6729511769834349,-0.5623003194888181,0.35017906884202166,-0.6249737229346226,-0.6551111187753086,-0.639397024909734,-0.4953105336889678,-0.34231799514055583,-0.5458898160868579
2016-03-31,-0.5505402879149184,-0.5238095550863981,-0.5220801707305114,-0.8299809539492929,0.32327494504976073,-0.7366051880560371,0.14712598801520693,-0.708858803165183,-0.7602231046712542,-0.44009021708486085,-0.9385729917367847,-0.7339759036144577,-0.7281209401204676,-0.7648701834571194,-0.8427021454170552,-0.4975609756097561,-0.46172248803827776,-0.6593286835222321,-0.6798169136878816,-0.5730260155180282,0.3235177079188212,-0.71172307476701,-0.6666667185185174,-0.6514791774450679,-0.6349700076420934,-0.4203583977383626,-0.5311175279562641
2016-04-01,-0.571877943210533,-0.5623972897978158,-0.5784839440420928,-0.8070736902319112,0.3427278019047848,-0.6531146915944958,0.12746747254544744,-0.7017804154302671,-0.912011074398537,-0.43614321962221503,0.03629777761008168,-0.7378313253012048,-0.7394590764143143,-0.8227004380118075,-0.7174137169227748,-0.4926829268292683,-0.5,-0.6968177855274629,-0.6600915431560592,-0.5871748060246467,0.305212892956626,-0.6056338028169015,-0.6599999631111121,-0.6445086939296728,-0.5282814611963702,-0.2816848026102575,-0.5505402879149184
2016-04-04,-0.5305702704066437,-0.5692391061418727,-0.5641766930923575,-0.8669138247459985,0.33341845814047977,-0.8674295785390951,0.15504134311726325,-0.7625494559841741,-0.8922671193428113,-0.4333239357203267,0.038108893332830185,-0.7761445783132529,-0.772764851777489,-0.8143210816987239,-0.8695075850557219,-0.5073170731707322,-0.5227272727272729,-0.7380122057541412,-0.693875326939843,-0.625969876768599,0.30043772383605294,-0.8407960199004976,-0.6862221847506182,-0.6719256646113112,-0.46324364206862423,-0.30986371950717095,-0.571877943210533
2016-04-05,-0.5502666728181276,-0.5363984697921969,-0.5344614069652915,-0.8404313637969029,0.30479503393707486,-0.7152349303828538,0.12969831531949572,-0.6698194856577646,-0.8940454899107784,-0.43783478996334857,0.07508583933894264,-0.8028915662650601,-0.7876461556631627,-0.7978162889608327,-0.8346506946830967,-0.5585365853658537,-0.5239234449760768,-0.7083696599825631,-0.7385571054925895,-0.6659059790050206,0.304814962196577,-0.7052764347277696,-0.659555607565431,-0.6440439666916197,-0.38553349109990753,-0.23769895981528977,-0.5305702704066437
2016-04-06,-0.5045821159269304,-0.5511768204626244,-0.558948958518982,-0.871858430856769,0.3357802094885809,-0.7563602934291539,0.12254217804124634,-0.7187190900098913,-0.8673295138783637,-0.42937693825768264,0.17665924612308026,-0.7773493975903615,-0.7557576473367188,-0.8015616073128928,-0.8163876478963129,-0.5121951219512195,-0.562200956937799,-0.7201394943330426,-0.7077157802964256,-0.6919214970333183,0.3064066852367695,-0.548034475509775,-0.6586666742518519,-0.6431146066722694,-0.7343471198806111,-0.1845160605178402,-0.5502666728181276
2016-04-07,-0.5095062302078204,-0.5112206403805999,-0.5936167831625245,-0.7746780697401807,0.30145989679881025,-0.6554902868873241,0.11127131145696945,-0.7474344708209695,-0.7903139430315156,-0.4417817874259935,0.12138248500169779,-0.7477108433734939,-0.7463092004251799,-0.7858185742398272,-0.7777014090038783,-0.5987804878048784,-0.5311004784688995,-0.6989973844812551,-0.7210113339145594,-0.6912368781378366,0.2920811778750494,-0.6336626725527292,-0.6306666304296306,-0.6138388214951742,-0.3217338845489891,-0.5025221870062051,-0.5045821159269304
2016-04-08,-0.4657365960096209,-0.5134100489779629,-0.5116246740696573,-0.8358161091886903,0.3091026767698515,-0.7346840910654682,0.11976278201179946,-0.7787462908011871,-0.5551244354178666,-0.42824922469692694,0.2402369543070595,-0.7542168674698795,-0.7106413133341206,-0.7762965784295055,-0.856153959448181,-0.5621951219512198,-0.5992822966507179,-0.6757846556233651,-0.6998692240627724,-0.6887266088544046,0.3024273776362909,-0.7316235722794479,-0.601333297748149,-0.5831690435174315,-0.42917432854669213,-0.1555223536261816,-0.5095062302078204
2016-04-11,-0.4651893658160393,-0.4715379687487449,-0.4720045035083573,-0.819194692240522,0.302432842541148,-0.7821669595305032,0.12512488099836627,-0.6949493076162216,-0.6426283508644297,-0.424302227234282,0.012715541636795669,-0.7007228915662651,-0.6886736742647926,-0.7404303942106267,-0.777308655309539,-0.5560975609756098,-0.562200956937799,-0.6306669572798604,-0.6743679163034,-0.6574623459607487,0.26780740151213767,-0.7113026417209727,-0.5453332989925934,-0.5246174731632416,0.03110657334342881,-0.48672624704066436,-0.4657365960096209
2016-04-12,-0.5002052591956603,-0.4701697423162603,-0.4684275325648324,-0.8243538101851953,0.32883307178846355,-0.6710480162727226,0.12467448388173752,-0.7755625618199804,-0.711216870269888,-0.4367070764025929,0.3048711466626419,-0.6857831325301204,-0.6534782095193101,-0.6896464165555769,-0.7453974176444595,-0.4902439024390244,-0.5657894736842106,-0.6061464690496945,-0.631429816913688,-0.6636239160200823,0.2542777556705138,-0.6653352953542149,-0.5373333880592581,-0.5162529968471987,-0.5220772071271095,0.007594941344275297,-0.4651893658160393
2016-04-13,-0.5456161736340288,-0.4953475717278577,-0.49566663197596883,-0.8409600596299563,0.357734034155456,-0.7292309531018772,0.16103165878867154,-0.7425197823936698,-0.8078349348772824,-0.49985903580490554,0.27181828472248415,-0.6549397590361445,-0.649462619581906,-0.6610804291246111,-0.779370612204821,-0.5024390243902439,-0.5071770334928232,-0.6105056669572795,-0.60756320836966,-0.6711547238703788,0.2594508555511341,-0.6367458482236703,-0.5653333429925925,-0.5455287820242938,-0.3639703004864031,-0.23283585368935067,-0.5002052591956603
2016-04-14,-0.523457864540311,-0.5292829260598473,-0.539964365109669,-0.748137105563657,0.3578727959031194,-0.8803672093783199,0.18882374217076148,-0.764774975272008,-0.8717956490547355,-0.5032421764871717,-0.15915179413651293,-0.6571084337349398,-0.6556041100744064,-0.6585412302418585,-0.8815847611566595,-0.4707317073170736,-0.5131578947368425,-0.6272885789014819,-0.6113775065387967,-0.5871748060246467,0.32192598487863133,-0.6759862658538294,-0.594222231239506,-0.5757338327639834,-0.23506428064510188,-0.4383789890378703,-0.5456161736340288
2016-04-15,-0.5283819514651626,-0.5311986072689181,-0.5333608428505188,-0.8627015923711792,0.3546766552046918,-0.8158162463363965,0.18533873726497907,-0.6607628585558853,-0.824163610092253,-0.4947843247815049,0.03252461985435606,-0.6597590361445782,-0.6657611905043108,-0.648701834571193,-0.9039717217340074,-0.5170731707317073,-0.49641148325358886,-0.6376416739319963,-0.6275065387968612,-0.553628480146052,0.32829287703939514,-0.7731062994884731,-0.5675555207209885,-0.547852134844292,-0.43441034962796476,-0.3784543891546873,-0.523457864540311
2016-04-18,-0.4780467312536354,-0.5191571473397056,-0.5212547751585346,-0.9068975305137668,0.3749632413383037,-0.8178526512295756,0.18162947515652617,-0.749690900098912,-0.8455848919336749,-0.4773047645897943,0.40304871146662635,-0.72144578313253,-0.6981221211763315,-0.6493366342918812,-0.8696057734793067,-0.49634146341463437,-0.5693779904306222,-0.6573670444638182,-0.6372057541412381,-0.5547695116385212,0.31078392359729357,-0.8012753135729802,-0.5684444540345678,-0.548781589320398,-0.7213599584213846,-0.31097696066853053,-0.5283819514651626
2016-04-19,-0.494733942077227,-0.47728528604860987,-0.473380071081309,-0.5768288217233318,0.38413404337885826,-0.7629829228575402,0.20795824341981506,-0.7483617705242336,-0.7542211040043652,-0.4524950662531717,0.2995887258046257,-0.6819277108433734,-0.659383488839022,-0.6240716054084938,-0.7958662673670773,-0.47682926829268313,-0.5011961722488043,-0.5794463818657363,-0.6576939843068876,-0.49018712916476526,0.29566255471547986,-0.755868544600939,-0.5204444551012344,-0.4985946369673844,-0.14941831270671702,-0.33269981122505954,-0.4780467312536354
2016-04-20,-0.4824238068332125,-0.47755879449878025,-0.49126429297456964,-0.8108048960701,0.3869129894021226,-0.7933493010931315,0.2170009115309064,-0.7162462908011871,-0.766204896581689,-0.48689032985621683,0.07814209712108044,-0.6756626506024096,-0.6385969056336365,-0.5586872341776168,-0.717217340075605,-0.4060975609756099,-0.5047846889952154,-0.5642981691368787,-0.5795553618134264,-0.4221816522136015,0.26343016315161183,-0.7830565482446921,-0.5391111213530864,-0.5181116696575216,-0.09252121362420795,-0.24076037300902853,-0.494733942077227
2016-04-21,-0.5242785183384142,-0.464696152404688,-0.4799836208545618,-0.7159083276094065,0.37121180428878775,-0.7740133441543207,0.20398810788701516,-0.7084878832838775,-0.7530692048864773,-0.4919650408796157,0.13602233709391376,-0.5975903614457831,-0.5996220621235382,-0.5649082714403604,-0.45672345230497313,-0.38170731707317085,-0.4330143540669855,-0.5526373147340888,-0.564843068875327,-0.36284801460520333,0.29645841623557523,-0.37930067970009107,-0.5208888995358023,-0.49905926974868153,-0.32535002809722446,-0.5220240482062718,-0.4824238068332125
2016-04-22,-0.514977355833985,-0.5065682326339065,-0.5308846561345888,-0.8148394519764341,0.37121180428878775,-0.716962444763201,0.19355007816359082,-0.6114305143422355,-0.7679226408802935,-0.5224133070200168,-0.013960683696185416,-0.6108433734939758,-0.6005669068146922,-0.5445946803783408,-0.7098532083067406,-0.3500000000000001,-0.3995215311004787,-0.5821708805579773,-0.5543809938971229,-0.3804198995892287,0.3040191006764825,-0.7024735477541868,-0.5502222322172838,-0.5297291421831802,-0.1473200348599054,-0.4703114328768677,-0.5242785183384142
2016-04-25,-0.5021201818886585,-0.515052030166006,-0.508047895724852,-0.9378609053266106,0.36620986866508565,-0.8561954746698206,0.18304635650680545,-0.7670623145400595,-0.7854234239696061,-0.5043698900479274,-0.24476474361393064,-0.6031325301204817,-0.6104877760718079,-0.5506252777248779,-0.7664097402916195,-0.32073170731707323,-0.3720095693779908,-0.5707279860505663,-0.5900174367916304,-0.3831583751711549,0.3390370075606848,-0.7907644874220447,-0.55600005431111,-0.5357701239940915,-0.6907819118951952,-0.616578138360496,-0.514977355833985
2016-04-26,-0.4928190193842288,-0.5101259223982852,-0.4986932108056963,-0.8178772862302904,0.370517276805689,-0.81538447294925,0.19824318836143595,-0.7398615232443126,-0.8380470257762689,-0.48576261629546114,-0.2917028260951592,-0.623132530120482,-0.5927719381126726,-0.5515139973338412,-0.7882075703274583,-0.301219512195122,-0.35287081339712945,-0.5690932868352219,-0.571272885789015,-0.3881789137380194,0.3139673696776759,-0.7017728260107912,-0.5324444548345679,-0.511141375055638,-0.4805408034135271,-0.6675821610427847,-0.5021201818886585
2016-04-27,-0.43126793282358156,-0.48795849217807286,-0.4992434103207737,-0.8597049270551427,0.376491938147816,-0.8092184459819298,0.1955544002288936,-0.6887982195845699,-0.8371174229793771,-0.4733577671271485,-0.47451231936007254,-0.5819277108433736,-0.5734026219440178,-0.5198374912715038,-0.7514850999067209,-0.3963414634146343,-0.33492822966507196,-0.5502397558849172,-0.5698561464690499,-0.3646736649931541,0.29526462395543174,-0.6352042603881998,-0.5213333439703702,-0.4995239969867351,-0.5454203283198037,-0.3246251508276984,-0.4928190193842288
2016-04-28,-0.3667076546750425,-0.44088676836369833,-0.4634749940483558,-0.7046237050743966,0.35009170890050134,-0.725528475265508,0.17164184254973058,-0.7140516815034621,-0.808138066224095,-0.45531435015506005,-0.6167980983284912,-0.5662650602409638,-0.5613558521318056,-0.5070780168856728,-0.7810398154057636,-0.43170731707317067,-0.42464114832535893,-0.4886660854402791,-0.5508936355710548,-0.2975810132359653,0.28372463191404673,-0.584051573120314,-0.4751110783308652,-0.45119581190080016,-0.12467428765401822,-0.5623790403055553,-0.43126793282358156
2016-04-29,-0.3779237398724695,-0.3721948775348398,-0.3916633781581633,-0.6198958642551782,0.33452972558265515,-0.5352792734255474,0.1436968574959403,-0.6035484668644907,-0.7114593753473382,-0.3972371017761489,-0.9320831603969363,-0.5501204819277108,-0.544584858863824,-0.4525487208785628,-0.7532524915312484,-0.4182926829268294,-0.4342105263157898,-0.4333042720139493,-0.4894289450741063,-0.28251939753537236,0.2335853561480299,-0.5407469693784598,-0.40622223541728375,-0.37916804898225087,-0.019569562835331178,-0.3817300280324377,-0.3667076546750425
2016-05-02,-0.3855834032884231,-0.3713738869408183,-0.3721281725222294,-0.7695427864437189,0.35731705950420567,-0.8729382662951843,0.16722697349791105,-0.7784062809099902,-0.7726716986470239,-0.35438398646743696,-0.4092366901860168,-0.5515662650602409,-0.5608834297862286,-0.4627689963816417,-0.9759438362217093,-0.37317073170731696,-0.44497607655502414,-0.4331952920662596,-0.43766346992153426,-0.29575536284801496,0.17588539594110664,-0.687618246794198,-0.4257778349827148,-0.3996146306052497,-0.298359104512001,-0.6231953317110772,-0.3779237398724695
2016-05-03,-0.4061004321419719,-0.37520527672622483,-0.3869858155857626,-0.8361476274774493,0.33216753418672873,-0.6867871241472633,0.14735024328490942,-0.7259829376854601,-0.7030121151494944,-0.37411897378065984,-0.0005659736633589763,-0.5749397590361447,-0.5793079012637297,-0.48486002666158834,-0.9942068830084932,-0.46585365853658534,-0.4138755980861246,-0.45989537925021784,-0.4313426329555363,-0.36832496576905527,0.1460405889375247,-0.5614883329829725,-0.45822223426172815,-0.4335373103358524,-0.2139240873678574,-0.4987283783115719,-0.3855834032884231
2016-05-04,-0.4099302501719295,-0.3913518811964023,-0.4144999184550775,-0.830431645479109,0.3161883561937202,-0.7464539137669429,0.13539075668415634,-0.7322885756676558,-0.8130690027989129,-0.37975754158443653,0.06516243444138392,-0.6016867469879519,-0.5915908822487304,-0.5001586999301719,-0.9999999999999999,-0.48902439024390265,-0.47248803827751207,-0.47024847428073224,-0.46044027898866613,-0.42492012779552724,0.1727019498607243,-0.5746619017588116,-0.5137777885827159,-0.4916241534519894,-0.12091655871880191,-0.5742548333525587,-0.4061004321419719
2016-05-05,-0.3795650474686765,-0.4050355138845152,-0.4216536402293052,-0.8408430531751002,0.3156330598426318,-0.8500820516726695,0.13670721259068497,-0.7739861523244314,-0.7798053896753464,-0.42599379757541467,0.015998188884277065,-0.5959036144578314,-0.5623006968229596,-0.48555830635434516,-0.997839854681133,-0.5317073170731708,-0.4892344497607657,-0.46447253705318214,-0.4703574542284219,-0.40552259242355104,0.1953840031834453,-0.7461985845420783,-0.47955556712098746,-0.4558427064543078,-0.2618116070117307,-0.3935051166980681,-0.4099302501719295
2016-05-06,-0.4487757700892385,-0.37547900411451796,-0.3847848524408346,-0.7862422076951245,0.32605411109693794,-0.7587792343934014,0.12985687865583717,-0.7786535608308607,-0.7216445886002405,-0.42599379757541467,0.02678942006565288,-0.5843373493975903,-0.5795441124365182,-0.4594680378340632,-0.7449064755265353,-0.48658536585365875,-0.5334928229665072,-0.4289450741063643,-0.4647994768962511,-0.37585577361935174,0.23597294070831687,-0.7010721042673954,-0.4373333902814802,-0.4116967359122057,-0.16141085880771044,-0.5356319566128904,-0.3795650474686765
2016-05-09,-0.4397482500376384,-0.4444444307608113,-0.4398130581794648,-0.8324077544944564,0.32841586244503906,-0.8216519203710557,0.14686700116808415,-0.7614366963402572,-0.5417058211322967,-0.4383986467437264,0.33215107723653925,-0.5737349397590361,-0.5663162867603637,-0.4994604202374151,-0.7843782218076488,-0.5207317073170734,-0.49401913875598114,-0.5076285963382734,-0.4377724498692239,-0.48128708352350547,0.24552327894946302,-0.8051993553359961,-0.508888899802469,-0.48651248443205053,0.08589835928039435,-0.613514894178005,-0.4487757700892385
2016-05-10,-0.4085623661802442,-0.44198148634601253,-0.4538450855581986,-0.8347413832329751,0.3639866737089963,-0.8222360348558114,0.15813220608772038,-0.7917284866468843,-0.6589570260794002,-0.44460107132788274,0.25151869599667953,-0.6159036144578312,-0.5934805716310381,-0.4925411032819147,-0.8632235259462908,-0.5170731707317073,-0.5370813397129188,-0.49030078465562354,-0.5088273757628596,-0.44431766316750343,0.26621567847194516,-0.8143087380001401,-0.46977778956049376,-0.4456194156428084,-0.415237401758649,-0.6445464915509023,-0.4397482500376384
2016-05-11,-0.4348241357567484,-0.4206348277816985,-0.4180768893986029,-0.8680752221497553,0.33689193164684283,-0.7907119484447425,0.15511496215430887,-0.7558728981206727,-0.5149292188305193,-0.4135889484071038,0.39689846432479325,-0.5833734939759034,-0.5563954175032477,-0.47476671110264723,-0.7620894496538857,-0.5402439024390246,-0.5203349282296652,-0.45738884045335615,-0.4911726242371399,-0.37197626654495686,0.272980501392758,-0.7363884801345386,-0.4408889457580236,-0.4154141759896073,-0.2998259642976179,-0.48177342246586574,-0.4085623661802442
2016-05-12,-0.4197784513776712,-0.4143404935814936,-0.4285321659466339,-0.8711737264172408,0.33772542623325696,-0.7576375178248553,0.13855523675869064,-0.7522564292779428,-0.5910960219062921,-0.4417817874259935,0.2916650945176016,-0.5489156626506022,-0.5400968465808431,-0.4891766647622675,-0.7764249594972752,-0.524390243902439,-0.5717703349282299,-0.497275501307759,-0.45847863993025273,-0.42400730260155184,0.24154397134898442,-0.7386307897134048,-0.46311116748641856,-0.4386490738125468,-0.3719395351250482,-0.5804966740089315,-0.4348241357567484
2016-05-13,-0.4173162984910914,-0.4288450894963627,-0.4378868508657896,-0.8662832899614963,0.3127148973556175,-0.7286493636076896,0.11673194737709425,-0.758191147378833,-0.6945446461951965,-0.4806879052720605,-0.1414934158397163,-0.5392771084337349,-0.5526160387386323,-0.5158382530311685,-0.7832981491482154,-0.5804878048780489,-0.5382775119617227,-0.4894289450741063,-0.4973844812554491,-0.4434048379735285,0.26780740151213767,-0.6769672762945834,-0.4524444121679021,-0.4274962340681856,-0.622961632118953,-0.7400929776088385,-0.4197784513776712
2016-05-16,-0.4058268170451811,-0.39846742492875187,-0.4180768893986029,-0.8786296377350151,0.3407819104201093,-0.8085560567895629,0.12045857527425774,-0.7526273491592483,-0.7248173633635455,-0.4739216239075281,0.06727540278459032,-0.5433734939759036,-0.5186016298570921,-0.4780041896781566,-0.8258137365604594,-0.5134146341463417,-0.598086124401914,-0.4886660854402791,-0.4925893635571055,-0.4497946143313558,0.30441703143652976,-0.8175320580197604,-0.43244445705679,-0.40658506689226703,-0.47723597183418165,-0.5298332152345587,-0.4173162984910914
2016-05-17,-0.46382170067266193,-0.41078280381711485,-0.4153253140270543,-0.8457638246376593,0.3139658359776294,-0.6510046411430801,0.10850512726699657,-0.706818743818002,-0.7617993876746796,-0.4773047645897943,-0.05369203486397778,-0.5033734939759036,-0.49923231368843735,-0.48365390719228074,-0.8092198929746182,-0.49512195121951263,-0.5370813397129188,-0.48430688753269413,-0.4893199651264166,-0.47900502053856675,0.2996418623159567,-0.8357508233480485,-0.41733334628148144,-0.3907854270511537,-0.5132558219295539,-0.6104424950517529,-0.4058268170451811
2016-05-18,-0.470113452740891,-0.427203135675585,-0.45934804370257565,-0.7425836325303947,0.3147993305640435,-0.6149456716716889,0.0985099444853681,-0.7814354599406529,-0.6637869188719473,-0.5319988722864393,0.16322680451269655,-0.48650602409638544,-0.493090823195937,-0.4953342220529424,-0.7882075703274583,-0.38902439024390256,-0.5119617224880386,-0.5372711421098519,-0.48539668700959027,-0.5018256503879508,0.2976522085157187,-0.661551397939878,-0.5071111665086407,-0.48465376439334995,0.6321963411170117,-0.48017496928516357,-0.46382170067266193
2016-05-19,-0.474490528320469,-0.4802954936691375,-0.4857615549430152,-0.7218258207244433,0.3049337956847382,-0.6488769157576876,0.08166593548429502,-0.730712166172107,-0.7786130730445503,-0.5398928672117274,0.09640418065879319,-0.49542168674698783,-0.502066847761899,-0.5559575953786582,-0.6890372625067503,-0.403658536585366,-0.4222488038277512,-0.5684394071490844,-0.538578901482127,-0.5983569146508443,0.3505769996020689,-0.683554060682503,-0.48933338912592483,-0.46606599726580744,-0.2643803704612431,-0.617920253115885,-0.470113452740891
2016-05-20,-0.48379147197659034,-0.4709907055430165,-0.47503105482398267,-0.8076370546441813,0.3228579703985104,-0.6928121724745306,0.10220372544936618,-0.679834322453017,-0.567876160740449,-0.5280518748237943,-0.07912311813756945,-0.486024096385542,-0.4888390220857446,-0.5519583571383229,-0.8279738818793263,-0.4073170731707316,-0.4222488038277512,-0.5553618134263294,-0.5689843068875327,-0.5782747603833864,0.35893354556307244,-0.8485039590778503,-0.4853333892148137,-0.46188373549359696,-0.4220871444865685,-0.6670365263946183,-0.474490528320469
2016-05-23,-0.5404184716123859,-0.4906951913484301,-0.49043889740259283,-0.8461906815192639,0.3189673022169841,-0.8900673814774687,0.11046339055966081,-0.7546364985163205,-0.8508391686117596,-0.5308711587256836,-0.19416669810964804,-0.49060240963855417,-0.5058462265265145,-0.5713197486193105,-0.8408365653689429,-0.4182926829268294,-0.43540669856459324,-0.5747602441150828,-0.5550348735832609,-0.6357827476038342,0.36012733784321505,-0.8367318337888024,-0.49733330005926013,-0.47443037912509456,-0.6357342169668542,-0.7370608602351355,-0.48379147197659034
2016-05-24,-0.5491724039232335,-0.5281882080775331,-0.5317100517065656,-0.755794527998128,0.35592757915844286,-0.7410083507750563,0.11918855313625043,-0.7586857072205737,-0.7688522436771854,-0.5748519875951503,-0.24514205938950318,-0.49903614457831313,-0.48718554387622515,-0.576969466133435,-0.8176640974029161,-0.38170731707317085,-0.43540669856459324,-0.6066913687881428,-0.5755231037489099,-0.6919214970333183,0.35773975328292895,-0.8103846962371243,-0.5555556098765421,-0.5353053967560384,0.05336625853139876,-0.7059834881434323,-0.5404184716123859
2016-05-25,-0.5601148466678314,-0.5602080454040448,-0.5572981673750288,-0.8052990923332605,0.37551899240547826,-0.8121979348522974,0.15976163665066423,-0.7812500000000001,-0.638667434599412,-0.5669579926698622,-0.14624759461193082,-0.47445783132530117,-0.47584740758237865,-0.5889671808544406,-0.8440767833472432,-0.37317073170731696,-0.41028708133971303,-0.6174803836094158,-0.6063644289450743,-0.7263806481058879,0.38718662952646277,-0.8427580407820054,-0.5306666326518528,-0.5092825605601814,-0.3867479595435148,-0.5614965037269775,-0.5491724039232335
2016-05-26,-0.5863766162443356,-0.5446087315068611,-0.5553722076882797,-0.905733966323809,0.37635294170797895,-0.9112347982416806,0.17304701977593995,-0.8129018298714146,-0.7998322673214304,-0.544967578235128,-0.2086178923140778,-0.45999999999999996,-0.4649816936341089,-0.5944899384244273,-0.789091266139722,-0.42439024390243896,-0.40909090909090917,-0.6134481255448994,-0.6188971229293809,-0.6670470104974902,0.3672900915240751,-0.7411533879896293,-0.534222188128396,-0.5130000950943385,-0.5937783335663778,-0.6233985714625754,-0.5601148466678314
2016-05-27,-0.5743400960971128,-0.5793650490656068,-0.5856376658163205,-0.8443142446691643,0.3888582061467991,-0.8644239980995236,0.17708888776856124,-0.7997650840751732,-0.7625471116634839,-0.5895122638849735,-0.5522771007055807,-0.46891566265060236,-0.4789181528286286,-0.6094712118326666,-0.8545829446708232,-0.3987804878048782,-0.44138755980861255,-0.6549694856146471,-0.614210985178727,-0.6843906891830214,0.34739355352168744,-0.7432555532198164,-0.5639999652444454,-0.5441346003101344,-0.15493750456195166,-0.7609827282831001,-0.5863766162443356
2016-05-31,-0.5776227112895262,-0.5782703310832926,-0.5798597317278671,-0.8551286745985488,0.38330031410027043,-0.6722377076620628,0.1576236691455315,-0.5704129574678537,-0.8055109278850527,-0.579926698618551,-0.9352148813341887,-0.46385542168674676,-0.4675800165347821,-0.6365771599060497,-0.8545829446708232,-0.3987804878048782,-0.40909090909090917,-0.6488666085440276,-0.6637968613775063,-0.647193062528526,0.38320732192598417,-0.7532058019760353,-0.5506666766518518,-0.5301937749644778,-0.3530515168543774,-0.7104181429013481,-0.5743400960971128
2016-06-01,-0.5850089511009577,-0.5853859021829071,-0.5881140451309705,-0.8505350878523465,0.389275180798049,-0.8403313797621585,0.14617271755399885,-0.7832591493570723,-0.8359048975921268,-0.5483507189173942,-0.03980681432290689,-0.4809638554216866,-0.48765796622180213,-0.6417190376436235,-0.8300358387746084,-0.4134146341463416,-0.4282296650717705,-0.6628160418482998,-0.649193548387097,-0.6394340483797354,0.399124552327895,-0.7281199635624693,-0.5444444990123445,-0.5236881131438913,-0.5923932591285201,-0.5510781777267542,-0.5776227112895262
2016-06-02,-0.4971960949638068,-0.5900382825623351,-0.5776585484701164,-0.9347082314040992,0.39816754991110415,-0.8793626839639742,0.1536652358038335,-0.7924394164193869,-0.7771782513363041,-0.5692134197913727,-0.024261404369316786,-0.48,-0.48316995393882123,-0.633403161302609,-0.8974912857774068,-0.4621951219512197,-0.43660287081339755,-0.7009590235396685,-0.6620531822144726,-0.7026471930625284,0.3672900915240751,-0.7557284002522598,-0.5422222323950616,-0.5213645714103816,-0.7435827082910117,-0.611498975561793,-0.5850089511009577
2016-06-03,-0.49610182606891184,-0.5101259223982852,-0.5047461483523286,-0.7160751701468865,0.38941395721397365,-0.7064189258143041,0.15098399784612404,-0.77169881305638,-0.5787484717127933,-0.4474203552297711,-0.18386597743651667,-0.47590361445783125,-0.4838785874571865,-0.6264203643750399,-0.8161912710491432,-0.5804878048780489,-0.4712918660287082,-0.63371839581517,-0.7009590235396685,-0.6403468735737108,0.38042180660564995,-0.5167822857543269,-0.4284444571456789,-0.40240280512005655,0.629531721722276,-0.6679538517594885,-0.4971960949638068
2016-06-06,-0.4988373752039754,-0.5024631154602073,-0.4984180147487973,-0.8182868088222868,0.40428141304872023,-0.8615800170563113,0.17671777328658722,-0.8038452027695352,-0.8025200319298353,-0.45418663659430525,-0.1991849979247633,-0.4802409638554217,-0.4727766623361285,-0.5895385006030596,-0.862339830134027,-0.5378048780487807,-0.5956937799043063,-0.6145379250217959,-0.6331734960767217,-0.6047466910086721,0.2514922403501787,-0.5763436339429613,-0.42311107948642057,-0.39682645609044287,-0.36583025758866905,-0.5903144356984215,-0.49610182606891184
2016-06-07,-0.4506906927822367,-0.5065682326339065,-0.49979358232174853,-0.9328014595471851,0.408866579376824,-0.878043797223899,0.19863959766877315,-0.7825791295746787,-0.7887780775409986,-0.4524950662531717,-0.25555597479530634,-0.4604819277108434,-0.4578953584504546,-0.6134704500730019,-0.8419166380283764,-0.5634146341463415,-0.5610047846889952,-0.6052746294681777,-0.6148648648648649,-0.6234596074851666,0.2542777556705138,-0.7155069721813467,-0.43822219026172915,-0.41262600147480044,-0.5816864138707951,-0.6848392300326098,-0.4988373752039754
2016-06-08,-0.43236220171847606,-0.45840179083721777,-0.44971794261369835,-0.7798523551882612,0.4184539160208036,-0.8561769580723211,0.1978063838790689,-0.8057307121661722,-0.685895298432811,-0.432196222159571,-0.059615892540467175,-0.4431325301204818,-0.4319121294437227,-0.5922046594299499,-0.7314546614954096,-0.578048780487805,-0.5777511961722488,-0.572907585004359,-0.6061464690496949,-0.5821542674577822,0.24552327894946302,-0.49982481956415103,-0.4017777910716047,-0.3745210127436096,-0.1790712174496516,-0.5337350522655739,-0.4506906927822367
2016-06-09,-0.41895779757956797,-0.4392445956047979,-0.44091342969551706,-0.7687519094803397,0.41442448609161353,-0.8241264111278017,0.19470797073377888,-0.8105835806132543,-0.7042246405367447,-0.4761770510290386,-0.23933139644568546,-0.41831325301204814,-0.4309672847525685,-0.5204722909921919,-0.7619912612303008,-0.6048780487804879,-0.5956937799043063,-0.6052746294681777,-0.572907585004359,-0.5846645367412142,0.2184639872662153,-0.6841146380772196,-0.3840000136888888,-0.3559333873012005,-0.4895160857708446,-0.6888674052875292,-0.43236220171847606
2016-06-10,-0.3943373355992703,-0.4222770279078647,-0.4235796274301573,-0.7304864651699953,0.38649645479869754,-0.6556156947522069,0.17469381806056283,-0.7461362512363997,-0.7376903412248528,-0.5128277417535942,-0.25087725917820636,-0.4407228915662651,-0.45222629030353123,-0.4886688249857172,-0.7945898178604742,-0.6512195121951221,-0.6244019138755985,-0.6216216216216215,-0.6059285091543156,-0.6442263806481061,0.2666136092319942,-0.7000910938266414,-0.4004445022123446,-0.37312711439971724,-0.4405275418754173,-0.6340530950118373,-0.41895779757956797
2016-06-13,-0.3907811053100656,-0.40229881471415796,-0.4001926675053422,-0.7596470738635749,0.3639866737089963,-0.6391106730720066,0.159038661985619,-0.7116716122650841,-0.742196893914133,-0.4897096137581052,-0.2555937063728635,-0.4804819277108434,-0.4869493327034369,-0.4842252269409002,-0.8048014139132995,-0.6890243902439024,-0.6901913875598087,-0.6235832606800344,-0.6175893635571055,-0.6522136010953905,0.3099880620771991,-0.9693083876392684,-0.40266667994074057,-0.3754505616764714,-0.5922569502155881,-0.6863735986069837,-0.3943373355992703
2016-06-14,-0.36588702823297714,-0.39600445314668775,-0.39276374967421557,-0.7800690338083651,0.35828978522263055,-0.608355867120688,0.13283523512962336,-0.7362450544015827,-0.5673911505855488,-0.537073583309839,-0.1982417084858319,-0.48843373493975895,-0.5008857918979566,-0.4617533168285406,-0.8078452550444302,-0.6890243902439024,-0.7069377990430623,-0.6611813426329554,-0.6239102005231039,-0.6983112733911461,0.29407083167528913,-0.6859365146100483,-0.428000012711111,-0.4019381723387594,-0.416626873258214,-0.7288800024901446,-0.3907811053100656
2016-06-15,-0.401449960313911,-0.3738368313556175,-0.39056278652928755,-0.7063701347524339,0.3542601206012672,-0.6754145666285042,0.13925669361875803,-0.7350395647873393,-0.6777915870946882,-0.5083168875105724,0.08410368637512722,-0.5036144578313253,-0.5004133695523798,-0.4484225226940901,-0.8530119298934655,-0.7353658536585368,-0.7045454545454544,-0.6564952048823014,-0.6621621621621618,-0.7069831127339117,0.33704735376044503,-0.6705206362553431,-0.3844444581234565,-0.35639811453925363,-0.12317664843644893,-0.5914093669722587,-0.36588702823297714
2016-06-16,-0.35850097991381524,-0.3245758905147369,-0.39468973687506814,-0.455412956948125,0.36287473152682104,-0.5053623435110793,0.10876977771172847,-0.7417779426310585,-0.7131367021330344,-0.5269241612630386,0.04056144587405197,-0.5139759036144578,-0.5228534309672845,-0.43978924649273177,-0.7055329176690067,-0.730487804878049,-0.7559808612440191,-0.6530078465562332,-0.6568221447253704,-0.695116385212232,0.30799840827696023,-0.4336766869875972,-0.42133334619259255,-0.39496759436660844,0.05029710945957455,-0.45008816210842006,-0.401449960313911
2016-06-17,-0.3787443936705732,-0.3675424971554122,-0.3820332770692856,-0.6950855122174241,0.3520986936916266,-0.6420375579722053,0.13418642647950962,-0.25732566765578646,0.29352208311861516,-0.498167465463772,-0.20307135041316082,-0.5489156626506022,-0.5098618164639186,-0.4698152732812799,-0.8074525013500907,-0.6914634146341465,-0.7332535885167466,-0.6709895379250215,-0.653225806451613,-0.7161113646736652,0.2948666931953836,-0.6782285754326957,-0.407999968711112,-0.3810268634777074,-0.4058584691365843,-0.37953833449601115,-0.35850097991381524
2016-06-20,-0.4435782869159035,-0.38861518202604506,-0.3974413122466167,-0.775421277407137,0.37067462323985234,-0.786240190148623,0.1601055697300504,-0.7188118199802177,-0.8187072458496267,-0.4773047645897943,-0.12126929026902622,-0.4913253012048191,-0.481044053383725,-0.45813495842061824,-0.753547056802003,-0.6097560975609757,-0.6531100478468901,-0.6357890148212726,-0.6664123801220576,-0.6344135098128714,0.2606446478312776,-0.7115829304183309,-0.41466672411851735,-0.3879973469931024,-0.527787231460449,-0.5414801346875325,-0.3787443936705732
2016-06-21,-0.44193676047138863,-0.4288450894963627,-0.4348604921488852,-0.716497693456089,0.3789154575423668,-0.8297032736292299,0.1722700573016036,-0.7628585558852622,-0.8606404154920329,-0.517902452776994,-0.07395389201222513,-0.4746987951807229,-0.48718554387622515,-0.45883323811337506,-0.7769159016151994,-0.5719512195121954,-0.6351674641148326,-0.6542066259808195,-0.6358979947689627,-0.6184390689183026,0.22562674094707535,-0.7323242940228436,-0.4462222345283948,-0.4209905722475993,-0.35188189844018647,-0.6193758891739127,-0.4435782869159035
2016-06-22,-0.46354805821983236,-0.44553914874312595,-0.43733667886481475,-0.8622053983311413,0.3741664467405421,-0.7324961867382025,0.16657912751828485,-0.7495363501483681,-0.7414087524124204,-0.48689032985621683,0.023280383352827894,-0.4479518072289157,-0.4574229361048776,-0.47210055227575687,-0.824046344935932,-0.5987804878048784,-0.6040669856459333,-0.6522449869224061,-0.6564952048823018,-0.5889091738931995,0.2654198169518507,-0.7847382804288416,-0.4208889017580246,-0.3945028671285553,-0.37662240584351925,-0.5418573183704931,-0.44193676047138863
2016-06-23,-0.30242101897933216,-0.4515599744931609,-0.45439547767199606,-0.8005841655598002,0.41201707244747876,-0.7023187619634579,0.180834769964628,-0.722861028684471,-0.8360463588873059,-0.4355793628418372,-0.11168546956948278,-0.47445783132530117,-0.46403684894295494,-0.4740684314098904,-0.7754430752614265,-0.5292682926829269,-0.598086124401914,-0.6665213600697468,-0.6521360069747169,-0.5636695572797814,0.22562674094707535,-0.5916193679489874,-0.4333333903703691,-0.4075144741399954,-0.49901198023432836,-0.6720259707444616,-0.46354805821983236
2016-06-24,-0.28381891281878113,-0.2931034805975461,-0.3184757544693735,-0.2571975220633006,0.30628634134967436,0.26859481960310094,0.08655045595164657,-0.2872465380811079,-0.6269463558559925,-0.5883845503242178,0.28370373165302043,-0.4445783132530119,-0.4581315696232431,-0.4208722148162254,-0.6584024743482743,-0.7512195121951224,-0.6220095693779908,-0.6356800348735834,-0.6675021795989537,-0.6424007302601558,0.23597294070831687,-0.07588816480975402,-0.3653333474370368,-0.33641616569755195,0.21478151440081672,-0.4186720570975532,-0.30242101897933216
2016-06-27,-0.3210231251398836,-0.2868089274592176,-0.2956389940596367,-0.5725537525486823,0.2554469999944846,-0.1634672581316795,0.0298642690708264,-0.5971500989119685,-0.5961077935069266,-0.6396955173385956,-0.12560842168811082,-0.5043373493975905,-0.5169481516475727,-0.39395670665904925,-0.8018557612057537,-0.8951219512195123,-0.8313397129186606,-0.6455972101133391,-0.6305579773321708,-0.5924235508900049,0.424194190210903,-0.6011491836591689,-0.35155561440987526,-0.3220105658854644,-0.35778627290099674,-0.5670846813988021,-0.28381891281878113
2016-06-28,-0.30679809455891016,-0.3149973750003232,-0.31682496332542076,-0.6858181676355812,0.3057281406829375,-0.4639133608403,0.054496026327618186,-0.6792161226508409,-0.7649317449250761,-0.6171412461234844,-0.39003131720937256,-0.5354216867469879,-0.5131687728829573,-0.41433377769313795,-0.8094162698217879,-0.8695121951219513,-0.9126794258373205,-0.6438535309503051,-0.646469049694856,-0.5289821999087176,0.4600079586152006,-0.7115829304183309,-0.37200001395555526,-0.3433866019845693,-0.32968992800251173,-0.5908124646390296,-0.3210231251398836
2016-06-29,-0.2895636535417365,-0.2933772079858392,-0.2992159650031616,-0.7677898564070785,0.3540539875315085,-0.5567227558252058,0.10581822571167843,-0.6971748269040555,-0.7778451402992917,-0.583873696081195,-0.6172508772591783,-0.49951807228915657,-0.4699421282626668,-0.36691423855773486,-0.735382198438804,-0.80609756097561,-0.881578947368421,-0.5884917175239757,-0.6439625108979947,-0.4643998174349617,0.42618384401114184,-0.7178894261088922,-0.3475555700543209,-0.31782839857000966,-0.43713125141255615,-0.564470029460609,-0.30679809455891016
2016-06-30,-0.2364928568391078,-0.30131374231220986,-0.30471870303471604,-0.6862493580895881,0.3934406881831669,-0.4401805536588902,0.15525993478935662,-0.614799703264095,-0.8359857326179434,-0.5951508316887502,-0.9475908387729692,-0.46337349397590355,-0.4786819416558401,-0.3348568526629849,-0.8608670037802542,-0.8573170731707318,-0.8253588516746415,-0.5447907585004361,-0.588382737576286,-0.4088087631218622,0.3911659371269405,-0.4405437600728751,-0.3226667261629619,-0.2918055151457746,-0.5707500419919393,-0.6152433475601159,-0.2895636535417365
2016-07-01,-0.2074955381275405,-0.24931591073011505,-0.251341288440039,-0.7088034356562005,0.39958655746596294,-0.6883307350479001,0.19490693117811775,-0.7720388229475768,-0.8114927197954875,-0.5776712714970396,-0.10512017507451998,-0.49228915662650596,-0.4869493327034369,-0.2398273344759727,-0.9735873140556728,-0.8804878048780489,-0.8744019138755981,-0.4675239755884917,-0.5459895379250219,-0.37996348699224125,0.4114604058893754,-0.7052764347277696,-0.263111171930863,-0.22953650471418308,-0.2851010840515935,-0.6423712769132459,-0.2364928568391078
2016-07-05,-0.18670508566946964,-0.21729626497446075,-0.23125610340185077,-0.620279385412762,0.3784962386472057,-0.6725562773054058,0.1694631010077492,-0.7056132542037588,-0.6911091575979873,-0.6115026783197068,0.11013847488963502,-0.47421686746987946,-0.48505964332112894,-0.14498825620516742,-0.9952869556679267,-0.979268292682927,-0.9126794258373205,-0.43461203138622473,-0.4605492589363558,-0.3836147877681424,0.3851969757262239,-0.7014925373134329,-0.2368889502913567,-0.2021193451190333,-0.42091840548471904,-0.46668424415868803,-0.2074955381275405
2016-07-06,-0.20010929831610857,-0.174603385722079,-0.1858575860405547,-0.6560205237988963,0.39595509212195834,-0.7305561523183727,0.15557857304337963,-0.7385323936696342,-0.6661109258641771,-0.5985339723710164,0.009697015432215128,-0.5291566265060239,-0.5183654186843036,-0.05897289405192652,-0.7781923511218026,-0.9817073170731707,-0.9988038277511964,-0.40976460331299025,-0.43450305143853507,-0.372752167959836,0.44170314365300367,-0.5638707869105178,-0.1955555734320984,-0.15890292350979274,-0.10685739361529067,-0.6996977037570058,-0.18670508566946964
2016-07-07,-0.1787716156644561,-0.20279164169232677,-0.208969735105911,-0.6756776082147199,0.3941392347697388,-0.790801164778149,0.17552703378323464,-0.7738625123639962,-0.7966999100710339,-0.6188328164646171,0.1945062823076631,-0.5043373493975905,-0.5117515058462263,-0.12397638545039058,-0.6981687859001423,-0.9670731707317075,-0.9952153110047846,-0.4044245858761988,-0.4106364428945075,-0.36134185303514377,0.42499005173099835,-0.7764697638567725,-0.23822219470617356,-0.20351347960481458,-0.3545227737017017,-0.35615111516369946,-0.20010929831610857
2016-07-08,-0.21241984390070012,-0.19184448923644748,-0.20924473856408987,-0.6504410493312215,0.43771630550865925,-0.570852603044339,0.205404987304326,-0.7371105341246291,-0.8080572311982783,-0.6233436707076399,-0.148171905067351,-0.568433734939759,-0.5648990197236328,-0.1611756490827143,-0.610388335215278,-1.0,-0.9712918660287084,-0.3854620749782036,-0.4056233653007846,-0.3242811501597447,0.4405093513728602,-0.5886763366267256,-0.1968888622913587,-0.16029682185368488,-0.20781656865616138,-0.6245447704214753,-0.1787716156644561
2016-07-11,-0.27096152002514673,-0.2088124674423617,-0.20401697647661177,-0.7973188187548347,0.448191746674206,-0.8247702837226694,0.2421910395899416,-0.7759953016815035,-0.7448038234967211,-0.6216521003665072,-0.17835716711315708,-0.5713253012048192,-0.5696232431794024,-0.04811781882815991,-0.7287053856350336,-0.9121951219512197,-1.0,-0.3838273757628592,-0.3788142981691367,-0.2972615244180741,0.44289693593314716,-0.8388339990189896,-0.19422224012839484,-0.15750874179563357,-0.6319219644664651,-0.7112384258623499,-0.21241984390070012
2016-07-12,-0.23895481823341802,-0.2460319757212952,-0.26372274478764224,-0.45921349994474703,0.4698402661597001,-0.7084452307452109,0.26105484793483447,-0.7472799208704255,-0.7927592025624703,-0.6210882435861285,0.16971663585254482,-0.5843373493975903,-0.5434038029998818,-0.08753888148289235,-0.6580097206539348,-0.8182926829268296,-0.9294258373205742,-0.3983217088055797,-0.3843722755013075,-0.2836604290278415,0.4588141663350571,-0.7356877583911429,-0.247555572276543,-0.21327209040663875,-0.21056561163568077,-0.45821775216834837,-0.27096152002514673
2016-07-13,-0.26603743310029504,-0.24904237491267978,-0.24666391846635838,-0.8726774760407616,0.4694217366727993,-0.7671575739301457,0.2720033031106399,-0.7758716617210684,-0.8549617549284105,-0.6036086833944179,0.087725917820624,-0.5356626506024096,-0.5478918152828627,-0.05897289405192652,-0.754921694732191,-0.8597560975609757,-0.8301435406698565,-0.392109851787271,-0.3972319093286836,-0.19557279780921943,0.4600079586152006,-0.8297246163548455,-0.20444441767901322,-0.16819675984518612,-0.4542639626495991,-0.3900939846526522,-0.23895481823341802
2016-07-14,-0.27944205608751105,-0.27805140253882543,-0.2901362560280818,-0.769653292539972,0.4861820288927188,-0.7507165186776708,0.2910509696172374,-0.756923837784372,-0.8646417492699587,-0.5866929799830833,0.048485077161076084,-0.5701204819277108,-0.5693870320066137,-0.08671364184599772,-0.7208503117482448,-0.781707317073171,-0.8744019138755981,-0.3784873583260677,-0.3928727114210986,-0.1805111821086265,0.44011142061281294,-0.8059000770793918,-0.2115556175209865,-0.1756318761418787,-0.5498270635630447,-0.6259143500081479,-0.26603743310029504
2016-07-15,-0.273970711613039,-0.2829775376738115,-0.28188194262497923,-0.7315243557602928,0.48213178470137885,-0.6837011648412739,0.30213042786497635,-0.6436696340257172,-0.8238200612325322,-0.6340569495348181,-0.060823303022299435,-0.5604819277108433,-0.5566316286760362,-0.08112740430394227,-0.7872256860916097,-0.75609756097561,-0.8157894736842106,-0.39189189189189166,-0.379359197907585,-0.175855773619352,0.4269797055312381,-0.6818723284983533,-0.22666663940740817,-0.1914314215262365,-0.5981718776244963,-0.5858120343566728,-0.27944205608751105
2016-07-18,-0.26932023978497854,-0.274493740141712,-0.2736278493346984,-0.8485828134852107,0.4902322877523191,-0.8875078827049298,0.3056524317201914,-0.7925012363996045,-0.8360261501308518,-0.6126303918804625,-0.17375391465117163,-0.5455421686746986,-0.5604110074406519,-0.11527962927696311,-0.7801561195934998,-0.7268292682926831,-0.7500000000000002,-0.38905841325196144,-0.39537925021795983,-0.19821999087174813,0.4639872662156783,-0.843318618176722,-0.22177779507160467,-0.18631979973467572,-0.5968940914923013,-0.6556441143782052,-0.273970711613039
2016-07-19,-0.31910822980292375,-0.278598884682677,-0.2684000872472203,-0.9204984474976871,0.48715946312287706,-0.9059411555156419,0.3066710171859097,-0.7606639465875371,-0.8749482150615863,-0.6419509444601061,-0.23465268082858548,-0.5660240963855421,-0.5703318766977676,-0.10531327366215981,-0.8224753301585742,-0.75609756097561,-0.7523923444976075,-0.3965780296425456,-0.39003923278116837,-0.14664536741214107,0.46199761241544035,-0.6619718309859155,-0.23555557254320947,-0.2007253523183854,-0.650215499994284,-0.6933038910341973,-0.26932023978497854
2016-07-20,-0.2668580868983983,-0.31226048425910813,-0.30994643760809204,-0.7773388831950563,0.4997298546398814,-0.8898914738012238,0.31837340351676335,-0.7378214638971317,-0.7537967201188276,-0.645897941922752,0.07451986567558389,-0.5843373493975903,-0.5833234912011336,-0.1541293721830761,-0.7300800235652216,-0.729268292682927,-0.7691387559808611,-0.4158674803836093,-0.39744986922406245,-0.08101323596531307,0.5025865499403102,-0.6897204120243852,-0.3102222375506172,-0.27879414427622384,0.10521992783542311,-0.53279026206942,-0.31910822980292375
2016-07-21,-0.2928464602264196,-0.27805140253882543,-0.30196734777599055,-0.8288758929867632,0.4882767592202635,-0.8494167166579729,0.30175364978539365,-0.757696587537092,-0.8372993017874646,-0.6402593741189735,-0.14741727351620582,-0.558313253012048,-0.5627731191685366,-0.17653780232336702,-0.7122097304727772,-0.7585365853658539,-0.7440191387559809,-0.3728204010462073,-0.4168482999128158,-0.010725696029210141,0.5065658575407888,-0.6538434587625255,-0.27111108286419827,-0.23790098103022594,-0.2896080723017652,-0.6464598747969891,-0.2668580868983983
2016-07-22,-0.3169196920131352,-0.30131374231220986,-0.29068645554315964,-0.8653472383226475,0.5018254797313384,-0.870415379885883,0.3059907012019689,-0.754883778437191,-0.8164438651267595,-0.6678883563574853,-0.12474059540429394,-0.5836144578313254,-0.5894649816936339,-0.14022725830000615,-0.8102017772104668,-0.7463414634146346,-0.7811004784688995,-0.41695727986050546,-0.37434612031386205,-0.017708808763122086,0.4862713887783521,-0.7348468922990681,-0.2751110827753094,-0.24208314834568068,-0.7738371310755302,-0.607086292668904,-0.2928464602264196
2016-07-25,-0.30242101897933216,-0.30979753984430936,-0.31544917563964603,-0.7478337554955116,0.4935844254049111,-0.8995133711927613,0.29845778777710485,-0.7885756676557865,-0.792011478573666,-0.657738934310685,-0.3310568614873789,-0.5930120481927712,-0.6036376520609423,-0.1636513679933982,-0.8059796749963178,-0.7353658536585368,-0.7547846889952154,-0.4158674803836093,-0.4212074978204008,-0.010497489730716847,0.5308396339037005,-0.8428981851306846,-0.32177779284938257,-0.29087615512642384,-0.25401121954265293,-0.5733393389764405,-0.3169196920131352
2016-07-26,-0.24688828823843112,-0.3117132484206451,-0.2978401773173873,-0.8675746945373154,0.4949810638619696,-0.8397241195305285,0.28581647554403933,-0.762116716122651,-0.8796568553154083,-0.661685931773329,-0.13666377391238738,-0.6195180722891565,-0.6258415023030588,-0.1326731416238176,-0.8722568609160979,-0.75,-0.7583732057416268,-0.3959241499564077,-0.4165213600697468,0.0002282062984937383,0.5192996418623164,-0.8531287225842618,-0.2875555713876541,-0.25509466090036503,-0.38979864095616756,-0.5828440015892982,-0.30242101897933216
2016-07-27,-0.2570098856926566,-0.25752617244477927,-0.28986105997118283,-0.6681176911592956,0.4917690227687781,-0.7943167933124783,0.2942671720620198,-0.6817507418397627,-0.8248911253246032,-0.6216521003665072,-0.3093234728143984,-0.6301204819277109,-0.6310381481044052,-0.14124293785310726,-0.7659187981736952,-0.8231707317073174,-0.7643540669856459,-0.3044899738448126,-0.39559721011333915,0.07416704701049737,0.5081575805809786,-0.7463387288907575,-0.22977783933827034,-0.1946843705074741,-0.11488115181910852,-0.49318597535855335,-0.24688828823843112
2016-07-28,-0.22090013375871775,-0.25533673648015,-0.2576696146422903,-0.8318530572269904,0.4952606115772942,-0.8609542402271817,0.2822597381784351,-0.7609421364985165,-0.8688047530995181,-0.6115026783197068,-0.6280798400181112,-0.6477108433734939,-0.6541868430376756,-0.07941344505808434,-0.7079876282586282,-0.8170731707317076,-0.834928229665072,-0.3063426329555359,-0.301765475152572,0.03637608397991743,0.4659769200159172,-0.679489874570808,-0.2320000170666665,-0.1970079122409838,-0.5401069189524793,-0.49949373161000665,-0.2570098856926566
2016-07-29,-0.21433454774538996,-0.22222215380405919,-0.2392352207480548,-0.7355090755840031,0.5001488388428688,-0.8000022304083352,0.2827040947686035,-0.6811943620178043,-0.6791051562642094,-0.556244713842684,-0.9621929592876279,-0.6674698795180722,-0.66741466871383,-0.08925284072875028,-0.7496195198586086,-0.8878048780487806,-0.8385167464114835,-0.2727768090671314,-0.3048169136878811,0.09949794614331342,0.4623955431754876,-0.5001051082615093,-0.19466668456296277,-0.15797337457693073,-0.38744797176734636,-0.5519131085977738,-0.22090013375871775
2016-08-01,-0.18561062528230599,-0.2241380813185172,-0.22052560328281734,-0.8784801294871435,0.49763534433625,-0.8261274661530273,0.2797332884696506,-0.7679896142433236,-0.7970030414178464,-0.5630109952072164,-0.15764253103422265,-0.6609638554216868,-0.6615093893941183,-0.05021265790643037,-0.8235554028180077,-0.8024390243902442,-0.8839712918660287,-0.25250653879686125,-0.2759372275501306,0.1313555454130535,0.37445284520493427,-0.8421974633872888,-0.17955557378765397,-0.14217382919257338,-0.30010649683455537,-0.32376641710289966,-0.21433454774538996
2016-08-02,-0.20257164269495798,-0.19102349864242596,-0.18255603126675135,-0.866716647201704,0.47822075697378974,-0.7462363437463242,0.25886477919763484,-0.7487945103857567,-0.7502601877393476,-0.5263603044826608,-0.05278647700260353,-0.692289156626506,-0.6851305066729656,-0.05319621659366458,-0.7802543080170847,-0.7609756097560978,-0.8157894736842106,-0.23659546643417606,-0.25250653879686125,0.10862619808306695,0.3911659371269405,-0.7002312381753206,-0.16222224083950598,-0.124050789303084,-0.4356406474937189,-0.4642746629607454,-0.18561062528230599
2016-08-03,-0.19655328687521179,-0.20717007574533763,-0.20099042516098686,-0.9239653054193491,0.48701979194304057,-0.90742290414736,0.2657154919943028,-0.7831973293768547,-0.7698828902563482,-0.5703411333521284,0.1656038938988038,-0.7014457831325301,-0.6782803826620999,-0.04760997905160913,-0.7738720604840689,-0.7719512195121954,-0.7691387559808611,-0.24117262423713992,-0.23931996512641662,0.10716567777270614,0.34142459212097087,-0.8238385537103217,-0.1791110849086428,-0.14170914918289812,-0.5974472418551029,-0.351928855101043,-0.20257164269495798
2016-08-04,-0.26001907728054885,-0.19841276976306865,-0.1858575860405547,-0.9287755707856551,0.4902322877523191,-0.9474755670339756,0.27382225543289707,-0.8266258654797232,-0.8116543898471209,-0.5810544121793058,-0.0004905105082444461,-0.666024096385542,-0.6572575882839258,-0.09033200025392008,-0.7869311208208551,-0.8243902439024395,-0.7870813397129188,-0.2555579773321708,-0.24171752397558866,0.06937471474212664,0.37445284520493427,-0.8082825310069371,-0.1662222407506171,-0.12823295661853873,-0.6666860137381797,-0.46664213141738664,-0.19655328687521179
2016-08-05,-0.2630282688684411,-0.24575802939487845,-0.2527170761258133,-0.6814065909302665,0.5149538665594275,-0.8320999105101259,0.2888280558798413,-0.7403251730959447,-0.7638404720765508,-0.6064279672963062,-0.14971889974719854,-0.6493975903614457,-0.6565489547655603,-0.14124293785310726,-0.7052383523982522,-0.7170731707317075,-0.8385167464114835,-0.2794245858761988,-0.2538142981691367,0.033546325878594185,0.3915638678869877,-0.663513418821386,-0.2106666842074072,-0.17470251612252818,-0.28692938230956555,-0.4541108443970828,-0.26001907728054885
2016-08-08,-0.24880321093142932,-0.26902036916826333,-0.2560188234983367,-0.8857626979088347,0.5131382292311213,-0.9667058952006873,0.3080086159015334,-0.8040306627101881,-0.9153859367263837,-0.6019171130532843,-0.20767460287514627,-0.645301204819277,-0.6256052911302703,-0.15882689011616824,-0.8427021454170552,-0.7146341463414636,-0.7260765550239237,-0.2699433304272012,-0.2841107236268523,0.004335919671382804,0.43016315161161955,-0.9121294933781795,-0.19866668447407387,-0.16215573080589718,-0.6570124779817136,-0.4899634351546178,-0.2630282688684411
2016-08-09,-0.23238961520462809,-0.256978717668193,-0.2428119715787571,-0.8700188293720871,0.5149538665594275,-0.9189616902118529,0.30911440917262256,-0.8402571711177054,-0.9221356613820769,-0.5872568367634612,-0.22763460740293562,-0.625301204819277,-0.6225345458840201,-0.15666857106582865,-0.8445677254651676,-0.7670731707317073,-0.7320574162679425,-0.25708369659982555,-0.2701612903225805,0.032405294386124606,0.4397134898527657,-0.8326676476771074,-0.18711112917530826,-0.150073625498941,-0.6674379112901596,-0.5476121160187712,-0.24880321093142932
2016-08-10,-0.25673648944417327,-0.22796947110392374,-0.2318064955156487,-0.8982780550060345,0.5074115788434863,-0.8908105703680153,0.3015814957477585,-0.8319423837784373,-0.8338840219467096,-0.5545531435015505,0.03135494095008107,-0.6281927710843371,-0.6265501358214243,-0.11134387100869692,-0.7301782119888065,-0.8109756097560978,-0.785885167464115,-0.21163905841325148,-0.25828247602441134,0.18096759470561397,0.42101074413052153,-0.7718450003503609,-0.16311117415308507,-0.12498014932243429,-0.5469425910829349,-0.4507637969579952,-0.23238961520462809
2016-08-11,-0.2641225104072973,-0.22824300692135946,-0.2502406968111637,-0.8230104027405513,0.5215185000212981,-0.8444391185847091,0.3113044779098222,-0.8050816023738874,-0.8511827174714806,-0.5771074147166617,0.22254084443270572,-0.6578313253012047,-0.6147395771820006,-0.1207389068748812,-0.7429427070548382,-0.7524390243902441,-0.8337320574162681,-0.27299476896251074,-0.21218395815169977,0.0175718849840254,0.3776362912853166,-0.874430663583491,-0.17466664056296377,-0.13706216017263473,-0.6537709640909559,-0.4435332223754149,-0.25673648944417327
2016-08-12,-0.23485157659893918,-0.2263274899158807,-0.2579448106991893,-0.698942391655273,0.51886511431093,-0.876618440048202,0.3145478636901604,-0.8356515825914936,-0.8366930390938394,-0.5635748519875943,-0.06999207636871307,-0.6101204819277106,-0.5930081492854611,-0.1491144543896401,-0.7079876282586282,-0.8146341463414637,-0.7691387559808611,-0.3274847428073233,-0.2740845684394069,0.016659059790050446,0.40708316752885043,-0.7347067479503889,-0.17422228501728276,-0.13659752739133735,-0.6536012375090471,-0.43431602499665833,-0.2641225104072973
2016-08-16,-0.23403092280083548,-0.23234834303318186,-0.2359334458614284,-0.8445005882824537,0.5118812619538988,-0.9107053918859007,0.3174069192831128,-0.8171364985163205,-0.8421494033364658,-0.49760360868339415,0.2086933554691921,-0.5590361445783132,-0.5474193929372857,-0.1472100552275757,-0.7581619127104914,-0.7353658536585368,-0.7751196172248804,-0.33227986050566694,-0.3502615518744552,0.08078502966681889,0.3840031834460804,-0.5931609557844579,-0.1848889514469123,-0.1477502726789428,-0.730665899819105,-0.3928679326122899,-0.23485157659893918
2016-08-17,-0.21734371197724345,-0.2337163778948086,-0.2507910889249616,-0.7717680758721857,0.5176076923176214,-0.8184561239753535,0.3015622414488561,-0.8065343719090011,-0.6880172178604991,-0.4919650408796157,0.38052295966494354,-0.5402409638554215,-0.5419865359631508,-0.1682854059544212,-0.7823162649123667,-0.7670731707317073,-0.7583732057416268,-0.3260680034873582,-0.33271578029642557,0.019169329073482455,0.3163549542379629,-0.6799103076168453,-0.20444441767901322,-0.16819675984518612,-0.35108866850815623,-0.4073547156199818,-0.23403092280083548
2016-08-18,-0.24852959583463852,-0.22879046169794526,-0.21997521116901986,-0.8266787717789099,0.5244516534709032,-0.9116493175266118,0.31405102893907255,-0.8073380316518299,-0.788818495053907,-0.4547504933746822,-0.029128777874203093,-0.5274698795180721,-0.5079721270816109,-0.16054084936202617,-0.8180568510972556,-0.7853658536585368,-0.7930622009569379,-0.3212728857890146,-0.3268308631211858,0.1200365130077592,0.3036211699164344,-0.6884591128862729,-0.18755557360987618,-0.15053835273699412,-0.5121442447299018,0.05956206411024034,-0.21734371197724345
2016-08-19,-0.253727297856281,-0.2424740943860586,-0.23978539274902966,-0.8015548857778655,0.5199819703604907,-0.8171570163280619,0.30592312269138366,-0.7380069238377844,-0.8502531146745886,-0.47053848322526015,-0.09134814926612089,-0.4879518072289155,-0.49427187905987924,-0.20497682981019505,-0.7550198831557758,-0.729268292682927,-0.7846889952153111,-0.3488448125544896,-0.3213818657367047,0.10429027841168415,0.27019498607242376,-0.66449442926214,-0.22266672838518398,-0.18724925421078153,-0.49844563868640435,-0.45158407991899696,-0.24852959583463852
2016-08-22,-0.25427433655759346,-0.26299954341822795,-0.25106628498186057,-0.8456034824587824,0.5198425338728279,-0.8763857200841747,0.3012103812657849,-0.7989614243323443,-0.8624996210858166,-0.4744854806879051,-0.02331811493038538,-0.4925301204819277,-0.5089169717727648,-0.2515076493366344,-0.7808434385585938,-0.7731707317073173,-0.7236842105263159,-0.37369224062772455,-0.36312118570183083,0.011547238703788487,0.3012335853561474,-0.8064606544741083,-0.24488895011357892,-0.2104839158918319,-0.6199259007161055,-0.5625950969783191,-0.253727297856281
2016-08-23,-0.2931200753232108,-0.2547892817035642,-0.24666391846635838,-0.83669149081391,0.5259877284156245,-0.9099243281368325,0.3164151402241,-0.797292284866469,-0.8601149878242244,-0.4818156188328162,0.14198392634796053,-0.5166265060240964,-0.5105704499822841,-0.24941281025836348,-0.8161912710491432,-0.7707317073170734,-0.778708133971292,-0.36769834350479513,-0.3747820401046207,0.060018256503879375,0.29924393155590945,-0.7823558265012963,-0.2644444607901233,-0.23093040305807522,-0.5369216874515774,-0.14420684313736254,-0.25427433655759346
2016-08-24,-0.29612904806279516,-0.2889983634238469,-0.28270733819695515,-0.7391601103327534,0.5103447322930914,-0.8327871287764126,0.2976170218795997,-0.8026088031651831,-0.7153596653429932,-0.5060614603890601,0.01648869939252151,-0.5115662650602408,-0.5242706980040155,-0.29562622992445897,-0.7677843782218076,-0.75,-0.7727272727272727,-0.42371403661726204,-0.36857018308631195,-0.008671839342766052,0.2996418623159567,-0.8067409431714666,-0.35555561432098637,-0.3261929693428083,0.4369993395613314,-0.47323552191418883,-0.2931200753232108
2016-08-25,-0.30105313498764685,-0.30706084067395256,-0.29206224322893437,-0.9041262109626382,0.5082497819416338,-0.843325176912412,0.2943679744346208,-0.8266876854599408,-0.7316883405579638,-0.4947843247815049,-0.22420103384522516,-0.5308433734939757,-0.5306483996693043,-0.30838570431029,-0.8383818547793214,-0.7317073170731709,-0.7631578947368423,-0.43951612903225756,-0.42502179598953793,-0.003423094477407851,0.3163549542379629,-0.8925092845631,-0.3404445035456778,-0.3103932822733171,-0.43775739299970196,-0.5844424547700002,-0.29612904806279516
2016-08-26,-0.29421412536979696,-0.25779968089494876,-0.29591419011653564,-0.6432148173507573,0.5025231315539989,-0.6190997019879881,0.2757880689003942,-0.7826409495548963,-0.6550163185708369,-0.5427121511136175,-0.2525374485907257,-0.5171084337349396,-0.5070272823904569,-0.29975242810893166,-0.7380332858755951,-0.6707317073170735,-0.7547846889952154,-0.4416957279860503,-0.43940714908456835,0.02692834322227311,0.30959013131715096,-0.4233060051853409,-0.34622223675061714,-0.3164342168558505,-0.08270609248076077,-0.5376497062178547,-0.30105313498764685
2016-08-29,-0.32895640365262757,-0.3024082687236671,-0.2928876388009103,-0.9191095375428212,0.5174680358060457,-0.8459288630198929,0.2921371316605721,-0.8266876854599408,-0.8799397779057667,-0.5477868621370172,-0.7956835075274498,-0.5207228915662652,-0.5349002007794967,-0.30597346537167525,-0.837989101084982,-0.75,-0.688995215311005,-0.42611159546643407,-0.4455100261551874,0.052031036056595426,0.37922801432550735,-0.7522247915352813,-0.3435555701432098,-0.31364618402617706,-0.6126118282718758,-0.565812144215998,-0.29421412536979696
2016-08-30,-0.335795413270477,-0.3169130835766589,-0.3217775293559999,-0.8185229885181999,0.5124399173367227,-0.890080848093832,0.2899334722220792,-0.8129636498516322,-0.8410581304879405,-0.5737242740343946,-0.5736331736029885,-0.5265060240963855,-0.5299397661509389,-0.28331111534310915,-0.8518336688104471,-0.7414634146341466,-0.7523923444976075,-0.4751525719267655,-0.4262205754141237,-0.03696942035600159,0.37684042976522036,-0.7104617756288978,-0.4031111243753085,-0.37591519445776855,-0.1261086091829997,-0.515580798787153,-0.32895640365262757
2016-08-31,-0.3218437789379869,-0.3399014770236275,-0.3283808590164301,-0.743831701382193,0.5037803188551337,-0.7758039832988707,0.2754441377539756,-0.7223046488625124,-0.67116311497772,-0.5652664223287287,-0.9657019960004529,-0.5438554216867468,-0.5552143616393055,-0.2828032755665588,-0.8550738867887475,-0.7317073170731709,-0.7559808612440191,-0.4857236268526588,-0.4754795117698345,-0.08329529895025134,0.4142459212097087,-0.6689790484198725,-0.42133334619259255,-0.39496759436660844,-0.3652111513002553,-0.4601347973919395,-0.335795413270477
2016-09-01,-0.28682807705063507,-0.32895454350587183,-0.33085701821825664,-0.7535042349836301,0.5039202100588831,-0.7228856518042215,0.26808337836674623,-0.7948503956478735,-0.5076944840199259,-0.5427121511136175,0.050899898124740606,-0.5773493975903614,-0.5866304476201722,-0.28864343299688944,-0.9777112278462369,-0.7439024390243905,-0.7440191387559809,-0.4938971229293809,-0.48605056669572777,-0.12072113190324041,0.41623557500994846,-0.7321841496741643,-0.3800000137777775,-0.3517511727573681,0.11708935620860705,0.0623396740473825,-0.3218437789379869
2016-09-02,-0.22828596322957173,-0.299945296941603,-0.3025175197769654,-0.7872865986440253,0.5176076923176214,-0.8009512060301824,0.29584450525883277,-0.7961795252225521,-0.6237937898491417,-0.5663941358894844,0.010527110138474738,-0.6074698795180722,-0.5948978386677688,-0.25893480606868513,-0.997839854681133,-0.6963414634146343,-0.7547846889952154,-0.46294681778552693,-0.4942240627724499,-0.06732085805568255,0.38718662952646277,-0.511737089201878,-0.33866668136296263,-0.30853446777786053,-0.11604989082095796,-0.3382184113242992,-0.28682807705063507
2016-09-06,-0.24032270222510332,-0.23125340611274403,-0.2560188234983367,-0.7050202269491868,0.5268261662059461,-0.8960246758911585,0.29801343118693646,-0.7672477744807122,-0.6087786838036922,-0.5100084578517059,-0.23201147039957748,-0.594698795180723,-0.5526160387386323,-0.12937218307623954,-0.7906622809170798,-0.7829268292682929,-0.70933014354067,-0.38491717523975577,-0.44736268526591116,0.057736193518941104,0.39713489852765615,-0.6265153107700931,-0.27955557156543187,-0.24673009012756641,-0.08045479688652868,-0.40304273710846583,-0.22828596322957173
2016-09-07,-0.25892502723396227,-0.23727423186277896,-0.23263189108762505,-0.8405635377551662,0.5265461637745354,-0.8124777879735962,0.302739388317947,-0.8171364985163205,-0.7175624197964979,-0.5195940231181284,-0.19741161377957217,-0.5778313253012048,-0.5613558521318056,-0.09293467910874131,-0.8418184496047915,-0.7829268292682929,-0.7906698564593304,-0.4061682650392324,-0.3850261551874459,-4.440892098500626e-16,0.3211301233585351,-0.770023123817532,-0.28666668251851823,-0.25416520642425855,-0.3678098147693787,-0.3660805671670758,-0.24032270222510332
2016-09-08,-0.2819039901257834,-0.24657901998889997,-0.2524418525548118,-0.8092166417847385,0.5195629861575033,-0.8273891197735588,0.2973115973980187,-0.7816209198813058,-0.7859286428809604,-0.5071891739498158,0.19126136663773896,-0.5472289156626504,-0.524034486831227,-0.1126134704500732,-0.8141293141538611,-0.703658536585366,-0.7906698564593304,-0.41532258064516103,-0.40693112467306003,-0.0011410314924695797,0.33465976920015894,-0.5368229276154439,-0.3142222374617283,-0.2829763115916786,-0.38441487860152346,-0.03930034257799542,-0.25892502723396227
2016-09-09,-0.28628106570536094,-0.27422001275341934,-0.2717018621338467,-0.762000203677903,0.4465155605018234,-0.2021278095517447,0.22748500002696925,-0.6530044510385757,-0.727585962997767,-0.5229771638003946,-0.05433347168245117,-0.5171084337349396,-0.5330105113971888,-0.143083857043103,-0.8339633757180027,-0.6134146341463418,-0.7177033492822966,-0.46643417611159554,-0.41564952048823,-0.03811045184847073,0.33346597692001545,-0.5696167052063625,-0.3804444582123454,-0.35221580553866527,0.2537931252819614,-0.49011174524354895,-0.2819039901257834
2016-09-12,-0.30926002859718205,-0.2903668087944542,-0.2917870471720354,-0.7911499784404774,0.4892546334982475,-0.42718106055074667,0.20997049258880196,-0.706818743818002,-0.6270473996382633,-0.5224133070200168,-0.06712447647436148,-0.5602409638554215,-0.5533246722569976,-0.20942042785501158,-0.731847415189749,-0.6243902439024391,-0.6387559808612442,-0.47678727114210995,-0.4613121185701834,-0.14148790506618036,0.36052526860326317,-0.5655525190946675,-0.3524444143901242,-0.3229400203615702,-0.12711289807698922,-0.5276818034506814,-0.28628106570536094
2016-09-13,-0.29749693205448047,-0.29912433371484637,-0.30389330746273924,-0.8404205298658977,0.4458172339391635,-0.3652434627468152,0.21639195107793618,-0.7081478733926806,-0.6863803085877112,-0.5303073019453048,0.01309285741236832,-0.548433734939759,-0.5623006968229596,-0.19228083539643226,-0.8718641072217584,-0.5475609756097564,-0.647129186602871,-0.5208151700087185,-0.4776591107236272,-0.14422638064810567,0.3430163151611616,-0.6399691682432906,-0.39600005786666537,-0.36848012538945385,-0.1569566352980286,-0.3168306317094294,-0.30926002859718205
2016-09-14,-0.3196552411481983,-0.30076628753562407,-0.2901362560280818,-0.9064143371909351,0.4446994831256914,-0.5699499189162404,0.20946233450843366,-0.7065096439169141,-0.635009649681207,-0.5133915985339721,0.21284382900049037,-0.5739759036144576,-0.5811975906460374,-0.18859899701644123,-0.8221807648878197,-0.5853658536585367,-0.5705741626794261,-0.5213600697471668,-0.5215780296425456,-0.14331355545413071,0.37922801432550735,-0.5833508513769182,-0.39822223559506154,-0.37080347820945203,-0.525916721410085,-0.03198371152405999,-0.29749693205448047
2016-09-15,-0.3281357498545243,-0.3128079664029597,-0.32095191367120046,-0.7553958393371368,0.4744494004260362,-0.5689298227267247,0.21396214785954815,-0.7182863501483681,-0.7507451978942477,-0.5167747392162383,0.166660378070407,-0.6040963855421686,-0.6031652297153656,-0.19672443344124924,-0.7787814816633118,-0.5853658536585367,-0.6052631578947372,-0.5326939843068872,-0.5225588491717525,-0.14240073026015532,0.362514922403502,-0.7822156821526172,-0.39066668020740725,-0.36290363467470654,-0.518361689984285,-0.32485402442172795,-0.3196552411481983
2016-09-16,-0.3210231251398836,-0.3360700872382214,-0.3275554634444533,-0.6209532559212851,0.4628273266413987,-0.4813610456659273,0.22453948855337957,-0.1651211671612266,-0.5473642729394648,-0.5669579926698622,-0.18952571407010532,-0.6026506024096385,-0.615920633045943,-0.21126134704500732,-0.8299376503510235,-0.5902439024390245,-0.6136363636363638,-0.5693112467306012,-0.5330209241499562,-0.0707439525330904,0.3561480302427382,-0.7927265083035526,-0.4004445022123446,-0.37312711439971724,-0.3532282787350183,-0.30400821747751994,-0.3281357498545243
2016-09-19,-0.31774034581123844,-0.3259441169472215,-0.31159722875204476,-0.9253780500224263,0.4633893410559575,-0.8023201717498585,0.2289543576051991,-0.7846191889218597,-0.7936685966029081,-0.556244713842684,-0.2514432328415652,-0.6154216867469879,-0.606472186134404,-0.17514124293785294,-0.830330404045363,-0.5743902439024393,-0.6088516746411483,-0.5562336530078462,-0.5622275501307761,-0.006846188954815702,0.41742936729009195,-0.9921519164739682,-0.39466668011851835,-0.36708603813205043,-0.5031592888368278,-0.18235366280144938,-0.3210231251398836
2016-09-20,-0.26767893218877115,-0.32676532647936574,-0.31379841200979586,-0.9096363482718798,0.4635292175914456,-0.8414714130036594,0.2358647198757997,-0.8020524233432247,-0.8570634655996444,-0.5669579926698622,0.08395276006489816,-0.6195180722891565,-0.6116688319357504,-0.1604773693899575,-0.8538956257057292,-0.5914634146341466,-0.5909090909090908,-0.5337837837837833,-0.5569965126416738,-0.019397535371976637,0.39713489852765615,-0.7770303412514891,-0.39600005786666537,-0.36848012538945385,-0.7207575609674592,-0.19995312668794263,-0.31774034581123844
2016-09-21,-0.2594720385792364,-0.27668317610634086,-0.29206224322893437,-0.7368481494562451,0.4972197191649981,-0.6705333390285898,0.2344670928244228,-0.7351632047477745,-0.6387684783816829,-0.5477868621370172,-0.10364864354978687,-0.5860240963855421,-0.5734026219440178,-0.15800165047927361,-0.7231086454906965,-0.6378048780487808,-0.6136363636363638,-0.4894289450741063,-0.5338927637314734,-0.01734367868553166,0.4106645443692791,-0.5899376357648378,-0.3142222374617283,-0.2829763115916786,0.3173227522440403,-0.21118258070540663,-0.26767893218877115
2016-09-22,-0.2572835007894474,-0.25533673648015,-0.24969049729608583,-0.7034449733810315,0.5163102113039248,-0.8119567982530431,0.2774156148190823,-0.8002596439169141,-0.6657269594915478,-0.5376374400902169,0.05199411387390107,-0.5592771084337349,-0.5528522499114208,-0.08309528343807537,-0.7567872747803033,-0.6829268292682928,-0.6614832535885169,-0.4807105492589363,-0.4901918047079339,0.057736193518941104,0.37166732988460005,-0.6608506761964823,-0.32133334841481465,-0.29041142788837115,-0.3749708694661881,-0.04001442819136758,-0.2594720385792364
2016-09-23,-0.26001907728054885,-0.26464149723900565,-0.25161648449693796,-0.8656440880321898,0.4996060838548093,-0.8247829086755099,0.2602276727386226,-0.7565529179030663,-0.7965786575323088,-0.5269241612630386,0.11436441157604782,-0.5469879518072289,-0.5509625605291129,-0.1074715927124994,-0.7797633658991604,-0.6804878048780489,-0.6925837320574162,-0.48321708805579755,-0.4814734088927639,0.08375171154723837,0.36012733784321505,-0.7742274542779062,-0.3533333477037035,-0.3238693803809207,-0.41497797511790735,-0.07674772453872802,-0.2572835007894474
2016-09-26,-0.28546019305894976,-0.2597156084094081,-0.2518916805538365,-0.9059376442267066,0.47504072202577774,-0.7566233132799984,0.22707348843699737,-0.7307739861523246,-0.8705831236674852,-0.5111361714124607,-0.25808399049164255,-0.5826506024096385,-0.5597023739222864,-0.13134006221037264,-0.8139329373066915,-0.7243902439024392,-0.6997607655502394,-0.5107890148212726,-0.47689625108979916,0.03696942035600159,0.36649423000397974,-0.8504659799593581,-0.3639999696888898,-0.3350220312117709,-0.7338713578038613,-0.2356903651540868,-0.26001907728054885
2016-09-27,-0.2964026631595864,-0.29091404463291726,-0.2816069666809029,-0.8977471923867801,0.49371044043389434,-0.8043140726351412,0.22105032969836103,-0.7659495548961426,-0.7821698141804845,-0.533126585847195,-0.1334565898200205,-0.5592771084337349,-0.5660800755875752,-0.1918364755919506,-0.7475575629633265,-0.7536585365853661,-0.7332535885167466,-0.5386878814298166,-0.5110069747166524,0.059790050205385636,0.35535216872264197,-0.8070212318688249,-0.38622219141728475,-0.3582567401211989,-0.48577946273182426,-0.0023198627490830237,-0.28546019305894976
2016-09-28,-0.3005060962863344,-0.30459767732103016,-0.29839037683246517,-0.8861115504872019,0.5087303288354184,-0.7667918711295314,0.24563376081050192,-0.7241592482690407,-0.7226146089100408,-0.5325627290668171,-0.3315851035731805,-0.5749397590361447,-0.5308846108420928,-0.19964451215641477,-0.8340615641415876,-0.7390243902439029,-0.7703349282296652,-0.519180470793374,-0.5392327811682653,0.12072113190324041,0.36649423000397974,-0.7937075187443067,-0.35822223648395046,-0.3289810494008596,-0.3670939731234002,0.6992765763439917,-0.2964026631595864
2016-09-29,-0.3122692201850743,-0.30623987744719594,-0.3036181114058407,-0.8711455581966272,0.48121680792593,-0.5956833602911146,0.22868178005678308,-0.7296303165182988,-0.8954196853496621,-0.5286157316041713,-0.6101950722559711,-0.5209638554216867,-0.5103342388094956,-0.1795848409826699,-0.800284746428396,-0.75609756097561,-0.736842105263158,-0.5371621621621623,-0.5207061900610288,0.14331355545413071,0.36052526860326317,-0.7667998037979118,-0.3679999696000009,-0.33920424575560326,-0.6590729410978409,0.1392558495513163,-0.3005060962863344
2016-09-30,-0.3210231251398836,-0.30049256014733094,-0.3118724248089437,-0.7897632352718126,0.5039573647636222,-0.6414180936194961,0.24610945275249385,-0.607257665677547,-0.8843250780563219,-0.5184663095573718,-0.9418179074067088,-0.5077108433734938,-0.5110428723278608,-0.17539516282612855,-0.6965977711227845,-0.7073170731707319,-0.7763157894736841,-0.5361813426329554,-0.5371621621621623,0.15244180739388424,0.37286112216474354,-0.5428491346086469,-0.3795555693432098,-0.35128635106255923,-0.6434123661204638,-0.220251467995232,-0.3122692201850743
2016-10-03,-0.44002186513442965,-0.33032298887647915,-0.3212271097280994,-0.8365701507866519,0.496658144798265,-0.7831996806728594,0.25035216776667824,-0.8142000494559842,-0.7984984893954552,-0.5353820129687055,0.029091046296645606,-0.5009638554216866,-0.49403566788709097,-0.22719482003427904,-0.7722028572831262,-0.6719512195121955,-0.7200956937799043,-0.5845684394071489,-0.5379250217959894,0.10976722957553608,0.3700756068444093,-0.7824959708499755,-0.4004445022123446,-0.37312711439971724,-0.5093178134643307,-0.32917332688825285,-0.3210231251398836
2016-10-04,-0.44521956715607214,-0.39272032656700917,-0.4323841128342356,-0.5044321611742248,0.48121680792593,-0.6298654201068786,0.23344058218798924,-0.7796117705242336,-0.6911091575979873,-0.5393290104313495,-0.027468588461683652,-0.48626506024096394,-0.4883665997401676,-0.3687551577477306,-0.6099955815209386,-0.5951219512195123,-0.6854066985645935,-0.6275065387968612,-0.5846774193548385,0.06686444545869463,0.38838042180660626,-0.41027258075818096,-0.5142222330172839,-0.49208888069004253,0.9999999999999996,0.04931035808647044,-0.44002186513442965
2016-10-05,-0.4758581934638464,-0.4362343879842707,-0.4450405726400173,-0.7136267017397127,0.4945524572798634,-0.8282122666987621,0.2506904372484562,-0.7904920870425323,-0.8097345579839745,-0.5387651536509717,0.09636644908123593,-0.4715662650602408,-0.471595606472186,-0.397321145178696,-0.6962050174284451,-0.575609756097561,-0.6184210526315792,-0.6390584132519614,-0.6277244986922406,-0.05522592423550865,0.42140867489056877,-0.668418471025156,-0.5062222331950617,-0.48372440437399944,-0.09720320493033752,-0.16565138340355168,-0.44521956715607214
2016-10-06,-0.4736698745223653,-0.4802954936691375,-0.47695704202483435,-0.6442982104512767,0.496658144798265,-0.8698266362517524,0.24246965766481887,-0.7828573194856578,-0.7770367900411249,-0.5692134197913727,0.06535109232917025,-0.4619277108433735,-0.4555332467225699,-0.45826191836475605,-0.6771564632529824,-0.5353658536585368,-0.589712918660287,-0.6690278988666085,-0.6396033129904097,-0.09812870835235099,0.4257859132510946,-0.6352042603881998,-0.5391111213530864,-0.5181116696575216,-0.16481770221866954,-0.23897332798684612,-0.4758581934638464
2016-10-07,-0.46218017422814706,-0.4638751618106669,-0.49951860637767265,-0.6445235562161846,0.48627021447696306,-0.7567874376669255,0.23983674391879228,-0.7704315034619189,-0.7750765406650703,-0.541020580772483,0.12628759008414137,-0.43710843373493957,-0.45104523443958877,-0.464609915571637,-0.6262948598360252,-0.5548780487804881,-0.562200956937799,-0.6714254577157801,-0.6693548387096775,-0.09196713829301695,0.4826900119379225,-0.30768691752505084,-0.5320000103999998,-0.5106766478175848,-0.31208321351340196,-0.021612991231394818,-0.4736698745223653
2016-10-10,-0.47886738505173865,-0.4682540337399246,-0.4631999905901769,-0.9371415323078658,0.501992448544621,-0.9216933091747846,0.26566112725616,-0.803103363006924,-0.9076459830044359,-0.5765435579362848,0.2177866656604912,-0.46337349397590355,-0.43238455178929946,-0.39859074462007227,-0.8331778683293238,-0.5036585365853661,-0.5729665071770333,-0.6752397558849172,-0.6588927637314734,-0.08717480602464622,0.456426581774771,-0.7722654333963983,-0.5248888994469134,-0.5032415315208922,-0.7281833187790592,-0.07233687263459132,-0.46218017422814706
2016-10-11,-0.4736698745223653,-0.47536935853415097,-0.46897792467862986,-0.9011143781431943,0.4636695635112811,-0.5860176963963966,0.22294478956785646,-0.7521018793273987,-0.8639950690634253,-0.6239075274880177,0.3671282496321171,-0.4260240963855422,-0.43332939648045343,-0.41757125626864733,-0.9091757081840051,-0.5012195121951222,-0.5203349282296652,-0.7182868352223188,-0.6757846556233651,-0.18028297581013275,0.4890569040986872,-0.5860135940018218,-0.5506666766518518,-0.5301937749644778,-0.3724865296014592,0.10449819006761851,-0.47886738505173865
2016-10-12,-0.4657365960096209,-0.47783252188707337,-0.47558125433906007,-0.9274776658512329,0.4676005107371082,-0.8237931123728115,0.22683564246600163,-0.8027324431256183,-0.7411460385785162,-0.649844939385396,-0.08233030222993631,-0.4332530120481928,-0.44301405456478093,-0.4204913349838124,-0.9120231724679659,-0.49634146341463437,-0.5179425837320575,-0.730819529206626,-0.7188317349607671,-0.17617526243724324,0.5360127337843208,-0.5578445799173148,-0.5288888993580245,-0.5074237932931027,-0.35972449770165593,-0.1713823781980507,-0.4736698745223653
2016-10-13,-0.4840650870733816,-0.4682540337399246,-0.46154900684750366,-0.8768615401949675,0.45777392009036566,-0.708102673691471,0.20322624576234416,-0.7689478239366965,-0.8464740772176584,-0.622215957146885,0.12866467947024862,-0.45277108433734936,-0.4557694578953584,-0.41439725766520663,-0.8312140998576267,-0.526829268292683,-0.5203349282296652,-0.7448779424585874,-0.7310374891020053,-0.23208580556823355,0.5742140867489054,-0.6063345245602971,-0.5102222331061728,-0.48790661891783205,-0.3532001375400904,0.10485157089680008,-0.4657365960096209
2016-10-14,-0.47531118211857226,-0.47536935853415097,-0.47558125433906007,-0.8900204327938759,0.45931804791029496,-0.7418146644298056,0.23771651913122138,-0.756923837784372,-0.8575484757545445,-0.6707076402593737,-0.10606346451345139,-0.4390361445783133,-0.44301405456478093,-0.43242556973274926,-0.8248318523246109,-0.454878048780488,-0.5382775119617227,-0.7444420226678288,-0.7457497820401047,-0.17982656321314483,0.5447672105053716,-0.6335225282040502,-0.5324444548345679,-0.511141375055638,-0.44288524636297055,-0.04474570312714565,-0.4840650870733816
2016-10-17,-0.45506776836181384,-0.4819376664280375,-0.467602136992856,-0.9290095836953672,0.44893035228116673,-0.8894024672945335,0.22314941167683644,-0.7912030168150347,-0.9241161195145857,-0.6549196504087949,-0.11138361694902477,-0.4481927710843372,-0.4571867249320891,-0.4286167714086204,-0.8790318621434532,-0.5,-0.49401913875598114,-0.7406277244986921,-0.74128160418483,-0.2277498858968512,0.5837644249900524,-0.7862798682643122,-0.5168888996246912,-0.4948769607480936,-0.6594976972587838,-0.35917590858239345,-0.47531118211857226
2016-10-18,-0.4361920197484337,-0.4622332079898892,-0.46099880733242626,-0.9325934480718854,0.4676005107371082,-0.8221762767456995,0.23599006128309297,-0.795406775469832,-0.8963088706336456,-0.6656329292359731,-0.008980115458627314,-0.4520481927710842,-0.45151765678516576,-0.4063353012124673,-0.820511561686877,-0.5341463414634147,-0.5155502392344502,-0.7242807323452483,-0.7411726242371404,-0.22021907804655427,0.5567051333068047,-0.7665195151005536,-0.47866663380740815,-0.454913251978202,-0.42648948266810205,-0.32707501377819026,-0.45506776836181384
2016-10-19,-0.44631383605096664,-0.43979205038138414,-0.43155874477636136,-0.902100265864667,0.47560162165251185,-0.8547112010475344,0.2436834265544907,-0.7538637487636005,-0.830044358220417,-0.669016069918241,0.061879787193902525,-0.42771084337349374,-0.41797567024920257,-0.40176474322351297,-0.8311159114340418,-0.5256097560975612,-0.5466507177033493,-0.7243897122929379,-0.7250435919790759,-0.23801916932907385,0.5670513330680462,-0.7501226263050942,-0.4488888566913589,-0.42377865230565037,-0.26600640388067087,-0.13600767550484927,-0.4361920197484337
2016-10-20,-0.44385168316438683,-0.4362343879842707,-0.43871246655058904,-0.8917668624719131,0.46998642071083285,-0.8247454546487496,0.2359168191748986,-0.7514218595450051,-0.8948942576818537,-0.6938257682548628,0.010413915405802943,-0.42024096385542165,-0.4338018188260304,-0.41630165682727105,-0.8160930826255584,-0.5146341463414634,-0.5406698564593304,-0.7521795989537923,-0.7250435919790759,-0.2503423094477406,0.5650616792678074,-0.5477541868124167,-0.45155561218765317,-0.42656692127721296,-0.6957840092936297,-0.1912504371485645,-0.44631383605096664
2016-10-21,-0.45123792297581833,-0.4542966736635181,-0.44091342969551706,-0.8871927768015203,0.47139023194744833,-0.7597298933422942,0.22058822845766324,-0.6618447082096934,-0.906473875130094,-0.719763180152241,-0.10334679092932886,-0.4368674698795181,-0.4456123774654541,-0.4166190566876149,-0.8949383867642005,-0.5390243902439025,-0.5275119617224884,-0.749346120313862,-0.7533783783783785,-0.30534002738475596,0.5980899323517708,-0.7205521687337958,-0.4599999675555564,-0.43539612483130896,-0.7399067647035547,-0.2928318621338708,-0.44385168316438683
2016-10-24,-0.4263438458987303,-0.4441707033725186,-0.45164390230044704,-0.9137727431296627,0.48416474698247436,-0.8815291258714111,0.2479223664812591,-0.7523182492581604,-0.8515666838441097,-0.720327036932618,0.0026034788514506246,-0.4325301204819276,-0.44702964450218485,-0.4093188598997015,-0.8115764151406548,-0.5024390243902439,-0.5502392344497609,-0.7344158674803833,-0.7510897994768961,-0.25992697398448206,0.6283326701154008,-0.7867003013103496,-0.48355556703209857,-0.46002501545489616,-0.434761235152222,-0.0862414012190722,-0.45123792297581833
2016-10-25,-0.4449459520592809,-0.4315817886667199,-0.4323841128342356,-0.8994719542028069,0.474057493832583,-0.8546139889106622,0.24029091612283704,-0.7688550939663701,-0.8120787737326585,-0.7175077530307297,-0.1464739840772744,-0.4407228915662651,-0.4477382780205501,-0.3953532660445629,-0.8524227993519563,-0.5121951219512195,-0.5215311004784691,-0.6906059285091541,-0.7346338273757627,-0.24121405750798708,0.6339037007560684,-0.6727629458342093,-0.4586666786962963,-0.43400203757390554,-0.4358024593645543,-0.16547927046084143,-0.4263438458987303
2016-10-26,-0.43892759623953514,-0.437876341805048,-0.43926263855156433,-0.9479039593684252,0.46802151916009294,-0.8160523329545146,0.2230104795682495,-0.7591184470820971,-0.7842917336081725,-0.7056667606427967,0.10553522242764957,-0.4691566265060241,-0.4673438053619936,-0.4015743033073065,-0.8336688104472482,-0.4719512195121953,-0.535885167464115,-0.6908238884045335,-0.6902789886660856,-0.3048836147877685,0.630720254675686,-0.6831336276364656,-0.4817778337382703,-0.45816620095943983,-0.33166596753385535,0.03444272941831317,-0.4449459520592809
2016-10-27,-0.42333465431083805,-0.44745485731946166,-0.43541069166396307,-0.9385846119177575,0.4600201735525151,-0.8096779942653256,0.23980767400601177,-0.7678041543026708,-0.8718158578111896,-0.7124330420073299,-0.5224314228577898,-0.47204819277108423,-0.4689972835715128,-0.4032882625531644,-0.8710785998330796,-0.3999999999999999,-0.4844497607655507,-0.679054054054054,-0.6913687881429817,-0.34002738475581973,0.6219657779546353,-0.7099011982341812,-0.499555566676543,-0.47675387363022637,-0.4710818442683862,-0.5671945407239363,-0.43892759623953514
2016-10-28,-0.39187518271269095,-0.41187733022857165,-0.4337599005200099,-0.7803247145800878,0.45117615102722963,-0.542858032615724,0.22932547208717358,-0.6926310583580615,-0.7826750330918388,-0.661685931773329,-0.6856204957929293,-0.4621686746987952,-0.4744301405456477,-0.4096997397321145,-0.7983209779566989,-0.4012195121951221,-0.41626794258373234,-0.6474498692240624,-0.6795989537925022,-0.32587859424920174,0.6462395543175488,-0.6656155840515732,-0.49600005564444327,-0.4730363863244469,-0.4989038125163242,-0.48850779909659003,-0.42333465431083805
2016-11-01,-0.36698129712787164,-0.3918993359729881,-0.38533502444180945,-0.7425272960891677,0.42969883948240506,-0.6179403104854652,0.19953246286537807,-0.7129389218595451,-0.7144704800590096,-0.6227798139272629,0.7027506320039241,-0.5301204819277108,-0.5320656667060351,-0.37357963562496055,-0.7756394521085963,-0.42804878048780504,-0.43540669856459324,-0.6230383609415866,-0.6478857890148211,-0.24418073938840745,0.6052526860326299,-0.6448742204470606,-0.4373333902814802,-0.4116967359122057,-0.3150090183735622,-0.39094356343368974,-0.39187518271269095
2016-11-02,-0.34892620231259475,-0.3494799925380412,-0.35809611762939353,-0.6925157037829921,0.4118713726124321,-0.6997962963859179,0.1978026087916529,-0.7521018793273987,-0.6104560105893885,-0.5996616859317738,0.34060295060936485,-0.542168674698795,-0.5542695169481515,-0.30311686662857884,-0.7992046737689625,-0.4597560975609758,-0.446172248803828,-0.6193330427201396,-0.6232563208369659,-0.2425832952989504,0.5559092717867085,-0.6120804428561418,-0.4537777899160491,-0.42889041578234477,-0.03503930533460342,-0.11059538261256452,-0.36698129712787164
2016-11-03,-0.3464642682743224,-0.3612479166498188,-0.3638740792319495,-0.8138405635377552,0.3983947172669251,-0.7603602993207985,0.19242502866063038,-0.7853301186943621,-0.7983772368567301,-0.5951508316887502,0.026827151643210145,-0.5624096385542168,-0.567497342624306,-0.36304196026153734,-0.7377387206048406,-0.448780487804878,-0.47607655502392365,-0.6118134263295554,-0.620313862249346,-0.31994523048836143,0.529645841623557,-0.6619718309859155,-0.4297778348938259,-0.40379689237745997,-0.44951777424254025,-0.30430666864413447,-0.34892620231259475
2016-11-04,-0.4077417123821405,-0.3555008182880761,-0.34488926570981304,-0.8463098547603211,0.39516701047114333,-0.6754246665907766,0.1884605567254396,-0.7238192383778439,-0.8010650014651349,-0.5765435579362848,0.40753876919594,-0.5824096385542168,-0.5913546710759419,-0.3414587697581415,-0.8372035936963031,-0.4878048780487805,-0.47368421052631593,-0.6068003487358324,-0.6121403661726244,-0.2870835235052489,0.5125348189415035,-0.7370892018779343,-0.4400000124444443,-0.4144849104270125,-0.4732416809791027,0.005672403154427519,-0.3464642682743224
2016-11-07,-0.421693374070669,-0.40558296866110144,-0.40431983796394544,-0.8155328235607665,0.4597390563332793,-0.6725933105004047,0.20993198592396523,-0.7371414441147379,-0.8728869219032608,-0.6318015224133058,-0.0014337999471758511,-0.586746987951807,-0.5880477146569032,-0.3662794388370467,-0.8362217094604545,-0.42682926829268286,-0.4437799043062203,-0.6025501307759371,-0.6241281604184832,-0.14308534915563653,0.5216872264226025,-0.7255973652862449,-0.4840000114666665,-0.46048964823619354,-0.2349473188036828,-0.390581027660747,-0.4077417123821405
2016-11-08,-0.42388188450441966,-0.39518348991993113,-0.4186270613995777,-0.8337619958701056,0.47321503693878775,-0.704267633850276,0.2497722772264881,-0.7792717606330367,-0.8150696696878759,-0.6396955173385956,0.16764139908689568,-0.574457831325301,-0.5793079012637297,-0.350345965847775,-0.6982669743237271,-0.3902439024390243,-0.44976076555023914,-0.6006974716652134,-0.6027680906713164,-0.1015518028297584,0.557500994826901,-0.7491416158643402,-0.48933338912592483,-0.46606599726580744,-0.5060340877811812,-0.4884107566927216,-0.421693374070669
2016-11-09,-0.4733962594255745,-0.36070068081135576,-0.42550558711690645,-0.6373904960423651,0.50508071885274,-0.04709380950166575,0.25978520465864685,-0.49091246290801194,-0.6619277132781636,-0.7051029038624188,0.6473606761498698,-0.5775903614457831,-0.5656076532419982,-0.32514441693645635,-0.7561981442387942,-0.13414634146341475,-0.4114832535885169,-0.6161726242371404,-0.6012423714036617,-0.02031036056595159,0.5805809789096692,0.23705416579076455,-0.4613333453037036,-0.4367902120887124,0.021365322836667477,-0.28336931226231465,-0.42388188450441966
2016-11-10,-0.5729722121054275,-0.43760261441675485,-0.4731050951372331,-0.5500365103474876,0.5126608213451589,-0.41033769013442,0.32755311715921875,-0.5178659742828884,-0.6268048945608133,-0.7146884691288413,0.09772478587329725,-0.5650602409638554,-0.5722215660800756,-0.3074969847013267,-0.8372035936963031,-0.048780487804878536,-0.191387559808613,-0.6520270270270268,-0.6164995640802093,0.046782291191236336,0.6167926780740149,-0.442505780954383,-0.5431111212641975,-0.5222940258864877,0.5476557944918885,-0.39575723286331843,-0.4733962594255745
2016-11-14,-0.5453425585372376,-0.5580186368066808,-0.580134927784766,-0.5898230385709613,0.5080282031931982,-0.7480648577493959,0.3686498379654872,-0.6790306627101881,-0.48083704669233185,-0.8026501268677748,-0.061879787193902636,-0.6163855421686746,-0.615920633045943,-0.49806386085190146,-0.8362217094604545,0.09268292682926793,-0.03708133971291927,-0.7464036617262422,-0.7190496948561464,0.04176175262437232,0.6645443692797457,-0.2412584962511387,-0.615555519654322,-0.5980392288824388,0.08848383156439521,-0.20010326776562604,-0.5729722121054275
2016-11-15,-0.5549173361384581,-0.555281937636324,-0.5581235629470052,-0.8299722868044888,0.531752208247998,-0.7489418711400522,0.3667768978339381,-0.7148553412462909,-0.7239079693231079,-0.8116718353538195,0.2932498207750065,-0.6033734939759037,-0.5627731191685366,-0.4832095473877991,-0.8656782365359124,0.062195121951219345,0.058612440191387005,-0.7300566695727984,-0.7472755013077594,0.07941579187585601,0.7182650218861921,-0.3857473197393315,-0.5755555649876543,-0.5562166111603348,-0.09850121754638697,0.114149331780655,-0.5453425585372376
2016-11-16,-0.5713309318652584,-0.5544609470423025,-0.5501444456008011,-0.9183489955862566,0.5259966907230051,-0.8621085817485685,0.3706099897683437,-0.7560892680514344,-0.693069406974042,-0.829151395545531,0.2223521865449194,-0.5549397590361445,-0.5549781504665168,-0.46435599568336183,-0.8884579508075997,0.04390243902438984,0.028708133971291794,-0.7280950305143854,-0.7311464690496949,0.13966225467822868,0.7389574214086743,-0.3986405998178123,-0.5835555648098765,-0.5645811819331334,-0.5545451107751758,-0.267589851195544,-0.5549173361384581
2016-11-17,-0.5992339816819316,-0.5558292008420525,-0.5815105228718203,-0.8084409323247667,0.5417186900984894,-0.8409163359104368,0.3743558700314411,-0.7479908506429279,-0.7574545050370327,-0.8652382294897096,0.01656416254763604,-0.5636144578313251,-0.5500177158379591,-0.48968450453881784,-0.8879670086896754,0.1451219512195121,0.003588516746411141,-0.7547951176983432,-0.7288578901482126,0.18827019625741626,0.7560684440907277,-0.22668348398850813,-0.6075556087209866,-0.5896747525663958,-0.18236549608089903,-0.28003691273324505,-0.5713309318652584
2016-11-18,-0.5874708851392305,-0.5955118451066417,-0.5947173747914003,-0.8062308103997071,0.5348400385082916,-0.7716112364605271,0.37601059735271614,-0.6863563303659743,-0.8128264977214628,-0.8866647871440652,-0.1026676225332982,-0.5715662650602409,-0.566552497933152,-0.5236462895956326,-0.8467278707840344,0.2073170731707319,0.14354066985645897,-0.7746294681778552,-0.7549040976460333,0.1821086261980831,0.818543573418224,-0.19865461425268027,-0.6186667195851842,-0.6012921778636766,-0.37681323832162406,-0.5104888190671844,-0.5992339816819316
2016-11-21,-0.5885651540341246,-0.5908592731563562,-0.5856376658163205,-0.8883541742052771,0.558002029148533,-0.8299519852001886,0.381668305206988,-0.7771080613254204,-0.8691280932027848,-0.8629828023681982,0.023204920197713363,-0.5544578313253012,-0.5230896421400733,-0.504284898114645,-0.9056409249349501,0.16585365853658507,0.1806220095693778,-0.732890148212729,-0.7799694856146471,0.17434961204929245,0.8448070035813773,-0.41517763296195076,-0.5995555644543209,-0.581310229021975,-0.47895346413712514,-0.23632938022861716,-0.5874708851392305
2016-11-22,-0.6512105094896663,-0.5949643903300559,-0.5941669826776024,-0.8940376544106017,0.5640386785610221,-0.8508824736827597,0.3970780651361019,-0.7623021760633037,-0.8232744248082695,-0.8652382294897096,0.6051390408632984,-0.49228915662650596,-0.48907523325853286,-0.4966038214943187,-0.8701949040208159,0.16585365853658507,0.12081339712918604,-0.734197907585004,-0.7334350479511769,0.255819260611593,0.7998408276959799,-0.5251909466750753,-0.5960000534222211,-0.5775927417161957,-0.6508205356852338,-0.20754074407720902,-0.5885651540341246
2016-11-23,-0.6687183467553228,-0.6472359766677092,-0.6582748698772094,-0.5804386875342624,0.5657231523007868,-0.9044918109295479,0.4043384010125499,-0.7852682987141445,-0.7502399789828933,-0.9030166337750201,-0.004754178772214512,-0.5028915662650602,-0.5072634935632454,-0.5338665650987116,-0.8166822131670675,0.21585365853658534,0.1315789473684208,-0.7545771578029639,-0.7347428073234523,0.22774988589685075,0.8213290887385591,-0.39878074416649145,-0.6431111190419753,-0.6268502868214808,0.03666445934168938,-0.5445964775438383,-0.6512105094896663
2016-11-25,-0.6361646062622812,-0.6573617280205863,-0.6665292107944154,-0.9167022380734672,0.5772339819951204,-0.9752664548900966,0.42238069775884,-0.8841493570722059,-0.8643790354360545,-0.887228643924443,-0.35988378674112376,-0.5016867469879516,-0.5110428723278608,-0.540785882054212,-0.8437822180764887,0.22073170731707314,0.2153110047846889,-0.8081952920662596,-0.786290322580645,0.24691921497033276,0.8798249104655786,-0.5578445799173148,-0.6382221858172848,-0.6217386650299199,-0.738771443370682,-0.47452819997326745,-0.6687183467553228
2016-11-28,-0.6506634707883534,-0.6483306946500238,-0.6549733151034056,-0.9099960347812521,0.562634661968755,-0.8124037215835983,0.4182304791517524,-0.7525655291790307,-0.7965786575323088,-0.8714406540738642,-0.25880089046523047,-0.5624096385542168,-0.524979331522381,-0.49793690090776366,-0.8907162845500515,0.16341463414634116,0.16387559808612417,-0.7649302528334783,-0.7978421970357454,0.3160657234139661,0.8471945881416643,-0.356036717819354,-0.6031111199308642,-0.5850277635561324,-0.15705073241856882,0.04631852246531665,-0.6361646062622812
2016-11-29,-0.6922445671967643,-0.6581827186146079,-0.6571743057624366,-0.871357903244329,0.5686708566651584,-0.8405396914840274,0.41629184708684264,-0.774047972304649,-0.8891347620924147,-0.8517056667606431,-0.5412217484813041,-0.5274698795180721,-0.5410416912719971,-0.5246619691487338,-0.8881633855368452,0.1402439024390243,0.1315789473684208,-0.782258064516129,-0.7656931124673059,0.34915563669557237,0.8344608038201349,-0.45736108191437175,-0.6106666753185184,-0.5929276070908776,-0.6017449299679982,0.20641468599458412,-0.6506634707883534
2016-11-30,-0.6979893079197192,-0.6770661864587342,-0.6899161432051275,-0.7958042352003086,0.5612310854243132,-0.657877244637709,0.42811391316034975,-0.5173095944609298,-0.8237190174502613,-0.8866647871440652,-0.8807682149190659,-0.5672289156626507,-0.472068028817763,-0.536342284009395,-0.8986695468604251,0.25853658536585344,0.11124401913875559,-0.8024193548387095,-0.7828029642545773,0.3829301688726612,0.8113808197373666,-0.36570667787821454,-0.6284444527012345,-0.6115153742184204,-0.4205868670319747,1.0,-0.6922445671967643
2016-12-01,-0.6815757395489572,-0.6989600808615117,-0.7138534952437401,-0.8107225581944605,0.5498603669576414,-0.8020175937134468,0.43109226963413594,-0.6896946092977252,-0.8321056513787425,-0.8449393853961089,0.695430705957816,-0.4754216867469878,-0.42766032833353007,-0.5572271948200345,-0.9784967352349156,0.3365853658536584,0.23325358851674594,-0.790322580645161,-0.8029642545771578,0.28731172980374264,0.8575407879029049,-0.5071123256954664,-0.6360000080888888,-0.6194151705247882,-0.5232406696549099,0.6447863510774454,-0.6979893079197192
2016-12-02,-0.6979893079197192,-0.6899288285528264,-0.682212221915822,-0.8718367629947587,0.5514044947775711,-0.8196933693537265,0.4315543708748346,-0.763507665677547,-0.763375670678105,-0.8387369608119535,0.13670150548994453,-0.4289156626506023,-0.4295500177158378,-0.5530375166634927,-0.9976434778339632,0.26097560975609735,0.2811004784688991,-0.7604620749782041,-0.7908674803836095,0.2590141487905062,0.8089932351770797,-0.424427159974774,-0.6044444087901244,-0.5864218508135358,-0.2675084401599477,-0.3209375394806949,-0.6815757395489572
2016-12-05,-0.7009984995076115,-0.6956759269145683,-0.7226579806478184,-0.8117864502191705,0.5699341019580246,-0.8491621134423554,0.44035919301492976,-0.043675816023739045,-0.7776026352218417,-0.7874259937975747,0.04527789306870922,-0.4178313253012047,-0.4130152356206447,-0.5338030851266424,-0.9996072463056604,0.2719512195121947,0.19258373205741597,-0.7455318221447254,-0.7655841325196162,0.26289365586490154,0.8571428571428585,0.12591969728820684,-0.6062222309728394,-0.5882805708522367,-0.47192080364217426,-0.18849479907644917,-0.6979893079197192
2016-12-06,-0.6900560294069757,-0.6978653628791971,-0.6984454600664094,-0.9126330135879164,0.5797604579125935,-0.8826620049729689,0.4399744858986936,-0.14518422354104865,-0.7708327018096942,-0.8127995489145752,0.015469946798475576,-0.4301204819277107,-0.43285697413487645,-0.47013267314162377,-0.8871815013009965,0.26097560975609735,0.23444976076555024,-0.7465126416739318,-0.7446599825632085,0.20903696942035577,0.7477118981297259,-0.5488753416018499,-0.6119999641777787,-0.5943215998915257,-0.6572727840347967,-0.4641226908943098,-0.7009984995076115
2016-12-07,-0.697168654121616,-0.6850027207851053,-0.6824874179727209,-0.9263249355922802,0.6204697223040054,-0.6686240253273387,0.4486902117232261,0.16465751730959433,-0.7533521274768358,-0.793628418381731,0.08308493378108128,-0.4303614457831326,-0.4413605763552615,-0.4778772297340188,-0.8460405518189404,0.20243902439024364,0.23205741626794207,-0.730492589363557,-0.7489102005231039,0.20082154267457764,0.7787504974134487,-0.627356176862168,-0.601333297748149,-0.5831690435174315,-0.4820296485076814,-0.24325051771206962,-0.6900560294069757
2016-12-08,-0.7291751644210756,-0.702244015870332,-0.6910167348340033,-0.9030103160691032,0.628189936024087,-0.7150152562034284,0.5062926720487897,-0.022749752720079286,-0.8356017662453141,-0.8714406540738642,0.21744708146247582,-0.4556626506024095,-0.44679343332939636,-0.44569288389513106,-0.8928764298689184,0.28170731707317076,0.17105263157894735,-0.7395379250217959,-0.7299476896251091,0.23003194888178902,0.7524870672502981,0.06061243080372791,-0.6004444977679001,-0.5822396834980812,-0.7331458426221262,-0.4199976929541721,-0.697168654121616
2016-12-09,-0.7176856829751652,-0.719211802505388,-0.7259595629357243,-0.8048570679482485,0.6472813375951865,-0.7642887638130135,0.5247253375759571,0.007851137487635773,-0.7706508230016067,-0.9013250634338874,-0.04433460362977781,-0.43108433734939755,-0.4312034959253572,-0.46042023741509563,-0.8727478030340222,0.3512195121951218,0.2511961722488034,-0.7905405405405403,-0.7400828247602442,0.21177544500228196,0.8249104655789905,-0.5794268096139024,-0.6355555636543209,-0.6189504432867351,-0.16313802464641047,-0.41678430769399777,-0.7291751644210756
2016-12-12,-0.7278074992776982,-0.7230431922907945,-0.7237585722766937,-0.8991339355554449,0.6436317276125081,-0.7053289715524041,0.5488006106077283,0.005347428288822842,-0.827215132316833,-0.8601635184663099,0.3607893446024977,-0.39012048192771087,-0.3629384669894886,-0.4649273154319813,-0.9091757081840051,0.3646341463414631,0.3433014354066981,-0.7567567567567566,-0.7865082824760243,0.17754450022820656,0.8643056108237159,-0.46619017588115763,-0.6320000081777777,-0.6152330032093335,-0.5660645330364438,-0.051456276904090936,-0.7176856829751652
2016-12-13,-0.7721241448211718,-0.7318007172111867,-0.7295365063651471,-0.8600256114128964,0.6648281419620097,-0.6697207128974203,0.5678807471186391,0.1746105341246289,-0.8409570867056697,-0.8646743727093318,0.02595932535939327,-0.393012048192771,-0.39010275186016297,-0.47019615311369245,-0.8689184545142127,0.3597560975609757,0.3181818181818179,-0.7498910200523103,-0.7562118570183087,0.19146508443633037,0.8105849582172704,-0.4859505290449163,-0.619111075130865,-0.6017567161882182,-0.5281117346144614,-0.40951528234762047,-0.7278074992776982
2016-12-14,-0.8128848062797864,-0.7266008820551733,-0.7719082522979952,-0.7522930014972493,0.6384379898099004,-0.5349522871469774,0.5489803167531648,0.23646142433234396,-0.6553396586741036,-0.9159853397237097,0.29211787344828877,-0.3942168674698796,-0.40474784457304813,-0.45400876023614556,-0.870096715597231,0.4743902439024392,0.3217703349282295,-0.7681996512641671,-0.749346120313862,0.20036513007759016,0.8169518503780333,-0.06916123607315539,-0.6702222739950607,-0.6551966175224695,0.317545243566439,-0.2721545061548686,-0.7721241448211718
2016-12-15,-0.7934618274728238,-0.8084291423664163,-0.8137296061170454,-0.7199233824399314,0.6514925072763376,-0.6087207282577797,0.5611251730969635,0.07857319485657754,-0.49033516222579254,-0.984775866929799,-0.03924084065954814,-0.4342168674698794,-0.43545529703554964,-0.587761061385133,-0.6732289263095881,0.5219512195121951,0.45215311004784686,-0.8254141238012205,-0.7666739319965128,0.07781834778639896,0.9307600477516909,-0.19234811856211897,-0.7102222286617283,-0.6970191407878179,0.505586466899359,-0.3490212449624921,-0.8128848062797864
2016-12-16,-0.7786897581905383,-0.7868089753519323,-0.8005227541974658,-0.8198165598802202,0.6452642610405945,-0.5279138759383759,0.5629614931408993,0.7465999010880315,-0.5253367284044177,-0.9639131660558222,-0.17869675131117246,-0.42578313253012046,-0.4203377819770875,-0.5834444232844538,-0.8178604742500858,0.5134146341463417,0.4760765550239232,-0.7654751525719266,-0.8262859633827377,0.039479689639434046,0.9824910465578993,-0.8134678719080652,-0.7062222287506172,-0.6928369734723632,-0.23000853909383612,-0.4250677008091138,-0.7934618274728238
2016-12-19,-0.8005744521874645,-0.7840723035488404,-0.7768608183285748,-0.9168495795351378,0.6521832063433539,-0.7544610796901752,0.565271239687783,-0.09155539070227514,-0.6490547354168562,-0.9915421482943323,-0.181715277515753,-0.3889156626506023,-0.3983701429077595,-0.5740493874182695,-0.9165398399528695,0.4463414634146341,0.45454545454545414,-0.7836748038360941,-0.7701612903225805,-0.04518484710178017,0.9574214086748905,-0.9844439772966155,-0.7062222287506172,-0.6902737004928823,-0.6312817522818552,-0.6667582161042784,-0.7786897581905383
2016-12-20,-0.7989331719472963,-0.8081554149781232,-0.8057504887708409,-0.8739038770305496,0.6644680068215623,-0.756574917627443,0.582179050179056,-0.14790430267062327,-0.793062333909283,-1.0,-0.07368977096932428,-0.4031325301204818,-0.4073461674737213,-0.6163270488160983,-0.8298394619274386,0.4670731707317075,0.4043062200956937,-0.7833478639930251,-0.7844376634699213,-0.08101323596531307,0.9793076004775179,-0.5862938826991801,-0.7040000510222211,-0.6879435940148516,-0.5448293632263177,-0.6704806162375744,-0.8005744521874645
2016-12-21,-0.806045796661937,-0.7996716174460241,-0.7950200161659109,-0.9201084259815,0.6555727333928592,-0.8488624812282732,0.5863428614204058,-0.23272131552917918,-0.7473097092970384,-0.9785734423456436,0.004452326151756392,-0.36698795180722876,-0.38041809377583546,-0.5911889798768488,-0.8513427266925229,0.4390243902439024,0.43540669856459324,-0.7926111595466434,-0.7836748038360941,-0.13007759014148812,0.9948269001193788,-0.7058370121224862,-0.7057777843160493,-0.6898076036318713,-0.3786731954238901,-0.5965379664672719,-0.7989331719472963
2016-12-22,-0.7967446341575073,-0.8054187431750317,-0.8002477507392869,-0.9254365532498544,0.6500654321780099,-0.8980572932984856,0.5747892208790475,-0.2276211671612266,-0.8384309921488982,-0.9718071609811103,-0.30898388861638315,-0.3922891566265059,-0.39506318648872085,-0.6042658541230241,-0.8655800481123275,0.45731707317073145,0.3983253588516744,-0.8069965126416738,-0.7929380993897122,-0.1460520310360569,0.9697572622363717,-0.6842547824258987,-0.7066666731851851,-0.6907397973538931,-0.5163539916086476,-0.6842624685756555,-0.806045796661937
2016-12-23,-0.7795103846326032,-0.8013135986340667,-0.7917182412792845,-0.924017308288174,0.654725362631678,-0.9820877169098408,0.5780503513099147,-0.5368137982195846,-0.9318560732365335,-0.9610938821539321,-0.6507187865524658,-0.3886746987951806,-0.3929372859336244,-0.624325525296769,-0.9017133879915556,0.44512195121951237,0.4234449760765546,-0.8406713164777679,-0.8075414123801221,-0.14742126882701978,0.9797055312375642,-0.8336486581178614,-0.6946666734518517,-0.6781567406430724,-0.5812871606677554,-0.8258162090110279,-0.7967446341575073
2016-12-27,-0.771303491023068,-0.7898194019105822,-0.7796121735873003,-0.9526795561555147,0.6626326846871917,-0.9550656886817087,0.5859253093039736,-0.5359483184965381,-0.8967938807885458,-0.9605300253735543,-0.7874957551975249,-0.37373493975903616,-0.3733317585921814,-0.6118834507712818,-0.8754970788943982,0.4670731707317075,0.42105263157894735,-0.8076503923278116,-0.8249782040104621,-0.06754906435417629,0.9765220851571828,-0.8871837993132927,-0.6711110739753097,-0.6534567240824417,-0.5133991661412179,-0.7599903323793882,-0.7795103846326032
2016-12-28,-0.7321843560089678,-0.7832510940166961,-0.778236385901526,-0.9222210425275128,0.6362270868564046,-0.864913004606214,0.5641813025570315,-0.44380563798219597,-0.8446148716238747,-0.9859035804905556,-0.6287590084141419,-0.3583132530120481,-0.36695405692689254,-0.5909350599885737,-0.8828612106632627,0.4073170731707316,0.43421052631578894,-0.8204010462074978,-0.8079773321708807,-0.09926973984482013,0.9705531237564662,-0.7233550557073787,-0.6546666743407408,-0.63621321827367,-0.49907529792291616,-0.694069244332632,-0.771303491023068
2016-12-29,-0.7507864621695193,-0.7389162609435362,-0.7542990338629134,-0.869734980379751,0.6355213821585362,-0.9338263096863056,0.5567642899214675,-0.4942198318496539,-0.7424393989915832,-0.9407950380603332,-0.8582801946949403,-0.3650602409638555,-0.37120585803708517,-0.5731606678093062,-0.8804065000736412,0.3646341463414631,0.3708133971291865,-0.8085222319093286,-0.8206190061028771,-0.05933363760839816,0.9876641464385196,-0.5539205381542989,-0.5875555647209876,-0.5658416128812189,0.07391460730281585,-0.7254029548496483,-0.7321843560089678
2016-12-30,-0.7272602690841161,-0.7364530975906147,-0.7441189533717809,-0.8402623544732218,0.6239427410942824,-0.6759456563113296,0.5431814113512625,-0.18552176063303671,-0.745834470075884,-0.9272624753312648,-0.5563521110817644,-0.35903614457831323,-0.3726231250738159,-0.5997587761061385,-0.8711767882566644,0.3268292682926828,0.3289473684210522,-0.8133173496076722,-0.8089581517000872,-0.025559105431309792,0.9116593712693986,-0.4678719080653073,-0.6244444527901233,-0.6045227405938132,0.20755890084010242,-0.7471551012262131,-0.7507864621695193
2017-01-03,-0.7165914140802707,-0.7260536188494449,-0.74852109977446,-0.8694337970978067,0.6480888693598921,-0.7501458708092783,0.5542495443367526,0.022409742828882084,-0.8192326735174352,-0.9892867211728218,0.24250084896049495,-0.35180722891566263,-0.3464036848942953,-0.5795086650161876,-0.7742648141784083,0.3292682926829267,0.2834928229665068,-0.7598081952920661,-0.8117916303400174,0.09516202647193062,0.9574214086748905,-0.27699530516431925,-0.5871111202864195,-0.5653755160202081,-0.3095680942167207,-0.35643674940904835,-0.7272602690841161
2017-01-04,-0.6695390005534265,-0.7200327930994095,-0.7144036672447154,-0.9262750995096564,0.6670094883698874,-0.8032636765588081,0.5741398652510474,-0.16048466864490618,-0.8054503016156902,-0.9430504651818437,0.02263894653435461,-0.393012048192771,-0.389157907169009,-0.5438964006855835,-0.8865923707594874,0.3207317073170728,0.3014354066985647,-0.7215562336530077,-0.7602441150828247,0.2256960292104062,0.9999999999999991,-0.4944993343143438,-0.5800000093333332,-0.5579188635832155,-0.521800192239538,-0.6881331787978826,-0.7165914140802707
2017-01-05,-0.6922445671967643,-0.672961069285035,-0.6742331045696179,-0.8243776448334067,0.6644680068215623,-0.8048013958147859,0.5610515540599179,-0.1916728486646886,-0.7565249022401408,-0.875951508316887,-0.02618571482473686,-0.3708433734939758,-0.3723869139010274,-0.5110772551260077,-0.8576267858019538,0.2073170731707319,0.2787081339712918,-0.6641238012205752,-0.7219921534437663,0.22272934732998628,0.8977317946677283,-0.15689159834629673,-0.5231110772641985,-0.4982660219142978,0.14686801691637563,-0.6280968886008133,-0.6695390005534265
2017-01-06,-0.6670770665151542,-0.6882868747320487,-0.6879901560042758,-0.8659951073967581,0.6759056565625032,-0.8334983344530964,0.5654898313598764,-0.16762487636003975,-0.7072761627613245,-0.9176769100648441,-0.15726521525865,-0.36313253012048174,-0.368135112790835,-0.5507522376690153,-0.8230644607000834,0.29634146341463374,0.1770334928229662,-0.6668482999128158,-0.6647776809067132,0.3149246919214965,0.8559490648627142,-0.46801205241398636,-0.5591111653530854,-0.5360151448183821,0.04756037825283621,-0.7391848071877294,-0.6922445671967643
2017-01-09,-0.653946058624729,-0.6702243701146777,-0.671206553253993,-0.9165440626807912,0.6653156269431775,-0.9399460451598771,0.5757927040621302,-0.1386931256181999,-0.8245273677084282,-0.8945587820693541,-0.038335282798173775,-0.36313253012048174,-0.38018188260304697,-0.517806132165302,-0.8876724434189208,0.23170731707317094,0.28827751196172224,-0.6519180470793371,-0.6664123801220576,0.3112733911455954,0.9120573020294467,-0.5668138182327798,-0.55600005431111,-0.5327528918467077,-0.5085755894481073,-0.651740446358438,-0.6670770665151542
2017-01-10,-0.6443714998718164,-0.6590039007794868,-0.6585500934482109,-0.9005055112207024,0.6653156269431775,-0.8662727120271403,0.5658666094394595,-0.10051928783382802,-0.8520516939990099,-0.9058359176769102,0.2129192921556049,-0.40939759036144574,-0.4146687138301641,-0.4966038214943187,-0.8675438165840247,0.24268292682926784,0.200956937799043,-0.6527898866608544,-0.6523539668700957,0.34847101780009115,0.8806207719856749,-0.5344404736878985,-0.5488888544691368,-0.5252961449529594,-0.4266266709933755,-0.5820493524708277,-0.653946058624729
2017-01-11,-0.633155414674389,-0.6387519875647523,-0.671481749310892,-0.8176194386723669,0.6743523464112804,-0.8204942121955782,0.5653120137246326,0.013044015825914856,-0.6276536623318885,-0.8900479278263314,0.5408821642832886,-0.43301204819277106,-0.40403921105468266,-0.4957151018853554,-0.8518336688104471,0.2341463414634144,0.2141148325358846,-0.6560592850915432,-0.6534437663469919,0.29666818804198947,0.8937524870672506,0.043795108962231044,-0.5511111210864197,-0.5276264403445017,-0.3782000715841647,-0.43180940139484714,-0.6443714998718164
2017-01-12,-0.6249487399131617,-0.6185002659208756,-0.6263586206052154,-0.8492848522143472,0.6663040036959322,-0.8311698723175394,0.5531943387834213,-0.0792532146389715,-0.6790041124819386,-0.8725683676346208,0.20782552918537522,-0.3959036144578314,-0.3872682177867013,-0.4830191074715926,-0.8536010604349746,0.22317073170731705,0.1901913875598087,-0.6495204882301655,-0.6564952048823018,0.34892743039707863,0.8702745722244325,-0.24434167192207978,-0.5488888544691368,-0.5252961449529594,-0.451292428347681,-0.5183858735555786,-0.633155414674389
2017-01-13,-0.5800848641761065,-0.6354680251886671,-0.6434172543277792,-0.8751952816063687,0.6736462016655866,-0.8707082787917835,0.5684474238863872,-0.21065158259149375,-0.8448371679448706,-0.8550888074429093,-0.11115722748368118,-0.37759036144578295,-0.3934097082792014,-0.4944455024439791,-0.8722568609160979,0.26829268292682906,0.19258373205741597,-0.6343722755013075,-0.6509372275501306,0.2752167959835692,0.8543573418225234,-0.46857262980870296,-0.5435555656987654,-0.5197038327316319,-0.6108204653322464,-0.7294805668008781,-0.6249487399131617
2017-01-17,-0.6068936450978848,-0.5903120099506283,-0.5798597317278671,-0.8351660733283787,0.6623502326562187,-0.885255170286416,0.5541374167019013,0.030817260138476632,-0.7613345862762335,-0.8156188328164644,0.2232954759838508,-0.3915662650602407,-0.38703200661391257,-0.4629594362978482,-0.8422112032991309,0.17926829268292677,0.20813397129186573,-0.6475588491717521,-0.6386224934612033,0.2923322683706071,0.8575407879029049,-0.13993413215612083,-0.5159999663111119,-0.490809463934061,-0.25476223768229134,-0.7090082815621264,-0.5800848641761065
2017-01-18,-0.6096294130812554,-0.5914067279329425,-0.6057230434532292,-0.8917365274650986,0.669410403974465,-0.9040575125518333,0.547111151709033,-0.1612574183976262,-0.7455111299726171,-0.8624189455878204,0.3154359883786739,-0.38987951807228916,-0.40191331049958645,-0.43572652828032776,-0.8843340370170356,0.30487804878048763,0.15669856459330145,-0.6813426329555359,-0.6479947689625107,0.2832040164308536,0.7596498209311582,-0.4427860696517413,-0.5315555659654319,-0.5071207760208112,-0.3817687268659592,-0.45950493726117037,-0.6068936450978848
2017-01-19,-0.6019695581730327,-0.6176792753268545,-0.6227816771757926,-0.8930604338339332,0.6575492962109766,-0.8543341357893636,0.5353083399344287,-0.09328635014836806,-0.8513443875231139,-0.8438116718353532,0.2653284533826359,-0.4159036144578312,-0.4226998937049722,-0.47794070970608793,-0.8222789533114045,0.35609756097560963,0.27033492822966476,-0.6933304272013947,-0.6826503923278118,0.28457325422181645,0.841623557500994,-0.25345105458622386,-0.5373333880592581,-0.513179279559905,-0.5113492559731886,-0.7307018362986195,-0.6096294130812554
2017-01-20,-0.5817261444162747,-0.5957853809240774,-0.612326373113659,-0.7668559715544307,0.669269397982891,-0.5910626275514766,0.5510042719791906,0.31939292779426287,-0.8599129002596826,-0.8218212574006198,0.06410595026978072,-0.3821686746987951,-0.36671784575410404,-0.4619437567447471,-0.8490843929500711,0.352439024390244,0.32535885167464107,-0.6473408892763732,-0.6939843068875327,0.4575536284801456,0.8284918424194183,-0.43325625394155975,-0.5266666327407417,-0.501994371746983,-0.5472486265777758,-0.5317832182556902,-0.6019695581730327
2017-01-23,-0.5959513938455561,-0.5845649115888856,-0.5881140451309705,-0.894445010216397,0.6609377084726571,-0.8187620686658559,0.5458275408027005,-0.01619683481701295,-0.8915396041104612,-0.7868621370171969,0.11055352224276493,-0.3734939759036142,-0.3889216959962205,-0.45312004062718225,-0.9076046934066473,0.2719512195121947,0.2858851674641145,-0.6418918918918917,-0.639821272885789,0.3813327247832041,0.7930760047751688,-0.4371802957045757,-0.49600005564444327,-0.4698377972061156,-0.26862177618428273,-0.7506998954505422,-0.5817261444162747
2017-01-24,-0.6219395483252699,-0.5886700287625852,-0.5952675743064777,-0.9068888633689626,0.6814127524217004,-0.7325180699897926,0.5563335259655608,0.13146018793273972,-0.7997514322956139,-0.8060332675500419,-0.08172659698902018,-0.38457831325301184,-0.3865595842683358,-0.43255252967688707,-0.9074083165594775,0.34999999999999964,0.2440191387559807,-0.6137750653879683,-0.6423278116826503,0.48950251026928315,0.731794667727816,-0.5896573470674795,-0.4951111223308642,-0.4689056507124718,-0.3516400600462748,-0.7375808610407706,-0.5959513938455561
2017-01-25,-0.6446451149686072,-0.6319101712206958,-0.6299353989500203,-0.8874159557802273,0.7092295249560512,-0.7793044618897913,0.5964947209611511,0.12459817012858543,-0.8537694382976144,-0.7964477022836194,-0.0030939893596952928,-0.38240963855421684,-0.3889216959962205,-0.4773059099853998,-0.8549756983651626,0.4109756097560977,0.3062200956937797,-0.6326285963382738,-0.6143199651264166,0.22021907804655383,0.7524870672502981,-0.6053535141195432,-0.5111111664197519,-0.48568305966023284,-0.47275624536659633,-0.6694204737500297,-0.6219395483252699
2017-01-27,-0.6315141344342208,-0.6562670100382717,-0.6538727234745307,-0.8872187782359328,0.7007572695020685,-0.8833618481920962,0.6116028334290702,0.034619188921859445,-0.9237321531419564,-0.8240766845221303,-0.5074142549900013,-0.3621686746987951,-0.3728593362466044,-0.5020630990922363,-0.8242427217831017,0.37560975609756087,0.3684210526315783,-0.6328465562336527,-0.6507192676547513,0.2286627110908257,0.7743732590529246,-0.5731203139233411,-0.5222222772839495,-0.49733401710578784,-0.6105302592595525,-0.6546718593507679,-0.6446451149686072
2017-01-30,-0.5882915389373333,-0.6357415610061019,-0.6337873458376215,-0.8659582720313405,0.6807065930077454,-0.7990852380003506,0.5725085461779118,-0.04528313550939678,-0.9102731213434783,-0.8263321116436426,-0.6476625287703279,-0.37710843373493974,-0.3884492736506435,-0.4493747222751221,-0.8955275173057096,0.3804878048780487,0.33133971291865993,-0.6248910200523103,-0.6309938971229294,0.22820629849383822,0.7676084361321136,-0.46170555672342517,-0.5253333438814813,-0.5005962228490843,-0.7314960650694781,-0.7179087178867459,-0.6315141344342208
2017-01-31,-0.5978663165385543,-0.5941433997360344,-0.5886642446460479,-0.8067161705087398,0.6804239062845983,-0.8153146148768656,0.5559582575343507,0.12926557863501476,-0.7971445027130256,-0.7682548632647297,-0.9347998339810588,-0.39012048192771087,-0.38585095074997033,-0.442391925347553,-0.8372035936963031,0.3512195121951218,0.33732057416267924,-0.6093068875326937,-0.6254359197907586,0.3005476951163848,0.7644249900517313,-0.19262840725947727,-0.49066667798518515,-0.4642452960712766,-0.2241243911168802,-0.6676407526828563,-0.5882915389373333
2017-02-01,-0.5803584792728973,-0.6042693700270343,-0.6172789391442386,-0.882315341062982,0.6816952044526734,-0.8016927115936836,0.5677920257989588,0.292841246290801,-0.8039346448816274,-0.7846067098956864,0.09315926498886906,-0.3872289156626505,-0.37852840439352775,-0.4239192534755283,-0.8428003338406401,0.3646341463414631,0.30980861244019087,-0.5997166521360069,-0.610178727114211,0.3397991784573251,0.6999602069239952,-0.4101324364095018,-0.4942222334617281,-0.4679735514472061,-0.5458486021301128,-0.6503507258954908,-0.5978663165385543
2017-02-02,-0.5724252007601529,-0.573617950703865,-0.5762829808971648,-0.8767553676711166,0.6838129932862782,-0.8415038170492833,0.5649118273969105,0.04726137487635995,-0.868905796881789,-0.7908091344798409,0.07848168131909583,-0.36650602409638533,-0.367190268099681,-0.422078334285533,-0.8458441749717707,0.36097560975609744,0.3289473684210522,-0.6078901482127286,-0.5998256320836965,0.3231401186672751,0.6983684838838045,-0.43143437740873103,-0.47066672287407285,-0.44327362934333125,-0.5418833318823031,-0.6571565110875524,-0.5803584792728973
2017-02-03,-0.5294762203600571,-0.5790913216773137,-0.5740817976394137,-0.8276559923555784,0.7059818986620314,-0.7956095884833496,0.5906437162601499,0.03798837784371889,-0.9108995927935576,-0.7761488581900196,-0.044485529940006874,-0.3640963855421686,-0.370261013345931,-0.4402336062972134,-0.8650891059944031,0.352439024390244,0.3289473684210522,-0.5927419354838706,-0.6079991281604187,0.2772706526700133,0.7194588141663356,-0.3075467731763717,-0.46533334521481473,-0.4376810337517365,-0.7509372337029505,-0.6358474639890286,-0.5724252007601529
2017-02-06,-0.5360416148811162,-0.5415983049482107,-0.545742299198122,-0.8473239107024071,0.7001928054879483,-0.8914460263276558,0.5981048991581606,-0.15519906033630082,-0.8302262370285045,-0.7953199887228646,-0.08998981247405968,-0.36144578313252995,-0.3728593362466044,-0.41204849869866056,-0.895920271000049,0.29146341463414593,0.32296650717703335,-0.5709459459459456,-0.5917611159546645,0.3927430397078959,0.7095105451651413,-0.6168453507112326,-0.42533334610370366,-0.39573770029584554,-0.38603827378392674,-0.5720777877261499,-0.5294762203600571
2017-02-07,-0.5160716247288795,-0.5415983049482107,-0.5330858393923403,-0.8457378232032468,0.7003338114795215,-0.890852232712389,0.6108371962169832,-0.16153560830860547,-0.8357230187840392,-0.8342261065689307,0.15330339961513784,-0.37710843373493974,-0.3936459194519899,-0.39414714657525574,-0.8699003387500612,0.2670731707317069,0.24760765550239228,-0.5907802964254576,-0.5713818657367042,0.3477863989046095,0.7302029446876235,-0.45736108191437175,-0.43022219043950694,-0.4008640573412958,-0.528932226329078,-0.3214648642413389,-0.5360416148811162
2017-02-08,-0.5406920867091767,-0.5183361841129495,-0.516302209127955,-0.8238012797039305,0.7045702692423816,-0.9176381743224029,0.6005248848297033,-0.159248269040554,-0.7435306718401085,-0.8246405413025082,0.5028864656831302,-0.4134939759036145,-0.40710995630093283,-0.39256014727353516,-0.8850213559821296,0.19756097560975583,0.23325358851674594,-0.5689843068875327,-0.5915431560592852,0.37357371063441347,0.7680063668921608,-0.5595263121014645,-0.41777779071604915,-0.38781499822622,-0.678428806734188,-0.5155753058208963,-0.5160716247288795
2017-02-09,-0.5322117968511586,-0.5186096925631194,-0.5330858393923403,-0.8553540203634568,0.723773120259438,-0.857084692181556,0.6094939339037491,-0.020462413452027928,-0.8769084644376409,-0.8483225260783751,-0.049617024487793926,-0.3963855421686746,-0.39482697531593236,-0.4123024185869357,-0.8575285973783691,0.2670731707317069,0.151913875598086,-0.5745422842197034,-0.5693112467306016,0.39000456412596973,0.7524870672502981,-0.5310770093195991,-0.4471111233975307,-0.41857361278270044,-0.33116909956090956,-0.6453045208943281,-0.5406920867091767
2017-02-10,-0.5540964908480852,-0.5383141510012677,-0.5476682863989741,-0.8359634506503609,0.7366230741600277,-0.8568292473024157,0.6371410465837601,-0.06089268051434238,-0.8306910384269505,-0.8567803777840419,0.03078896728672209,-0.37710843373493974,-0.3726231250738159,-0.41807909604519766,-0.8537974372821443,0.28170731707317076,0.23684210526315752,-0.5765039232781168,-0.5748692240627724,0.4381560931081694,0.7879029048945485,-0.5166421414056478,-0.43022219043950694,-0.4008640573412958,-0.4664860353717233,-0.5314920910440846,-0.5322117968511586
2017-02-13,-0.5505402879149184,-0.5632184719626951,-0.5619755098346064,-0.8731715032945985,0.7544145157813467,-0.9024213186636991,0.659986694585522,-0.05350519287833844,-0.841462305617024,-0.8810262193402867,-0.15937818360185652,-0.36120481927710824,-0.3766387150112198,-0.3824033517425254,-0.8909126613972211,0.31463414634146325,0.2643540669856459,-0.605819529206626,-0.5851133391455972,0.4007302601551803,0.796259450855552,-0.6672973162357227,-0.4453333012148155,-0.4167093670237909,-0.604505405307957,-0.6435266308159069,-0.5540964908480852
2017-02-14,-0.536315229977907,-0.5465244127159319,-0.5556474037451782,-0.8825775221933078,0.7675462469729109,-0.8493443335950205,0.6698584244700503,0.07619312561819958,-0.8647225842957754,-0.8928672117282197,-0.08138701279100491,-0.383132530120482,-0.38254399433093167,-0.39084618802767723,-0.8381854779321517,0.35853658536585353,0.2799043062200952,-0.6003705318221444,-0.605819529206626,0.4285714285714288,0.8089932351770797,-0.46745147501926987,-0.44666667896296275,-0.4181075159216898,-0.5435955477111976,-0.680752463137619,-0.5505402879149184
2017-02-15,-0.5190807889607334,-0.5487136571097029,-0.5592241545758809,-0.8789459885203668,0.7847732245801091,-0.7694229113015001,0.6934425282813117,0.16212289812067238,-0.8442511140076996,-0.8793346489991531,-0.015205825755574942,-0.38096385542168654,-0.3875044289594898,-0.38678346981527323,-0.8838430948991113,0.3890243902439021,0.33133971291865993,-0.5807541412380122,-0.600806451612903,0.4523048836147874,0.8380421806605645,-0.40018218765328284,-0.4462222345283948,-0.41764146628905685,-0.7871830927700874,-0.6597894729132678,-0.536315229977907
2017-02-16,-0.5300232590613696,-0.5249042730687128,-0.5157518170141575,-0.8943236701891388,0.781949511024723,-0.778106353865224,0.7051951273340413,0.06858926805143417,-0.888690169450423,-0.8381731040315765,0.12938157944383644,-0.3802409638554216,-0.38514231723160486,-0.36335936012188164,-0.8558593941774264,0.32804878048780495,0.3552631578947367,-0.5750871839581513,-0.5817349607672186,0.48493838429940617,0.8077994428969353,-0.41433676686987597,-0.43422219035061804,-0.4050584095782357,-0.6298228072073119,-0.7667814696614318,-0.5190807889607334
2017-02-17,-0.5281083363683718,-0.5235358003308401,-0.5215297511026105,-0.873535523376373,0.7871736854685998,-0.8097457481789031,0.7005133423984464,0.02686078140454984,-0.8727252518516274,-0.8720045108542429,-0.0228653359996982,-0.36795180722891563,-0.38561473957718184,-0.3552974036691423,-0.9037753448868378,0.295121951219512,0.3050239234449754,-0.5938317349607671,-0.5755231037489099,0.4201277955271565,0.7727815360127339,-0.6193679489874571,-0.4524444121679021,-0.42416592500402794,-0.6002147524937936,-0.7660893559130866,-0.5300232590613696
2017-02-21,-0.5237312607887943,-0.5344827612158611,-0.5449169036261456,-0.8989129233629389,0.8069421299558623,-0.7603316827610267,0.7257887916856278,0.015300445103857419,-0.8948336314124912,-0.9154214829433318,0.22220126023469033,-0.37012048192771085,-0.3605763552616037,-0.37859455341839654,-0.8655800481123275,0.3085365853658537,0.2799043062200952,-0.5982999128160418,-0.5926329555361813,0.42058420812414443,0.8193394349383203,-0.5975054305935112,-0.4599999675555564,-0.43208862707365325,-0.5998911287521228,-0.5571515674179213,-0.5281083363683718
2017-02-22,-0.49555459587533024,-0.5339354980101327,-0.5319852477634646,-0.9012898878254785,0.8039769703610773,-0.8732446318174482,0.731398554190037,-0.06614737883283894,-0.8340254832418887,-0.9047082041161536,-0.1184394219522319,-0.3510843373493975,-0.36222983347112314,-0.3667872786135975,-0.905739113358535,0.2890243902439025,0.2822966507177034,-0.597101133391456,-0.5985178727114211,0.37403012323140095,0.841623557500994,-0.45539906103286387,-0.472888900602469,-0.4456037358213618,-0.3470407335002459,-0.6797179544926055,-0.5237312607887943
2017-02-23,-0.4747641434172598,-0.5027366239103772,-0.49236488460344496,-0.8695226353320492,0.8062362052340819,-0.820637715826199,0.7418403590008773,-0.09217359050445117,-0.8363292814776644,-0.8906117846067092,-0.1998264347432367,-0.35903614457831323,-0.3537262312507381,-0.3700247571891069,-0.8742206293877951,0.2414634146341461,0.2571770334928223,-0.58129904097646,-0.5976460331299043,0.39342765860337714,0.8408276959808996,-0.5415878354705346,-0.4711110784197541,-0.4437396317475859,-0.6428178833776119,-0.6664030042863446,-0.49555459587533024
2017-02-24,-0.4906304815944402,-0.4830323844103521,-0.4766818459679354,-0.8199964031349063,0.8104724429730283,-0.7879571837349366,0.7394316985915848,-0.12175445103857585,-0.6532581567593239,-0.9007612066535096,-0.42104667396143847,-0.34891566265060225,-0.36364710050785387,-0.3359994921602234,-0.910550346114193,0.16707317073170724,0.20933014354066914,-0.5399956408020925,-0.5812990409764605,0.3842994066636236,0.8161559888579388,-0.4971620769392474,-0.4817778337382703,-0.4549246340172639,-0.6041791433292618,-0.8116461870574728,-0.4747641434172598
2017-02-27,-0.4876213173625863,-0.46880126957838764,-0.48025859679863814,-0.8318162218615728,0.8156968521090784,-0.8968103687896015,0.7473202492199049,-0.23303041543026715,-0.771034789374236,-0.8866647871440652,-0.5179036335509188,-0.356867469879518,-0.36222983347112314,-0.32311305783025457,-0.9113358535028719,0.23048780487804876,0.1459330143540667,-0.5380340017436791,-0.5467523975588491,0.4388407120036515,0.8253083963390369,-0.6559456239927125,-0.5391111213530864,-0.515043383633681,-0.0524296843877049,-0.8292163551239304,-0.4906304815944402
2017-02-28,-0.4922719806829168,-0.4841271023926663,-0.48851291020174115,-0.8434236955405374,0.8066596779248894,-0.7265986504346245,0.7485672400386254,0.022502472799208473,-0.7011124920428022,-0.8928672117282197,-0.9364977549711354,-0.35590361445783114,-0.3704972245187197,-0.3349838126071223,-0.8899307771613726,0.2670731707317069,0.19258373205741597,-0.5590671316477769,-0.5384699215344377,0.37813783660429,0.8288897731794664,-0.5649919416999509,-0.5386666769185182,-0.5145774284578037,-0.309782670828046,-0.7095795500528239,-0.4876213173625863
2017-03-01,-0.5327588081964327,-0.5038313418926919,-0.5124502622403537,-0.844468086489438,0.8533977442092344,-0.5069400417843856,0.7826025854127852,0.1882109297725023,-0.8013681328119475,-0.9092190583591764,-0.05588046636229871,-0.3580722891566266,-0.3655367898901618,-0.33733257157366836,-0.99293043350189,0.3414634146341462,0.254784688995215,-0.5683304272013947,-0.5597210113339144,0.4116841624828842,0.8507759649820921,-0.2322892579356738,-0.5328888992691356,-0.5085189249187099,-0.4778084692684962,-0.7520218693296566,-0.4922719806829168
2017-03-02,-0.5346737308894305,-0.5251780004570059,-0.5322602512216434,-0.7944868291900771,0.8320764442868351,-0.8390276429654919,0.7902030792812034,-0.037153808110781505,-0.7640425596410926,-0.9323371863546654,0.2775912160887446,-0.3636144578313252,-0.3799456714302585,-0.40055862375420537,-0.9967597820216996,0.37073170731707306,0.31698564593301404,-0.6208587619877939,-0.5686573670444637,0.36923779096303067,0.8774373259052934,-0.5739611800154159,-0.5795555648987654,-0.5574528139505828,-0.14166629291642163,-0.6209981452083939,-0.5327588081964327
2017-03-03,-0.5562850286378742,-0.5418718407656464,-0.5539964200025049,-0.8014313789644063,0.8341942184521791,-0.7896712314989207,0.7819396390834927,-0.23958333333333348,-0.8219002293693858,-0.8669297998308423,-0.10504471191940545,-0.39132530120481923,-0.39057517420573995,-0.40519266171522883,-0.9990181157641513,0.37073170731707306,0.3361244019138754,-0.6063644289450738,-0.6212946817785525,0.35919671382930174,0.898925586947871,-0.1465209165440403,-0.5675555207209885,-0.5448698516965176,-0.3198642539109666,-0.7548214511318256,-0.5346737308894305
2017-03-06,-0.5819997595130655,-0.552271538444939,-0.5487688780278495,-0.9267214574670704,0.8241691075630606,-0.9015400969554295,0.7738694957325118,-0.20187314540059365,-0.7831398344902847,-0.8906117846067092,-0.19752480851224397,-0.3766265060240963,-0.3865595842683358,-0.38145115216149295,-0.9103539692670233,0.3853658536585365,0.32535885167464107,-0.6499564080209241,-0.6042938099389712,0.3840712003651303,0.8479904496617587,-0.4597435358419172,-0.5924444979456779,-0.5709680171550466,-0.3749418488589187,-0.7327616986448852,-0.5562850286378742
2017-03-07,-0.6016961345685115,-0.5823754756242572,-0.5765579568412407,-0.8841917779130817,0.8141430872417694,-0.8606680746294628,0.7717723003312602,-0.17711424332344228,-0.8446350803803289,-0.899069636312376,-0.026525299022752247,-0.376867469879518,-0.38065430494862396,-0.41204849869866056,-0.8887525160783543,0.4146341463414629,0.34928229665071786,-0.6865736704446381,-0.6502833478639931,0.39251483340940174,0.8718662952646232,-0.7121435078130474,-0.5982222311506171,-0.5770265206941407,-0.6089270905610036,-0.8188712686737964,-0.5819997595130655
2017-03-08,-0.6178361151985214,-0.6067323144418331,-0.5949925708482993,-0.8674078519998354,0.8079303013529651,-0.8056859841771465,0.7590766233600514,-0.10864861523244329,-0.7615568825972294,-0.9131660558218204,0.6323057767045239,-0.38626506024096363,-0.4016770993267982,-0.44448676442582347,-0.8782463547547743,0.46585365853658534,0.38038277511961693,-0.7134917175239752,-0.6871185701830864,0.3724326791419439,0.8734580183048157,-0.28652512087450077,-0.6053333421037035,-0.5844830314459999,-0.6251434541382068,0.18512761076108708,-0.6016961345685115
2017-03-09,-0.6109971055806716,-0.6157635667505184,-0.609849993799009,-0.8936259650324043,0.8121665390919124,-0.7530184684122627,0.7477842370378274,-0.1730032146389715,-0.7572322087160368,-0.8928672117282197,0.8586575104705128,-0.4467469879518071,-0.44939175623006955,-0.4826382276391801,-0.8471206244783739,0.5256097560975608,0.42822966507177007,-0.7460767218831732,-0.7139276373147339,0.2706526700136922,0.9044966175885394,-0.5669539625814589,-0.614666719674073,-0.594269884817779,-0.7170051085062918,-0.13611753482998346,-0.6178361151985214
2017-03-10,-0.6104500668793591,-0.6239736368943247,-0.6175541352011371,-0.8607211497834297,0.8238866408638263,-0.7895980067724455,0.7575457277976967,-0.051001483679525395,-0.840754999141128,-0.8393008175923313,0.28219446855073005,-0.4626506024096384,-0.46781622770757036,-0.505237097695677,-0.845647798124601,0.48414634146341484,0.49162679425837297,-0.7299476896251087,-0.7466216216216215,0.2560474669100863,0.8881814564265804,-0.7463387288907575,-0.5884444535901233,-0.5667736649181065,-0.3140953089507469,-0.22021301723143505,-0.6109971055806716
2017-03-13,-0.627410673951434,-0.6190475017593386,-0.6070986385402835,-0.9067025197556733,0.825581191698797,-0.8936903221109426,0.7610348866527148,-0.1318929277942632,-0.8550223811977731,-0.8494502396391317,0.0007923631287023447,-0.49036144578313245,-0.5013582142435336,-0.5090458960198059,-0.9570916588934164,0.5463414634146342,0.45693779904306187,-0.7403007846556231,-0.730165649520488,0.3000912825193973,0.8352566653402311,-0.9788382033494499,-0.57644445385679,-0.554190608207286,-0.5784484176294035,-0.2667823851558079,-0.6104500668793591
2017-03-14,-0.5691423940754698,-0.6163108299562468,-0.620305490459863,-0.9176577907881253,0.8127312377982068,-0.882647696693083,0.7495529785711779,-0.2630749258160239,-0.8537290207847061,-0.8776430786580205,0.5096781496434366,-0.48987951807228924,-0.49852368017007187,-0.5315178061321655,-0.895232952034955,0.5170731707317069,0.5,-0.7404097646033128,-0.7406277244986921,0.241670470104975,0.8356545961002775,-0.6857963702613692,-0.6057777865382715,-0.5849490338502549,-0.32969872212592666,-0.219196818473944,-0.627410673951434
2017-03-15,-0.5560114135410834,-0.5823754756242572,-0.620580686516762,-0.7394981289801155,0.8416783171773194,-0.7303023907662778,0.7637195227689895,-0.0783259149357074,-0.7260096799943416,-0.8037778404285314,0.193751650756518,-0.48289156626506013,-0.4928546120231485,-0.54408684060179,-0.8968039668123127,0.3926829268292682,0.47368421052631593,-0.6972537053182215,-0.7407367044463817,0.25810132359653126,0.8583366494229994,-0.3329129002872959,-0.5328888992691356,-0.5085189249187099,0.280750631198208,-0.3946806114770036,-0.5691423940754698
2017-03-16,-0.5488989803187119,-0.5539134922657163,-0.5471178942851762,-0.8305486519339651,0.8350413838577078,-0.804948686931259,0.7702723612589097,-0.20885880316518313,-0.8346721634484223,-0.786298280236819,0.018790325623514237,-0.4766265060240962,-0.4789181528286286,-0.5033326985336126,-0.8462369286661102,0.4378048780487802,0.35287081339712856,-0.6977986050566694,-0.6974716652136008,0.35463258785942475,0.7608436132113008,-0.4893139934132156,-0.5422222323950616,-0.5183056838337332,-0.5006353754167316,-0.6082800973353619,-0.5560114135410834
2017-03-17,-0.5346737308894305,-0.5544609470423025,-0.5410647366257213,-0.931065863800153,0.8291278304902914,-0.7600960169746699,0.773668646777979,0.6285546488625122,-0.7337294249598352,-0.802086270087397,-0.21205146587178814,-0.48120481927710834,-0.4881303885673791,-0.4890497048181297,-0.9199764347783396,0.3939024390243899,0.4090909090909087,-0.6822144725370531,-0.698234524847428,0.39639434048379707,0.738559490648627,-0.6743045336696798,-0.5466666767407404,-0.5229660384749284,-0.6073028159662588,-0.6915040290907493,-0.5488989803187119
2017-03-20,-0.5064970386199281,-0.5454297221008826,-0.5328106433354414,-0.9458606799808457,0.8254406257550482,-0.9135527395832039,0.7687644950828738,-0.24208704253214652,-0.8550021724413189,-0.8015224133070191,-0.14073878428857123,-0.48289156626506013,-0.49852368017007187,-0.48047990858884004,-0.9290097697481465,0.3475609756097562,0.36602870813397104,-0.6668482999128158,-0.6800348735832609,0.4228662711090827,0.7421408674890566,-0.7316235722794479,-0.5368889436246902,-0.5127131826988944,-0.6390830191632744,-0.7668656951440347,-0.5346737308894305
2017-03-21,-0.4985637601071846,-0.512588866813084,-0.5176778042150092,-0.8252205246656108,0.7823279961594967,-0.5799497232294714,0.7238346823422006,0.11557245301681496,-0.7881313973344651,-0.7609247251198195,0.05720107157680254,-0.503855421686747,-0.5011220030707453,-0.48714530565606573,-0.8865923707594874,0.2902439024390242,0.3157894736842106,-0.6673931996512641,-0.6671752397558848,0.4502510269283433,0.7473139673696778,-0.5265923901618668,-0.5204444551012344,-0.4954698185752562,-0.37449071032773074,-0.5629411538524918,-0.5064970386199281
2017-03-22,-0.5029408356867617,-0.5030103512986703,-0.49236488460344496,-0.8746340839802996,0.7901278878725284,-0.7240429391479377,0.7094706873484222,-0.021142433234421443,-0.9081512019157902,-0.7688187200451075,0.19378938233407528,-0.49759036144578306,-0.5100980276367071,-0.4644194756554305,-0.9099612155726838,0.27439024390243905,0.2535885167464116,-0.6897340889276373,-0.6678291194420227,0.4584664536741214,0.6935933147632314,-0.5790063765678649,-0.5208888995358023,-0.49593586820788915,-0.4999978014691464,-0.6080274208875533,-0.4985637601071846
2017-03-23,-0.4977431063090809,-0.5002736794955784,-0.5022699616363986,-0.8981718824821837,0.7865825838927707,-0.7120866879761842,0.7171387577944568,-0.160361028684471,-0.8618933583921915,-0.7767127149703965,0.16473606761498694,-0.4980722891566265,-0.5065548600448799,-0.45794451850441176,-0.886788747606657,0.2926829268292681,0.24760765550239228,-0.6884263295553614,-0.6900610287707063,0.5073026015518027,0.7003581376840424,-0.6710812136500596,-0.5306666326518528,-0.5061887239839231,-0.44580225709971577,-0.6783685157822075,-0.5029408356867617
2017-03-24,-0.47941461524532025,-0.5013683974778931,-0.5003440019496495,-0.8834702381081357,0.7841715911929881,-0.661188769767783,0.6999451540493569,-0.12039441147378849,-0.9444461285074823,-0.7676910064843518,-0.23095498622797428,-0.5093975903614456,-0.5129325617101688,-0.45508791976131535,-0.9052481712406106,0.2926829268292681,0.2583732057416266,-0.6810156931124669,-0.6889712292938102,0.5670926517571884,0.6991643454038989,-0.6803307406628828,-0.535555565876543,-0.5113150338009957,-0.7274182300419569,-0.7238887271515491,-0.4977431063090809
2017-03-27,-0.4928190193842288,-0.47755879449878025,-0.47613164645285755,-0.8479349444111001,0.7807679679448039,-0.7666088093133435,0.6773547178073009,-0.1933419881305639,-0.8849515495064012,-0.7304764589794184,-0.305738972946459,-0.4987951807228914,-0.5112790835006495,-0.4271567320510381,-0.895920271000049,0.24390243902439002,0.2153110047846889,-0.6717523975588491,-0.6655405405405408,0.4810588772250117,0.6804615996816548,-0.5565832807792026,-0.5128888997135801,-0.487547069277253,-0.49839111512123146,-0.6069031937936804,-0.47941461524532025
2017-03-28,-0.4848857408714853,-0.4844006108428367,-0.48961350183061647,-0.8784172926873133,0.8048769561739353,-0.7412351790944247,0.6980952433041279,-0.0997156280909991,-0.8616508533147413,-0.7597970115590638,-0.34011244010112074,-0.5043373493975905,-0.5004133695523798,-0.405446581603504,-0.8936619372575972,0.295121951219512,0.2153110047846889,-0.701939843068875,-0.6719703574542284,0.4726152441807394,0.6581774771189819,-0.6321210847172587,-0.5404444991012334,-0.5164415325315797,-0.3887732461659822,-0.692875439666174,-0.4928190193842288
2017-03-29,-0.5084119613129263,-0.4948003085221293,-0.4821845839994898,-0.9261255912617847,0.8079972179589734,-0.8739381625601552,0.7183778215094923,-0.2893484174085066,-0.6874109551668739,-0.7857344234564421,-0.5135645021318342,-0.48987951807228924,-0.4789181528286286,-0.40462134196660937,-0.9048554175462712,0.24634146341463392,0.2667464114832532,-0.6965998256320836,-0.7020488230165651,0.4614331355545409,0.6983684838838045,-0.6378670030131035,-0.5360000103111109,-0.5117811306620064,-0.7470810105854865,-0.5949779640503667,-0.4848857408714853
2017-03-30,-0.5015729516950769,-0.5038313418926919,-0.5022699616363986,-0.8831452201779799,0.8186331445665069,-0.8958740181205948,0.7219674038752926,-0.1886436696340259,-0.8544161185041479,-0.8376092472511987,-0.5584273478474135,-0.4626506024096384,-0.45907641431439705,-0.4074779407097062,-0.8877706318425057,0.29634146341463374,0.21889952153110004,-0.7118570183086308,-0.6968177855274629,0.4952076677316293,0.7214484679665736,-0.5970849975474739,-0.552000054399999,-0.5285586340665231,-0.6469036331162066,-0.49582443015052546,-0.5084119613129263
2017-03-31,-0.4843387295262107,-0.5049260598750065,-0.4984180147487973,-0.8479089429766876,0.8108332528534752,-0.8243528186154088,0.72526892948119,-0.0870425321463899,-0.8127254539391919,-0.8505779531998874,-0.9398558653737313,-0.4448192771084336,-0.44962796740285804,-0.41122325906176593,-0.9082920123717413,0.25731707317073127,0.2535885167464116,-0.7092414995640803,-0.7124019180470795,0.4972615244180738,0.7604456824512535,-0.6431924882629108,-0.5404444991012334,-0.5164415325315797,-0.542490126397936,-0.663180464082409,-0.5015729516950769
2017-04-03,-0.4769524623587409,-0.4969895255486354,-0.4926400806603439,-0.9002389965179747,0.8050190769533341,-0.7746382793199273,0.6976546618013755,-0.14298961424332357,-0.859246011296695,-0.8398646743727092,-0.13130588989925673,-0.43662650602409636,-0.4508090232668005,-0.4011299435028248,-0.8936619372575972,0.17682926829268286,0.23205741626794207,-0.6890802092414994,-0.701939843068875,0.5171154723870379,0.7656187823318747,-0.731903860976806,-0.5231110772641985,-0.4982660219142978,-0.6214780634988477,-0.711417862760069,-0.4843387295262107
2017-04-04,-0.4769524623587409,-0.4860427836017367,-0.4731050951372331,-0.9309726919935084,0.8071460334499716,-0.8970174180161864,0.7145643608028411,-0.2922230464886253,-0.9147594652763044,-0.8381731040315765,0.09644191223635046,-0.44698795180722883,-0.4392346758001653,-0.3788484733066717,-0.9142815062104177,0.22682926829268268,0.14832535885167442,-0.6880993897122929,-0.6896251089799477,0.5367412140575079,0.7604456824512535,-0.7778712073435639,-0.5119999664000008,-0.48661501724036493,-0.7187006155006979,-0.5724549714091105,-0.4769524623587409
2017-04-05,-0.4889892013542716,-0.4898742007544086,-0.5000687783786475,-0.8568967721385964,0.7972189505481295,-0.6767776407035213,0.7211847778033467,-0.14512240356083095,-0.8002162336940597,-0.8443755286157311,0.28853337358034925,-0.4248192771084336,-0.42600685012401085,-0.39382974671491144,-0.8797191811085472,0.1963414634146341,0.1901913875598087,-0.6833042720139493,-0.6888622493461201,0.5408489274303969,0.7664146438519701,-0.6294583420923552,-0.5106666775407407,-0.485216962799222,-0.46165366455519774,-0.4881855450761965,-0.4769524623587409
2017-04-06,-0.48132953793831845,-0.4956212991161504,-0.48411057120034195,-0.9321384229696672,0.8065791051680273,-0.8436997171800147,0.7158921439045884,-0.24792903066271033,-0.8846484181595886,-0.8550888074429093,-0.1399086895823115,-0.4339759036144577,-0.4274241171607416,-0.40798578048625656,-0.895920271000049,0.198780487804878,0.15550239234449714,-0.6950741063644288,-0.6837401918047079,0.5244180739388407,0.7628332670115405,-0.7474598836801907,-0.5093333442370369,-0.4838188139013233,-0.728552671962488,-0.6175833511854736,-0.4889892013542716
2017-04-07,-0.48132953793831845,-0.4614122173958677,-0.47970842479766285,-0.7649145311183001,0.8031750272037561,-0.8214945292923104,0.7148829990568646,-0.3468100890207716,-0.829923105681692,-0.8855370735833086,0.1555672942685733,-0.41156626506024097,-0.40025983229006723,-0.46029327747095783,-0.8249300407481956,0.24878048780487783,0.17464114832535893,-0.7018308631211858,-0.6951830863121184,0.5225924235508899,0.7847194588141653,-0.48090533249246725,-0.5097777886716048,-0.48428491076233415,-0.5676298870043084,-0.6671683575847793,-0.48132953793831845
2017-04-10,-0.434003509314683,-0.48823202799550813,-0.48768754214386734,-0.932350768017369,0.8051607576849067,-0.8500984641113621,0.7164120080419956,-0.3135818496538082,-0.9100508250224824,-0.8821539329010424,0.08433007584047081,-0.39759036144578297,-0.39529939766150934,-0.46803783406335286,-0.8927782414453335,0.2292682926829266,0.21770334928229618,-0.725806451612903,-0.7037925021795988,0.4600638977635785,0.8225228810187035,-0.695606474668909,-0.5031111221530864,-0.4772944496431082,-0.6535757345511437,-0.6130864428099818,-0.48132953793831845
2017-04-11,-0.4112981341636144,-0.4414340042021614,-0.44806715146974474,-0.7626567398968177,0.8011895167465184,-0.7641225352672797,0.6966379667788183,-0.2374196340257172,-0.8782826598765245,-0.8787707922187762,0.24099158585820457,-0.3778313253012049,-0.3889216959962205,-0.44804164286167714,-0.8669546860425155,0.14634146341463383,0.1806220095693778,-0.669354838709677,-0.726460331299041,0.5198539479689641,0.805013927576602,-0.6593090883610118,-0.4715555228543218,-0.44420558692346335,-0.2664830453697623,-0.5694613047992045,-0.434003509314683
2017-04-12,-0.3954316044941648,-0.4189928739609212,-0.42468021905903264,-0.8266376028410901,0.7865825838927707,-0.7901337256046458,0.7044604485449262,-0.19862759643916927,-0.815190922226601,-0.8426839582745975,0.36592083915028484,-0.37012048192771085,-0.38041809377583546,-0.3951628261283564,-0.9117286071972114,0.08048780487804885,0.11722488038277445,-0.6598735832606799,-0.6695727986050568,0.4888178913738015,0.7807401512136893,-0.6877583911428772,-0.46222223417283925,-0.43441882800844,-0.47763786327424573,-0.547051833460587,-0.4112981341636144
2017-04-13,-0.40527977834386864,-0.4072249224818787,-0.4001926675053422,-0.8181849698708379,0.7650262690949949,-0.7437748987741801,0.6851734244859919,-0.2971068249258162,-0.5680378307920824,-0.8720045108542429,0.18397917216918835,-0.3848192771084338,-0.39057517420573995,-0.38583127023424124,-0.886788747606657,0.06585365853658542,0.055023923444975864,-0.6597646033129902,-0.6600915431560592,0.48699224098585114,0.7357739753282928,-0.6822927615443908,-0.46355552303209957,-0.4358169296779606,-0.5212848566074207,-0.7009134802884905,-0.3954316044941648
2017-04-17,-0.3894132213183803,-0.39573072575839463,-0.401293259134218,-0.8490183375116195,0.7942410295664022,-0.8467734723649251,0.6912622751579898,-0.3174146884272998,-0.8718360665676439,-0.8556526642232871,-0.4436478889182358,-0.3819277108433734,-0.39482697531593236,-0.37751539389322675,-0.9159507094113603,0.08536585365853666,-0.0023923444976077235,-0.6431996512641671,-0.6417829119442024,0.45344591510725696,0.7656187823318747,-0.7914652091654404,-0.46666672296296174,-0.4390791826496352,-0.6530410518475136,-0.7469884812497596,-0.40527977834386864
2017-04-18,-0.4192312211840896,-0.3968254437407088,-0.4084467883097256,-0.7962765945921351,0.7843132719245611,-0.7844045220056084,0.6869187597041715,-0.21250618199802185,-0.8203037376095063,-0.8043416972089092,0.36429838131532266,-0.38602409638554214,-0.40214952167237494,-0.4284263314924144,-0.8287593892680052,-0.007317073170731714,0.06339712918660245,-0.6513731473408892,-0.6437445510026154,0.37266088544043807,0.7524870672502981,-0.6298787751383925,-0.47555556720987635,-0.44839993916040344,-0.5668278629488632,-0.7533932799050815,-0.3894132213183803
2017-04-19,-0.4129394417598218,-0.417898155978607,-0.4208282446573288,-0.8489511671393872,0.7782155292056219,-0.8455341228277453,0.670927597653526,-0.11479970326409505,-0.5803045459597644,-0.817310403157598,0.5994038410745952,-0.3836144578313252,-0.39529939766150934,-0.42372881355932224,-0.8980804163189159,0.04634146341463419,-0.02392344497607679,-0.6726242371403659,-0.6514821272885789,0.3918302145139205,0.6900119379228009,-0.7522247915352813,-0.5146667218962953,-0.48941140949291806,-0.05798932921064848,-0.0949807105334951,-0.4192312211840896
2017-04-20,-0.4033648556508709,-0.42036131933152854,-0.41477511451197646,-0.7771308717197566,0.8051607576849067,-0.7450719022626651,0.6761715304117497,-0.06024357072205755,-0.8005597825537807,-0.81392726247533,0.47277666679243846,-0.43879518072289136,-0.4482107003661273,-0.4557227194820035,-0.8624380185576119,0.07073170731707323,0.005980861244018865,-0.6519180470793371,-0.6736050566695728,0.5168872660885437,0.7095105451651413,-0.6890196902809894,-0.5062222331950617,-0.4805566081580268,-0.6110640625508411,-0.48140539372666624,-0.4129394417598218
2017-04-21,-0.42607023080193906,-0.4083196404641929,-0.4084467883097256,-0.6943444713366689,0.794524156337375,-0.6700897823521255,0.6952403397274423,0.11643793273986147,-0.785524467751877,-0.8077248378911754,0.27140323736935423,-0.43638554216867464,-0.4486831227117041,-0.4620707166888849,-0.8797191811085472,0.08292682926829231,0.049043062200957,-0.6629250217959894,-0.6530078465562337,0.4614331355545409,0.713489852765619,-0.6780884310840165,-0.5048888554469144,-0.4791584592601281,-0.5790015679922049,-0.3110044254998141,-0.4033648556508709
2017-04-24,-0.45971824018987517,-0.4384236050107764,-0.4378868508657896,-0.793028582076778,0.8311131209236167,-0.6329720001691743,0.7374292631035062,0.03236275964391666,-0.8136550567360838,-0.7287848886382857,-0.03497717239557785,-0.4612048192771083,-0.46545411597968567,-0.4811147083095282,-0.8866905591830723,0.11585365853658525,0.13397129186602852,-0.680797733217088,-0.6676111595466434,0.4828845276129621,0.6681257461201753,-0.5780253661271109,-0.5231110772641985,-0.4982660219142978,-0.431765077304742,-0.5092547326481772,-0.42607023080193906
2017-04-25,-0.4435782869159035,-0.4559386274842958,-0.4546704811301745,-0.8083867626697407,0.8506841599563284,-0.8118743152278183,0.7733420814202714,0.05022873392680505,-0.7360938494649732,-0.6960811953763741,-0.014300267894200802,-0.47228915662650595,-0.4746663517184362,-0.5104424554053195,-0.8737296872698708,0.19024390243902412,0.08133971291865993,-0.7015039232781164,-0.6806887532693984,0.4881332724783203,0.6510147234381218,-0.6300189194870717,-0.5666667207407395,-0.5439377996596297,0.10187904035007622,-0.5851125966533186,-0.45971824018987517
2017-04-26,-0.45588842215991754,-0.45347568306949704,-0.45962301964665153,-0.8210841298078277,0.8485567487436043,-0.7781900993857329,0.7854982630263199,-0.010447576656775537,-0.7129144058120385,-0.7090499013250628,-0.2640833113232465,-0.46867469879518064,-0.46569032715247416,-0.5478956389259189,-0.850557219303844,0.153658536585366,0.15789473684210487,-0.7126198779424584,-0.7023757628596337,0.5267001369237794,0.6319140469558295,-0.5396258145890267,-0.5648888985580245,-0.5420736483574762,-0.37727492980090993,-0.5281249027287225,-0.4435782869159035
2017-04-27,-0.44549318225286294,-0.46332792597220385,-0.45687166438792604,-0.853408246354924,0.8513929889937581,-0.8930443453572683,0.7784489686471328,-0.0811078140454996,-0.7434902543272001,-0.7259656047363965,-0.3373957665169982,-0.47180722891566274,-0.4836423762843982,-0.555703675490383,-0.8742206293877951,0.14878048780487774,0.13277511961722466,-0.7206843940714909,-0.7127288578901481,0.5627567320858056,0.6422602467170719,-0.43844159484268797,-0.5848889425580235,-0.5630454095421773,-0.40872711219454727,-0.396343149264034,-0.45588842215991754
2017-04-28,-0.47558479721536306,-0.45867551822551045,-0.44861754358354267,-0.8390814559936557,0.8440185795232722,-0.9105631507505639,0.7766994814126851,-0.005996538081108005,-0.7220689724857782,-0.7124330420073299,-0.9559295174131232,-0.4701204819277107,-0.47561119640958993,-0.5699866692058655,-0.8312140998576267,0.13536585365853648,0.11124401913875559,-0.7206843940714909,-0.7206843940714909,0.6248288452761299,0.6593712693991236,-0.6326816621119753,-0.5662222318617283,-0.5434717972553746,-0.4562628669018216,-0.7296929614961374,-0.44549318225286294
2017-05-01,-0.4761318085606372,-0.4592227814312393,-0.4739304907092099,-0.8303363068862633,0.8525273149419936,-0.8531823192585448,0.7712158161062406,-0.13529302670623156,-0.7478755544777553,-0.7113053284465733,-0.5849149152926085,-0.47349397590361453,-0.48671312153064816,-0.6252142449057323,-0.9742746330207668,0.1756097560975607,0.09569377990430583,-0.7497820401046207,-0.7158892763731473,0.5696029210406208,0.6482292081177876,-0.753906523719431,-0.5902221868839516,-0.5686377217635046,-0.45148765788749334,-0.7238649242977699,-0.47558479721536306
2017-05-02,-0.5218163654518349,-0.48932671861055743,-0.47695704202483435,-0.9263466034542907,0.8538039816935408,-0.8931899531466958,0.7723136822736447,0.021266073194856405,-0.7595562157082665,-0.6938257682548628,0.3301890352035617,-0.4824096385542167,-0.48718554387622515,-0.6153748492350664,-0.9934213756198144,0.13292682926829258,0.14114832535885125,-0.7635135135135136,-0.750326939843069,0.5654952076677318,0.6482292081177876,-0.7236353444047369,-0.5880000091555555,-0.5663075680570959,-0.6560020332013337,-0.21063877704599254,-0.4761318085606372
2017-05-03,-0.554370105944876,-0.49781073508077966,-0.5132756578123301,-0.798283038614297,0.8496912947157527,-0.8268584509224948,0.7665378062580621,-0.06494188921859556,-0.669526205704932,-0.7191993233718632,0.3042674414217257,-0.4983132530120482,-0.5119877170190148,-0.6520027931187711,-0.9977416662575481,0.1756097560975607,0.10885167464114831,-0.8279206625980817,-0.7635135135135136,0.4997717937015058,0.6354954237962591,-0.6207693924742484,-0.5982222311506171,-0.5770265206941407,-0.4497156420193771,-0.34990195055231765,-0.5218163654518349
2017-05-04,-0.5483517501251298,-0.5541872196540094,-0.5487688780278495,-0.7637054644181205,0.8536623009619677,-0.8759905590602658,0.7614675391188137,-0.176836053412463,-0.8170299190639305,-0.6633775021144626,1.0,-0.5110843373493974,-0.52356206448565,-0.6903446962483337,-0.9981344199518876,0.21219512195121926,0.14712918660287055,-0.8150610287707061,-0.8284655623365302,0.5057051574623461,0.672105053720653,-0.562048910377689,-0.6164444529679011,-0.596133941663177,-0.42164392066645395,0.2671980196025656,-0.554370105944876
2017-05-05,-0.5554643748397705,-0.5599343180157517,-0.5473930903420752,-0.8781052754743637,0.8669930217802548,-0.8737239591936274,0.7724952749963054,-0.21936819980217614,-0.7909202057251408,-0.6554835071891727,0.9579670226012147,-0.5612048192771084,-0.5486004488012282,-0.6846949787342096,-0.9998036231528302,0.20975609756097535,0.16866028708133962,-0.7942458587619876,-0.8160418482999128,0.5613874942948422,0.6243533625149222,-0.65146100483498,-0.596444497856789,-0.5751623693919872,-0.5287484291497051,-0.36744831576499615,-0.5483517501251298
2017-05-08,-0.574613519701634,-0.5580186368066808,-0.5473930903420752,-0.9146979608375063,0.866425638782224,-0.9310227284921829,0.7852626824943676,-0.17241592482690415,-0.7092364121373792,-0.697208908937129,0.4685129985284684,-0.5416867469879518,-0.542458958308728,-0.663556148035295,-0.8935637488340124,0.25731707317073127,0.1901913875598087,-0.7832388840453355,-0.77321272885789,0.5264719306252852,0.6036609629924401,-0.5879756148833298,-0.59688885340247,-0.5756283717962423,-0.8102562343739421,-0.45981437436029826,-0.5554643748397705
2017-05-09,-0.5748871347984252,-0.5826492030125503,-0.5782089405839139,-0.885166831703549,0.863306037068925,-0.9184924627979462,0.7788816211132308,-0.18215257171117716,-0.8164842826396679,-0.7254017479560195,0.21265517111270404,-0.5371084337349397,-0.5457659147277665,-0.6766330222814703,-0.8775590357896803,0.26829268292682906,0.22368421052631504,-0.8101569311246728,-0.7835658238884045,0.4714742126882703,0.6553919617986468,-0.5860135940018218,-0.5977777867160493,-0.5765604238331301,-0.6690437182257329,-0.6448779005150571,-0.574613519701634
2017-05-10,-0.5623033844576204,-0.5755336592802007,-0.5699546271808109,-0.9395704996392302,0.8694037797878638,-0.9061595671997833,0.7684651111277536,-0.15019164193867474,-0.8230319197308195,-0.7287848886382857,0.34547032411425116,-0.5448192771084337,-0.5221447974489191,-0.6671110264711482,-0.870096715597231,0.2829268292682925,0.22488038277511935,-0.8028552746294679,-0.8102659110723627,0.49748973071656755,0.6808595304417038,-0.70359470254362,-0.5795555648987654,-0.5574528139505828,-0.6163273454147002,-0.4074462650575936,-0.5748871347984252
2017-05-11,-0.553275837049982,-0.5659551711330519,-0.5608749457198337,-0.8965836281968222,0.8624550725838347,-0.872221589805603,0.7519865549440143,-0.1367767062314541,-0.7803308173431549,-0.7327318861009298,0.1473040787835338,-0.5159036144578313,-0.5122239281918033,-0.6676823462197676,-0.8681329471255338,0.2621951219512191,0.23684210526315752,-0.7840017436791626,-0.8029642545771578,0.4947512551346418,0.6987664146438517,-0.7447971410552869,-0.5599999653333343,-0.536947149626892,-0.46046733730651845,-0.664249761513715,-0.5623033844576204
2017-05-12,-0.5447955471919634,-0.5574711546628297,-0.5460173026563009,-0.9147824654993468,0.8567823573913542,-0.9077633570422934,0.765679672638877,-0.13424208704253227,-0.8146452858023383,-0.6932619114744849,0.1064407802890237,-0.5055421686746988,-0.5157670957836304,-0.6529549926998031,-0.8953311404585398,0.1804878048780485,0.22368421052631504,-0.7776809067131647,-0.7846556233653006,0.5155180282975809,0.6959808993235175,-0.6558054796440334,-0.5444444990123445,-0.5206358847685197,-0.6511503153132951,-0.6630889146447972,-0.553275837049982
2017-05-15,-0.5308438855034345,-0.5470716759216598,-0.5388637734807933,-0.9237724614474566,0.8755019772228896,-0.8740707245649809,0.7760965614861752,-0.057987141444114876,-0.5541746238645207,-0.6684522131378632,0.20703316605667266,-0.5048192771084337,-0.4782095193102631,-0.6441947565543074,-0.8574304089547842,0.2012195121951219,0.14832535885167442,-0.755993897122929,-0.7736486486486487,0.48607941579187575,0.6585754078790291,-0.7425548314764208,-0.5408889435358013,-0.5169076293925903,-0.6584547142217685,-0.34675081890971937,-0.5447955471919634
2017-05-16,-0.47230199053068,-0.5369457056306599,-0.5275828812479628,-0.9254365532498544,0.8723821554856772,-0.9190033525562268,0.7778845573184285,-0.06290182987141457,-0.704729859448099,-0.6081195376374389,0.24302909104629666,-0.48144578313253006,-0.48482343214834045,-0.6220402463022916,-0.903578968039668,0.1804878048780485,0.1650717703349276,-0.7297297297297294,-0.7559938971229294,0.46554084892743,0.6346995622761646,-0.5418681241678929,-0.5337778325827149,-0.5094509769555977,-0.7593927833664433,-0.710890537999425,-0.5308438855034345
2017-05-17,-0.4991109903007662,-0.47920096725768024,-0.47613164645285755,-0.7305536355422275,0.8119680188495364,-0.41008182442351837,0.7137485128018475,0.2821154797230463,-0.4006891185950874,-0.5647025655483509,0.2068067765913293,-0.496144578313253,-0.48222510924766726,-0.6011553354916526,-0.8356325789189454,0.054878048780488076,0.11483253588516718,-0.721447253705318,-0.7299476896251091,0.39570972158831585,0.57341822522881,-0.5903580688108752,-0.5155555218765442,-0.4903433670730504,-0.4480315673854105,-0.5236023605106993,-0.47230199053068
2017-05-18,-0.4829708181784871,-0.4841271023926663,-0.49566663197596883,-0.8084669337591791,0.8254406257550482,-0.6841544006482492,0.7045416177568051,0.2802299703264093,-0.2369981913162974,-0.5962785452495059,0.3287929668339433,-0.47759036144578304,-0.47844573048305183,-0.6245159652129755,-0.7286071972114487,0.060975609756097615,0.04066985645932997,-0.751634699215344,-0.721447253705318,0.3418530351437701,0.5272582570632709,-0.3537944082404877,-0.5475555656098765,-0.5238980905118165,-0.3676216205282983,-0.6291039324145431,-0.4991109903007662
2017-05-19,-0.46929279894278775,-0.4920634177809142,-0.48686214657189053,-0.8854701817716945,0.8472805220398829,-0.6506406216695111,0.7305381551318089,0.10277571711177047,-0.49571069144260216,-0.5376374400902169,0.21401350790476537,-0.46819277108433743,-0.4555332467225699,-0.6075668126706026,-0.8590014237321419,0.06951219512195106,0.03468899521531066,-0.7375762859633825,-0.7518526591107237,0.32062984938384265,0.5515320334261844,-0.6318407960199005,-0.538222188039507,-0.5141113315967931,-0.7031367758808855,-0.5654496084430553,-0.4829708181784871
2017-05-22,-0.4900834702491661,-0.47591684067800255,-0.467602136992856,-0.9213261598264838,0.8644403483488992,-0.8778931394533354,0.7638278753164243,-0.17250865479723065,-0.7694180888579022,-0.5201578798985063,0.3870127910047918,-0.4395180722891565,-0.4460847998110309,-0.5875706214689265,-0.840051057980264,0.09024390243902403,0.05143540669856428,-0.7168700959023537,-0.7343068875326941,0.31332724783204036,0.4970155192996417,-0.6608506761964823,-0.5248888994469134,-0.5001301259880737,-0.6866882474455271,-0.5704683486129344,-0.46929279894278775
2017-05-23,-0.4772260774555317,-0.4745483953073948,-0.48411057120034195,-0.8525762004537252,0.8719566732431328,-0.9312078944671776,0.7707982639898083,-0.2688550939663701,-0.5757373670011217,-0.5511700028192834,0.1953741085914802,-0.4281927710843372,-0.42813275067910705,-0.5536088364121121,-0.8004811232755658,0.1268292682926826,0.038277511961722244,-0.7288578901482126,-0.717741935483871,0.3753993610223638,0.48109828889773176,-0.524910657977717,-0.5480000544888879,-0.5243641873728273,-0.5294132648798768,-0.5382997072248985,-0.4900834702491661
2017-05-24,-0.48078230774473685,-0.4868637741957582,-0.4857615549430152,-0.8803197309718254,0.8798987004038228,-0.9371584555726857,0.778019714339599,-0.15068620178041559,-0.731122495377247,-0.5308711587256836,0.2833264158774478,-0.41855421686746985,-0.42577063895122214,-0.5654795911889798,-0.8528155530462957,0.09024390243902403,0.09688995215310969,-0.7157802964254576,-0.7291848299912815,0.3270196257416704,0.5200955033824108,-0.5556022703384487,-0.533333388148147,-0.5089849273229647,-0.5499792018981238,-0.42905925628898856,-0.4772260774555317
2017-05-25,-0.4517849616771308,-0.48795849217807286,-0.47558125433906007,-0.943587721255956,0.8962073275355755,-0.8650110584066089,0.8007958972535518,-0.1946092977250249,-0.8600341527984077,-0.5353820129687055,0.7091650001886578,-0.4226506024096386,-0.4226998937049722,-0.5474512791214372,-0.8887525160783543,0.0939024390243901,0.06578947368421062,-0.7176329555361813,-0.7161072362685266,0.3603377453217709,0.4866693195384011,-0.70359470254362,-0.5448889434469124,-0.5211019816295306,-0.6704498985597865,0.5156540383372425,-0.48078230774473685
2017-05-26,-0.46272743177776743,-0.45812806344892465,-0.44696655984086986,-0.8853770099650498,0.8954984984981458,-0.9384116925579901,0.8006180776853395,-0.3830675074183978,-0.7999737286166096,-0.5511700028192834,-0.0404482511413804,-0.48289156626506013,-0.471595606472186,-0.5449120802386846,-0.8574304089547842,0.08780487804878012,0.06339712918660245,-0.6906059285091541,-0.718395815170009,0.44340483797352803,0.5065658575407888,-0.6637937075187443,-0.5346666325629639,-0.5103829817641077,-0.7501941302743855,-0.44357350412796404,-0.4517849616771308
2017-05-30,-0.4495964238873422,-0.4707169781547238,-0.4574220565017235,-0.934868573582976,0.8925203428242456,-0.9865043462452232,0.7927140497785019,-0.2754698318496539,-0.7493507936989099,-0.5500422892585277,-0.5257518016828284,-0.45469879518072287,-0.46332821542458946,-0.5366596838697393,-0.8264028671019685,0.03658536585365857,0.05143540669856428,-0.7355056669572795,-0.7031386224934613,0.5162026471930625,0.5435734182252281,-0.609277555882559,-0.5502222322172838,-0.5266943883076138,-0.7260322761917577,-0.7268952106827207,-0.46272743177776743
2017-05-31,-0.4468608747522791,-0.44608641194885434,-0.44889254704172155,-0.8080422436637755,0.8916691583152434,-0.7483383983942743,0.7797574974499768,0.12255811078140444,-0.4725312477896674,-0.5173385959966161,-0.8862015620873109,-0.4619277108433735,-0.47750088579189787,-0.5376118834507713,-0.8701949040208159,0.03414634146341422,0.021531100478469067,-0.7167611159546641,-0.736922406277245,0.5769055225924236,0.522881018702746,-0.6195080933361362,-0.5457777434271613,-0.5220339392096629,-0.6754062665164631,-0.40897514066571083,-0.4495964238873422
2017-06-01,-0.42251400051273436,-0.45949650881953197,-0.45439547767199606,-0.8439718924494002,0.9188981883055001,-0.8444311227812433,0.7897413549693559,-0.17062314540059365,-0.863954651550517,-0.5342542994079498,0.703203410934611,-0.4855421686746988,-0.4893114444313216,-0.574239827334476,-0.7901713387991555,0.04268292682926811,0.013157894736842035,-0.7555579773321708,-0.7175239755884917,0.6095390232770423,0.49104655789892515,-0.7715647116530026,-0.5497777877827159,-0.526228291446603,-0.8038593890018935,-0.4663363562957632,-0.4468608747522791
2017-06-02,-0.4192312211840896,-0.4329502340373277,-0.42330443137325835,-0.8750522737171001,0.9303852994220354,-0.7615100116928104,0.8159021212112774,-0.006892927794263315,-0.8442106964947913,-0.49534818156188276,0.6599630230539939,-0.4987951807228914,-0.511515294673438,-0.5674474703231129,-0.8152093868132946,-0.02317073170731687,0.017942583732057482,-0.7049912816041846,-0.7558849171752398,0.6595162026471928,0.5077596498209314,-0.5923200896923831,-0.5426666768296293,-0.5187716862379883,-0.6598265974745037,-0.45604803049694853,-0.42251400051273436
2017-06-05,-0.3817535852584655,-0.4266556808989992,-0.4125739312542258,-0.9463157050830638,0.927832860682853,-0.9465383747014461,0.8234656141972949,-0.19207467853610305,-0.8728465043903524,-0.5105723146320837,0.2711391163264536,-0.5089156626506024,-0.5082083382543994,-0.5139338538691045,-0.8717659187981736,0.0060975609756099836,-0.049043062200957,-0.7061900610287708,-0.7124019180470795,0.695116385212232,0.46836450457620415,-0.7917454978627987,-0.5435555656987654,-0.5197038327316319,-0.8081641124135208,-0.5037727523239824,-0.4192312211840896
2017-06-06,-0.39953503762091325,-0.38916263680263086,-0.379832286410255,-0.7985560536756279,0.9167712318088626,-0.9226494389365749,0.8137566015983446,-0.1495425321463899,-0.6567946891388039,-0.49760360868339415,0.20058106629438166,-0.5159036144578313,-0.5082083382543994,-0.5032057385894753,-0.8600814963915753,-0.04024390243902465,-0.02631578947368407,-0.6896251089799477,-0.7067349607672186,0.7250114103149246,0.47473139673696796,-0.7405928105949128,-0.4964445000790112,-0.4703037996103705,-0.18740980527172535,-0.53615561939603,-0.3817535852584655
2017-06-07,-0.42141973161783985,-0.39326756240547267,-0.4004678635622412,-0.8366763233105027,0.9231530107309474,-0.9067887106830036,0.812761047451914,-0.1809161721068251,-0.7758444734103288,-0.509444601071328,0.6987888163604119,-0.502168674698795,-0.5124601393645918,-0.5057449374722274,-0.8544847562472384,-0.0024390243902439046,-0.05741626794258403,-0.725806451612903,-0.6902789886660856,0.6328160657234139,0.4600079586152006,-0.6546843248546003,-0.5031111221530864,-0.4772944496431082,-0.5472714912986547,0.05581586112316517,-0.39953503762091325
2017-06-08,-0.4517849616771308,-0.42282426374632776,-0.42990795363240863,-0.8557765436726593,0.92485448498504,-0.8653557196191557,0.8175643987073857,-0.004945598417408714,-0.4913860175614094,-0.5336904426275728,0.6392483869750594,-0.5530120481927709,-0.5604110074406519,-0.5461816796800609,-0.8014630075114143,0.017073170731707332,-0.020334928229665206,-0.7375762859633825,-0.726133391455972,0.716339570972159,0.4703541583764421,-0.5261719571158293,-0.5222222772839495,-0.49733401710578784,-0.48312275804816207,-0.2933939756808073,-0.42141973161783985
2017-06-09,-0.4567090486019829,-0.4548439095019816,-0.4450405726400173,-0.8796761954701169,0.9196070320111911,-0.5780681844244694,0.8216795068752334,0.20174950544015813,-0.7900512291976114,-0.5438398646743723,0.03497717239557785,-0.5559036144578311,-0.5599385850950749,-0.5599568336189931,-0.8667583091953458,0.02926829268292641,-0.033492822966507685,-0.7375762859633825,-0.7381211857018308,0.7606115928799637,0.5153203342618387,-0.5844720061663513,-0.5395555657876543,-0.5155094804946918,-0.6002112348444277,-0.549767189780153,-0.4517849616771308
2017-06-12,-0.4534262692733382,-0.4608647626192819,-0.44861754358354267,-0.9257702383248143,0.9188981883055001,-0.7722748881481782,0.8268407588402371,0.6062994559841739,-0.2679782149605425,-0.5398928672117274,0.15096404180658785,-0.5544578313253012,-0.5483642376284397,-0.5906176601282294,-0.8241445333595168,0.04512195121951201,0.013157894736842035,-0.7289668700959022,-0.7411726242371404,0.7973528069374716,0.5133306804615998,-0.6626725527293111,-0.5435555656987654,-0.5197038327316319,-0.6493563141366414,-0.5524386023696656,-0.4567090486019829
2017-06-13,-0.47148133673257675,-0.4603174994135535,-0.4582474520736999,-0.9504889353062644,0.935774667819631,-0.8818641079534467,0.8405029200450973,-0.026026211671612454,-0.6699101720775613,-0.5325627290668171,0.1687733464136134,-0.5491566265060241,-0.5511987717019013,-0.6187392877547135,-0.8343561294123422,0.040243902439024204,0.0191387559808609,-0.7640584132519614,-0.7292938099389712,0.7667731629392969,0.5081575805809786,-0.6960269077149464,-0.533333388148147,-0.5089849273229647,-0.689563925802222,-0.5429559116218348,-0.4534262692733382
2017-06-14,-0.4851593559682761,-0.42829785365789963,-0.467877333049755,-0.5748072101977626,0.9313781646626103,-0.8038616784916884,0.8477051141630167,-0.11387240356083095,-0.6376974142896118,-0.5314350155060614,0.7088631475681997,-0.5513253012048192,-0.553560883429786,-0.6061702532850886,-0.8127546762236731,-0.06219512195121979,0.010765550239233868,-0.7425893635571055,-0.7640584132519614,0.749657690552259,0.49502586549940286,-0.1999159133907925,-0.5666667207407395,-0.5439377996596297,-0.09353341722927089,0.09223422740514109,-0.47148133673257675
2017-06-15,-0.48461234462300196,-0.493431863151522,-0.4799836208545618,-0.8852665038687968,0.9247130389456406,-0.8549397126939482,0.8414769544535807,-0.04553041543026726,-0.567290106803278,-0.5725965604736389,0.0937629702297853,-0.5812048192771084,-0.5930081492854611,-0.6236272456040122,-0.8175659089793312,-0.017073170731707332,-0.09210526315789513,-0.7763731473408892,-0.7429163034001744,0.7685988133272481,0.48746518105849557,-0.6960269077149464,-0.572000009511111,-0.5495302063377128,-0.38798793094502537,-0.44024110459889443,-0.4851593559682761
2017-06-16,-0.5095062302078204,-0.493431863151522,-0.47695704202483435,-0.8930886020545468,0.9254679849951901,-0.7788188220371919,0.8503957927387202,0.8386807616221561,1.0,-0.5427121511136175,-0.18537524053880705,-0.5910843373493975,-0.5892287705208454,-0.6315622421126137,-0.8591978005793116,-0.03048780487804903,-0.04186602870813427,-0.7605710549258933,-0.7769180470793375,0.8037425832952989,0.5328292877039402,-0.7337257375096349,-0.573777831693826,-0.5513944048682444,-0.6018372682638555,-0.6270513940232865,-0.48461234462300196
2017-06-19,-0.5163452398256703,-0.5114943677688926,-0.5019947655794996,-0.8854766821302976,0.9542552390040555,-0.8605834874454312,0.8751513798214634,-0.13146018793273995,-0.6951711176452757,-0.5709049901325063,-0.056823755801230114,-0.5797590361445781,-0.58544939175623,-0.650415793817051,-0.870784034562325,0.015853658536585158,-0.052631578947368585,-0.771469049694856,-0.7671098517872714,0.7578731172980375,0.5037803422204528,-0.9864059981781235,-0.5795555648987654,-0.5574528139505828,-0.6296680306352085,-0.5465153537561818,-0.5095062302078204
2017-06-20,-0.5070442688135102,-0.5218938465100624,-0.5091484873537273,-0.9324872755480345,0.9307409460746614,-0.8951649166027177,0.8805946480199096,-0.06716740850642944,-0.87607990542302,-0.5782351282774174,0.25246198543561094,-0.5959036144578314,-0.6034014408881538,-0.6632387481749507,-0.8373017821198879,-0.02682926829268295,-0.008373205741627032,-0.7728857890148211,-0.7722319093286836,0.8105887722501137,0.5169120573020294,-0.5780253661271109,-0.5853333869925915,-0.56351145917481,-0.7663216732050975,-0.1284511849243709,-0.5163452398256703
2017-06-21,-0.49610182606891184,-0.5164202565984906,-0.5069473040959762,-0.9301839818163302,0.9298855077700123,-0.8990736020021491,0.8662442456603938,-0.12187809099901104,-0.8921458668040863,-0.5596278545249502,0.42697053163792775,-0.6127710843373495,-0.607417030825558,-0.6708563448232083,-0.8639108449113848,-0.015853658536585602,-0.045454545454545414,-0.7625326939843067,-0.7731037489102008,0.8530351437699686,0.5252686032630329,-0.7998738700861887,-0.5715555206320996,-0.5490641094767021,-0.7091950475014577,0.10157959399655425,-0.5070442688135102
2017-06-22,-0.4821501917364217,-0.5016421248661862,-0.49456606786119606,-0.9066050143766266,0.9283181014201101,-0.9488558952112081,0.8671741098064314,-0.18932368941641953,-0.8873766002809018,-0.568085706230617,0.26491340602950597,-0.6320481927710844,-0.627494980512578,-0.6525106328953214,-0.8617506995925179,-0.03658536585365857,-0.04784688995215358,-0.7672188317349606,-0.7631865736704446,0.8715198539479685,0.5125348189415035,-0.6154439072244412,-0.5604444097679021,-0.5374131048027695,-0.6263297813868862,-0.4404681472041716,-0.49610182606891184
2017-06-23,-0.5114211255447803,-0.4890529912222643,-0.47503105482398267,-0.8319223943854237,0.9324511626122223,-0.8527433917314554,0.855398481367383,0.11272873392680505,-0.8067436620287571,-0.544967578235128,-0.09165000188657901,-0.6260240963855421,-0.6303295145860399,-0.6385450390401828,-0.881977514850999,-0.04146341463414638,-0.06100478468899562,-0.7607890148212726,-0.7675457715780296,0.7626654495664078,0.5149224035017905,-0.8051993553359961,-0.5435555656987654,-0.5197038327316319,-0.6225016994643501,-0.45082605057557124,-0.4821501917364217
2017-06-26,-0.4991109903007662,-0.5197044105454336,-0.5063971320950014,-0.8896715802155086,0.9347307716995501,-0.8960314091993402,0.8645528982515054,-0.2783444609297726,-0.918720381541322,-0.5517338595996613,-0.27668565822737057,-0.6180722891566266,-0.6201724341561354,-0.6636196280073636,-0.9254749864990917,-0.05243902439024417,-0.0693779904306222,-0.7836748038360941,-0.7581734960767221,0.7959835691465087,0.48985276561878255,-0.7850185691261999,-0.5515556099654308,-0.5280925372055123,-0.6925565660003361,-0.3366712258286596,-0.5114211255447803
2017-06-27,-0.4966488374141864,-0.5057470504690276,-0.4978676226349994,-0.9077447439183729,0.9067991613509863,-0.7885206774633859,0.8509081047683247,-0.12289812067260153,-0.8840825729788718,-0.4632083450803499,-0.050145266573595526,-0.6106024096385541,-0.6022203850242114,-0.6477496349901606,-0.8835485296283567,0.03048780487804903,-0.07177033492822993,-0.7794245858761983,-0.7847646033129902,0.7704244637151985,0.5041782729805018,-0.5284142666946956,-0.5648888985580245,-0.5420736483574762,-0.45499651313006606,-0.4854024421727977,-0.4991109903007662
2017-06-28,-0.5125153944396748,-0.5054735146515923,-0.492089688546546,-0.9410959171247615,0.9375813281722958,-0.8398836147680806,0.8628343694400304,-0.1867581602373889,-0.6559257126112745,-0.44121793064561565,-0.4300267894200658,-0.6050602409638555,-0.5908822487303649,-0.6261664444867643,-0.8446659138887525,0.058536585365853266,-0.0023923444976077235,-0.7764821272885789,-0.7799694856146471,0.7533089913281605,0.42896935933147606,-0.4437670800924952,-0.5573333431703703,-0.5341509462878506,-0.7746453110173659,-0.48122778781769937,-0.4966488374141864
2017-06-29,-0.5207222880492095,-0.5169677387423417,-0.5135506337564064,-0.8655812512323597,0.9070845323658694,-0.6845668157743736,0.8289534334529747,0.014898615232443069,-0.7714389645033194,-0.4056949534818157,-0.3659585707278422,-0.5763855421686745,-0.5778906342269989,-0.6359423601853615,-0.8441749717708281,0.10853658536585353,0.028708133971291794,-0.7737576285963383,-0.7768090671316479,0.7145139205842082,0.39673696776760803,-0.6846752154719361,-0.578666631585186,-0.5565207619136947,-0.5616929742868626,-0.44660379051291477,-0.5125153944396748
2017-06-30,-0.5735194696550474,-0.523262072942547,-0.5124502622403537,-0.8749547683380534,0.9134974226692218,-0.7692760410167885,0.8536954298344246,-0.0577089515331356,-0.721705214869603,-0.41415280518748165,-0.9446855073010604,-0.5766265060240965,-0.5566316286760362,-0.6488922744873991,-0.8473170013255437,0.153658536585366,0.07894736842105221,-0.7652571926765472,-0.7744115082824758,0.6713829301688725,0.36012733784321505,-0.7171887043654965,-0.5728888983802469,-0.5504623528313564,-0.6309730785499899,-0.4206074122086667,-0.5207222880492095
2017-07-03,-0.5617563457563075,-0.5659551711330519,-0.5677534714371624,-0.7693802774786409,0.9193402310145475,-0.9698734958683789,0.8665749649673384,-0.4485657764589517,-0.9107379227419242,-0.44911192557090374,-0.12085424291589641,-0.5431325301204819,-0.5391520018896894,-0.7098330476734591,-0.9674996317934115,0.2073170731707319,0.13397129186602852,-0.8096120313862247,-0.7618788142981692,0.697626654495664,0.36768802228412234,-0.7223740452666246,-0.5995555644543209,-0.5784246695920396,-0.6561014067959228,-0.6490781887126866,-0.5735194696550474
2017-07-05,-0.5631240382557237,-0.5708812789007727,-0.569679431123912,-0.8760229939351655,0.9273209823838879,-0.9055964943030952,0.8690972626598552,-0.18001978239366978,-0.7801893560479757,-0.45531435015506005,0.3638456023846357,-0.524578313253012,-0.5337191449155543,-0.7286865993778964,-0.9993126810349059,0.18170731707317067,0.1602870813397126,-0.8012205754141235,-0.7891238012205752,0.6611136467366499,0.40748109828889767,-0.7334454488122766,-0.5871111202864195,-0.5653755160202081,-0.5251437179619093,0.2294521864752186,-0.5617563457563075
2017-07-06,-0.5956777787487653,-0.5725232327215504,-0.5594993506327799,-0.9362574835378419,0.8956833625896681,-0.859417783466488,0.8498876327253826,-0.03548466864490618,-0.8790101751088748,-0.4158443755286152,0.11964683243406404,-0.558313253012048,-0.5523798275658436,-0.7019615311369263,-0.8745151946585497,0.23170731707317094,0.15550239234449714,-0.8037271142109852,-0.801765475152572,0.6510725696029209,0.4154397134898522,-0.8015556022703385,-0.5991111200197531,-0.5779585727310288,-0.7126036497370998,-0.2520996863516267,-0.5631240382557237
2017-07-07,-0.5904800767271228,-0.5949643903300559,-0.599119521194079,-0.7908617958757392,0.9179149454440436,-0.8906792708584736,0.8586516808286295,-0.2772317012858557,-0.7459153051017007,-0.42824922469692694,0.09723427536505302,-0.5650602409638554,-0.5785992677453642,-0.7870881736812034,-0.6962050174284451,0.25365853658536563,0.20215311004784642,-0.8060156931124671,-0.8051438535309503,0.6467366499315381,0.3820135296458407,-0.7143858173919136,-0.6115556086320977,-0.5910077263028602,-0.5376436849839464,-0.22629373087761118,-0.5956777787487653
2017-07-10,-0.5863766162443356,-0.6009852160800913,-0.5982941256221026,-0.9248276863273625,0.9216202948179619,-0.9803543108848345,0.8625927483816178,-0.19037462908011882,-0.633251487869694,-0.4288130814773048,-0.028864656831302238,-0.5896385542168674,-0.5925357269398841,-0.8200977591569858,-0.6932593647208993,0.23780487804878048,0.22129186602870776,-0.820074106364429,-0.804925893635571,0.6745778183477862,0.3987266215678469,-0.7211127461285124,-0.5982222311506171,-0.5770265206941407,-0.5756026392923195,-0.5124205122007934,-0.5904800767271228
2017-07-11,-0.575160749895216,-0.5955118451066417,-0.596918558049151,-0.8887073603560464,0.9190550946918377,-0.922736971942936,0.8448464354989151,-0.2607566765578636,-0.775278628229612,-0.3910346771919926,0.02580839904916421,-0.5836144578313254,-0.5691508208338252,-0.7820097759156988,-0.8048014139132995,0.22317073170731705,0.21291866028708073,-0.8156059285091541,-0.8204010462074978,0.7179370150616156,0.4015121368881811,-0.7708639899096069,-0.5924444979456779,-0.5709680171550466,-0.7316200622096292,-0.5678244008547055,-0.5863766162443356
2017-07-12,-0.5809054906181714,-0.5801860396596283,-0.569679431123912,-0.9316855646536502,0.9449917922279574,-0.883785625775777,0.8813078090040469,-0.19800939663699324,-0.8376226418907313,-0.4220468001127706,0.21563596573972754,-0.5551807228915662,-0.5528522499114208,-0.7434139528978609,-0.8114782267170699,0.17317073170731678,0.18779904306220052,-0.7867262423714037,-0.8161508282476027,0.7850296668188039,0.36888181456426583,-0.7093406208394646,-0.5880000091555555,-0.5663075680570959,-0.6914476270377085,-0.3194910583664283,-0.575160749895216
2017-07-13,-0.5549173361384581,-0.588122573985999,-0.575182389268289,-0.9426386688999011,0.9508346005732822,-0.9685360925308043,0.8898959279822418,-0.30804896142433247,-0.870320409833581,-0.42937693825768264,-0.05252235595970278,-0.5631325301204819,-0.5582851068855554,-0.7521741890433566,-0.8375963473906425,0.2073170731707319,0.14234449760765555,-0.8104838709677418,-0.7872711421098519,0.7539936102236422,0.3776362912853166,-0.7401723775488753,-0.598666675585185,-0.5774924758700177,-0.671599290490123,-0.642124093431694,-0.5809054906181714
2017-07-14,-0.5406920867091767,-0.5550082102480309,-0.5484936819709505,-0.9071185427062727,0.9670805795629351,-0.881040540196482,0.891705441619473,-0.2977868447082098,-0.8380874432891773,-0.3899069636312369,0.07210504471191936,-0.5469879518072289,-0.546474548246132,-0.7651875833174633,-0.7788796700868966,0.1878048780487802,0.17942583732057393,-0.7745204882301655,-0.8109197907585004,0.7631218621633957,0.37922801432550735,-0.6744446780183588,-0.5853333869925915,-0.56351145917481,-0.6242526094362704,-0.5644956633031403,-0.5549173361384581
2017-07-17,-0.5182601351626297,-0.547345403309953,-0.5322602512216434,-0.920496280711486,0.9666533077925661,-0.993532236659791,0.9102502367144596,-0.26938056379821973,-0.8815160609091921,-0.3842683958274602,-0.18537524053880705,-0.5330120481927711,-0.5438762253454588,-0.7185298038468861,-0.8339633757180027,0.16585365853658507,0.15071770334928258,-0.7708151700087185,-0.7703792502179598,0.803286170698311,0.32630322323915717,-0.8294443276574872,-0.5773333427259258,-0.5551226602441739,-0.7917604340075789,-0.5606103051708953,-0.5406920867091767
2017-07-18,-0.5190807889607334,-0.5254515089071758,-0.5143762494412059,-0.8774249046072375,0.9685056304412645,-0.9547711064487627,0.8819284735810862,-0.24981454005934733,-0.9122535794759871,-0.34141528051874825,-0.0945176017809306,-0.5486746987951807,-0.5419865359631508,-0.7022154510252014,-0.8212970690755559,0.10121951219512182,0.1315789473684208,-0.7601351351351351,-0.7714690496948564,0.7980374258329528,0.3314763231197775,-0.5303762875762035,-0.5702222762172828,-0.5476660550355592,-0.7701497551276336,-0.5247174326608111,-0.5182601351626297
2017-07-19,-0.5147039322294633,-0.5270936816660763,-0.5154768410700812,-0.9630887970653048,0.9874596050764386,-0.9198765784610308,0.9002335322619159,-0.24384891196834835,-0.9095253973546739,-0.36340569495348163,0.08987661774138767,-0.5412048192771084,-0.5327743002244005,-0.6947248143210816,-0.8438804065000736,0.11341463414634134,0.07894736842105221,-0.7740845684394069,-0.7606800348735834,0.7740757644910996,0.2936729009152401,-0.8350501016046528,-0.5684444540345678,-0.5458019037334056,-0.7998615804974485,-0.5506460643812264,-0.5190807889607334
2017-07-20,-0.4868006635644826,-0.5175149745808048,-0.5204291594737351,-0.9118118016177227,0.9890270114263404,-0.9362852296678816,0.9023832058240857,-0.05557616221562822,-0.8475653500661837,-0.2985621652100363,0.1463607893446024,-0.5240963855421685,-0.5289949214597849,-0.6953596140417697,-0.8019539496293386,0.09634146341463401,0.07894736842105221,-0.762750653879686,-0.7746294681778552,0.7213601095390234,0.30043772383605294,-0.3256253941559807,-0.5622222319506172,-0.5392774450184346,-0.8194927021966842,-0.6418878958826555,-0.5147039322294633
2017-07-21,-0.4854329710650669,-0.4964422897101719,-0.49043889740259283,-0.8129131790437106,0.9858919640343631,-0.7881288830935679,0.8882374255735495,0.0955118694362016,-0.8526781654490891,-0.28051874823794787,0.23318114930385225,-0.5281927710843373,-0.5365536789890162,-0.6751729829238875,-0.8537974372821443,0.07195121951219496,0.07655502392344493,-0.7432432432432434,-0.7632955536181343,0.7065267001369238,0.26502188619180256,-0.7833368369420504,-0.558222232039506,-0.5350829983247385,-0.852205961888028,-0.3331960091769155,-0.4868006635644826
2017-07-24,-0.49610182606891184,-0.49124242718689315,-0.4786078331687875,-0.9533555934502388,0.9850372004697125,-0.9384436757718527,0.8867590062391453,-0.14790430267062327,-0.9090605959562279,-0.2923597406258809,0.04293853526015923,-0.5587951807228915,-0.5523798275658436,-0.6563194312194502,-0.851244538268938,0.09634146341463401,0.0334928229665068,-0.7563208369659984,-0.7425893635571055,0.7279780921953445,0.2387584560286511,-0.8138883049541027,-0.5742222761283939,-0.5518605017292553,-0.6401409522100953,-0.6575776385005666,-0.4854329710650669
2017-07-25,-0.4698400564924077,-0.4983579709192427,-0.4893383057737175,-0.8981307135443639,0.9935873443888212,-0.9035428353077005,0.9024621095969203,-0.08540430267062327,-0.892347954368628,-0.2867211728221024,0.0292042410293174,-0.5378313253012046,-0.501594425416322,-0.6809496603821494,-0.7397024890765378,0.1878048780487802,0.0681818181818179,-0.7680906713164779,-0.7569747166521359,0.7640346873573711,0.2439315559092714,-0.6775278536892999,-0.5644444541234567,-0.5416075514964653,-0.7407246181811467,-0.5133250206443981,-0.49610182606891184
2017-07-26,-0.47230199053068,-0.4756430859224441,-0.49594163543414727,-0.8477551011564138,0.9937299198843061,-0.9344327282544129,0.9229360961388227,-0.16595573689416432,-0.7249790334151789,-0.24048491683112427,-0.06640757650077356,-0.4889156626506024,-0.49687020196055265,-0.6729511839014792,-0.8516372919632774,0.13902439024390212,0.15909090909090873,-0.7570836965998256,-0.7684176111595464,0.7911912368781375,0.25228810187027406,-0.5804078200546563,-0.5391111213530864,-0.515043383633681,-0.4803737150686427,-0.30636286901289556,-0.4698400564924077
2017-07-27,-0.44768152855038235,-0.47591684067800255,-0.47585645039595903,-0.8941828290860714,0.9904522969968435,-0.8368367928158968,0.9238176360731782,0.23303041543026692,-0.8197378924287895,-0.272624753312658,-0.3475832924574578,-0.48457831325301215,-0.4881303885673791,-0.6474957151018854,-0.8042122833717904,0.17195121951219505,0.098086124401914,-0.7628596338273756,-0.7578465562336532,0.8550890004564122,0.2021488261042581,-0.5277135449512999,-0.5511111210864197,-0.5276264403445017,-0.5951783580140408,-0.5251165882087986,-0.47230199053068
2017-07-28,-0.44604022095417584,-0.45621235487258893,-0.45219432192834796,-0.8723329570347965,0.9863194558286446,-0.9238572260916533,0.9370139209499224,-0.14311325420375876,-0.6587347297584044,-0.2303354947843239,-0.44296872052220515,-0.4727710843373494,-0.4744301405456477,-0.6518758331746333,-0.8540920025528989,0.1378048780487804,0.12081339712918604,-0.7431342632955533,-0.7631865736704446,0.8699224098585123,0.2300039793076003,-0.6590287996636536,-0.5360000103111109,-0.5117811306620064,-0.6883899103263236,-0.4090868309795972,-0.44768152855038235
2017-07-31,-0.4487757700892385,-0.4575808002431967,-0.4436650050670661,-0.9470654131086232,0.9843245576844608,-0.8575749611835304,0.9574244829304761,-0.07517309594460941,-0.632544181393798,-0.1795883845503239,-0.9471003282647248,-0.4568674698795179,-0.4607298925239163,-0.6339744810512284,-0.8608670037802542,0.14390243902438993,0.09569377990430583,-0.734851787271142,-0.7417175239755882,0.8938840712003646,0.18981297254277774,-0.5827902739822017,-0.538222188039507,-0.5141113315967931,-0.7743137725646215,-0.4229803736315647,-0.44604022095417584
2017-08-01,-0.4556147797070884,-0.4485495753017763,-0.4439400085252445,-0.8729504911020926,0.9921627335583167,-0.9029755540933989,0.9727141881210541,-0.010880316518298905,-0.7412066648478787,-0.202142655765436,0.4380258838622042,-0.4486746987951806,-0.4607298925239163,-0.644258236526376,-0.8242427217831017,0.0914634146341462,0.12081339712918604,-0.7232999128160418,-0.7356146469049696,0.9303970789593787,0.16076402705929205,-0.7393315114568004,-0.5395555657876543,-0.5155094804946918,-0.7591483067355072,-0.2583653298617786,-0.4487757700892385
2017-08-02,-0.4504172965337534,-0.451833701881454,-0.44669158389679353,-0.9037145215844409,0.9938724807115298,-0.9359653975292546,0.9778656244721815,0.015114985163204642,-0.7049319470126407,-0.17169438962503492,0.4900199977361053,-0.4816867469879518,-0.4782095193102631,-0.6787278613597412,-0.7823162649123667,0.11341463414634134,0.0681818181818179,-0.7179598953792503,-0.7238448125544901,0.9249201277955272,0.16872264226024658,-0.7139653843458762,-0.5422222323950616,-0.5183056838337332,-0.8025147675317447,-0.523677431049541,-0.4556147797070884
2017-08-03,-0.4761318085606372,-0.45703334546661045,-0.44751695195466734,-0.9398933507831849,0.9870320986138963,-0.962710097626656,0.9824775654581477,-0.16444114737883297,-0.5965523861489184,-0.16380039469974594,0.4758329245745765,-0.46313253012048183,-0.4713593952993975,-0.6867263378404114,-0.8071579360793362,0.04999999999999982,0.07775119617224835,-0.6818875326939842,-0.7182868352223188,0.8738019169329077,0.15837644249900595,-0.6991100833858874,-0.5453332989925934,-0.5215678895770299,-0.8286385905482522,-0.592551903953654,-0.4504172965337534
2017-08-04,-0.47996165394663315,-0.47865351248109445,-0.4775072415399122,-0.8452221280873996,0.9934449889172483,-0.8813389099152802,0.9889182782461856,-0.24199431256182014,-0.6551779886224702,-0.21905835917676875,0.008414141795268337,-0.4785542168674699,-0.4791543640014173,-0.7190376436234369,-0.7349894447444645,0.10487804878048745,0.027511961722487932,-0.6777462946817785,-0.6822144725370531,0.8455043359196712,0.14524472741742933,-0.5665335295354215,-0.5622222319506172,-0.5392774450184346,-0.5940447955058512,-0.696216994139005,-0.4761318085606372
2017-08-07,-0.47038706783768225,-0.4854953288251509,-0.4717293074514588,-0.9673140301573304,0.9999999999999996,-1.0,1.0000000000000004,-0.3675816023738874,-0.7715400082855902,-0.2055257964477022,-0.05889899256687936,-0.46313253012048183,-0.4765560411007439,-0.7264648003554877,-0.8632235259462908,0.09634146341463401,0.0825358851674638,-0.6727332170880556,-0.6818875326939842,0.8929712460063897,0.20652606446478305,-0.8126270058159905,-0.5675555207209885,-0.5448698516965176,-0.7572909878702656,-0.6559498894998288,-0.47996165394663315
2017-08-08,-0.43072089412226955,-0.4764640765164656,-0.4843857672572409,-0.875938489273325,0.9913070605614935,-0.8749102839288769,0.9952291168158722,-0.21615356083086068,-0.8237796437196239,-0.2314632083450796,-0.15617099950948954,-0.4701204819277107,-0.47561119640958993,-0.7111661270869041,-0.8126564878000883,0.10243902439024355,0.06578947368421062,-0.6602005231037489,-0.6730601569311245,0.9532177088087632,0.19896538002387576,-0.7170485600168173,-0.5653333429925925,-0.542539650761731,-0.7367637449950446,-0.5898530265328579,-0.47038706783768225
2017-08-09,-0.4061004321419719,-0.43732888702846173,-0.4351354956070641,-0.8334911475949758,0.9911649397820952,-0.8710672482842163,0.9835154032898008,-0.16731577645895168,-0.7612335424939627,-0.22638849732167987,-0.04127834584764001,-0.4773493975903613,-0.4770284634463209,-0.6791722211642228,-0.752859737836909,0.08658536585365839,0.06100478468899517,-0.6550784655623363,-0.6604184829991282,0.9233226837060702,0.21368881814564222,-0.7187302922009671,-0.5497777877827159,-0.526228291446603,-0.6298359983924344,-0.7013382696790094,-0.43072089412226955
