Date,Target,High,Low,Volume,SP_Ajclose,SP_volume,DJ_low,DJ_volume,EG_volume,EU_Price,OF_Volume,OS_Open,OS_High,SF_Low,SF_Volume,USB_Price,USB_Open,PLT_Price,PLT_Open,PLD_Price,USDI_Open,USDI_Volume,GDX_Close,GDX_Adj Close,GDX_Volume,USO_Volume
2011-12-15,1.3753648080961225,1.3225796374935805,1.2289877175900117,2.4455702440227927,-1.9481658461008209,1.7289293250830255,-1.9229889907737208,0.025011089589195703,-0.46124177088430585,0.7837052999044889,-2.432525310523977,0.881501426049733,0.8898978326881744,1.0466546102672067,3.83900926803702,-0.6210616750829827,-0.6207605434547712,0.6143294607153574,0.6338623505587889,-0.9507595710282872,-1.0320999912776896,-0.3788207172923397,2.0638759358523475,2.042486546233453,-0.7542352111136921,-0.36047098705139213
2011-12-16,1.3565322811835756,1.3444357330814838,1.3443296731226666,1.7972548096355392,-1.9437203885254022,2.16769822469534,-1.9254237321276775,3.175754891567704,-0.28307441928303156,0.7991266363175185,-0.9125151371542704,0.8234188174779024,0.8428078624081601,1.1190512756066102,1.5168065782888152,-0.7824644347704689,-0.7817133687857336,0.6359449187252121,0.6124561924356278,-0.8994651124132174,-1.0802743439286513,-1.003074106640071,2.1509443247471274,2.1306778691632426,-0.892230747425472,-0.36272293891056373
2011-12-19,1.4669115596244688,1.3699349449221276,1.368557263030147,0.7330565493573573,-1.9758293213170517,1.416747722754544,-1.9600773369061004,0.003057294539976908,1.6839783742467682,0.7628411388750966,-0.8182321999591713,0.8367621194471063,0.828288454905156,1.0754114738514995,1.5980084854789003,-0.8927563205569174,-0.8916977994285578,0.600626804298395,0.6429262193136416,-1.0581573437535918,-1.0648338462841123,-1.7869304243983561,2.019470883379232,1.997508539719723,-0.9294494870464355,-0.6693567849380299
2011-12-20,1.4763282154239623,1.4516350845043249,1.4854799920803445,0.08220326611286632,-1.8859239795984566,2.2690481290905877,-1.9462191931354382,0.37739444762353147,-0.3179866970117081,0.8390406835041821,-0.5479544466665539,0.9395840346215643,1.0350919077182181,1.0818439301795648,1.0759962249712094,-0.5780209391663198,-0.5778397900331811,0.6919135153578724,0.5900857929555675,-0.8674060757787982,-0.9919546974018878,-0.3723851153403012,2.1779356994412864,2.15801735051026,-1.0404572846818063,-0.5134789351398563
2011-12-21,1.417737719009095,1.456839253798855,1.4617796075740306,0.6278980151300159,-1.8799954704387911,1.6287783662215722,-1.8512172717330806,0.35332011555251314,-0.3797797895173939,0.8081980106781229,-0.8519564813404952,0.9847157912821088,1.0178255852822131,1.1249792255560038,1.9705061232238945,-0.4623489613902883,-0.46249026521265824,0.6699120670264126,0.6882455630879021,-0.7685573794893396,-1.0889210226095922,-0.2958014521110435,2.1753233865692767,2.1553715252029755,-1.1337468924203797,-0.47269424500435797
2011-12-22,1.4318623365213328,1.4188513053924643,1.419645151774981,0.22571575675409933,-1.852827360104421,0.09385092945958746,-1.806754705649812,0.20812569829517974,-0.47320701160821843,0.8136408352944856,-1.2620872581391762,1.0435832999697754,1.0492188988022224,1.0938259566730202,1.136145785852754,-0.5080797433017424,-0.5080935657230974,0.6577533718958697,0.6674179497788798,-0.5916983607227939,-1.0574224074147331,-0.9972820648832363,2.1265653499933665,2.105984585381732,-0.991436001042695,-0.7906532104080275
2011-12-23,1.3586252491732311,1.4027194525739768,1.4454526725140446,-0.9808691815143605,-1.825164112406794,-0.46616749622446163,-1.7810362567486522,-0.6798803639513463,-0.7344754186481736,0.8063837358060021,-1.8247629922971074,1.061243552576075,1.0562823943442243,1.1278801372333667,-0.1106686832775497,-0.3251566156559254,-0.3256803636813404,0.6598763186646945,0.6541114190536713,-0.45170723408583174,-1.0759510045881806,-1.3879231033719712,2.1605219345939415,2.153744105324379,-1.261364494898611,-0.9816591324790837
2011-12-27,1.1556527613653798,1.3538030921036404,1.3780370586911384,-0.7226001267571356,-1.8226942557547532,-0.5916359145426815,-1.7397703948013439,-0.4857888577207529,-0.9159209183929855,0.8290621717075152,-1.9931426480827137,1.0789038051823752,1.117106939289243,1.0809610440168893,-0.11324652160104447,-0.376267489556963,-0.3766487583694788,0.7065811475788452,0.7032877282555283,-0.4789574152250874,-1.083362443457558,-1.4851006928477521,2.080418842673967,2.0723750657502387,-1.2595310279794183,-0.6446447327420017
2011-12-28,1.119557028111201,1.286672919681009,1.1736862937298864,1.4751197388995605,-1.8636943027760178,0.08649507013153082,-1.7932425453256413,-0.6350996115498149,-0.5549968077894841,0.7093200301475243,-1.216396296267705,1.1310996628854395,1.114360024356242,0.7899869901179286,1.8244286182258576,-0.5941612151350684,-0.5939350725662773,0.5068311561484886,0.6996236110993114,-0.7375669774094015,-1.0845976832691218,-0.490800191257809,1.9228252329111934,1.9122897917508885,-0.9597879344305679,-0.7741646446845415
2011-12-29,1.2058730075069346,1.1024566918784828,1.047810079066032,2.1193326356604523,-1.8318327395872176,0.17682863594057924,-1.7883320315392375,-1.5781148988912586,-0.7156260668228317,0.7329056034850979,-1.2964159173230327,1.0655605032131705,1.044117485355221,0.5731753738837226,3.286922227088557,-0.65334222702048,-0.6529511085209636,0.4767239110633336,0.49886856059290674,-0.8145086653320064,-0.9678675210764078,-0.8550552617431862,2.022083196251242,2.0131173269352622,-1.0228349205821792,-0.579866951294274
2011-12-30,1.411460489037872,1.2601335088520216,1.2332004100193386,0.4097193396890029,-1.8471459930289997,-0.396123619988169,-1.7629181271670464,-0.4771819721616842,-0.9341146405896197,0.7202056793802496,-1.5524303544758788,1.0730170543136088,1.0535354794112237,0.7879689646032414,1.974802520429719,-0.7152132849006833,-0.7146496915644995,0.5703265640524379,0.4782337955552651,-0.5505559303752904,-0.9993661362712668,-1.048766880499544,2.0421088386286526,2.033459656627213,-1.0929538505649623,-0.8656687571680314
2012-01-03,1.4527877791111075,1.3928320200769346,1.3785642640923064,0.8930745983558123,-1.7977479783535866,1.6178359352367713,-1.759865447884009,0.21997575812288306,-0.6128561225229247,0.8136408352944856,-0.4466607269620756,1.069877453850266,1.1720452379492592,0.942852422855484,2.3623375483950997,-0.5000096053173684,-0.5000459244565495,0.6975103750211386,0.5885430067845285,-0.45972199324443647,-1.082744823551777,-0.5596611321446207,2.2484608332408915,2.2430732355073126,-0.9968086340707125,-0.3751354123506943
2012-01-04,1.5087616601175728,1.4490337804356201,1.420171514490191,0.5427178850645373,-1.792808265049505,0.2523642575585497,-1.7120537076601583,0.127295816523056,-0.5340166596708429,0.7147628547638869,0.06887353859830597,1.198993522905215,1.1940205574132658,1.0395915209658015,2.702612207096409,-0.42468831746320823,-0.424934605968767,0.658332357378276,0.6886312596306613,-0.6189485418620507,-1.1055967600656949,-0.9432230084861132,2.2432369911123713,2.2377671598866717,-1.1510051184907595,-0.289400812414053
2012-01-05,1.4784203464147474,1.4828585391143845,1.415431616659693,0.5564375341499045,-1.7844100983165767,1.211284590867324,-1.7340315393405938,0.2933213915827731,-0.8769109554848867,0.5678065901220786,-0.12283510036506219,1.2111594747006664,1.1940205574132658,0.9892670096932896,2.640314447611952,-0.392407765525711,-0.3927440409025745,0.6398048219412575,0.6564255983102298,-0.720468824537711,-1.0463052491106648,-0.6529773604491784,2.2571679333355363,2.2519176255206017,-1.1755429109528468,-0.4090216430970153
2012-01-06,1.4418018027406974,1.5140819937244443,1.4749465756351035,0.20703489937638797,-1.7925606679280506,0.6806896024955015,-1.7140475214646125,-0.04746138156760043,-0.9962355479096593,0.5142854813945062,-0.29907166758359355,1.1346317134066997,1.157133414027255,0.9497893855622213,2.2618018537788034,-0.49462951332778554,-0.49468083027885074,0.583064244665388,0.6292339920456728,-0.9801470212765048,-0.9481036840913966,-0.12976292174845103,2.2092799711698516,2.203273061657016,-1.164621964268666,-0.5301754647553503
2012-01-09,1.5537503494400737,1.4599614119210071,1.4649395219050705,0.012670023738627112,-1.784904154966462,-0.3154165192612466,-1.713454527629936,-0.15872720647614114,-0.7433264186357254,0.5560138034532908,-0.1472519635873827,1.1573938167659306,1.1320187632112473,0.9268343453326544,1.696395981492284,-0.5000096053173684,-0.5000459244565495,0.658718347699881,0.549009111151663,-0.9384702736517603,-0.8956059920999644,-0.8003526451508592,2.2354008361118414,2.229806324761437,-1.2362932721656088,-0.6639437819203378
2012-01-10,1.607632099455757,1.5577941849002506,1.5850222179541813,-0.06375166553382844,-1.7574878218344754,0.00796619065693,-1.6884650518645397,0.07864820249353707,-0.7272634927323905,0.5605494906335929,-0.3481471451492477,1.1326694631171108,1.1810708155862621,0.9758975906584869,2.0581526262227166,-0.4811792833538281,-0.4812680948346036,0.8167813843969451,0.6566184465816094,-0.7578710339445333,-0.9450155845624898,-0.9464408094621325,2.306796827937172,2.302331625774176,-1.2011220104108518,-0.6905037418424935
2012-01-11,1.6447742905485503,1.5879766599434066,1.6081962397452856,-0.14063131249480806,-1.755758936397959,-0.06884228409623307,-1.6866112380772982,-0.0581888041484687,-0.7005465853625583,0.49886414498147663,-0.28734673821445944,1.1679899683297104,1.1437912557812508,1.0358077231257632,1.3127277110121456,-0.6372019510517314,-0.6368558259878674,0.942035243757623,0.8161039670127299,-0.6862725187943303,-0.9419274850335813,-0.6008489846376668,2.292865885714007,2.2881801364301384,-1.1939829885216608,-0.5836221850013886
2012-01-12,1.5861838464461138,1.6696767995256037,1.6566505768742896,-0.01965415644303074,-1.7481030491125336,0.08396168179471199,-1.6923496939381877,-0.08351051093819266,-0.7215267334811996,0.6095349121808631,-0.8065072705900371,1.1208959613795777,1.1641969095692568,1.0828529429369085,1.6096087579346268,-0.5807109851611115,-0.5805223371220307,0.939719301827996,0.9348985021827061,-0.7771064559251842,-0.9122817295560671,-0.4798596679393436,2.328563925160867,2.3244421820168983,-1.1454248629022061,-0.01977265551302681
2012-01-13,1.6510515205197749,1.5640385531831256,1.5607946807145745,0.039078917110182285,-1.764651159780772,1.3332567690416197,-1.722542157631407,0.3311168455595532,-0.926574899859483,0.47437143420784256,-1.2960532906415132,1.0506474010122953,1.0551051450872238,0.9905282756399691,1.4545088188043582,-0.7286635148746401,-0.7280624270087461,0.9184898341397456,0.9348985021827061,-0.7268806318645951,-0.9709556206053145,-1.4857442530429559,2.2702279304645865,2.265184443201922,-1.1785230932448445,-0.4405370854744458
2012-01-17,1.7085955067835983,1.671237904605965,1.6877244108269316,-0.07483805791018217,-1.7523011655249272,0.35547973243164516,-1.6766787715783606,0.1714528815652347,-0.928050066524075,0.5315210926796567,-0.3095878413476623,1.0404436995064328,1.0868908750262336,1.056240231461971,2.516578208084203,-0.7636341128069285,-0.7629355391637878,1.0533934515405372,0.9472407915510155,-0.5868895052276317,-0.8956059920999644,-0.5474334884357476,2.194478519194517,2.188237552102148,-1.143696804359901,-0.5055822490690408
2012-01-18,1.688716522032438,1.6707177790925074,1.6487499220267954,0.1213014037706095,-1.716980949828503,0.9957248594335278,-1.6642870233505098,0.24005849109404342,-0.9221493998657071,0.6349347603905596,-0.020211749495012022,1.1173639108583175,1.1284870154402462,1.1133755788465525,1.731626438580046,-0.6560322730152717,-0.6556336556098133,1.0516564950933167,1.0508003132819856,-0.42231978383761426,-0.9437803447509261,-0.4187214493949782,2.1997027966649814,2.193544279174676,-1.1885752193680141,-0.3700670352111867
2012-01-19,1.7331824009350691,1.6608303465954652,1.6829845129964351,-0.11282946448732549,-1.6999390100289833,0.23475782451433708,-1.6188150803776047,0.1634696833655188,-0.9359176220685654,0.7356270157932792,-0.5031096137186285,1.126782712248344,1.1284870154402462,1.162186570983049,1.2418371571160394,-0.43006840945279107,-0.43029970014646574,1.0393048048019706,1.0504146167392254,-0.34858399957844954,-1.013571394104242,-0.45797862130241285,2.104798252769672,2.097139730045667,-0.9997632628167983,-0.484952230981854
2012-01-20,1.7902027920925785,1.6941349797607734,1.6656040098200742,0.5555025372025011,-1.687835930338779,0.4790901957702694,-1.5952594142282266,1.4991585321554894,-0.8859258628796155,0.7111343050196451,-0.6515448020206563,1.104413058947031,1.0837515436742327,1.1543667221136362,2.3176550174545234,-0.3143964316767597,-0.3149501753259429,1.0900625320929698,1.0369152377426372,-0.3165249629440305,-1.067921945813019,-0.8955995540410285,2.1074101302997374,2.0997930935819316,-1.1298787244079367,-0.3254795767646862
2012-01-23,1.7300430274192296,1.7659484674244874,1.7877938421019348,0.024157129092439406,-1.6962349502664742,0.2956679530111589,-1.576692311545282,0.1862966407178315,-0.7444737704859635,0.7945909491372163,-0.8706921932190085,1.0172891460892843,1.0570672271822248,1.414439760318949,2.8229113288594982,-0.2256249138486414,-0.22642612139391258,1.2087545559863702,1.055428671795101,-0.2107301420504479,-1.035805710712379,-0.25268291903238577,2.1796767189456268,2.1732020425472798,-1.0029574560558099,-0.6068309553494738
2012-01-24,1.9607409982079502,1.7087057274988982,1.746185801685967,-0.2296277566313206,-1.6999390100289833,-0.2424717696700714,-1.5982336442313738,-0.11856174053382039,-0.9267388072666599,0.7873338496487307,-0.44895736261169983,1.0769415548927863,1.0543203122492237,1.414818140102953,1.2542967090129309,-0.21217468387468452,-0.213013385949666,1.1396622884191547,1.20623602001413,-0.27377958076480513,-1.1111553392177291,-0.24689087727555112,2.076065510297617,2.067953010340427,-1.0047845345885245,-0.7259170217387013
2012-01-25,2.0941378502294006,1.9262273690452913,1.6808773240958104,3.8644376524925184,-1.6727698189812417,1.7187465000014845,-1.6120012683345986,0.0063004688086115024,0.48761820926268284,0.867161944022058,0.22987978519301364,1.0506474010122953,1.0633458898862267,1.343682740710229,2.7365537450224235,-0.376267489556963,-0.3766487583694788,1.2666531042270532,1.1346893113322125,-0.14554343422712898,-1.1062143799714759,0.47711434232877636,2.372968716428815,2.3695490829397237,-0.5501262631408494,-0.26647724968929304
2012-01-27,2.044964061926459,2.0537217109756742,2.055873153821757,0.8252014526024728,-1.691047014164776,0.4180938417384829,-1.5911563228574765,0.3677896622894982,-0.12473986395016043,0.9723898866050819,0.03768764398761935,1.0792962552402932,1.0719790511042293,1.58357552376867,1.562348388670556,-0.6748625949788114,-0.6744114852317586,1.4247161409241174,1.364950147359731,-0.18401427818843205,-1.1488301534704035,-0.002338003098089384,2.539269252149456,2.5384781885650294,-0.9389362409663,-0.6795410738209327
2012-01-30,2.1119239193033343,2.0297836042153903,2.073253604330246,-0.05104333967728527,-1.702162378712768,0.6655344382309984,-1.6328916734453698,-0.05606826712666916,-0.6133478447444554,0.8825832804350876,-0.6259191831932704,1.0816509555877998,1.0492188988022224,1.5649087877578134,1.2817936511302084,-0.7959146647444257,-0.7951261042299802,1.3791692829747801,1.4202976012457431,-0.19790652739668102,-1.2303559810335707,-0.4103551668573282,2.4800627477010058,2.4783357780873367,-1.1357815935136302,-0.7922693869402034
2012-01-31,2.125002026664527,2.0984749337569566,2.0722000362138715,0.4745585157558703,-1.7033963543046315,0.8687844480541255,-1.6172702355549033,0.41344357699412365,-0.5472931596521706,0.8390406835041821,0.27363673809638017,1.0376965491010086,1.0982709511772373,1.525431163626745,1.9120751212246798,-0.9331070104787892,-0.9319360057612986,1.3056381267091128,1.3767138919139013,-0.24172054413038607,-1.2050335648965251,-0.2436730762995319,2.4800627477010058,2.4783357780873367,-0.9511029230136953,-0.534530822836545
2012-02-01,2.2029478080993803,2.1151268600503297,2.14382839513398,-0.18533943183697119,-1.6749929601464215,1.054015374058566,-1.5903159107955824,0.10696360860815449,-0.7410317149352489,0.9116116783890259,-0.0561117909654536,1.0180740462051197,1.0272435793382158,1.5562060527257247,1.606171640169967,-0.8389554006610888,-0.8380468576515703,1.4106274941855517,1.3040100936037042,-0.10920985937478764,-1.1661235108322872,0.39216439656186863,2.488769760727261,2.4871802611651805,-1.1511839933121442,-0.4943640825515844
2012-02-02,2.024562214442998,2.1697675153286538,2.175428644469703,0.5350661753521141,-1.6698061047580948,-0.03702711468320102,-1.5724822056839736,-0.2565213844226612,-0.635147529898981,0.8998188917202381,-0.03048617213806769,0.9678404387916442,0.9679887000691977,1.5524222548856863,1.8609479944753669,-0.857785722624629,-0.8568246872735161,1.446717589255577,1.408341008420193,0.019026287162888494,-1.2371497999971668,-0.5847599797575707,2.5680019946215107,2.5676649082702703,-1.0707669843267875,-0.5649232601971326
2012-02-03,2.000498183023828,2.1130456294565105,2.0611394670353373,2.795411754914478,-1.623865206839725,0.9383089180917025,-1.5605724202037021,0.09873093546469744,-0.6041690299425497,0.8980046168481172,0.24680236366392888,0.9486103859536733,0.9703431985831985,1.4671606768901522,2.881342330858713,-0.5860910771506943,-0.5858874312997295,1.4276110683361514,1.4471035109675399,-0.0023464039267241947,-1.2099745241427784,-0.19025758009761262,2.4783213799231096,2.4765670862137896,-0.8835425418153605,-0.42995469428398503
2012-02-06,2.1323257144743644,1.9850304334726816,2.0137386980227094,0.019443981214712434,-1.6260877223287418,-0.14780434423458494,-1.5241265523753593,-0.335355466644856,-1.053767047828746,0.8889332424875107,-0.03931008805504491,0.9929572424983819,0.9593555388511951,1.4703138417568509,1.595860286875988,-0.6479621350308971,-0.6475860143432649,1.4222072038336881,1.4251188080302388,-0.026924998679779516,-1.2019454653676185,-0.6555516012299938,2.455683685878856,2.45357148605013,-1.103590514050871,-0.7461311120418723
2012-02-07,2.0695509560779297,2.110443544809247,2.0421789803595196,0.555044579513977,-1.6176904372304073,0.42361638195407664,-1.5286001675675591,-0.23419337695783074,-0.8793695665925401,1.0086753840475038,0.3658647907628681,0.9686253389074796,1.0127241718352111,1.512692377565282,1.7110037319920877,-0.44351863942674796,-0.44371243559071233,1.5198627551996402,1.4191405116174642,0.009408576172563026,-1.2007102255560547,0.36770910914412247,2.429563256278811,2.427038129881153,-0.9933908473049701,-0.5018686081403277
2012-02-08,2.0444411991941585,2.103679103051488,2.0606130516522554,0.3720904829486078,-1.6078111812611966,0.5023136065207513,-1.514132131419652,0.041476435876109795,-0.8678960480901581,1.00141828455902,0.02898460363114866,1.0333795984639131,1.0507885644782227,1.598206208750152,2.0306556841054393,-0.43006840945279107,-0.43029970014646574,1.5827791776211821,1.5205787023632555,0.07673255310484252,-1.2692660350978087,-0.20312878400168954,2.3999600040545856,2.396967110771417,-1.1313895778099892,-0.5726476333288558
2012-02-09,1.9984059997206134,2.125014292547372,2.06956648459804,1.4081625085232692,-1.6036117566168262,0.6920405782769207,-1.5023007910996846,0.2763570954083768,-0.6710432520707189,1.0240967204605333,-0.3118844769972865,1.0463304503751996,1.054712728668224,1.616116185193001,1.903052687092448,-0.28480592573405356,-0.28544215734859946,1.5613567147721297,1.5778546389630652,0.039330343698020305,-1.2501198180185802,-0.13941632467650872,2.374710084206711,2.3713177748132703,-1.1378226829933584,-0.8330362515992439
2012-02-10,2.017761389365461,1.9829492028788627,1.9989917464621798,0.30936936119116426,-1.628311091012527,1.0883618788194893,-1.544670978159225,-0.14101448547052142,-0.7774191593285175,0.926125877365993,-0.5591958737936619,1.0769415548927863,1.0425478196792204,1.5589808378084196,1.6040234415670547,-0.42468831746320823,-0.424934605968767,1.5681115454002093,1.5560627842971448,-0.04936632432387187,-1.2680307952862448,-0.028723971101447098,2.3085382827834557,2.3041003176477246,-1.096164014770169,-0.7531127569878528
2012-02-13,1.9973595418820003,1.9985609301838925,2.0205857320859555,-0.3084728053388827,-1.6036117566168262,0.019460875663290356,-1.5217863555245523,-0.2829657284592202,-0.8259357518528755,0.9433614886511436,-1.1478598534604985,1.0553568017073087,1.081397045160232,1.5659178005151568,0.7331437279464049,-0.44082859343195685,-0.44102988850186325,1.5190907745564308,1.5834472388330805,-0.10493532115686535,-1.2315912208451325,-0.5113941175043321,2.2919950276882814,2.287295743961087,-1.2191436486653553,-0.2540350671217328
2012-02-14,2.0491491609068997,1.9980400761304464,2.0037316442926763,-0.16085777707128818,-1.6078111812611966,1.0354358242626094,-1.526804283401375,-0.18554576292831182,-0.5156590300670317,0.875326180946604,-2.312254127819972,1.1106922598737152,1.1198538542222436,1.5390528358508835,1.1821172359550773,-0.5484304332236143,-0.5483317720558383,1.4619642069589571,1.5163360403928987,-0.22569102581317654,-1.2007102255560547,0.24221487107937234,2.245848868642437,2.2404194997128277,-1.0706679643363781,-0.6099147627766771
2012-02-15,2.043394741355545,2.0407120683179096,2.044286116592269,0.5596623195399282,-1.6233711501898402,1.648573285462745,-1.5405264478709508,-0.09186792155352026,-0.5861392151530924,0.8317835840156965,0.09570791303075725,1.1169714608003996,1.1469305871332516,1.542836633690922,1.0652552319566477,-0.5618806631975711,-0.5617445075000849,1.4648591343709911,1.4600243451499884,-0.2524068896751924,-1.1562415923397824,0.298204608062107,2.227564594042922,2.2218466064108653,-1.0925449938303688,-0.583889567148256
2012-02-16,2.009391976091022,2.0089684881943923,1.9905646762316036,0.3870695156774162,-1.5865693902199234,1.4714557717006933,-1.5298320185900085,-0.005923803434703508,-0.7847949926514772,0.8952832045399358,-0.12621961605924523,1.1566089166500952,1.1528168334182536,1.454674144018025,1.8880152968720618,-0.42468831746320823,-0.424934605968767,1.4480685553811934,1.4652312484772434,-0.12096483947407487,-1.1191843979928893,0.40889696163716865,2.348589654606666,2.344784790902516,-0.9049915494153234,-0.7322331822302566
2012-02-17,2.2013784875284665,2.018855972730006,2.0274320287989904,-0.2706912960356463,-1.5776780484717032,0.3074438975006183,-1.4788851290871052,1.243945664708321,-0.9805004368206782,0.9052617163366008,-0.3836845599381697,1.1738767191984774,1.2101096305922707,1.4836832607916535,0.7700927439164966,-0.38164758154654527,-0.38201385254717696,1.4671750763006182,1.4411252145547644,-0.23424010224902236,-1.1655058909265061,-1.4934669753854022,2.2789350305592313,2.274028926279767,-1.1040760314232008,-0.6410380446720355
2012-02-21,2.301818247437564,2.1614419164519614,2.170688693971335,0.9360844579363653,-1.5761963051194323,0.3931130724658641,-1.469467610862401,0.372404948748709,0.04637946914250776,0.9859969481459905,-0.7181472358597584,1.3037776883692618,1.3250876413593056,1.5418276209335784,1.1670798457346911,-0.217554775864268,-0.21837848012736535,1.6804347289871342,1.5103577439801241,0.02009492171736937,-1.2007102255560547,-0.3196131793335858,2.4243390658767354,2.4217310305504034,-1.0379722023418554,-0.4333890694148589
2012-02-22,2.306003346418005,2.2707224464300495,2.2022897333251414,1.520991834033389,-1.5870632477910296,0.1962930239643875,-1.474114615317914,-0.13377971210202885,0.04359304322050071,0.9896254978902324,-0.41861759692455897,1.3175134403963837,1.3109606502753013,1.6192693500596997,1.2951124824682647,-0.376267489556963,-0.3766487583694788,1.813215399619101,1.6775571952664388,0.14619379914608374,-1.2007102255560547,-0.4039195649052897,2.5122783127972403,2.5110609052497797,-0.9924964731980468,-0.584388680489075
2012-02-23,2.2646761086572016,2.301945901040109,2.312365428312093,0.5626581260856899,-1.5722446766752949,0.46829352699933724,-1.4873632704307795,-0.18018205163787768,-0.061799419594236495,1.1021105399617397,-0.009816451291449814,1.3151587400488771,1.390228766913325,1.6649271773294976,2.836659799918137,-0.392407765525711,-0.3927440409025745,1.810899457689474,1.8098511094330032,0.10879158973926155,-1.1827992482883898,0.3574121460208609,2.5497173717484403,2.549091642710087,-0.9503746469552006,-0.5325937877281282
2012-02-24,2.2369505733639032,2.2639571720551563,2.297618476751564,0.11223765785190377,-1.5648337700473693,-0.19205446758287767,-1.4593830739587026,-0.5673671643241001,-0.4351804931431811,1.181938634335067,-0.8305615071308381,1.421512705744595,1.437711153612339,1.795594329405494,1.3767440293789324,-0.44351863942674796,-0.44371243559071233,1.7697914884385886,1.8079226267192048,0.04253624736146172,-1.2649426957573364,0.34518450231198783,2.4800627477010058,2.4783357780873367,-1.1210371975223525,-0.39521878249317455
2012-02-27,2.330590240569476,2.257712803772285,2.2754980757447067,-0.2603872480438545,-1.5591534836853203,0.63303767649396,-1.4873962600770199,0.10733782102376617,-0.3756821043379717,1.1302318004796175,-0.45488026507652013,1.4611501615942908,1.4306476580703373,1.802783545301567,0.9183184475174458,-0.5834010311559026,-0.5832048842108799,1.7335083982077601,1.7805381721832683,-0.026924998679779516,-1.2933532114232886,0.34518450231198783,2.4452355662798713,2.4429580319050723,-1.1442525939834889,-0.4364788186675482
2012-02-28,1.849315261928442,2.3139145641309704,2.3292195161053724,0.7074490819407192,-1.5492733745213423,0.29690179935672467,-1.458464212616919,-0.2548997972883439,-0.3807632339604552,1.1937314210038548,-0.2456446698397041,1.3936487516324325,1.3921908490083255,1.8297746365605083,2.506696494510807,-0.5403602952392397,-0.5402841307892898,1.8091625012422534,1.7302047733531323,0.1686351247901773,-1.281000813307658,-0.052535698323989424,2.5558125072446303,2.555283413703554,-0.9326532628651641,-0.5193197495925362
2012-02-29,1.9706805167397456,2.2925785420179543,1.8762754987972374,6.763176249857447,-1.5626112545583521,1.4584582987992347,-1.4680052360357152,0.5929407990158614,0.7482309866739304,1.0631036302111365,0.33975566969345605,1.3351736930026838,1.3388222160243095,1.666440696465513,2.3657746661597594,-0.4515887774111226,-0.4517600768572607,1.632185938786565,1.8077297784478252,-0.012498432194290709,-1.3217637270892408,0.47904502291438794,2.3877705166777057,2.3845849647528143,-0.3246737159449313,0.06619367561756616
2012-03-01,1.956555899227511,1.987112392606489,1.9684442752247464,2.002648832938588,-1.5450744049141807,0.6185558925977526,-1.4624852335915146,0.0591891568817295,-0.6330167336056816,1.0504037061062883,0.5460902514781152,1.3489094450298058,1.4612561387523466,1.6525667710520386,-1.073491297102846,-0.3009462017028028,-0.3015374398816963,1.737754291745411,1.6260667068080232,0.08741889864964886,-1.2501198180185802,-0.5094634369187205,2.430433766030981,2.4279228946084257,-0.9322380177440927,0.35012380646325214
2012-03-02,1.92046021828576,1.9407981167834174,1.9621243938947932,0.11307724694753125,-1.5554485707280434,0.11793043659293281,-1.4687840973602868,-0.5117342518698297,-0.7372618445701805,0.9515257255756895,-0.22896384248980192,1.4250447562658553,1.4016088430643288,1.7258463225541174,-1.2629624138797118,-0.4381385474371651,-0.43834734141301357,1.718068785343578,1.735604524951768,0.03184990181665538,-1.2470317184896715,0.08904754462085684,2.3346587123835008,2.3306339530103655,-1.004912302318085,-0.19258470794613197
2012-03-05,1.766138708360979,1.8929227358799832,1.9052429865352143,0.6422664376074588,-1.569280308336159,0.5311293591103698,-1.4868523428726714,-0.32799595580449287,-0.40420199318674976,0.9651327871165982,-0.592315777372453,1.3465547446822996,1.3384297996053096,1.613467526704974,-1.2737034068942732,-0.3628172595830049,-0.36323602292523105,1.5910779695356805,1.709377160044111,-0.0044836730356859495,-1.1618001714918167,-0.6188686701033745,2.2327885232398312,2.227152961225172,-0.9799369053822532,-0.6705035572568165
2012-03-06,1.8147896862440507,1.731602854692277,1.75935276974704,1.3028322401627312,-1.618677896414189,1.790943961622966,-1.5482546968201683,0.09236932439929882,-0.4869752338110768,0.8716976312023622,0.2139242112061507,1.3606829467673396,1.3356828846723086,1.684098419719026,2.5707128128775936,-0.516149881286117,-0.5161412069896457,1.4036796683966697,1.587882749074817,-0.404152996411443,-1.1797111487594814,-0.03580313324868941,2.1326600501476127,2.125442057281856,-0.7434388379658328,-0.5104961387459139
2012-03-07,1.901104880953343,1.794569837387282,1.797800105813883,0.1617734144939249,-1.5954611870053523,0.5912244510028829,-1.5413958247433739,0.5012587571909989,-0.6748131224357873,0.9034474414644799,-0.19729444563708917,1.2751288341412639,1.303897154733299,1.7158823215753494,1.2628895034245802,-0.45696886940070547,-0.4571251710349595,1.462157202119759,1.399469987936721,-0.21821058393181283,-1.1228901174275787,-0.21664354810097033,2.1500734667214014,2.1431302789211015,-1.037042692109303,-0.5828378640372445
2012-03-08,1.9586488672171665,1.8741887984142322,1.878909050413069,0.029137418955138758,-1.5621174254270718,0.04259806087880763,-1.5067828555631673,-0.3916120664584791,-0.8431460296064485,1.013211071227806,-0.29061037834813597,1.326539791728493,1.3297966383873066,1.8032880516802388,0.23819876983540914,-0.3386068456298823,-0.33909309912558694,1.5783402889227303,1.4598314968786086,-0.11134712848374939,-1.128448696579613,-0.2591185209844242,2.206668093639786,2.2006196981207515,-1.0945796949236193,-0.6769385542580905
2012-03-09,1.8901196892693772,1.927268348612195,1.8367745946140193,0.9526854241453632,-1.5490255783211093,0.1630653981690772,-1.4775752283846262,-0.3952294531427254,-0.6835002150161622,0.8707904937662998,-0.906350483568437,1.352833945608984,1.3690382802873184,1.708945358868612,2.2721132070727825,-0.3009462017028028,-0.3015374398816963,1.6622931838717208,1.5755404597065077,0.004065403400159855,-1.1976221260271478,-0.02228836914940863,2.1997027966649814,2.193544279174676,-1.1445911784668241,-0.6652569253527307
2012-03-12,1.7452140504576483,1.8757499034945935,1.8973423316877198,-0.41630275941594796,-1.5487797444688405,-0.2235801655570998,-1.4719928677642091,-0.4356443940287873,-0.7782386963644019,0.907983128644782,-0.7721786114061806,1.375988499026133,1.3439236294713108,1.7915582783761195,1.5924231691113282,-0.28211587973926244,-0.2827596102597504,1.7039801386050124,1.6756287125526406,-0.05417517981903521,-1.098802941102097,-0.36981087455948586,2.1239530371213564,2.116597295010347,-1.1325618467287064,-0.8034994371086317
2012-03-13,1.6024013273231457,1.8669034505644537,1.7409186984543041,2.1641361628543914,-1.4875262472246773,1.4205970769940377,-1.458336682587115,0.35182326589006635,-0.7838115482084159,0.8435763706844843,-0.989391993636428,1.338705743523944,1.3356828846723086,1.740224754346264,1.6298018248020025,-0.04270178620282497,-0.04401291935215622,1.6883475305800282,1.7018560774602975,-0.0023464039267241947,-1.1241253572391425,0.6013214600031188,2.1013154301454913,2.093601694846686,-0.9779277578349148,-0.6854710156559016
2012-03-14,1.6813928342226003,1.6155570503392975,1.6024027211305423,3.838563043090908,-1.4912305060659656,0.6214321300855024,-1.3705400121883191,0.35781066453985333,0.3104343021044699,0.7936838117011538,-1.3163603848066114,1.344200044334793,1.3227331428453049,1.6408369977479191,2.1144354296190193,0.35542502102630746,0.3530040497975514,1.6128864227063373,1.68739245710681,-0.09211170650309725,-1.083362443457558,0.659241877571465,1.9280491621081024,1.9175967980170832,-0.6359350703136577,-0.5906394809002848
2012-03-15,1.6929016210128789,1.6884107369913564,1.6276830891363128,0.7601714608320538,-1.471224425445916,1.0311040176250992,-1.3689167180857278,0.3333621200532233,-0.4671424375426737,0.8426692332484239,-2.3599999742200546,1.2986758376163308,1.290947412906295,1.6166206915716728,1.4437678257897966,0.36887525100026436,0.366416785241798,1.6692410096606025,1.6090960589265986,0.006202672509120395,-1.0240709325025295,-0.42708773193262817,1.9297905298859983,1.919365862148851,-1.0547736587790564,0.5128644646976874
2012-03-16,1.7080718593648565,1.665513609797976,1.661390474704786,0.7334381807644607,-1.466411184046165,0.7801261212101047,-1.343680227812562,3.2144235078475782,1.1080077454271935,0.926125877365993,-0.6731815273513265,1.2951437870950708,1.3356828846723086,1.596188183235465,2.2252824775292943,0.41998612490130194,0.4173851799299364,1.6092195146510946,1.6677219334260667,-0.06325857353212085,-1.0734805249650532,-0.43609757466548205,1.9115062552864832,1.9007926896532228,-1.0484236026199012,-0.5983995049849237
2012-03-19,1.631696183187358,1.70506344386329,1.7035249305038358,0.23189818554917438,-1.4527666942496333,0.21345190542235498,-1.3530812553337315,0.1521185734252977,-0.8072503074347106,0.9859969481459905,-1.0494671472081771,1.3638225472306817,1.3710003623823195,1.6169990713556766,0.7292769704611628,0.6271196665002422,0.623941305771338,1.637589803289029,1.630887913592519,-0.0023464039267241947,-1.0938619818558455,-0.5500077292165629,1.882773512814428,1.8716059699479828,-1.047238556928228,-0.7658936236081118
2012-03-20,1.6358812821678004,1.6415763356548272,1.6534906098753763,0.560654561198397,-1.4629379987876716,0.1403367577501782,-1.3882007276364747,-0.04072555808659012,-0.26766712300840434,0.9714827491690213,-0.3624104612890191,1.4117014542966506,1.3808107728573225,1.5491429634243197,1.5258290124210467,0.594839114562745,0.5917507407051456,1.5476540583551681,1.634552030748736,-0.13058255046440034,-1.1321544160143024,-0.9554506521949863,1.9054115551322373,1.8946015701116434,-0.924115184337286,-0.5321540926421685
2012-03-21,1.6024013273231457,1.6623914516758267,1.673503874649484,-0.38789030115709994,-1.468644762627331,0.15385979581713582,-1.3925057734812067,-0.1255470389585718,-0.475337807901518,0.9596899625002335,-0.7634755710497099,1.330071842249753,1.347455377242312,1.575629548304589,1.4390417888633895,0.4146060329117185,0.4120200857522371,1.4878255585064624,1.5448775845571143,-0.22088217031801444,-1.1259782169564854,-0.8286692937398286,1.896704455037593,1.8857568078401337,-0.9644386797865687,-0.6098791118237615
2012-03-22,1.704933270535458,1.5702837540831314,1.5671153520626122,0.4583773440946862,-1.4937001351994021,0.4172233744331254,-1.4318518464683787,-0.16047353108232898,-0.6176094373310543,0.9469900383953873,-0.3188952595066657,1.3485169949718885,1.326264890616306,1.4988184521518075,2.172866431618234,0.376945388984639,0.3744644265083464,1.4229791844768975,1.4856731652435062,-0.6226887628027332,-1.1303015562969576,-0.4341668940798705,1.8087655563906433,1.7964276776572001,-1.0463473770145437,-0.47913518383111786
2012-03-23,1.8550696814797982,1.6832073482753867,1.6929915140585945,0.37848280901758974,-1.4825359394708977,0.11552228058070552,-1.4378872009062604,-0.06230514072019722,-0.29733436370742056,1.0150253460999268,-0.09841823714274166,1.298283387558413,1.3706079459633191,1.5394312156348875,1.2607413048216678,0.24513313523985894,0.24301961915472728,1.4359098602506497,1.4210689943312627,-0.5281146047311969,-1.1148610586524186,-0.25976208117962807,1.896704455037593,1.8857568078401337,-0.9462509434836366,-0.06434823030855545
2012-03-26,1.79438783876059,1.8216293216911534,1.8209740749371153,0.8627158199207369,-1.4339140760752456,0.10819311010870936,-1.4050870061956318,-0.16022405613858787,-0.38223840062504716,1.0921320281650748,-1.049225396087164,1.3485169949718885,1.3345056354153082,1.6424766434786024,1.0081131491191804,0.29893405513568766,0.2966705609317148,1.539548261601472,1.4814305032731494,-0.43354044665966046,-1.1642706511149423,-0.6188686701033745,1.9724542145812178,1.9627044434563503,-1.008713392272509,-0.8517708273564155
2012-03-27,1.703886812696845,1.8398431336434498,1.8304547132840663,0.42040501908789807,-1.4448291673715403,0.10212652782726715,-1.3589721811992421,-0.07041307639178371,-0.35125990066861584,1.055846530722653,-0.0480131284115156,1.3595055965935863,1.3502022921753132,1.679053355932308,1.01155026688384,0.1213910194794523,0.1196224530676554,1.5488120293199816,1.540827770858138,-0.4885751262154129,-1.2099745241427784,-0.5120376776995359,1.9097648875085873,1.8990236255214548,-1.087689820107071,-0.6668671600594207
2012-03-28,1.6918551631742658,1.7404493076224155,1.7003650161727946,0.43939118159129215,-1.4621937569922052,0.6912029587944069,-1.4104959734331484,0.08251506412152447,-0.9600120109235676,1.0549393932865925,-0.03507944343731611,1.3493018950877238,1.3199862279123036,1.5702061047338671,1.2998385193946718,0.15905166340653298,0.15717811231154727,1.4909134810792986,1.544491888014355,-0.656350751268873,-1.189593067251986,-0.07119894398490098,1.8244378663917036,1.8123478588747854,-0.9474104356293979,-0.5266103694637857
2012-03-29,1.7357973946581535,1.661351252687485,1.6555970087579148,0.4429594352477089,-1.4681474353975048,1.0279259907649732,-1.4255694775227266,0.016528941501997532,-0.6230183817678916,1.0413323317456837,0.10694934015786521,1.3006380879059196,1.270934175537289,1.5618817494857826,1.073848026368297,0.0460697316252933,0.04451113457987407,1.4731579262854895,1.488373041042823,-0.6510075784964698,-1.191445926969331,-0.5976311836616476,1.8357568440164138,1.823845705488893,-1.0208225788416019,-0.34934788974171077
2012-03-30,1.7786939529898707,1.7066245489436511,1.729858866625981,-0.22354073568802138,-1.4537595854401,0.4227684975269242,-1.3781487766595704,0.4523616682177388,-0.7603727889821214,1.0794321040602266,-0.3672454837092806,1.2107670246427484,1.2101096305922707,1.6029990193475343,0.47321169699401566,0.19402226133882136,0.19205122446658884,1.4963173455817627,1.4696667587189798,-0.5729972560193828,-1.1976221260271478,-0.3003063734774704,1.8775496706859078,1.8662992428754541,-1.0964994050602652,-0.760528155194307
2012-04-02,1.6191408862460355,1.7706317826655715,1.7609327532464965,-0.2220714547706733,-1.4282086204675628,0.756467476806944,-1.3757140353056136,-0.32600015625456386,-0.6798942520582707,1.0603822179029552,0.16871675157670576,1.209982124526913,1.2626934307382867,1.5978278289661483,0.8100492379306655,0.10256069751591314,0.10084462344571067,1.5511279712496087,1.5198073092777362,-0.5548304685932127,-1.221091682446847,-0.6047103458088898,1.9515576271096933,1.9414771629080159,-0.9935154208412915,-0.6539852824059008
2012-04-03,1.4789439938334923,1.7534589502801803,1.6218895705215681,1.5488127636112268,-1.4425968970223508,0.8399337946527355,-1.384975058689985,-0.1365239364831812,0.4418880426603318,0.9796469860935654,-0.21663453531813512,1.2798382348362773,1.250528521749283,1.6504226189426834,0.9793272878401554,0.40653589492734504,0.4039724444856898,1.5090550261947129,1.5483488534419516,-0.5783404287917859,-1.2377674199029478,-0.03258533227267018,1.8087655563906433,1.7964276776572001,-0.8569349121343937,-0.811306995797158
2012-04-04,1.5364871954108714,1.4828585391143845,1.4854799920803445,1.387249107414003,-1.4773275835744362,0.6569981102694971,-1.4304345316754807,-0.12380071435238396,-0.04393351221195601,0.8961903419759963,0.41844565958321184,1.2421630292761705,1.2089323813352701,1.3885838084120192,2.846541513491534,0.21823267529194518,0.21619414826623412,1.341535226618336,1.503029509667691,-0.7824496286975874,-1.1556239724340014,-0.3794642774875435,1.6311459559769041,1.616001097676007,-0.5423931213092024,-0.5935866263413115
2012-04-05,1.5919382136850377,1.5166832977931488,1.5486812807698767,0.05003173849404983,-1.479062981731009,0.46285515932978044,-1.4338951447421935,-0.31676958333614236,-0.499596104163697,0.8254336219632734,-0.38694820007184616,1.158571166939684,1.1806783991672618,1.434367762276485,0.3670906860101476,0.10256069751591314,0.10084462344571067,1.358711795929739,1.336022906652756,-0.6638311931502366,-1.1123905790292912,-1.5835654027139408,1.586741251777344,1.5708941967531818,-1.0431947082876394,-0.8571125284682765
2012-04-09,1.6824392920612135,1.5858947008095992,1.6081962397452856,-0.08771811789992186,-1.5180108678184494,0.2599479986575844,-1.4786666797900032,-0.36604088472501406,-0.7669290852691968,0.8599048445335744,-1.4941683343117278,1.181333270298915,1.1492850856472525,1.4609804737514225,0.8336794225627009,-0.2552154197913475,-0.25593413937125603,1.3982758038942056,1.414512153104348,-0.6627625585957571,-1.09571484157319,-1.104113057287075,1.6111203135994931,1.5956584887903893,-1.1152876496921316,-0.7700231923208406
2012-04-10,1.6808699714902997,1.6675956209703569,1.5850222179541813,1.0653239339519311,-1.575564685033242,2.473160394263361,-1.5582656125989967,0.30392407669177085,-0.41911756723984633,0.8408549583763031,0.08990588612644346,1.173091819082642,1.1634120767312566,1.4735931332182175,1.448064222995621,-0.41930822547362534,-0.4195695117910682,1.35369392174888,1.3956130225091243,-0.7097824789929047,-1.1074496197830397,-0.16966365385108953,1.6598786984489586,1.645188189639469,-0.8227282967378182,-0.7178539645542795
2012-04-11,1.766138708360979,1.665513609797976,1.7045784986202106,0.24804119406964814,-1.5482754779215746,0.8055729189693183,-1.555645411594178,-0.12118122744310217,-0.8056112333629417,0.867161944022058,-0.44557284691751675,1.1185412610320709,1.1700831558542588,1.49251212241841,1.128841910602852,-0.28211587973926244,-0.2827596102597504,1.288654552558512,1.3501008304634843,-0.746116053845246,-1.0889210226095922,-0.6555516012299938,1.6119911716252187,1.5965435327113275,-1.087635518822008,-0.6209606163550413
2012-04-12,1.6693611847000212,1.7518978451998188,1.6898315997275561,0.10006361596530537,-1.5038703590240683,0.8094428030980894,-1.5188245955088142,-0.18891367466881698,1.9903213182603667,0.9361043891626599,-1.082949677468488,1.181725720356833,1.2136413783632718,1.4988184521518075,1.7200261661243195,-0.23100500583822486,-0.23179121557161192,1.3660456120402258,1.2870394457222796,-0.5665854486924999,-1.1117729591235102,-0.19090114029281646,1.7565246971905533,1.7433617098356906,-0.9383453152170829,-0.7658876817826258
2012-04-13,1.6489593895289927,1.713389823318544,1.6745574427658587,0.2548342331160886,-1.544803174297674,1.1158555065396496,-1.5027662590241437,0.0756545031686436,0.8306764124839037,0.8372264086320612,-2.41705323877914,1.2248952267277884,1.2002992201172678,1.4646381449967931,1.9322681880920554,-0.4112380874892507,-0.41152187052451983,1.2753378864631557,1.3634073611886928,-0.6809293460219271,-1.1642706511149423,-0.5905520215144052,1.6999300702721687,1.6858722906360404,-0.9995652228359796,-0.8681999748250422
2012-04-16,1.6379734131585826,1.646779724370797,1.6408500571973856,-0.3883100957049137,-1.5470358996840725,0.6760765363748922,-1.500492436946092,-0.17382044057247906,-0.4846805301106004,0.893468929667815,0.20860568654386308,1.1915369718047775,1.1795011499102614,1.4483678142846275,1.1718058826610982,-0.43006840945279107,-0.43029970014646574,1.2415637333227572,1.2615834739001413,-0.5868895052276317,-1.0913915022327196,-0.2205049092721934,1.6250511687542695,1.6098096989407618,-1.0107161514333691,-0.7677237058577815
2012-04-17,1.5887996248556409,1.6353319673719553,1.5997691695147107,-0.21340842182942615,-1.496676021667895,0.677150249584095,-1.4712473998053253,-0.24454658712308733,-0.6199041410315307,0.8807690055629667,0.39777593873659395,1.2056651738898174,1.2462119411402817,1.4691787024048393,1.2577338267775906,-0.392407765525711,-0.3927440409025745,1.268390060674273,1.238055984791802,-0.487506491660932,-1.1296839363911748,-0.8531245811575747,1.6659734856715933,1.6513789369228267,-1.0754624483881348,-0.7888409536348154
2012-04-18,1.5950768548268652,1.591618943579015,1.6166232573079897,-0.23708865064019202,-1.508336435473028,0.1845684041981214,-1.4277032954639797,-0.2669993320597884,-0.6679290113343581,0.8771404558187249,0.42956621114981325,1.246872429971184,1.2242366216762748,1.4993229585304793,0.631748753888944,-0.44889873141633085,-0.4490775297684111,1.2566173558653342,1.2654404393277379,-0.5313205083946383,-1.1389482349778988,-0.8254514927638092,1.6241806590020993,1.608926050988153,-1.0791741009318663,-0.8049967771310887
2012-04-19,1.6008312220657877,1.6186792084614483,1.6139897056921582,0.2306769650464435,-1.530414897742886,1.7198448490778202,-1.481533895302592,0.060935481487917366,-0.6315415669410895,0.8907475173596336,-0.1312963896005198,1.1891822714572706,1.1736149036252599,1.5013409840451666,1.552037035376577,-0.4677290533798712,-0.467855359390357,1.247932573629232,1.2554123292159869,-0.44369247492722697,-1.135860135448992,-0.6014925448328706,1.6224392912242034,1.607155963146276,-1.0815409981219737,-0.7825782695726338
2012-04-20,1.576245112600761,1.5806913120936281,1.6234695540210247,0.08458846240726256,-1.524708987097994,0.5811114275448848,-1.453755653304497,0.962413190696464,-0.9155931035786317,0.9705756117329609,-0.4456937224780233,1.2386309787549108,1.270934175537289,1.5500258495869952,0.38255771595111626,-0.4919394673329938,-0.49199828319000105,1.2579683219909508,1.2448056742900961,-0.34110355769708584,-1.1420363345068072,-0.3427813463609243,1.5797756065289839,1.5638187778071064,-1.0758968586686402,-0.791401880419256
2012-04-23,1.5882767621233402,1.5427025831086785,1.5539483840015396,0.032686591041200364,-1.5534862227633845,1.169196264859931,-1.5026427497104653,0.05544703272561267,0.42353041305652067,0.907983128644782,-0.14580145686130427,1.2315668777123907,1.2002992201172678,1.4233947485403735,1.7024109375804384,-0.5430503412340314,-0.5429666778781395,1.17575238348918,1.2683331633984354,-0.3870548435397526,-1.1790935288537003,-0.6619872031820322,1.4857419206593994,1.4682989934053694,-0.7951113019933237,-0.7802847249350606
2012-04-24,1.60501632104623,1.5947411537397376,1.6282094518515196,-0.6687900983555564,-1.5405862022809238,0.4637748983694035,-1.4693111160220687,-0.010164877478302593,-0.35994699324899077,0.9433614886511436,-0.5084281383809162,1.2037029236002286,1.2081475484972701,1.4516471057459943,0.7163877788436889,-0.4515887774111226,-0.4517600768572607,1.1342584239166906,1.1732589656081789,-0.4191138801741716,-1.1642706511149423,-0.818372330616567,1.4944485854121001,1.4771431042249923,-1.081017150430776,-0.8639753369045382
2012-04-25,1.6787770558130735,1.5832933967408962,1.5476277126535019,1.2189687384517593,-1.493948813034228,0.7259005246619719,-1.4416648284893498,0.00417993178681196,-0.17112566018121894,0.9696684742969005,0.32089908225443625,1.2292121773648839,1.2261987037712754,1.3127817250165812,2.0078847789145686,-0.4139281334840425,-0.41420441761336946,1.160312770624998,1.1312180424473752,-0.48323195344300973,-1.188975447346205,-0.5352058447268744,1.594577406777874,1.5788546596201956,-0.7359644257865455,-0.6014833124121269
2012-04-26,1.6970867199933197,1.657188062959857,1.6708711130517373,0.42231317612341507,-1.4698845683834374,0.4392909524172953,-1.407735772411118,-0.34121812782277233,-0.42436260426950667,0.9569685501920522,0.11686113611940127,1.2370611785232395,1.24071811127428,1.4178451783749837,0.9539785443257902,-0.524220019270491,-0.5241888482561936,1.2114564882376013,1.1587953452546915,-0.4169766110652111,-1.2130626236716868,-0.73857086641129,1.591094584153694,1.575316624421214,-1.0009227549625594,-0.7920495393972236
2012-04-27,1.7232429347157043,1.6878906114778987,1.7261717468937747,0.038372899007041,-1.4641786861783708,0.3250092707662763,-1.3598455829073768,-0.30030423704922826,-0.7936459926390291,0.9986968722508368,-0.5038348670816678,1.2429479293920065,1.2438574426262807,1.469557082188843,0.33314914808413315,-0.5511204792184053,-0.5510143191446873,1.2284400623882021,1.2081645027279282,-0.26416186977447964,-1.1994749857444926,-0.3807513978779512,1.638982110977434,1.6239609090911338,-1.1090206425571907,-0.8816641513761843
2012-04-30,1.693948078851492,1.6832073482753867,1.6819309448800603,-0.13322766319700213,-1.477078934179436,0.004069617672098429,-1.366519390813584,-0.08800105992553287,-0.6930068446324216,0.9859969481459905,-0.5017799825530567,1.2755212841991819,1.2497436889112827,1.3631062362890933,0.6970539914174781,-0.5995413071246513,-0.5993001667439761,1.228633057549004,1.2361275020780038,-0.25988733155655735,-1.251355057830142,-0.5969876234664437,1.6032840715305747,1.587698770439819,-1.1186191932404206,-0.8205762435552258
2012-05-01,1.655759429920087,1.698818295001856,1.7124783634496203,-0.24628596755138393,-1.455496291828649,0.4914491891152041,-1.3670793991216064,-0.14375870985167377,-0.8613397518030826,0.9841826732738697,-0.6687091316125846,1.2739514839675106,1.299972990543298,1.3605837043957343,-1.0348237222504246,-0.5296001112600739,-0.5295539424338923,1.225931125297772,1.22879926776557,-0.29728954096337956,-1.2408555194318565,-1.0095097085921094,1.6076374909753133,1.5921204535914084,-1.1286553483973951,-0.750082425990023
2012-05-02,1.571013555781707,1.6259646083497974,1.6529634571420835,-0.5864149591322878,-1.4659151650483153,0.1270190185759936,-1.3598455829073768,-0.42603960869475405,-0.8964159369389362,0.909797403516905,0.007831380542504632,1.3163360902226304,1.2846687502022933,1.3802594531639345,-1.2010942941158373,-0.5753308931715286,-0.575157242944332,1.1840511754036784,1.2214710334531367,-0.41804524561969075,-1.2377674199029478,-0.6072845865897053,1.5397242347057738,1.5231339322940918,-1.0874790033532964,-0.7709679425731053
2012-05-03,1.5971697705040917,1.5583143104137083,1.5797551147225184,0.852278200936459,-1.4924590212113191,0.5926102185291006,-1.3666718649377922,-0.40957426240783995,0.04654337654968464,0.9052617163366008,0.19845213946131396,1.2935739868633993,1.2603389322242857,1.378872060622587,-1.2320283539977746,-0.5618806631975711,-0.5617445075000849,1.0908345127361783,1.1811657447347517,-0.4864378571064523,-1.1932987866866755,-0.532631603946059,1.3847425895414553,1.3657034177993361,-0.8016689807130146,-0.5706333544891218
2012-05-04,1.5767679753330617,1.584333595729238,1.5902893211858444,0.5121682909259102,-1.5482754779215746,1.622545491836984,-1.429825043017684,-0.2636314203192832,-0.4699288634646807,0.8426692332484239,1.3078480337903133,1.1832955205885038,1.153994082675254,1.3544035012570048,-1.214842765174476,-0.7071431469163086,-0.7066020502979511,1.0454806499476432,1.0891771192865716,-0.6050562926538018,-1.1957692663098032,-0.25590072000840497,1.39954404151679,1.3807389273542043,-0.9450627035987242,0.08344873682873853
2012-05-07,1.4156455880183128,1.5510289105253607,1.5839686498378065,-0.72084462228446,-1.5457952122933734,0.2642592754058174,-1.4513868912430217,-0.30990902238326146,-0.5664703262918661,0.816362247602667,-0.6731815273513265,1.0051231942938332,0.9781915269632009,1.4188541911323271,1.4523606202014459,-0.7232834228850573,-0.7226973328310474,1.0364098773899366,1.0299726999729635,-0.642458502060624,-1.1278310766738302,-0.45540438052159743,1.366457966668385,1.3471295007872655,-0.9724177744976198,-0.4704838859235879
2012-05-08,1.335607623280245,1.4152082411782956,1.3980511134833322,1.745352938269477,-1.5594399011686837,2.021860050236183,-1.517139750668901,0.046091722335320565,1.035888486269364,0.7700982383635802,0.4455217851366762,1.001983593830491,0.9738749463541997,1.366890034129132,1.7836128447705237,-0.8066748487235915,-0.8058562925853777,0.9806342759180784,1.0336368171291805,-0.9138916788987062,-1.1414187146010244,-0.20892082575852416,1.2358553833262154,1.2144628130069408,-0.6568378708697498,-0.47441143256979484
2012-05-09,1.3513015090509641,1.324140742573942,1.3285299434638471,0.9843226677942348,-1.579533007654992,2.173263877678416,-1.542643770989083,0.15635964746889677,0.6228418201836131,0.7065986178393409,0.2926142010959065,0.978829040413342,0.9452285477671909,1.293358229437717,1.903052687092448,-0.8497155846402544,-0.8487770460069678,0.9348944228079391,0.977903666700409,-1.0079315196930014,-1.1012734207252244,0.6483013542529996,1.3098636880235561,1.2896404538458361,-0.4895899128751013,-0.43205215868052216
2012-05-10,1.288003155548217,1.3548440716705439,1.3833041619228028,-0.23764201618049197,-1.5725870637353891,0.7330408201526168,-1.513057174837396,0.20862464818266196,-0.15342366020611534,0.7093200301475243,-0.20829412164318406,0.9423311850269884,0.9566086239181946,1.305718635715176,0.6833055203588394,-0.7205933768902656,-0.7200147857421977,0.8968743761298901,0.9320057781120087,-1.0004510778116364,-1.0654514661898933,-0.037090253639097105,1.3159584752461908,1.2958314803228606,-0.8093094909407303,-0.828098594620427
2012-05-11,1.1713466471360992,1.2976013317449546,1.3095694567880296,-0.08012365289856423,-1.5827585957920318,0.7829777228307218,-1.5299555279036872,0.16771075740911787,-0.09408917880808289,0.6920844188623738,-0.3157524949334957,0.9450783354324132,0.9373802193871884,1.2036822206288045,1.8076726691231415,-0.8093648947183832,-0.8085388396742275,0.806552640874425,0.8938218203788024,-1.1265499552403522,-1.058657647226297,-0.4534736999359859,1.2576224805499103,1.2365737415078841,-1.0088986554803716,-0.8423292666592554
2012-05-14,1.0881700412562036,1.1706271153280294,1.191593159621457,0.8935325560443363,-1.6199700030095276,1.006293646433482,-1.5784841708757535,0.10309674698016709,-0.18882766015632255,0.6095349121808631,-0.1993493301657003,0.9164294812044153,0.8836191699841726,1.1913218143513455,1.2564449076158433,-1.0030482063433666,-1.0016822300713826,0.7181608572269819,0.8164896635554901,-1.212040719598803,-1.0327176111834704,0.10191874852493378,1.1313735778576468,1.1083295744601476,-0.7164095747773165,-0.7976110880520643
2012-05-15,1.0735226656365298,1.1399245147714159,1.1194384379861404,0.8871020668346441,-1.639071725616125,1.9038460347145505,-1.6004499321686418,0.26363387327757953,0.5308897647573805,0.5233568557551107,-0.8376931652007238,0.8426488703158732,0.8698845953191681,1.1102224139798536,1.7909167200204255,-1.000358160348575,-0.9989996829825328,0.6978963653427428,0.712351597010381,-1.1992171049450349,-0.9999837561770477,1.3124554757033693,0.9894520168907671,0.9641647608720489,-0.6289781174390904,-0.7372837338933063
2012-05-16,1.2482459707323392,1.101415712311579,1.065190582242393,1.535150359236925,-1.6517230967035856,1.8963772609954688,-1.6049074562571672,0.10234832214894372,0.43369267230148756,0.509749794214204,-2.334736982074188,0.8132151159720399,0.8180856280111528,0.9060234572124426,3.3311751183085505,-1.029948666291281,-1.0285077009598762,0.7050371862924275,0.6951881008575758,-1.1938739321726317,-0.9271046072948234,0.5916680570750611,1.0086071495160072,0.9836223258367285,-0.49504559492733313,-0.47762001833220297
2012-05-17,1.3397927222606858,1.2419196968997268,1.1589393421693586,1.788935244960685,-1.7005936379340636,2.732506273547783,-1.669510934656612,0.1559854350532851,0.8798486346369692,0.4897927706208722,0.9388149475638549,0.7979095637132466,0.8070979682791495,0.9933030607226639,2.975863069386855,-1.2155618399318897,-1.2136034500904829,0.7602338022818785,0.7029020317127691,-1.1169322442500267,-0.9141345892734118,1.238446053254927,1.1635887946803265,1.1410535848479266,-0.4305005321466253,-0.7671116978327296
2012-05-18,1.345023494393297,1.3319469965157371,1.3480167928548727,0.8183511688449668,-1.7283786080851509,4.202918533255852,-1.71225566213414,1.3196613101337518,0.2537223392212676,0.5705280024302599,-0.10965966426984962,0.8010491641765887,0.7674639099601372,1.1543667221136362,2.593483718068464,-1.126790322103772,-1.125079396158453,0.7729714828948286,0.7568995476991219,-1.113726340586584,-0.8980764717230901,0.18107665253500693,1.1879678565024754,1.1658182491433553,-0.7125829312769805,-0.6816444800429556
2012-05-21,1.210580969219676,1.3225796374935805,1.3422233269080015,-0.2219378837781871,-1.6730575162567556,1.2927081847300241,-1.6995014397562627,0.08962510001814647,-0.9411626590982258,0.5986492629481378,-0.5352625128133675,0.73904205502558,0.7753122383401397,1.2420247054078613,1.5485999176119172,-1.0729894022079434,-1.0714284543814656,0.8380108520851955,0.7864053332202356,-0.9833529249399474,-0.9419274850335813,-0.013922086611758625,1.3089928299978306,1.2887556891185639,-0.9800423137591405,-0.780944267564
2012-05-22,1.1865168854880752,1.2949992470976897,1.220560647359434,0.4955864062872676,-1.667352487246457,1.6965331598034459,-1.6667052698813456,-0.015902801184348413,-0.5022186226785271,0.48072139626026567,-0.4274415128415362,0.8689430241963644,0.8490865251121618,1.243033718165205,2.065026861752036,-0.9815278383850351,-0.9802218533605874,0.7270386346238864,0.8353887941507131,-1.0399905563274205,-0.9641618016417183,0.2801849225963993,1.2680709484224502,1.247186916459275,-0.7490542296800152,-0.7961553408080088
2012-05-23,1.1755317461165384,1.1607396307924167,1.0778303449023008,1.93658843636899,-1.6656160083765126,1.8490127534438097,-1.7226371017344173,0.21536047166367228,0.9275456901254427,0.3918219275263319,0.13825611032905838,0.7496382065893598,0.722336021775124,1.1732857113138286,2.4482654925115916,-1.0998898621558577,-1.0982539252699595,0.6459806670869301,0.7258509760069692,-1.2398252180152995,-0.866577856528231,0.6141926639071957,1.433500713185754,1.4152316296155305,-0.40944121612182166,-0.557543512943594
2012-05-24,1.2419679560746721,1.2164213176762138,1.1715791048292648,0.18921271266465925,-1.65916588437598,1.0770724927059019,-1.6781166060300896,-0.10122323194381236,0.35206678352739873,0.34646505572330555,-0.2958080274499171,0.7103932007975821,0.7144876933951215,1.2565292637946757,1.9271125114450658,-0.9653875624162864,-0.9641265708274912,0.6394188316196534,0.6429262193136416,-1.2836392347490047,-0.8202563635946142,0.4584510966678648,1.45004388121254,1.4320365755603877,-0.717920428179369,-0.6839974429353883
2012-05-25,1.1551298986330791,1.2132991075154926,1.224774182474722,-0.4756273616501713,-1.6698327813144838,0.4223332638742454,-1.6773337239893933,-0.5229606243381802,-0.6036773077210191,0.32922944443815505,-0.8410776808949068,0.7202044522455264,0.706639365015119,1.2441688575172165,1.3479581680999075,-1.0649192642235692,-1.0633808131149178,0.6793688299057243,0.6375264677150059,-1.2644038127683537,-0.7998749067038237,-1.1440137893897133,1.4744229430346891,1.4568008675975954,-1.0108247540034956,-0.925817856562211
2012-05-29,1.201687960838923,1.2533682344771302,1.152092255438239,0.4842137903555863,-1.6301408809501818,0.7799208223173317,-1.6637105243389534,-0.3419665526539957,0.06637617281808776,0.3119938331530046,0.10078468657203181,0.7284459034618,0.7415644263061296,1.2325652108077652,2.2497719416024946,-1.0595391722339857,-1.0580157189372186,0.668175110579192,0.6998164593706919,-1.114260657863825,-0.8035806261385114,-0.21149506653933955,1.4030268641409704,1.3842765902949643,-0.879016369995681,-0.7403437740185659
2012-05-30,1.1865168854880752,1.1888409272803242,1.0615034625101867,1.537840860657004,-1.6782676069825775,0.9746858289021506,-1.687686194659554,-0.15086874574829576,0.1948795800447658,0.1958802413372554,0.11915777176902548,0.7233440527088686,0.6913351246741144,1.2035560940341365,2.4590064855261535,-1.4065551055620813,-1.4040642933987881,0.5859591720774222,0.6670322532361206,-1.1019713604872967,-0.7801110697188124,0.01246388139159909,1.4160872966119646,1.397542756524398,-0.7665296608906478,-0.6776218641889737
2012-05-31,1.4941142321854668,1.206013759665717,1.1715791048292648,0.26882102418642817,-1.685461318662588,1.6689163527476216,-1.7206098945642754,0.8758453852182945,-0.044425234433486664,0.18590172954058848,0.5220360149373143,0.5930506334801667,0.5869523572200831,1.2363490086478035,1.8106801471672187,-1.5571976812704011,-1.5542869303743527,0.5838362253085974,0.5841074965427929,-1.02289240345573,-0.7152609796117497,0.16884900882613382,1.3760355765151993,1.3568579110113854,-0.9088948535533957,-0.462236632149102
2012-06-01,1.4846983610724147,1.4974292868525108,1.3954175618675007,3.5670895416479054,-1.7675742903728238,2.8402471324750542,-1.8067092460161625,0.3494532539245257,0.41648239454791464,0.25484417468119047,1.3146170651786793,0.5494886770512935,0.5214188152470633,1.109339527817178,3.30668565423535,-1.8369624647287104,-1.8332718276146878,0.7278106152670957,0.5792862897582971,-1.0207551343467696,-0.705379061119245,1.8626994426026582,1.6198273266257492,1.6045039955783416,-0.28070564600993636,-0.2415572336012569
2012-06-04,1.4752817052729197,1.452155938557771,1.4633595910734858,0.5260024294334085,-1.769062318926547,1.7994823425733952,-1.8365311900075187,-0.10583851840302314,0.07194902466210186,0.3119938331530046,-0.5004503513874847,0.4129160568959067,0.43430237022903717,1.2286552863730587,1.2994088796740892,-1.6621094750672674,-1.6589062668394787,0.683421728282572,0.7046376661551877,-1.0212894516240094,-0.7455243549950449,-0.113030356673151,1.685128618296834,1.670837153339393,-0.7588604029237809,-0.4054624896309367
2012-06-05,1.4789439938334923,1.4433094856276325,1.4770529218497683,-0.1164358812844526,-1.7449993825077326,1.0112085019264676,-1.8212557314439588,-0.3237548817608938,-0.20472667865248043,0.2720797859663409,-0.8430116898630114,0.45961761378812216,0.45588527327404355,1.2470697691945793,0.70435786666738,-1.5302972213224868,-1.5274614594858589,0.7125639975637156,0.6820744184037468,-0.9593086474641331,-0.7936987076460067,0.0073153998299683165,1.7025420348706228,1.6885253749786382,-0.9602830343826146,-0.6685724639738857
2012-06-06,1.3371769438511587,1.5437435626755822,1.4860063547955544,1.3483227038894563,-1.6730575162567556,1.4229025835598785,-1.7994919246250531,0.0646776056440342,0.3979608575369266,0.37912200342148566,0.27617512486701745,0.45804781355645136,0.5084690734200595,1.3303133216754264,2.5277488408193474,-1.293573173780841,-1.2913973156671144,0.8059736553920178,0.707144693683125,-0.8182488862726889,-0.7535534137702067,0.30013528864771855,1.7103781898711534,1.696485465587431,-0.6325683906397395,-0.48680013870798167
2012-06-07,1.3492085933737379,1.472971054578772,1.306935905172198,1.949392170077309,-1.6710734687051834,1.434602567459012,-1.6793935170863283,-0.047087169151988746,-0.16866704907356567,0.37005062906087915,0.827246805216321,0.5122059215491045,0.5379003048450683,1.2388715405411626,3.2611438438536093,-1.3393039556922957,-1.337000616177554,0.7314775233223391,0.8029902845589019,-0.8919846705318524,-0.8239620830293036,-0.09565423140264716,1.568456977177829,1.552321396515775,-0.4993865035391499,-0.6245494789485496
2012-06-08,1.3821656854860904,1.3163352692107073,1.2969289041100387,0.45209950744783534,-1.645024095789448,0.5958067222895762,-1.68684578259766,-0.28832943974965436,0.1947156726375889,0.32922944443815505,0.4518073142830161,0.43881776071847994,0.44568244638004084,1.2031777142501328,1.2435557159983692,-1.371584507629793,-1.3691911812437467,0.6880536121418268,0.727586610449387,-1.0383876044957,-0.8202563635946142,0.08454262325442992,1.5980602294020543,1.5823924156255107,-0.9510805636610221,-0.581572255208739
2012-06-11,1.4397096717499152,1.3459968381618452,1.3258963918480156,0.0879849819304828,-1.686949148137532,1.1263134321375063,-1.6868292877745397,-0.17294727826938514,-0.7493909927012701,0.2911296721236123,0.2200888647919841,0.5208398228232956,0.522988480923064,1.2943672421950605,1.1318493886469292,-1.4953266233901983,-1.4925883473308172,0.703686220166811,0.7333720585907819,-0.9299211972159156,-0.8548430783183816,0.14310660101797998,1.5397242347057738,1.5231339322940918,-0.9720759958210455,-0.5170796813843365
2012-06-12,1.4742352474343066,1.4313400419582094,1.4259650331049343,0.8654635660518814,-1.6494908263543961,1.3762792050111299,-1.6812968112233444,-0.2939426259838296,-0.7761079000711024,0.3256008946939133,0.36417253291577656,0.3438448467023777,0.40918771941302956,1.3221150930220096,1.259022745939338,-1.285503035796467,-1.2833496744005666,0.7573388748698444,0.7005878524562106,-0.9122887270669842,-0.7770229701899056,0.8265675283244651,1.6354992883532542,1.6204235253440396,-0.9741969401317493,-0.7076993847988066
2012-06-13,1.507192339546659,1.4630836220817283,1.4770529218497683,0.26796235352044556,-1.6705761414753573,1.1769770928960277,-1.6640850688765272,-0.11407119154648018,0.0914540061161512,0.3646078044445165,-0.9341518624849405,0.43489326013930235,0.42017537914503295,1.3644936288304408,1.0463510842510195,-1.46035602545791,-1.4577152351757758,0.7866741393117901,0.7538139753570449,-0.9512938883055283,-0.7998749067038237,1.0209227072760267,1.6381116012252637,1.6230772611385262,-0.9891713180362357,-0.6862909875729615
2012-06-14,1.5119002489469713,1.4781752238733006,1.4675730735209018,0.533692302286542,-1.6358456824418763,2.3757501756204276,-1.6459713596109076,-0.07839627459149964,0.12767754310224283,0.432643112149056,-2.180620642428353,0.39250865388418243,0.43587203590503787,1.252871592549305,1.5971492060377355,-1.3446840476818787,-1.3423657103552529,0.9115420083508637,0.786212484948856,-0.7931359742423937,-0.8394025806738427,0.06587937759351836,1.6503010886021443,1.6354583834470202,-0.9303949682451829,-0.8165298603993001
2012-06-15,1.5166082106597112,1.5052355407943072,1.5297207940940591,0.8384058992882505,-1.601983121565461,1.1199163186386996,-1.582645195987148,1.8631424750737875,2.611038669239231,0.43899307420148115,-0.8061446439085175,0.4666817148306424,0.45078385982704217,1.3095024335552146,0.5608581999928378,-1.4953266233901983,-1.4925883473308172,0.876609884245651,0.9100210751747085,-0.8412245291940222,-0.866577856528231,-1.0140146299585364,1.6494302305764186,1.6345739909779695,-1.0012230091270267,-0.8200177119595474
2012-06-18,1.4763282154239623,1.4922258981365426,1.48337280317972,-0.3763841142329325,-1.5954998082884826,0.33806422735771147,-1.564189528110747,-0.2949405257587941,-0.29995688222225075,0.3827505531657274,0.22045149147350374,0.4965079192323932,0.4821771733470515,1.290961824139026,1.1022042479267395,-1.5276071753276956,-1.52477891239701,0.8959094003258786,0.9159993715874831,-0.7899300705789523,-0.9493389239029603,-1.842276601185887,1.7199557997179677,1.7062146203279929,-0.9940073266000994,-0.7803263177134622
2012-06-19,1.414076267447399,1.4885827818838002,1.5060204095877452,-0.33575945094677573,-1.5630836400611492,0.4616890616188298,-1.544296029902203,-0.12155543985871385,-0.48091065974553204,0.4843499460045075,0.7388867704860422,0.41644810741716687,0.43508720306703724,1.2905834443550221,0.9849126042077274,-1.4038650595672895,-1.4013817463099385,0.8851016713209513,0.893050427293283,-0.8316068182036968,-0.8412554403911874,0.40181779948992635,1.715602380273229,1.7017929371764018,-1.0803815059762125,-0.674983693673216
2012-06-20,1.2074423280778486,1.4485128743436022,1.3632901597984841,1.5770344061665231,-1.568569511775569,1.8796720900905297,-1.5441105702513416,-0.19727108528414458,-0.3001207896294276,0.49886414498147663,1.3682858140435818,0.5330057746187468,0.51043115551506,1.235466122485128,2.7451465394340726,-1.323163679723547,-1.3209053336444578,0.7808842844877218,0.8830223171815321,-0.9561027438006905,-0.8980764717230901,0.8844879458928113,1.6799043408263696,1.6655300540086435,-0.7285315381193656,0.19049072295796388
2012-06-21,1.2398757727714576,1.2851118146006475,1.2337276154205066,1.0956636308166514,-1.6443742457750643,1.8554550326990265,-1.6196884820857393,0.14750328696608692,0.00851685808464727,0.3537221552117891,1.645453474285072,0.3391354460073647,0.3095139489869993,1.109591781006514,2.6020765124801133,-1.4038650595672895,-1.4013817463099385,0.696352404056325,0.7777271610081432,-1.0731182275163205,-0.8931355124768385,0.06073089603188759,1.4665867880341592,1.4488406839242478,-0.8450333481258364,-0.013236647478491816
2012-06-22,1.2984654844998824,1.2054928535736975,1.2026537814678664,-0.3721480056140848,-1.6189393437306974,0.31072457380713087,-1.6142465252019815,0.9363430590755167,-0.736606214941473,0.37730772854936273,0.2791970138796809,0.22257777880578486,0.2773358026289899,1.076672739798179,1.0884557768681007,-1.2532224838589698,-1.2511591093343741,0.69596641373472,0.6949952525861961,-1.0528141709811887,-0.7943163275517894,-0.4264441717374243,1.44569054883619,1.427614520150577,-0.966144378976201,-0.5022191758439983
2012-06-25,1.2388293149328444,1.2814695309650377,1.2574279999268205,-0.48121826176423604,-1.6723024388877454,0.6463164088785178,-1.6623056795334639,-0.010414352422043716,-0.6115448632655096,0.3183437952054277,-0.047287875048476376,0.30499229096851793,0.2895007116179936,1.0455194709151954,1.5468813587295873,-1.4469057954839526,-1.4443024997315286,0.7310915330007349,0.7011663972703504,-1.0859418421700873,-0.7943163275517894,-0.6639178837676437,1.496190040258384,1.4789120752922051,-1.0550547477840895,-0.5956781489123627
2012-06-26,1.2498152913032532,1.236716308183757,1.2511081185968675,-0.49270536711804835,-1.6558452503418697,0.5489698328923437,-1.6647689860980892,-0.32001275760477693,-0.8687155851260425,0.30473673366452103,0.2527252661287492,0.26613973523465817,0.2498666532989815,1.0954656024037035,1.06912198944189,-1.3823446916089588,-1.3799213695991441,0.6799478153881315,0.7326006655052634,-1.230741824302214,-0.7745524905667782,-0.19540606165924337,1.4343715712114797,1.4161163012782478,-1.082154283223864,-0.7002899284178382
2012-06-27,1.1566992192039929,1.2445217815469918,1.2521608966951576,-0.737464670063813,-1.6261714776150598,-0.1397258328039673,-1.6315322923931161,-0.46121557576225236,-0.7082502334998719,0.28659398494331007,0.19651813049320935,0.2759509866826026,0.2985262892549965,1.0651952196833956,1.5279772110239591,-1.4011750135724985,-1.3986991992210895,0.6218562719866455,0.6751318806340731,-1.3899683729198282,-0.7825815493419399,-0.5944133826856284,1.419569770962589,1.4010807917233796,-1.0976684797857434,-0.5556421287880929
2012-06-28,1.3732726247929081,1.1773923897029193,1.146825152206576,0.009559727770734414,-1.635648224732911,1.115761069048974,-1.6655353733156655,-0.11294855429964512,-0.7272634927323905,0.2593798618614927,0.23676969214188628,0.3159808925902157,0.2957793743219954,0.9639155641650317,1.1571981321612945,-1.5007067153797813,-1.497953441508516,0.5234287399774843,0.6193987302053016,-1.5540037770326058,-0.7615824725453667,0.1559778049220569,1.335113607871431,1.3152897898039826,-0.9175191752987271,-0.2734886037627033
2012-06-29,1.3680410679738555,1.3746182081246399,1.3769842805928496,0.3191772883537216,-1.553108911597484,1.998726970998521,-1.6019452966415688,0.7073250607211662,-0.5427037522512178,0.45895009779481294,0.7278870944799473,0.23631353083290685,0.4723667628720486,0.9753930842798151,1.5816821760967668,-1.3419940016870868,-1.3396831632664032,0.7482681023121368,0.5208532635302078,-1.3392082315819982,-0.7455243549950449,0.7564194670472458,1.4622333685894204,1.4444187215789916,-1.013725081464518,0.10280720426193399
2012-07-02,1.4920221011946846,1.3538030921036404,1.3675036422459002,-0.9638675023279041,-1.5428859603362022,0.30036313868887743,-1.523281715877893,-0.31539747114556616,-1.1062174181253492,0.3918219275263319,0.36139239502412623,0.47924011668401106,0.46059427030204514,0.9956994660213551,-0.9304212701488864,-1.4926365773954073,-1.4899058002419683,0.7536719668146009,0.7466785893159905,-1.4108067467322012,-0.8881945532305854,-0.7507985101201631,1.461362510563695,1.4435339568517191,-1.2111134468624802,-0.06730131757506808
2012-07-03,1.3989052444089802,1.466726686295897,1.4954869931425039,-0.6998739764641282,-1.5204414775111972,-0.707130912649989,-1.5027662590241437,-0.8865703548408664,-0.8887122888016226,0.41087181368360326,0.8959041235840342,0.4411724610659867,0.5783191960020806,1.0320239252857246,-1.220428081542048,-1.3823446916089588,-1.3799213695991441,0.894365439039461,0.7518854926432464,-1.1575403573202903,-0.8517549787894731,-0.8846590307225631,1.608508349001039,1.5930054975123467,-1.0515123874820256,-0.28071386355360745
2012-07-05,1.2958504907767996,1.3980354087929043,1.3732971608606435,-0.6383931567797707,-1.5359029308840495,0.23164959927775383,-1.499899043511555,-0.4630866378403108,-0.1552266416850611,0.2167444023666477,1.2009940383025344,0.6005071845806045,0.6144215065500915,1.0392131411817978,-1.2724144877325259,-1.46035602545791,-1.4577152351757758,0.8573103681654233,0.8795510482966947,-1.309286464056541,-0.8128449247252352,-0.07248606437530868,1.5493017574842,1.532863087034653,-1.138209180375279,-0.520947809775684
2012-07-06,1.3131128601195563,1.2986423113118584,1.2942953524942071,-0.31671604373231615,-1.5683190991113831,0.7451965675937063,-1.5613838674550675,-0.47605933491484914,-0.4345248635144735,0.12149497158028877,0.10090556213253835,0.5655791294259223,0.546533466063071,1.1278801372333667,1.6942477828893716,-1.5948583251974813,-1.591842589618244,0.7347584410559774,0.8550593178314565,-1.3958458629694712,-0.7424362554661382,0.11865131360023379,1.432630116365195,1.4143473302110343,-1.0208034136821678,-0.5412688529376019
2012-07-09,1.2142424207813736,1.3033256265529425,1.3195757204999778,-0.8084862749257554,-1.5725584248310354,-0.22815833086593773,-1.568148195028713,-0.43377333195072887,-0.8469158999715168,0.14961623209816663,0.11601500719585552,0.4666817148306424,0.5218112316660637,1.154871228492308,0.5346501770373077,-1.6916999810099735,-1.688414284816822,0.7376533684680117,0.7158228658952175,-1.3317277897006332,-0.6621456677145348,-0.3234745405048089,1.4169578063641348,1.3984274281871154,-1.1394038086466693,-0.7124053105836717
2012-07-10,1.258185436951704,1.3345483005844416,1.2326740473041318,0.19890615040508558,-1.601983121565461,1.0878958503328946,-1.6009648804428758,-0.25153188554783873,-0.4394420857297801,0.08883802388211069,-0.16586679990538947,0.5326133245608288,0.5021904107160577,1.0799520312595456,1.5284068507445414,-1.7212904869526795,-1.7179223027941655,0.6672101347751805,0.7347219964904413,-1.4011890357418744,-0.6936442829093937,-0.6310963138122476,1.29680334262095,1.2763739153581815,-0.9362658954184863,-0.623200684563241
2012-07-11,1.2372599943619322,1.2445217815469918,1.2453145999821227,-0.3562530575082282,-1.6014845145434844,0.5510105038865073,-1.630864869994675,-0.08114049897265199,0.30436972803892515,0.07704523721332288,-0.528856108106521,0.4588327136722868,0.5214188152470633,1.0643123335207199,0.8805101521061892,-1.6863198890203905,-1.6830491906391234,0.6643152073631464,0.6651037705223222,-1.3488259425723237,-0.6646161473376605,-0.6233735914698014,1.2184419667524264,1.1967739399158088,-0.8811053723739946,-0.37719128396882984
2012-07-12,1.3183444169386116,1.224747645092896,1.1836932947920473,0.5131605325843791,-1.6176928261757555,0.5889866930716572,-1.6482001216551703,0.09773303568973295,0.26191770958011185,0.039852602334840566,-0.48993417762341596,0.5439943762404446,0.516317401800062,1.0322761784750605,1.8175543826965381,-1.7858515908276729,-1.7823034329265492,0.6311200397051552,0.6620181981802442,-1.3701986336619363,-0.6572047084682833,-0.6368883555690822,1.195804011503006,1.1737783397521484,-0.6436714063385438,-0.6591011941492959
2012-07-13,1.3220067054991842,1.322059511980123,1.3201028732332707,-0.6917452274928259,-1.5618360133530094,0.3027877186125266,-1.6149179683165482,-0.172697803325644,-0.8901874554662145,0.08883802388211069,-1.2657135249543723,0.5294737240974866,0.5637997884990761,1.0973575013237227,0.7215434554906784,-1.7508809928953846,-1.7474303207715078,0.6832287331217699,0.6292339920456728,-1.30821782950206,-0.6257060932734225,-0.3543654298745935,1.248045218976651,1.2268446798318788,-0.9751136735913456,-0.8176469235906569
2012-07-16,1.2832951938354755,1.312172079483081,1.3485432082379547,-0.5714168448331243,-1.5698166834464993,-0.3565789472622334,-1.5667147850125553,-0.5167237507446522,-0.9441129924274098,0.10788791003938207,-2.3805488195061657,0.5793148814530442,0.5979400169520865,1.058888889949998,0.4590335862147944,-1.8046819127912133,-1.8010812625484953,0.6450156912829187,0.6975022801141334,-1.3883654210881076,-0.6819095046995443,-0.843471178229517,1.2349848735740452,1.213578513602445,-1.157217824340637,-0.7029875171884554
2012-07-17,1.2613240780935318,1.299162436825316,1.2679614163720618,0.8236176822629937,-1.5466257973992843,0.4920260790038962,-1.5852324073457262,-0.19090947421874596,-0.6543246965386766,0.12693779619665346,-0.354070047614068,0.6232692879398355,0.636004409595098,1.053465446379276,1.5284068507445414,-1.7051502109839303,-1.7018270202610686,0.6380678654940369,0.6429262193136416,-1.3231787132647885,-0.699202862061428,-0.5783243778055321,1.1949335017508358,1.172893668089431,-1.0231990586114266,-0.5635982331137678
2012-07-18,1.278587284435165,1.252328035488787,1.2653278647562303,-0.3621492627479757,-1.521440426384511,-0.03170371439359709,-1.5401185140872746,-0.060558816114009366,-1.120969084771269,0.11786642183604698,-0.20345909922292257,0.6585897931524357,0.6599418111541051,1.074276334499488,0.4195067319212079,-1.7428108549110104,-1.7393826795049598,0.5921350172230956,0.6352122884584483,-1.4129440158411617,-0.7164962194233117,-0.9116885589211248,1.1444336620550857,1.121596019883247,-1.1411478381551696,-0.6962197779599687
2012-07-19,1.293757522787141,1.28979585838172,1.2932417843778323,-0.5028949256877091,-1.5124627128860204,0.30699018694758995,-1.484372545604512,0.05681914491618884,-1.1271975662439906,0.11423787209180519,-0.19439343218493227,0.7092158506238286,0.7870847309101432,1.0836097025049163,0.5587100013899255,-1.6970800729995563,-1.6937793789945208,0.6367168993684214,0.5902786412269472,-1.3156982713834238,-0.7183490791406565,-0.6310963138122476,1.1853558919040212,1.16316451334887,-1.1656632712645838,-0.403721534763556
2012-07-20,1.2602776202549184,1.2731431515097864,1.283761936048966,-0.023222410099447515,-1.5438823211853892,0.5750530572191536,-1.517156245492021,0.9460725818814205,-0.9036278628547191,0.0026599674563582503,-0.5694702964367175,0.9329123836369619,0.9016703252581778,1.0452672177258593,1.0807222618976164,-1.8396525107235016,-1.8359543747035367,0.6170313929665886,0.6336695022874093,-1.4097381121777204,-0.7294662374447249,-0.4206521299805897,1.1966748695287315,1.174662732221199,-1.1513309262011386,-0.6086253866462279
2012-07-23,1.2859109722450026,1.2382774132641183,1.259534346141484,-0.658085337386306,-1.5782949082884201,0.6224031938483185,-1.6106459079984707,0.035364299754452294,-0.32126484515524584,-0.035439804858184515,0.0008205980331254682,0.7547400573422912,0.7215511889371234,1.0701141568754455,0.6772905642706849,-1.8934534306193302,-1.8896053164805244,0.5554659366706629,0.5858431309852107,-1.437522610594217,-0.6386761112948358,-0.3723851153403012,1.1078651128560562,1.0844492095692146,-1.089037769653934,-0.5290702852149652
2012-07-24,1.3983823816766796,1.2627355934992868,1.2547944483109892,-0.4134214422923173,-1.6072199172874972,1.1990939426144631,-1.6360103320208872,-0.04234714522090741,-0.24242538230316402,-0.08533236384151509,0.07117017424793018,0.6154202867814798,0.622269834930094,1.0786907653128661,0.749899677049121,-2.019885592374528,-2.0156850296564452,0.5112700448469414,0.5584586764492749,-1.5347683550519537,-0.62817657289655,-0.6497595594731591,1.1096064806339518,1.0862179014427618,-1.1414417039331588,-0.6125351078159771
2012-07-25,1.455926367940503,1.3923111139849151,1.4048982002144517,0.12410639461281947,-1.6064728599492992,0.29210601722154733,-1.5965528201075854,-0.09486162087841374,-0.6385895854496957,0.004474242328479142,0.021973821121769495,0.6185598872448219,0.6297257468910962,1.1153936043612396,1.2787861730861312,-2.00374531640578,-1.9995897471233497,0.5545009608666516,0.5088966707046585,-1.5176702021802646,-0.591119378549655,-0.6426803973259169,1.217571108726701,1.1958888959948701,-0.9506653185399506,-0.5842698439793562
2012-07-26,1.496206363176249,1.4427886315741865,1.4575660724587425,-0.2598911272146201,-1.5513633035435301,0.8547112089545362,-1.5706119011931978,-0.0162770135999601,-0.4205927339044383,0.11695928439998654,0.029468105873174808,0.6558426427470109,0.6752460514951097,1.1518441902202772,1.164072367690614,-1.8934534306193302,-1.8896053164805244,0.5782393656453311,0.5565301937354766,-1.4663757435651934,-0.6380584913890548,0.4468670131541956,1.2933208682703257,1.2728358801592,-0.9844726597816497,-0.7750737439838904
2012-07-27,1.4904519959373266,1.4792162554787778,1.4896935271956313,0.20361929828281256,-1.488774073011596,2.502078796299366,-1.4849490487356551,0.33161579544703546,0.19750209855959594,0.14961623209816663,-0.36228958572851255,0.6715406450637222,0.6776005500091106,1.1330513276147525,0.8744951960180348,-1.6056185091766475,-1.602572777973642,0.6019777704240115,0.5756221726020802,-1.4615668880700312,-0.7399657758430107,0.361273507192084,1.3194412978703705,1.299369887780063,-1.0226592399540335,-0.7645210619208593
2012-07-30,1.4412789400083967,1.4636045281737449,1.392257647536461,-0.2849643106613134,-1.488774073011596,-0.16653786820012131,-1.4213758664845393,-0.5388022832657415,-0.5069719374866568,0.09609512337059427,-1.0509176539342555,0.69665744877046,0.6940820396071156,1.1486910253535785,0.8998439395324,-1.7266705789422618,-1.7232873969718636,0.6197333252178207,0.5976068755393811,-1.2782960619766015,-0.7615824725453667,-0.9503021706333555,1.3708116473182907,1.3515518353907428,-1.1865341298882857,-0.8013366126317492
2012-07-31,1.370656846383381,1.466726686295897,1.4686259042870657,0.42250399182696674,-1.51296220154259,0.1166493715020293,-1.436358447187232,-0.11157644210906895,-0.4027268265221578,0.13600917055725792,-0.06300169791432622,0.6762500457587357,0.6666128902771072,1.2489616681145985,0.7447440004021314,-1.8073719587860049,-1.803763809637345,0.5983108623687681,0.6166988544059837,-1.2804333310855633,-0.7479948346181724,-0.9007480356026594,1.2933208682703257,1.2728358801592,-1.1117229300373945,-0.570419448771628
2012-08-01,1.3178216065187418,1.3662918286693855,1.371190814645977,0.7649800165615566,-1.5159543555913118,0.4803958967283057,-1.4591481257188943,-0.02675496123708725,-0.3027433081442578,0.06525245054453507,-0.10542901965212081,0.6169900870131512,0.6391437409470988,1.0902944120223175,1.7423674315946074,-1.6621094750672674,-1.6589062668394787,0.5662736656755902,0.5947141514686837,-1.3295905205916727,-0.7584943730164582,-0.5596611321446207,1.2428210285745755,1.2215379527593506,-0.43132463400229026,-0.581566313383253
2012-08-02,1.392105151705455,1.3324670699906227,1.3290563588469289,0.5406379938958238,-1.5396427679471316,1.7381143975456896,-1.5301120227440193,-0.27635464245008046,-0.553849455939246,0.02352412848575052,0.5320686864593569,0.6479936415886552,0.6434603215561001,1.1099701607905177,1.4446271052309616,-1.7858515908276729,-1.7823034329265492,0.5141649722589755,0.5638584280479105,-1.4877484346548062,-0.7103200203654965,0.5910244968798573,1.2245367539750605,1.2029646871991668,-1.0322482080575464,-0.6174252301909064
2012-08-03,1.4313394737890321,1.3714959979639172,1.3717171773611867,0.37499088164259364,-1.4720663011625803,0.8813692701811104,-1.4864773987352364,-0.2810946663811618,-0.5069719374866568,0.211301577750283,-0.0014760376164987404,0.5875563326693178,0.7290071008981261,1.0960962353770431,1.0295951351483035,-1.5437474512964442,-1.5408741949301061,0.5811342930573653,0.5100537603329374,-1.3701986336619363,-0.6782037852648547,-0.27713820645013193,1.2959328328687798,1.2754896159536853,-0.9467013247303372,-0.40426818270826254
2012-08-06,1.4302930159504188,1.4152082411782956,1.4412391373987565,-0.7813332003103486,-1.4653340825321717,-0.5864931772787179,-1.3979477303649646,-0.6318564372811802,-0.8215102518590995,0.22400150185513126,-0.7928483322527984,0.7433590056626754,0.7478430890101314,1.151970316814945,0.1166107289105725,-1.5518175892808188,-1.5489218361966546,0.5627997527811489,0.5831432551858937,-1.3766104409888205,-0.8048158659500751,-0.8756491879897094,1.3716822441388492,1.3524358556015725,-0.9998527002274906,-0.7124112524091577
2012-08-07,1.4407553449020842,1.4100048524623259,1.4554589362259929,-0.5308875893987434,-1.4478790258263534,-0.10981173113801326,-1.3902440259102897,-0.4950194306391745,-0.218167086040985,0.22400150185513126,-0.4620119231464058,0.7696531595431666,0.828288454905156,1.1658442422284196,0.2149982249239562,-1.3823446916089588,-1.3799213695991441,0.5940649688311184,0.5598086143489334,-1.3039432912841378,-0.8140801645367989,-0.7842636402707631,1.415216438586239,1.3966580848616807,-1.1287607567742826,-0.7070220166934092
2012-08-08,1.4674351547307813,1.421973515553187,1.4686259042870657,-0.9702979915375964,-1.4436394725880963,-0.5161064518914943,-1.3915539266127688,-0.6238732390814643,-0.5785994744229557,0.19134455415695117,-0.32554341533452524,0.8265584179412445,0.8435926952461601,1.1438982147561962,0.5913626201541926,-1.3204736337287553,-1.3182227865556082,0.5934859833487112,0.5902786412269472,-1.2932569457393313,-0.8085215853847646,-0.8293128539350324,1.3943201993882697,1.3754318280234548,-1.0721660409654747,-0.7503200990094606
2012-08-09,1.4773738885761343,1.429258863402964,1.4696794724034405,-1.0547721034999336,-1.4406475744978051,-0.5050819013495841,-1.3874962948756677,-0.6308585375062158,-1.243571825339579,0.1378234454293788,-0.8909992873841067,0.8293055683466687,0.825541539972155,1.1735379645031645,0.09555838260203188,-1.202111609957932,-1.2001907146462356,0.6087326010520911,0.590857186041087,-1.299668753066214,-0.8109920650078903,-0.7044621760654861,1.4439490939899053,1.4258450837605874,-1.1427193812287633,-0.9415934032273842
2012-08-10,1.4151227252860121,1.4719308555904271,1.4891663217944662,-0.7818674842802934,-1.4349123992723964,-0.3100274233259553,-1.3999085586427644,-0.6022936564478572,-1.2252141957357678,0.12330924645241167,-0.9249653198864437,0.8261659678833265,0.8078828011171495,1.1363306190761193,0.9715937728696711,-1.298953265770424,-1.2967624098448132,0.5614487866555333,0.6051279581231939,-1.3434827697999205,-0.7683762915089629,-0.7771844781235208,1.4691986655642248,1.4514937682668463,-1.2257077157715242,-0.9014385465933956
2012-08-13,1.3701340359635112,1.4526760640712286,1.4496654176112482,-0.7884887891935374,-1.436657978886525,-0.7281350423695948,-1.3925013490456346,-0.8404174902487588,-1.0237719923153759,0.16140901876695443,-0.8347921517485669,0.821456567188313,0.8220097922011538,1.172276698556485,-0.0165775844699906,-1.2801229438068842,-1.2779845802228678,0.5147439577413818,0.5598086143489334,-1.4214930922770075,-0.7757877303783419,-1.00629190761609,1.4160872966119646,1.397542756524398,-1.1562308186297825,-0.866708576628071
2012-08-14,1.444940443882525,1.3553641971840016,1.3933112156528358,-0.6927183875809395,-1.436159570943327,-0.256922758732363,-1.3804889735103776,-0.6298606377312512,-1.2148880290836241,0.15233764440634795,-1.3512934217930008,0.8006567141186708,0.8137690474021515,1.1718983187724812,0.20511651135055958,-1.0998898621558577,-1.0982539252699595,0.5456231834697461,0.5173819946453704,-1.373404537325379,-0.7899929882113171,-0.8415404976439055,1.3890959219178054,1.3701254732091477,-1.212186695790788,-0.85514578423243
2012-08-16,1.453310589530976,1.4339421266054775,1.4285985847207656,0.025340186454459943,-1.4062354139921573,-0.059121381523431445,-1.3789441286876762,-0.25377716004150885,-0.7397204556778338,0.18227317979634672,-2.4313165549189115,0.8618789231538441,0.8883281670121737,1.1814839399672454,0.5711695532868168,-0.8255051706871318,-0.8246341222073237,0.6992473314683593,0.5411023320250901,-1.3392082315819982,-0.7689939114147457,-0.5854035399527745,1.5388537249536043,1.5222500051478178,-0.9530098563773852,-0.6854413065284719
2012-08-17,1.4815589875565751,1.4329019276171329,1.466519505404527,-0.17047488853029383,-1.401498761042679,-0.49436529914683336,-1.3381602253683613,0.045218560032226636,-1.003611381232619,0.1632232936390753,-0.44460584243346446,0.904263529408964,0.9106959028951807,1.2098624237675342,0.2867480582612273,-0.8819961365777517,-0.8809676110731602,0.8463096439996939,0.6982736731996529,-1.075255496625281,-0.7998749067038237,-0.8280257335446247,1.511862350259445,1.4948319773161254,-1.174258845270764,-0.8052760429289281
2012-08-20,1.5636898679718694,1.4500739794239634,1.4796864734656,-0.16396807303918087,-1.4012485758970978,-0.7521796486911687,-1.34425310982744,-0.5904435966201539,-1.0722885848397339,0.1722946679996798,-0.6406660015750679,0.9501801861853441,0.9224683954651841,1.1985110302474187,0.30608184568743807,-0.8927563205569174,-0.8916977994285578,0.9038222019187727,0.8554450143742158,-1.0795300348432044,-0.7856696488708467,-1.1362910670472672,1.5362414120815941,1.5195966416115534,-1.2080661865124631,-0.7956918784201054
2012-08-21,1.653143651510557,1.5437435626755822,1.5966092025157974,0.5967950554510888,-1.4119710158149492,-0.19119221223323107,-1.362156814947655,-0.22284226701760965,0.03785628396930973,0.288408259815431,-0.5218453255971418,0.9293803331157018,0.9589631224321954,1.298781673008439,1.3157351890562228,-0.9142766885152489,-0.9131581761393528,0.9781253388276493,0.9005715098770966,-0.8839699113732477,-0.7949339474575704,-0.08535726827938561,1.6024135617784043,1.5868137265188798,-0.8887682419543834,-0.697194237339663
2012-08-22,1.7237657451355743,1.6181591349865627,1.58712861683672,0.9350731347075413,-1.4104749387905884,0.37671379691115675,-1.389453098317756,-0.2956889505900175,0.3092869502542317,0.33920795623482,-0.14277956784864085,0.964700838328302,0.9534692925661936,1.3996829487427989,1.027446936545391,-1.202111609957932,-1.2001907146462356,1.0946944159522238,0.975782335715231,-0.811302761668565,-0.8671954764340121,-0.1143174770635587,1.6999300702721687,1.6858722906360404,-0.9038320572695623,-0.6836944098356053
2012-08-23,1.7279508441160152,1.7128689172265246,1.730385282009063,1.6280585252962474,-1.4394003743870492,-0.07036765486953647,-1.4198885516830348,-0.3258754187826933,0.17062128378258676,0.3718649039330001,-0.23621637612019417,0.9796139405291774,0.9840777732482029,1.4387821930898634,3.3191452061322417,-1.255912529853761,-1.253841656423223,1.1068531110827675,1.0939983260710673,-0.5965072162179572,-0.9190755485196633,-0.42000856978538587,1.6929644250238085,1.6787965924962986,-0.9367482185975771,-0.530502265157077
2012-08-24,1.6960402621547066,1.7076655285105549,1.735652385240726,-0.03974705002702467,-1.4182043714649508,-0.31642248383583427,-1.4278227758223605,-0.5849551478578492,-0.9010053443398889,0.3256008946939133,-0.0005090331324464421,0.9364444341582221,0.9456209641861912,1.560368230349767,1.7720125723147973,-1.2236319779162643,-1.2216510913570313,1.1385043174543412,1.103640739640059,-0.5911640434455541,-0.9301927068237318,-0.8524810209623709,1.7060248574948034,1.6920634101776197,-1.1690906406100432,-0.8557161994790803
2012-08-27,1.7106876377743818,1.7045425377712702,1.7361787479559356,-0.6345195979976712,-1.417457769163962,-0.9465935941693457,-1.3914634069453307,-0.4846662204739179,-0.6661260298554124,0.3138081080251255,-0.5340537572083021,0.9544971368224396,0.9613176209461956,1.689017356911076,2.0895163258252363,-1.3177835877339643,-1.315540239466759,1.1186258158917064,1.1368106423173905,-0.58475223611867,-0.9023998110635624,-1.2366864574990672,1.6476892110720787,1.6328052991044224,-1.147846061377377,-0.6697964800239895
2012-08-28,1.655759429920087,1.699339149055302,1.7340724017412692,-0.6929092032844912,-1.4209493834294278,-0.8048613975656487,-1.405610000021702,-0.6647871298550084,-1.1327704180880047,0.3727720413690605,-0.2896433738640837,0.9121125305673197,0.9122655685711808,1.681702014420335,0.8074713996071707,-1.358134277655836,-1.3557784457995001,1.0140224387368726,1.1169472703652674,-0.7685573794893396,-0.8919002726652748,-1.0236680328865941,1.6433354433537841,1.628383243694611,-1.1858537667283762,-0.77813378410915
2012-08-29,1.652097978358388,1.6727990096863263,1.6750838581489407,0.11109276363059359,-1.4182043714649508,-1.0156684596317498,-1.4055484492843793,-0.5412970327031528,-0.9247719183805373,0.34011509367088044,-0.40665091643441176,0.9309501333473732,0.9083414043811798,1.6576118348387565,1.06740343055956,-1.3177835877339643,-1.315540239466759,1.0107415210032333,1.0112664176491202,-0.8305381836492159,-0.9332808063526403,-1.1388653078280826,1.6032840715305747,1.587698770439819,-1.154451652995653,-0.6565640346667991
2012-08-30,1.8456538103667461,1.6535449987456883,1.6661304252031561,-0.5518009905080096,-1.4436394725880963,-0.37578055270329225,-1.4477162740309044,-0.5606313408430897,-0.8872371221370305,0.3192509326414882,-0.7041256708410001,0.8979843284822797,0.8753784251851698,1.603503525726206,0.9170295283556985,-1.3823446916089588,-1.3799213695991441,0.9733004598075924,1.0068309074073838,-0.9929706359302728,-0.9079583902155965,-1.052628241670767,1.571068854707895,1.5549743877938178,-1.1547838490925102,-0.8049551843526872
2012-08-31,1.859254780460239,1.804977395397782,1.6424300406968422,1.7781541577100142,-1.4269314732204763,0.761174980418229,-1.4379407060917466,-0.18891367466881698,-0.09687560473008994,0.3836576906017879,-0.07339699611788843,0.881893876107651,0.9326712223591873,1.5886205875553878,1.29253464414477,-1.5975483711922729,-1.5945251367070936,1.0987473143290722,0.9709611289307352,-0.8535138265705493,-0.8919002726652748,-0.27392040547411267,1.7382400743174828,1.7247877928236197,-0.5748461246175605,-0.6182808530608819
2012-09-04,1.8503617720794876,1.8335987653605765,1.8583686329056668,0.6352825828574666,-1.4301746656095469,0.10947006922175742,-1.4484661705449466,-0.38674730505552724,-0.5564719744540761,0.3745863162411814,0.014237785249351109,0.9391915845636463,0.9440512985101904,1.9779733852953496,-1.2264430376302025,-1.5276071753276956,-1.52477891239701,1.2019997253582904,1.146067359343622,-0.7220717763694318,-0.9493389239029603,-1.0378263571810786,1.7234385352737593,1.7097522832687517,-1.0716389990810378,-0.7183827870225282
2012-09-05,1.8807030334698824,1.8138238483279203,1.866268497735078,-0.05793178657550161,-1.433166563699838,-0.2922156913889697,-1.431307933383616,-0.5285738105723554,-0.9832868627426853,0.4054289890672406,0.16956288050025153,0.9093653801618955,0.8910750819451747,2.0409105560346563,-1.238902589527094,-1.468426163442284,-1.4657628764423236,1.205473638252731,1.200450571872735,-0.6590223376550746,-0.9178403087081013,-0.5699580952678821,1.737369477496924,1.72390377261279,-1.19708774434998,-0.7045323918148
2012-09-06,2.0664123149361022,1.8861574615050933,1.918409954596287,0.8120351690574056,-1.3618500323335998,0.8905563956327023,-1.420457005142755,-0.07827153711962907,-0.700874400176912,0.432643112149056,0.22335250492566064,0.9246709324206889,0.9573934567561946,2.271469971087669,3.844594584404592,-1.2532224838589698,-1.2511591093343741,1.2568103510261364,1.2037289924861918,-0.6499389439419889,-0.9468684442798345,-0.29129653074461653,1.8418516312390483,1.83003747648236,-0.9289895232200178,-0.36007882656932005
2012-09-07,2.0062525502627504,2.0537217109756742,2.0537659649211357,1.9907991777480276,-1.347884855063887,-0.1564761694653165,-1.3293566202370257,0.09087247473685209,0.7631465607270269,0.6004635378202586,0.14635477288299636,0.8740448749492953,0.9193290641131832,2.1921363430415286,3.289929705132634,-1.2747428518173012,-1.2726194860451692,1.2979183202770217,1.2530981499594285,-0.5751345251283445,-0.9635441817359356,-0.03258533227267018,1.9576524143323277,1.9476681893850403,-0.824606482362357,-0.4900027826449038
2012-09-10,2.038163184536491,2.0089684881943923,2.0463925154748077,-0.18030189726320633,-1.3683344263239499,-0.583777072927331,-1.3354659995192255,-0.13864447350498077,-0.5431954744727484,0.5487567039648071,-0.7962328479469815,0.9360519841003041,0.9169745655991824,2.4899212330525584,1.726900401653639,-1.3124034957443813,-1.3101751452890604,1.3002342622066487,1.3173166243289127,-0.3801087189356287,-1.0790391041170875,-0.5204039602371859,1.872325480283832,1.8609925158029261,-1.0325165202896234,-0.8547060891464704
2012-09-11,2.0392096423751043,2.029263530740506,2.0758863659279916,-0.22565878999744524,-1.358358190549529,-0.5365275327556247,-1.3347161071247686,-0.3742735578684711,-0.2934005859351753,0.63584189782662,-0.7700028513170629,0.9399764846794822,0.9452285477671909,2.4746599150977366,1.108219204014894,-1.1886613799839754,-1.186777979201989,1.3529219411056705,1.2980317971909296,-0.35713307601429534,-1.0574224074147331,-0.5506512894117668,1.9010581356874985,1.890179142443611,-1.099492364125219,-0.7608074209921463
2012-09-12,2.216548778192873,2.046956436600783,2.0474460835911827,0.23659225185654617,-1.3463894321555143,-0.5595025318458513,-1.3082232254541961,-0.29194682643390063,-0.18145182683336272,0.6766630824493441,-0.9707771573184213,0.9599914376332885,0.9730901135161996,2.256965412700855,3.844594584404592,-1.032638712286072,-1.0311902480487254,1.4974753165465762,1.3499079821921045,-0.31011315561714764,-1.1191843979928893,0.4224117257364494,1.918471552261288,1.907867736341077,-0.8299439792647455,-0.7668324320348904
2012-09-13,2.242182130182957,2.205154159666338,1.9974117629627233,3.7459792637276235,-1.2915307150113153,2.270117736321935,-1.30509612172698,0.2101214978451087,1.074570634363109,0.7573983142587319,-2.303188460781982,0.9639159382124666,0.9942806001422057,2.302497113375985,4.267789709178317,-1.1321704140933548,-1.130444490336152,1.688154535419225,1.4939656409128386,-0.20645560383252562,-1.1432715743183692,0.052364613494237586,2.137013382523963,2.1298644849498887,-0.37719264118076035,-0.5420769412036899
2012-09-14,2.1689442581484144,2.221806085959713,2.261277539567259,1.5536213193407296,-1.2753219767816595,1.1267425068234018,-1.2190667702836995,0.626619916420913,0.9990093196545647,0.8825832804350876,-0.41341994782277786,1.0059080944096686,1.0649155555622267,2.4952185500286124,2.4495544116733394,-0.734043606864223,-0.7334275211864449,1.750491972358361,1.685849670935771,-0.09638624472102075,-1.1970045061213652,-0.810006048078917,2.2536851107113556,2.2483799625798406,-0.5488485858452449,-0.6730704258667429
2012-09-17,2.237997031202516,2.2077562443136065,2.1954426992618954,0.4915601949423267,-1.2877900247534648,0.09307900562276097,-1.2220619195455398,-0.08612999784747444,0.2356925244318102,0.8735119060744831,-0.031453176622119994,1.056141701823144,1.0362691569752185,2.470497737473694,0.7726705822399914,-0.8039848027288004,-0.8031737454965286,1.5818142018171708,1.7446683937066196,-0.20538696927804476,-1.245178858772327,-1.7927224661551908,2.256296988241422,2.251032953857884,-0.9974059482064077,0.3677234935526091
2012-09-18,2.2390434890411295,2.207235338221587,2.227570101330912,0.7214931177221243,-1.2907821503623609,-0.34012629399540506,-1.2257120170988252,-0.17718835231298422,0.7998618199346492,0.8109194229863043,-0.0418484748256822,0.9603838876912065,0.9464057970241913,2.4349300377773324,2.3743674605714085,-0.8873762285673346,-0.886332705250859,1.4131364312759807,1.5784331837772052,-0.43781498487758275,-1.2149154833890317,-0.8672829054520593,2.2937364825345656,2.2890640635764132,-0.8910137598014086,-0.6293267066392461
2012-09-19,2.224918923841324,2.211398527949213,2.2549576055694325,0.08019970122557347,-1.2887876938346283,0.275599986242598,-1.2096741961533997,-0.23344495212660737,0.21520409853469954,0.8109194229863043,1.0060217592054896,0.9132898807410731,0.905986905867179,2.536966452863704,0.25280652033521284,-0.989597976369409,-0.9882694946271353,1.4899485052752872,1.4102694911339912,-0.3838489398763112,-1.1920635468751137,-0.625304272055413,2.3346587123835008,2.3306339530103655,-0.9208539130402552,0.18271881522235317
2012-09-20,2.2505523281438404,2.1937055700503643,2.2043961322076804,-0.00047717823608496633,-1.288537707767826,0.8030436366103549,-1.2318129471097403,-0.21223958190861195,0.9298403938259192,0.739255565537521,0.4215884241563818,0.9470405857220019,0.9362029701301886,2.483867156508497,1.319601946541465,-1.0138083903225323,-1.01241241842678,1.4413137247531138,1.486830254871785,-0.5152909900774287,-1.2087392843312146,-0.10208983335468562,2.2972193051587455,2.292601819581728,-1.0424568496494275,-0.6025944337779979
2012-09-21,2.2029478080993803,2.271242571943507,2.2733908868440817,0.8883996136187956,-1.2900674291058418,-0.12639166971836086,-1.203581311694321,3.6758274162967846,2.748393076453461,0.7492340773341879,-0.6479185352054602,0.8088981653349444,0.8102372996311503,2.4081911997077268,2.3984272849240265,-1.0433988962652379,-1.0419204364041228,1.4679470569438275,1.441896607640284,-0.3817116707673494,-1.1685939904554146,-0.6484724390827514,2.336400080161397,2.3324022726256906,-0.9693960676935148,-0.6871644359193948
2012-09-24,2.188300380167274,2.1780938427453345,2.2223037881173338,0.090141199380617,-1.295582593840604,-0.39441963917815304,-1.2241176878067626,-0.18155416382845385,-0.17112566018121894,0.70478434296722,-0.3423451182449339,0.8155698163195466,0.7811984846251417,2.2723528572503446,1.6770621940660733,-1.1483106900621034,-1.1465397728692481,1.4320499570346041,1.4594458003358484,-0.6782577596357255,-1.173534949701666,-0.6903038517710015,2.1753233865692767,2.1687796148792473,-0.8990184080583717,-0.7884072003743418
2012-09-25,2.138080134025719,2.2155617176768394,2.2186166683851276,0.31671576577790467,-1.334439330287077,0.3751063065807441,-1.2506600539466965,0.04621645980719113,0.11079508016302365,0.6766630824493441,-0.237304256164753,0.7751474603540155,0.7839453995581424,2.282190731634445,1.363425198040876,-1.2666727138329266,-1.2645718447786207,1.456560342456493,1.4299400148147348,-0.7418415156273237,-1.1568592122455634,-0.8009962053460631,2.106539272274012,2.0989080496609933,-0.8563024618730694,-0.7550854430491852
2012-09-26,2.270430475896127,2.1083623662539988,2.104853853665971,0.6410070539640176,-1.3547455079465913,0.6489134398720963,-1.2713979849332602,-0.13190865002397045,0.7100405608017161,0.6512632342396476,-0.20672273935659907,0.7280534534038822,0.7140952769761213,2.246623031938083,1.8742668258134232,-1.4334555655099956,-1.430889764287282,1.4880185536672643,1.4534675039230738,-0.8882444495911699,-1.135860135448992,-0.742432227582513,2.1265653499933665,2.11925065854661,-0.8171512353425039,-0.44016869229431743
2012-09-27,2.246890039583268,2.2410608774789114,2.232310051829282,0.3499558613366107,-1.3209020301931371,-0.06289682816152695,-1.2686957135322872,-0.261136670881872,-0.5197567152464538,0.6893630065541925,0.1328167101062642,0.6958725486546247,0.7521596696191326,2.299596201698622,1.6568691271986975,-1.3070234037547985,-1.3048100511113616,1.552285942214423,1.485866013514886,-0.7568023993900523,-1.1185667780871082,-0.6767890876717207,2.256296988241422,2.251032953857884,-0.8648916474927716,-0.6434504258193275
2012-09-28,2.267814697486597,2.2348157286174777,2.2628574703988438,0.18617874297818723,-1.3376972829456202,0.7350137425121654,-1.2877282841396918,0.14999803640349815,-0.4358361227718886,0.6385633101348014,-0.3719596305690356,0.7822115613965352,0.7615776636751359,2.3470198012937713,1.0652552319566477,-1.3688944616350012,-1.3665086341548969,1.5893410130884598,1.5500844878843694,-0.7429101501818046,-1.1482125335646225,-0.4045631251004936,2.238883310462466,2.2333444530249733,-1.0639601585344538,-0.7818949596417506
2012-10-01,2.274092764456695,2.294139647098314,2.285505076806866,0.37607853115283835,-1.328172131244641,0.4314813825362104,-1.2587302573871093,-0.35930506124400374,-0.1571935305711837,0.6666845706526773,-0.6497316686130583,0.7747550102960976,0.7862998980721431,2.2936682517492284,2.6218399396269065,-1.4092451515568725,-1.4067468404876373,1.6289050210529266,1.545456129371254,-0.6873411533488112,-1.0963324614789711,-0.6709970459148861,2.2597798108656018,2.2545706167986443,-1.0638483617710883,-0.7533207208798608
2012-10-03,2.3368675228531313,2.241581002992369,2.291824958136819,-0.5834954788679468,-1.3096213164992525,0.13116810919893596,-1.258128814281149,-0.38712151747113893,-0.4517351412680465,0.6821059070657068,0.3013172414523772,0.7543476072843733,0.7266526023841253,2.299848454887958,0.8736359165768699,-1.4146252435464552,-1.4121119346653361,1.6815926999519484,1.6333949411204571,-0.5569677377021732,-1.1198020178986703,-0.9522328512189671,2.1544271473713077,2.147552706589134,-1.0311941242886726,-0.138591339755387
2012-10-04,2.2850779038282316,2.317557628345139,2.3460728138805664,0.31891014636874926,-1.2835485091672436,0.1933428788752395,-1.2350345912205185,-0.3559371495034986,-0.39551490060637484,0.7837052999044889,0.29563609010856995,0.6126731363760556,0.7286146844791258,2.254316754212828,1.15290173495547,-1.2612926218433438,-1.259206750600922,1.8188122592823672,1.6796785262516167,-0.3710253252225431,-1.1093024795003845,-0.5603046923398245,2.2876416953119314,2.282873037099389,-0.9619344322871837,-0.39203396403271024
2012-10-05,2.1998091669575524,2.2811300044405494,2.298144892134646,0.03157985996060051,-1.2832989781376503,0.2042339851368472,-1.204726667885044,-0.24230131262941723,-0.25209591932660025,0.798219498881456,0.2679555867525729,0.7519929069368665,0.7250829367081246,2.22404637149252,1.2714822978362292,-1.1025799081506493,-1.100936472358809,1.7591767545944634,1.8169864954740567,-0.4960555680967778,-1.1661235108322872,-0.7083235372367092,2.2354008361118414,2.229806324761437,-0.9972654037038912,-0.6803610457379925
2012-10-09,2.191961831728973,2.21868387579899,2.221776635384041,-0.18219097272836815,-1.3319323596626604,0.6975836483817918,-1.2440441756615475,-0.3903646917397735,-0.4482930857173319,0.6630560209084355,-0.021541380660583934,0.67899719616416,0.7737425726641396,2.1570731497238387,1.3965074565257256,-1.1536907820516864,-1.151904867046947,1.6715569515902295,1.6979991120327007,-0.5558991031476935,-1.1451244340357138,-0.28743516957339343,2.0987034655470374,2.0909489827623085,-0.9889796664418951,-0.31613902710078706
2012-10-10,2.2170723732991857,2.175491758098071,2.2080832519398865,-0.25649460769139987,-1.3549963187683352,0.19202691297256452,-1.3040622003428017,-0.4216737971792844,0.4963053018430577,0.6539846465478311,-0.4262327572364708,0.7814266612806998,0.8016041384131477,2.2128211045670723,1.1430200213820734,-1.242462299879804,-1.2404289209789765,1.6040086453094327,1.666950540340548,-0.6264289837434145,-1.0790391041170875,-0.6658485643532553,2.133530646968171,2.126326077492686,-1.0608585968993736,-0.6106218400095041
2012-10-11,2.1511582413869115,2.207235338221587,2.2517976912383926,-0.5706535820189175,-1.352990571629849,0.17876460449942863,-1.3046801382718822,-0.6024183939197277,-0.8298695296251207,0.7011557932229783,-0.8569123793212632,0.7413967553730867,0.7725653234071392,2.234136499065956,0.8358276211656133,-1.2747428518173012,-1.2726194860451692,1.6622931838717208,1.5961752247441492,-0.5911640434455541,-1.0839800633633407,-0.7372837460208823,2.1344015049938965,2.1272107491554033,-1.1740128923913602,-0.6342465381416051
2012-10-12,2.0617044055357914,2.1791348743508085,2.1822757312008227,-0.08386364068817753,-1.3647733904442558,0.19068015223597365,-1.3169113668236887,-0.264255107678636,-0.6033494929066653,0.7220199542523705,-1.1570463960589954,0.7924152629023976,0.7670714935411376,2.1496316806384295,1.1215380353529503,-1.3070234037547985,-1.3048100511113616,1.5434081648175175,1.6596223060281141,-0.78565553236103,-1.1204196378044529,-0.8827283501369516,2.062134568074452,2.05380152099639,-1.0623950038473382,-0.8317290499923369
2012-10-15,2.117678286542258,2.058925880270204,2.062193035151712,0.38151677870406175,-1.33494098037039,-0.14791520563668234,-1.3047585875517715,-0.250035035885392,-0.5477848818737012,0.7220199542523705,-1.290855641539732,0.7563098575739621,0.7439189248201304,1.9979013872528857,1.497043151142022,-1.2747428518173012,-1.2726194860451692,1.494194398812937,1.4795020205593512,-0.7952732433513554,-1.1241253572391425,-0.948371490047744,2.0603931132281676,2.0520328291228416,-1.0809341014065617,-0.48372227310626426
2012-10-16,2.1239555165134814,2.0771389116439387,2.1222343568423305,-0.47732562141178136,-1.2983399486893799,-0.12479033835473145,-1.26445664286045,-0.2678724943628823,-0.4584553449622988,0.816362247602667,-2.356494582965365,0.7606268082110575,0.7478430890101314,1.9856671075700945,0.7537664345343631,-1.1294803680985637,-1.1277619432473027,1.5387762809582637,1.4912657651135206,-0.7055079407749824,-1.1333896558258645,-0.6175815497129669,2.1500734667214014,2.1431302789211015,-1.0496373960507257,-0.7454062093325875
2012-10-17,2.0847211944299042,2.1031581969594684,2.135401324903403,-0.6682558143856117,-1.2817940278877107,0.28618930313182944,-1.2458605753669758,0.008046793414799362,-0.6433429002578254,0.875326180946604,-0.21288739294243247,0.7724003099485908,0.7686411592171377,2.0233789593758114,0.6605346151679689,-0.8604757686194202,-0.8595072343623652,1.590305988892471,1.5352351709881227,-0.6071935617627635,-1.1988573658387098,-0.637531915764286,2.188383819040271,2.182046060302347,-1.0630657844275306,-0.8041292706101414
2012-10-18,1.989512991339862,2.0698535637941617,2.1180208217270438,-0.4004078113100914,-1.2913206868994447,0.6818906010182235,-1.228546242965173,-0.08126523644452255,-0.4392781783226032,0.8272478968353943,-0.03640907460288802,0.7747550102960976,0.7611852472561356,2.022117693429132,0.9531192648846253,-0.8362653546662976,-0.8353643105627212,1.5125289390891532,1.5876899008034364,-0.6713116350316016,-1.2105921440485594,-0.6999572546990592,2.049944993629183,2.0414201194942274,-0.9401915589092316,-0.6165577236699591
2012-10-19,2.0214236256136013,2.02510034101288,1.993724643230517,0.9836357312614488,-1.3522383098035708,1.4525148958534562,-1.310406523745223,1.2992043647469795,-0.6087584373435025,0.7873338496487307,0.18805684125775174,0.7983020137711645,0.8035662205081482,1.9682616375059174,1.6448392150223887,-1.0111183443277405,-1.0097298713379304,1.4137154167583879,1.5111291370656437,-0.8775581040463636,-1.1729173297958853,-0.708967097431913,2.068229355297086,2.0599929197316347,-0.7761345999603557,-0.380994052279832
2012-10-22,1.9089514314954814,1.9824291294039769,2.0358590990295666,-0.44637531429569577,-1.351736233122874,0.21935424858957878,-1.3421559026486918,-0.1627188055759991,-0.6230183817678916,0.8218050722190317,0.03817114622964549,0.7335477542147311,0.7494127546861321,1.9306759122948682,0.709083903593787,-0.8793060905829605,-0.8782850639843112,1.3882400555324876,1.394263084609466,-0.8796953731553253,-1.1389482349778988,-0.9007480356026594,2.1291772275234324,2.1219036498246537,-1.0866900376232604,-0.08734309493914674
2012-10-23,1.8791337652113993,1.9007282092432194,1.9352632523714814,0.6081295082420598,-1.4016246072708474,1.5841340689991552,-1.4047201076100333,-0.1584777315324,-0.5577832337114912,0.7546769019505506,0.47646592862634973,0.6581973430945177,0.6297257468910962,1.8696306404755805,1.1980139056166283,-1.0245685743016981,-1.0231426067821774,1.2595122832773684,1.3848135193118538,-1.1639521646471744,-1.1488301534704035,-0.4605528620832282,2.0011866087797174,1.9918907909033694,-0.9365661495829534,-0.2760495305471438
2012-10-24,1.9398163403046196,1.8887595461523583,1.9078765381510459,0.3986329473126492,-1.4116509824577563,0.10850927040357977,-1.4128152551448492,-0.30254951154289833,-0.6148230114090473,0.7437912527178252,0.2151329668112161,0.5561603280358958,0.5559514601190736,1.8720270457742716,-0.01056262838183614,-0.9357970564735804,-0.9346185528501477,1.2095265366295787,1.2581122050153049,-1.2002857394995157,-1.097567701290535,-0.6561951614251976,1.9228252329111934,1.9122897917508885,-0.9046242171928371,-0.302573839516384
2012-10-25,1.9351076462178662,1.9251863894783876,1.9694978433411212,-0.3228030646756153,-1.4013742230464872,0.4016350295048714,-1.4318723620076244,-0.2536524225696383,-0.7374257519773575,0.7075057552754034,0.01242465184175305,0.5204473727653776,0.5292671436270658,1.908729884822645,0.13680379577794818,-0.8873762285673346,-0.886332705250859,1.2211062462777151,1.2050789303858511,-1.087010476724568,-1.0926267420442817,-0.7405015469969015,2.0560397808518176,2.0476107737130302,-0.8637992334050296,-0.6056960666816591
2012-10-26,1.9821893035300242,1.9288294536925563,1.9694978433411212,-0.43204505495896317,-1.4033793160689854,0.6390857818750527,-1.422479787877324,-0.003553791469162842,-0.7141509001582398,0.7147628547638869,-0.06058418670419548,0.5365378251400069,0.517102234638062,1.883504565889055,0.44829259320023285,-1.0568491262391946,-1.0553331718483694,1.125766636841391,1.2193497024679578,-1.1831875866278252,-1.0790391041170875,-0.24560375688514344,2.025566018875422,2.016655082940577,-1.1392025744726115,-0.6370094869925677
2012-10-31,1.9424321187141464,1.964215317451682,2.0016252980780114,-0.7678425300692435,-1.4033793160689854,-0.23517955299877438,-1.4175773196427575,0.04035379862927475,-0.5545050855679535,0.731091328612977,-0.49924159578241933,0.5239794232866377,0.546533466063071,1.9470723696017018,0.6377637099770984,-1.204801655952724,-1.2028732617350852,1.2151233962928447,1.1636165520391872,-1.0805986693976841,-1.1012734207252244,-0.8145109694453438,2.1700995444407565,2.1634728878067184,-0.8385810777830329,-0.7977120990853253
2012-11-01,1.7609079362283675,1.9517257482688015,1.9837175895004826,-0.5128173422723975,-1.366278141615417,-0.28533201951429094,-1.3981987697084466,0.06966710451885666,-0.936573251697273,0.7147628547638869,-0.12380210484911448,0.5392849755454311,0.5563438765380739,1.9729283215086315,0.9685862948255939,-1.1079600001402323,-1.106301566536508,1.2145444108104384,1.2160712818545012,-1.0399905563274205,-1.1031262804425692,-0.65490804103479,2.0926083300508473,2.084757211768842,-1.0856647015935377,-0.64078254617614
2012-11-02,1.7938642436542775,1.8179870380555465,1.78674027398556,1.1558850668575678,-1.3981156162719552,0.46825041423185493,-1.4074843334677754,0.034116925035746676,-0.2304601415792514,0.6195134239775301,0.08773012603732579,0.5714658802946891,0.5500652138340721,1.6948191802658017,2.4675992799378026,-1.1429305980725206,-1.1411746786915493,1.1193977965349156,1.2122143164269046,-1.1447167426665221,-1.0876857827980302,-0.03258533227267018,1.896704455037593,1.8857568078401337,-0.7591925990206381,-0.6347337678314523
2012-11-05,1.9544637682367256,1.7633463827772224,1.8136006254907873,-0.4864466120415526,-1.3908444629469046,-0.33906079274191314,-1.4230812309832843,-0.49364731844859827,-1.0216411960220764,0.5832279265351081,0.021127692198223733,0.479632566741929,0.49434208233605526,1.7108372577886315,1.2319554435426427,-1.2451523458745952,-1.2431114680678257,1.1336794384342843,1.1387391250311887,-1.0164805961288461,-1.0141890140100247,-0.6806504488429438,1.8644892382149136,1.8530330766460206,-1.0656754403038031,-0.6953225623115916
2012-11-06,1.9644032344560904,1.9376759066226947,1.855735081289837,1.4017892640246425,-1.363018681646118,-0.16066426687788574,-1.3925178438687549,-0.36441929759069674,-0.4671424375426737,0.5986492629481378,0.5361784555165792,0.522017172997049,0.6273712483770953,1.8083331154669569,1.7556862629326637,-1.0514690342496125,-1.0499680776706712,1.1616637367506144,1.1321822838042743,-0.9886960977123506,-1.0030718557059564,-0.2835738084021704,1.9472042947333432,1.9370554797564254,-0.8178922881739547,-0.529997209990772
2012-11-07,2.0428718786232443,1.9564098440884474,1.9310497172561918,0.8567051252588584,-1.44424182809377,3.0673816154833924,-1.4898639869576311,0.36579386273956926,-0.6590780113468063,0.5596423531975325,0.6014512581901093,0.6283711386927664,0.6089276766840899,1.8121169133069952,3.3629684576316525,-1.3393039556922957,-1.337000616177554,1.1236436900725653,1.1570597108122729,-1.0260983071191727,-1.004924715423301,0.386372354805034,2.010764218626532,2.0016192011274883,-0.9241311553034811,-0.2710821644408972
2012-11-08,2.033978870242493,2.0100095197998664,1.987931124615772,0.02356560041142914,-1.4863577969909376,1.367769565905689,-1.5167893469064226,0.042723810594815406,-0.7305416408759283,0.5378710547320799,-0.18665739631251388,0.4745307159889981,0.4864937539560528,1.9165497336920578,1.4205672808783436,-1.4092451515568725,-1.4067468404876373,1.1271176029670067,1.1206113875214845,-0.9940392704847537,-0.9857784983440725,-0.5184732796515744,2.040367470850757,2.0316905924954454,-0.9133347821556218,-0.6617868992689412
2012-11-09,1.9963138687298296,2.0297836042153903,2.063246603268087,-0.25655185240246536,-1.4833500579178012,1.7688825426055794,-1.5447409781678314,-0.040600820614719556,-0.9134623072853322,0.5033998321617789,-0.17589947142743206,0.4988626195798999,0.5335837242360671,2.0158113636957347,1.8347399715198367,-1.4226953815308294,-1.420159575931884,1.1558738819265462,1.122925566778042,-1.0838045730611268,-0.9845432585325088,-0.3215438599191973,1.9759366889318424,1.9662414549452236,-1.068371339397529,-0.701014831127123
2012-11-13,1.9984059997206134,1.9985609301838925,2.014792266139084,-0.42784710948082577,-1.4926258776679662,0.16679157307290718,-1.5426317006015349,0.09074773726498152,-0.9680434738752349,0.49886414498147663,-0.9133612660778161,0.5204473727653776,0.5002283286210567,2.0898476747658212,-0.5463233599481657,-1.4711162094370758,-1.4684454235311732,1.2751448913023526,1.1871440411475265,-0.7749691868162236,-0.9548975030549945,-0.5178297194563706,1.872325480283832,1.8609925158029261,-1.0786853893662973,-0.7406883998967504
2012-11-14,1.9434777918663186,2.0037643188998606,2.022692130968494,-0.03720920116978707,-1.5392545927678616,1.5728159410405798,-1.6274251761866545,0.33997320606236303,-0.7621757704610671,0.5278925429354149,-1.2288464789998785,0.5098512212015978,0.5257353958560647,2.1015774480699405,0.6961947119763132,-1.4872564854058243,-1.4845407060642695,1.2774608332319806,1.2735400667256913,-0.7952732433513554,-0.959838462301246,-0.34921694831296274,1.6755510084500196,1.6611079985988326,-0.5955253316469217,-0.40313923586593375
2012-11-15,1.9324926524947819,1.952246654360821,1.9384232193703947,0.2514377135928684,-1.5450201417269842,1.2981958241338465,-1.6464247571478188,-0.07203466352610101,-0.44780136349580124,0.5678065901220786,-2.3515386849845967,0.5541980777463064,0.5382927212640687,2.058063772909498,1.2117623766752672,-1.4711162094370758,-1.4684454235311732,1.223036197885738,1.2750828528967295,-0.8048909543416809,-0.9530446433376498,-0.2867916093781896,1.566715522331545,1.5505523323840065,-0.4644005049922556,-0.39813027698128556
2012-11-16,2.036593863965577,1.9163399365482492,1.953697323664217,-0.33612200078352394,-1.528223182584966,2.557817445687236,-1.6567522878431624,0.7756811953062338,-0.6407203817429952,0.5351496424238985,-0.1773499781535105,0.5043569203907489,0.5379003048450683,2.0802620535710568,1.3892035812758239,-1.5007067153797813,-1.497953441508516,1.1763313689715873,1.2201210955534774,-0.8647344893925967,-0.966632281264844,0.0073153998299683165,1.610249716778935,1.594775213096002,-0.6984933448997003,-0.5100623854854403
2012-11-19,2.011484107081806,2.0100095197998664,2.054293170322302,-0.37037341957105396,-1.4590328125786978,0.7514314949672224,-1.6078362225070788,0.02476161464545458,-0.6030216780923116,0.5977421255120773,0.20655080201525194,0.5859865324376465,0.6497389842601018,2.1371451477663026,1.0880261371475182,-1.4226953815308294,-1.420159575931884,1.243686680091582,1.1917723996606424,-0.7108511135473856,-0.9474860641856155,-0.7237689819216016,1.7234385352737593,1.7097522832687517,-0.9161105360803229,-0.5568007847578514
2012-11-20,2.020377167774988,2.0027241199115187,2.025852045299535,-0.6124040579560293,-1.4575285164447451,0.10087215159242412,-1.5621747950476013,-0.009541190118949786,-0.7069389742424568,0.6022778126923796,0.25623065738343875,0.6581973430945177,0.6254091662820949,2.195541761097563,0.9879200822518046,-1.2747428518173012,-1.2726194860451692,1.255845375222125,1.2401773157769802,-0.7568023993900523,-0.9752789599457851,-0.9792623794175286,1.687740582895288,1.6734898654237707,-1.0895520347654148,-0.10450308694254407
2012-11-21,2.127617805074054,1.992316561901019,2.032699132030653,-0.9340048447220632,-1.4510109047381239,-0.6812468282491689,-1.527133772024747,-0.4693235114338388,-0.6462932335870093,0.6122563244890444,-0.27864369785798876,0.5840242821480577,0.5736101989740789,2.206262521644339,0.6717052479031129,-1.242462299879804,-1.2404289209789765,1.2539154236141021,1.252905301688049,-0.6606252894867952,-0.9808375390978192,-1.5307934667072252,1.7504299099679186,1.7371699388422237,-1.1295209747651673,-0.5652619442498312
2012-11-23,2.118201149274559,2.1062804071201913,2.0764135713291596,-0.4952432159752859,-1.4033793160689854,-1.0159168712920053,-1.5078332676508799,-0.9207484221334002,-1.0104954923340483,0.7456055275899461,-1.3508099195509746,0.5989373843489331,0.5979400169520865,2.2825691114184488,1.551177755935412,-1.207491701947515,-1.2055558088239344,1.4169963344920262,1.2615834739001413,-0.44369247492722697,-1.0086304348579904,-0.5274831223844283,1.807895046638473,1.7955436574463701,-1.0055511409658873,-0.9804885928583533
2012-11-26,2.08053693244834,2.0917096593820648,2.1527818280797644,-0.6349966372565504,-1.4109000004236287,-0.30321765905267484,-1.4801539945915068,-0.2565213844226612,-0.6410481965573489,0.7428841152817628,-0.9800845754774247,0.6216994877081646,0.5908765214100841,2.422569631499873,1.4231451192018385,-1.2801229438068842,-1.2779845802228678,1.3899770119797075,1.3909846639960082,-0.4490356476996301,-1.0734805249650532,-1.003074106640071,1.8087655563906433,1.7964276776572001,-1.0119938287289738,-0.936679513550511
2012-11-27,1.967541875597918,2.074536826996674,2.119600805226499,-0.26544386418797455,-1.4289498192016923,0.2823317369366247,-1.4932996559299392,-0.2123643193804825,-0.7908595667170221,0.7174842670720682,-0.451253998261324,0.6067863855072887,0.5893068557340839,2.439722848374714,0.9277705213702601,-1.3527541856662526,-1.3504133516218007,1.3776253216883625,1.387320546839792,-0.41377070740176847,-1.0870681628922474,-0.6523338002539745,1.6964472476479888,1.6823342554370586,-0.8214282600895405,-0.8353654471897327
2012-11-28,2.000498183023828,1.9413181902583045,1.9489574258337206,0.796579097069718,-1.4006215061829996,1.2768057324958275,-1.5357064537519851,-0.04895823123004717,-0.15916041945730633,0.7247413665605519,-0.27380867543772724,0.5875563326693178,0.5539893780240731,2.261884349892905,1.3750254704966025,-1.3688944616350012,-1.3665086341548969,1.3772393313667572,1.3715069885866453,-0.35499580690533356,-1.0537166879800437,-0.8241643723734016,1.7347575999668583,1.721250409076527,-0.9556738135387208,-0.7131955733733019
2012-11-29,1.9413856608755333,1.9756638550290855,2.0263792507007,-0.24017986503772956,-1.384076666094702,0.743016293352457,-1.4547155498443582,-0.26575195734108276,-0.05917690107940633,0.7474198024620671,0.47549892414229744,0.5561603280358958,0.6053959289130887,2.3013619740239735,1.1524720952348875,-1.4038650595672895,-1.4013817463099385,1.384380152316442,1.3755568022856217,-0.24172054413038607,-1.0623633666609864,-0.5738194564391053,1.7469470873437383,1.7336322759014635,-1.0948575897354131,-0.7731961271303331
2012-11-30,1.9455707598559742,1.9610931072909594,1.9568572906631303,-0.05594730325856394,-1.3833250583844117,0.4449715727803243,-1.443691631940044,0.4508648185552921,-0.6330167336056816,0.7546769019505506,-0.637281485880885,0.6020769848122758,0.6199153364160932,2.13790190733431,0.15871542152765375,-1.4146252435464552,-1.4121119346653361,1.3444301540303703,1.3817279469697767,-0.2304998813083399,-1.0778038643055254,-0.8241643723734016,1.7042834026485187,1.690294346045851,-1.0575110823848894,-0.8836368374375166
2012-12-03,1.8561161393184116,1.9454813799859296,1.9837175895004826,-0.44690959826564053,-1.4008729995605573,0.20041953170912483,-1.4557454463928259,-0.27473305531576314,-0.6654704002267048,0.816362247602667,-0.2398426429353903,0.6452464911832311,0.668967388791108,2.2056318886709994,-1.2298801553948622,-1.3984849675777067,-1.39601665213224,1.3610277378593658,1.3474009546641663,-0.19630357556495912,-1.0778038643055254,-0.33312794343286656,1.6111203135994931,1.5956584887903893,-0.9411562052674131,-0.8039747831475069
2012-12-04,1.8404222535476922,1.8367209755212992,1.8694284120661178,0.2868721897424189,-1.4058854050588083,0.25905084249616633,-1.4637166850141035,-0.12018332766813768,-0.43665565980777304,0.8526477450450888,-0.020090873934505486,0.650348341936162,0.6258015827010946,2.070424179186957,-1.2663995316443715,-1.4442157494891614,-1.4416199526426794,1.266074118744646,1.358007609590057,-0.28553456086409235,-1.1160962984639806,-0.4766418669633244,1.625922113848384,1.6106943706034798,-1.031334668791189,-0.9219259608689198
2012-12-05,1.8603012382988524,1.819548143135908,1.834141042998188,0.37043038632770803,-1.3996192867297448,0.665302450482165,-1.4705675074194748,0.3281231462346597,0.26650711698106466,0.8290621717075152,-0.3737727639766336,0.6315107391561091,0.6187380871590928,2.019973541319777,-1.2737034068942732,-1.4818763934162416,-1.4791756118865707,1.2597052784381706,1.2613906256287615,-0.23370578497178132,-1.1488301534704035,-0.6993136945038554,1.5127328600116146,1.4957162767206205,-0.8895763728438534,-0.8248008814757298
2012-12-06,1.8948276509821171,1.8455674284514376,1.8515215461745487,-0.2678863051934363,-1.3875867378069657,-0.2396530158722981,-1.4357984429987958,-0.22546175392689144,-0.5499156781670007,0.7383484281014605,-0.0035309221451098748,0.6067863855072887,0.5865599408010829,2.2177400417591224,1.9683579246209821,-1.4953266233901983,-1.4925883473308172,1.3170248411964474,1.2567622671156455,-0.13111686774164139,-1.1185667780871082,-0.19926742283046647,1.5301466248589595,1.513405522069974,-0.9898772347420574,-0.7269211902458254
2012-12-07,1.928307553514341,1.857015966028841,1.9078765381510459,-0.27019517520641184,-1.376805057732442,-0.1266195514893389,-1.4090086586316448,-0.1346528744051228,-0.9660765849891123,0.7011557932229783,-0.41571658347240203,0.5502735771671289,0.536723055588068,2.256460906322183,1.4575162968484354,-1.395794921582915,-1.39333410504339,1.3600627620553545,1.314038203715456,-0.12096483947407487,-1.0685395657188017,0.2261258661992762,1.5632326997073647,1.5470139249268038,-1.091471744902061,-0.9031438505078606
2012-12-10,1.92046021828576,1.905932378537748,1.9663379290100829,-0.7745019981231978,-1.3753022689092456,-0.329571877917945,-1.381732894920375,-0.20450585865263712,-0.8741245295628798,0.7138557173278265,-0.5665692829845606,0.5337906747345822,0.530836809303066,2.3510558523231455,0.37267600237771964,-1.4092451515568725,-1.4067468404876373,1.4179613102960376,1.3612860302035148,-0.048832007046632035,-1.0351880908065962,-0.578967938000736,1.614603049155285,1.599196989312147,-1.0982274636025704,-0.9220447973786386
2012-12-11,1.9267382329434273,1.8799130932222183,1.9352632523714814,-0.7597328626682963,-1.3509852510887463,0.7734929139846091,-1.368855167348405,-0.12991285047404147,-1.123591603286099,0.7728196506717615,-0.6710057672622088,0.5224096230549669,0.5143553197050615,2.2809294656877652,0.42724024689169227,-1.3070234037547985,-1.3048100511113616,1.4567533376172959,1.4162477875467667,-0.13378845412784296,-1.0623633666609864,-0.7379273062160862,1.5937065487521482,1.5779696156992575,-1.17420773817894,-0.8199761191811458
2012-12-12,1.8535003609088845,1.9465223595528331,1.9479038577173458,1.0417009498522307,-1.3492307698092132,0.6361417957526878,-1.345332087125821,-0.09249160891287307,-0.2550462526557842,0.8345049963238779,-0.5577453670675834,0.5224096230549669,0.5661542870130768,2.3008574676453013,1.5107916222006605,-1.1832812879943924,-1.1814128850242904,1.438997782823486,1.4542388970085933,-0.08730285100793513,-1.0932443619500645,1.069833282111519,1.711249047896879,1.6973705095083693,-0.6771050269712784,-0.7516273006163676
2012-12-13,1.8409459009664355,1.8403632591569075,1.8646885142356215,0.11969855186077522,-1.3712905471136683,0.42745341826000405,-1.3783917663316292,-0.42080063487619046,-0.8341311222117197,0.8381335460681217,-1.6675038880781023,0.5624395289625801,0.5359382227500679,2.194280495150884,2.1573994016772655,-1.1025799081506493,-1.100936472358809,1.3851521329596506,1.4364968560416491,-0.18775449912911452,-1.114243438746636,-0.6034232254184821,1.5989307391542247,1.5832767150300064,-0.9027747793074494,-0.94744015950555
2012-12-14,1.8571625971570247,1.8185071635690042,1.8773290669136122,-0.6399578455488947,-1.3845776905018528,0.4682401492872163,-1.3902275310871695,-0.21585696859285822,-1.0278696774947982,0.9152402281332677,-2.4062953138940584,0.5404623257191844,0.5371154720070683,2.1700641889746373,0.709943183034952,-1.1779011960048096,-1.1760477908465916,1.4000127603414263,1.3824993400552963,-0.04722905521491133,-1.1074496197830397,-0.9889157823455863,1.6111203135994931,1.5956584887903893,-1.0155457716107548,-0.9599833531063713
2012-12-17,1.7337052636673698,1.8257925114187814,1.883122585528357,-0.10155225640742006,-1.3427125039866032,0.5819038812709886,-1.383566193168371,0.1004772600708853,-0.8462602703428093,0.9170545030053886,-1.045599129271968,0.5702885301209357,0.5685087855270776,2.1709470751373128,0.8805101521061892,-0.9922880223642008,-0.9909520417159849,1.361606723341773,1.384234974497714,-0.11348439759270994,-1.152535872905093,-1.7051982796074676,1.6137321911295592,1.5983118523266537,-1.1221551651560064,-0.9443504102528607
2012-12-18,1.713303416183909,1.8159050789217392,1.713004778832702,2.9174765604765,-1.3026018556305383,1.2906900966140655,-1.3432147640076888,0.22446630711022325,-0.38436919691834665,0.9760184363493256,-0.9464811696566073,0.5981524842330976,0.5916613542480847,2.0871990162777943,1.9326978278126379,-0.8631658146142119,-0.8621897814512149,1.323586676663725,1.359164699218336,-0.1920290373470368,-1.1488301534704035,-0.4605528620832282,1.5475603897063044,1.5310947674193274,-0.9333304318318346,-0.902490249704407
2012-12-19,1.6107707405975846,1.7009002541356635,1.7240654006791098,0.8178550480157324,-1.3296762282998138,0.7391053494451313,-1.3353215750664407,0.17581869308070433,-0.9178878072791081,0.9742041614772027,-0.6428417616641856,0.6668312443687088,0.7093862799481202,1.9559012312284583,2.41475359430616,-0.9008264585412921,-0.8997454406951062,1.2851806396640717,1.3205950449423696,-0.14768070333609074,-1.1784759089479193,0.18107665253500693,1.5136038051057288,1.4966010414478927,-1.0625068006107035,-0.7824297239354853
2012-12-20,1.6421585121390234,1.591618943579015,1.5808086828388932,3.1375633929530298,-1.308870135386346,1.1002589496556847,-1.3500326008864063,-0.18866419972507584,-0.5995796225415969,0.9887183604541718,-0.9553050855735845,0.6782122960483246,0.6776005500091106,1.6655578103028374,3.3702723328815543,-0.9196567805048318,-0.9185232703170515,1.157996828695371,1.2829896320233023,-0.3053043001219843,-1.1753878094190109,-0.4354540144702782,1.4883538852578542,1.4709519846834127,-0.9487104722776756,-0.9202384824309126
2012-12-21,1.6573287504909995,1.6249236287828936,1.6540170252584583,0.9044472142874935,-1.341891901259469,2.6892066840730293,-1.3885507317990926,3.4720063872602873,-0.8241327703739297,0.9379186640347809,-1.002204803050121,0.692732948191282,0.6607266439921052,1.6737560389562542,2.379523137218398,-1.000358160348575,-0.9989996829825328,1.0954663965954332,1.1533955936560558,-0.2833972917551318,-1.1790935288537003,-0.3871869998299897,1.4979314080362798,1.4806807671657523,-1.0489921690164454,-0.7370757700012983
2012-12-24,1.665698948451881,1.6353319673719553,1.690357962442763,-0.9552426325273673,-1.3529992457766495,-1.2527209321499515,-1.3860709304113472,-1.0878966344399525,-1.4830405472250083,0.9361043891626599,-2.0080103420250177,0.636220139851122,0.6116745916170904,1.7213057651460713,0.5114496321258547,-0.9842178843798263,-0.9829044004494365,1.0933434498266081,1.1115475187666326,-0.23530873680350323,-1.1389482349778988,-1.317775042094752,1.4691986655642248,1.4924761411631664,-1.2243374068719883,-1.0185341014448328
2012-12-26,1.6855779332030396,1.6629123057292727,1.6993113953885475,-0.7143568883637021,-1.3681484867443414,-0.16313606554687268,-1.4073608241540967,-0.6924788486102731,-1.31667452894047,0.9705756117329609,-1.6956678936761256,0.636220139851122,0.7070317814341194,1.671485760252231,0.5531246850223535,-1.0568491262391946,-1.0553331718483694,1.1141869271932545,1.1352678561463514,-0.17546520175258745,-1.134624895637428,-1.2077262487148943,1.4953195305062144,1.5192838516411777,-1.187971516845841,-0.77974401881584
2012-12-27,1.653143651510557,1.6535449987456883,1.6682375614359057,0.04430726738749885,-1.3729467687958405,1.088630820369022,-1.4538256533131033,-0.4336485944788583,-0.6192485114028232,0.9814612609656883,-1.338964114621334,0.7304081537513889,0.7133104441381212,1.6660623166815092,1.5812525363761842,-1.0971998161610665,-1.0955713781811103,1.0889045611281556,1.1109689739524928,-0.005017990312925781,-1.1463596738472777,-0.8614908636952247,1.5205691020805336,1.545197677065497,-0.8401877569822558,-0.8778435575887242
2012-12-28,1.730566622525542,1.6358520408468396,1.673503874649484,-0.35350531137708374,-1.4115735123728905,0.6962245697116345,-1.4691586418978606,-0.6105263295913143,-1.1785005846903556,0.9633185122444774,-1.1807380059182766,0.7402194051993333,0.7191966904231232,1.6929272813457825,0.5084421540817775,-1.1859713339891842,-1.18409543211314,1.0391118096411687,1.0824274297882774,-0.08783716828517495,-1.135860135448992,-0.8653522248664478,1.476164310812585,1.4996249880433759,-1.0703964579110623,-0.8683544622876767
2012-12-31,1.7907256025124498,1.7284806445315544,1.7061584821196671,0.5878457989545142,-1.3514847397453158,2.649202141827282,-1.4868607921439552,0.13490480230716023,-0.9572255850015605,0.9451757635232664,-1.4129399576513348,0.7060762501604865,0.7337160979261271,1.7033957887032225,0.3146746400990873,-1.0380188042756548,-1.036555342226424,1.1097480384948017,1.0465576513116288,-0.03440544056114323,-1.134624895637428,-1.091241853382998,1.6032840715305747,1.6300877210249987,-0.8944890420454533,-0.8278906307284191
2013-01-02,1.687670064193825,1.8008142056701555,1.8309810759992746,0.3294050100640927,-1.2593350123118368,1.584189499700204,-1.3960609269314825,0.33061789567207095,-1.003775288639796,0.9361043891626599,-0.3920249736131208,0.7625890585006464,0.8102372996311503,1.7504410085143678,2.513570730040126,-0.8255051706871318,-0.8246341222073237,1.2197552801520997,1.0961196570562461,-0.009826845808089122,-1.1488301534704035,-0.6330269943978591,1.6651025405774789,1.6935320619248673,-0.9904458011386014,-0.7806709435916468
2013-01-03,1.6479128793779472,1.7352459189064458,1.7093184491185804,1.4143258557479892,-1.2676665445334423,0.6131832205738831,-1.2914234376071796,-0.06604726487631407,-0.6879257150099382,0.8109194229863043,-0.3055989478509466,0.8037963145820135,0.7847302323961424,1.832927801427207,1.1516128157937224,-0.6210616750829827,-0.6207605434547712,1.1566458625697553,1.21761406802554,-0.1562297797719353,-1.1105377193119463,0.31493717313740704,1.4944485854121001,1.5183902457811513,-0.6832091302510297,-0.8774870480595678
2013-01-04,1.5950768548268652,1.6181591349865627,1.6071426189610387,1.9986607847343578,-1.2515081447950553,0.039493941620079846,-1.2840367476688817,-0.3409686528790312,-0.7757800852567486,0.8299693091435757,-0.2930278895582667,0.8030114144661775,0.7819833174631419,1.6128368937316344,3.4463185634246503,-0.6425820430413142,-0.6422209201655661,1.1784543157404122,1.1537812901988151,-0.21393604571389055,-1.0067775751406458,0.7499838650952074,1.5109918405072746,1.5353683848634292,-0.8750811239252186,-0.7571353728418349
2013-01-07,1.6541901616616026,1.5832933967408962,1.6208360024051933,0.1252322072637745,-1.2616054489069477,-0.10042135978257617,-1.297594371746288,-0.2719888309346108,-0.9941047516163597,0.8735119060744831,-0.14592233242181082,0.8155698163195466,0.7870847309101432,1.73429680439687,1.6130458756992865,-0.6479621350308971,-0.6475860143432649,1.1796122867052257,1.187336889418906,-0.3752998634404654,-1.0265414121256553,0.5054309909177457,1.4369835358099339,1.459413748052303,-0.9178322062361502,-0.9405892347202601
2013-01-08,1.6505286577874743,1.636893020413743,1.6661304252031561,-0.19285757055690814,-1.272210517664652,0.13079857119194455,-1.3182707519955283,-0.06679568970753744,-0.8467519925643399,0.8426692332484239,-0.26075411490302125,0.8226339173620664,0.8070979682791495,1.769864504093232,1.457086657127853,-0.7474938368381799,-0.7468402566306914,1.2616352300461933,1.176344537950256,-0.36461351789565905,-1.0635986064725484,-0.8505503403767593,1.4517853360588246,1.4746051407373049,-1.0350047968228135,-0.8818780570936782
2013-01-09,1.7284737068483158,1.6285666929970624,1.6603369065884113,-0.07085000970595165,-1.26287002575113,-0.4957633846066175,-1.3034607572368413,-0.1478750464234023,-0.5843362336741467,0.8254336219632734,-0.527284725819936,0.8136075660299579,0.7988572234801472,1.7263508289327893,0.9535489046052077,-0.7582540208173456,-0.7575704449860889,1.3102700105683676,1.2575336602011649,-0.223553756704216,-1.0388938102412857,-0.06540690222806636,1.4265354162109491,1.448690943054764,-1.1667716563185209,-0.9465785948100885
2013-01-10,1.6803463763839872,1.7185932120345122,1.7503993368012554,0.5203733661786333,-1.2335839731663805,0.3252227816147602,-1.2815404555776029,-0.01752438831866571,-0.7062833446137493,1.013211071227806,-0.22485407343257965,0.8151773662616287,0.8400609474751595,1.7485491095943484,1.2229330094104112,-0.65334222702048,-0.6529511085209636,1.4646661392101892,1.3070956659457813,-0.0985235138299813,-1.0092480547637714,0.625776747420865,1.5179571374820788,1.542516580291752,-0.8840088940282561,-0.9046708996577474
2013-01-11,1.7054560809553265,1.68424754726373,1.671397528434819,0.9483729892450947,-1.2338352390253338,-0.02005094923980152,-1.2577788101185312,-0.19614844803730952,-0.5804024559019014,1.0794321040602266,-0.5741844432964724,0.8418639702000378,0.8176932115921525,1.739594121372924,1.298119960512342,-0.742113744848597,-0.7414751624529927,1.4548233860092732,1.4652312484772434,-0.06112130442315909,-1.1191843979928893,0.0954831465728953,1.5170866277299093,1.5416230674962808,-1.0286707116298535,-0.8985864703601439
2013-01-14,1.7588150205511413,1.6878906114778987,1.7251189687954847,-0.2702905830581877,-1.2363591313459665,-0.519955806130988,-1.249593147035863,-0.20537902095573107,-0.9832868627426853,1.114810464066588,-1.2733286852662842,0.8371545695050243,0.8243642907151545,1.8013961527602196,1.0927521740739252,-0.7905345727548428,-0.7897610100522815,1.5488120293199816,1.4613742830496468,-0.044023151551468694,-1.1593296918686908,-0.17996061697435106,1.5022848274810185,1.5264324193277214,-1.1544963717009993,-0.9231499769190237
2013-01-15,1.7635229299514519,1.7503367401194576,1.7893738256013916,0.26185625100679116,-1.2338352390253338,-0.44593734333061,-1.2553770584108155,-0.4072042504422993,-0.8769109554848867,1.0431466066178046,-1.3817540630406482,0.8548148221113244,0.8298581205811563,1.8600450192808162,1.184695074278572,-0.8228151246923401,-0.8219515751184739,1.6597842467812909,1.5462275224567728,0.05108532379730753,-1.1587120719629083,0.28790764493884546,1.5336294474831398,1.5586015788367802,-1.1002110576039967,-0.9323716900732039
2013-01-16,1.8001422583119446,1.7430513922696804,1.7788396191380655,0.09716321727131953,-1.2343395055726,-0.20621187922850387,-1.2458360349920192,-0.20438112118076657,-1.255209251249138,1.0304466825129563,-2.3674942589714596,0.8238112675358198,0.8267187892291553,1.911630796500008,0.9208962858409406,-0.8685459066037948,-0.8675548756289136,1.6796627483439257,1.6524869199870607,0.16008604835433152,-1.1309191762027386,-0.48307746891536285,1.5005433726347346,1.5246453006722245,-1.1427896534800217,-0.8584732065045569
2013-01-17,1.7865405035320105,1.8143439738413778,1.7619863213628713,1.1841830356942846,-1.2103559731467903,0.3888264315847638,-1.2288302719548962,0.6109029949652223,-1.020985566393369,1.1093676394502232,-0.1121980510404869,0.8552072721692419,0.8934295804591755,1.830153016344512,2.19134093960328,-0.6936929169423518,-0.6931893148537046,1.6678900435349862,1.677942891809198,0.18787054677082826,-1.1265958368622682,-0.22436627044341648,1.4822590980352195,1.505879577611673,-1.0186728867917472,-0.7153524560246984
2013-01-18,1.8168818172348344,1.791967752740017,1.8246611946693214,0.2542808675757887,-1.2020235592905928,1.1293908625401736,-1.203445332393233,1.5713815283685444,-1.2499642142194776,1.0567536681587133,-0.3996401339250326,0.8983767785401977,0.882834337146172,1.9092343912013168,1.0437732459275246,-0.8120549407131743,-0.8112213867630765,1.6016927033798056,1.66386496799847,0.132301549937836,-1.1315367961085196,-0.16966365385108953,1.491836707882034,1.5157096143301831,-1.1523658448105785,-0.8726088093356104
2013-01-22,1.7928185705021085,1.804977395397782,1.8430944759439725,-0.02244006571488555,-1.1818263061630288,-0.06357431450767785,-1.1823944076064183,0.11694260635779939,-0.8413430481275027,1.0585679430308343,-0.09334146360146708,0.8948447280189376,0.9048096566101786,1.9170542400707296,0.7752484205634862,-0.8039848027288004,-0.8031737454965286,1.717875790182776,1.649208499373603,0.2028314305335569,-1.0790391041170875,-0.25718784039881265,1.5536551769289388,1.579153582971831,-1.0253200029221303,-0.8490791804112844
2013-01-23,1.6991788509841035,1.7909267731731133,1.8236076265529466,-0.38325347956079364,-1.1757674004031027,-0.21141415317137172,-1.1464840077111413,-0.3796372691589052,-0.9829590479283316,1.055846530722653,0.2917680721723607,0.9584216374016177,0.9303167238451866,1.9559012312284583,0.9638602578991868,-0.8443354926506715,-0.843411951829269,1.6709779661078232,1.7165125460851645,0.1739782975625805,-1.1093024795003845,-0.642036837130713,1.4439490939899053,1.4665623157388465,-0.8790802538604612,-0.7446931902742746
2013-01-24,1.6588980710619132,1.7035023387829284,1.7277517303932315,0.8553884969043517,-1.1747571609190353,0.647357274264877,-1.1179763888578351,-0.1265449387335363,-0.7798777704361707,1.108460502014163,-0.048254879532528674,0.9070106798143888,0.9193290641131832,1.8746757042622986,1.5211029754946397,-0.7797743887756772,-0.779030821696884,1.64280067263069,1.6684933265115862,0.20176279597907723,-1.09571484157319,-0.6304527536170438,1.3281480496914593,1.34771599361479,-0.605510379712072,-0.8241175715448467
2013-01-25,1.6400655441493648,1.6394943244824463,1.6819309448800603,0.06333159303160327,-1.1535496683074056,0.663477343325413,-1.0990262923660323,-0.05768985426098646,0.4071396723388322,1.1864743215153712,-0.13564790977875513,0.9234935822469355,0.9130504014091815,1.7857564550213938,0.8826583507091016,-0.5188399272809082,-0.5188237540784948,1.7008922160321762,1.6407231754328901,0.3631266137056521,-1.0920091221385007,-0.04416941578633942,1.2140882861025204,1.2306564178880086,-0.2722058978009264,-0.8829772948085772
2013-01-28,1.6766848725098589,1.6233625237025322,1.666657577936449,-0.040815617966914186,-1.158095376267975,-0.03153947527937869,-1.0836848586295782,-0.26637564470043557,-0.19423660459315978,1.1810314968990065,-0.5247463390492987,0.927810532884031,0.9236456447221845,1.7228192842820866,1.3947888976433958,-0.4757991913642452,-0.47590300065690483,1.5947448775909239,1.6885495467350888,0.31717532786298525,-1.121654877616015,-0.5911955817096091,1.175778369125595,1.1913386906924055,-0.819930183460444,-0.8927931905113515
2013-01-29,1.7394596309062935,1.6535449987456883,1.701944947004379,-0.25580767115861375,-1.1431989084699905,-0.18886617577811296,-1.0765005227651225,-0.3329854546793153,-0.35306288214756154,1.214595582033247,-0.08052865418777413,0.9439009852586597,0.962494870203196,1.727107588500797,0.6201484814332175,-0.3843376275413364,-0.38469639963602603,1.647432556489945,1.5919325627737932,0.4625096272723518,-1.1204196378044529,-0.49401799223382825,1.2428210285745755,1.2601448528815433,-0.8858743028798389,-0.7589000950111593
2013-01-30,1.687670064193825,1.7435714657445647,1.7725197378081126,0.6305503534093845,-1.158095376267975,0.46302555741078205,-1.0695217666105006,-0.2210959424114218,-0.5600779374119677,1.2826308897377885,-0.1808553694082001,0.978829040413342,0.9805460254772017,1.7272337150954649,2.0409670373994184,-0.4031679495048767,-0.403474229257972,1.672714922555043,1.644580140860487,0.44327420529169964,-1.1482125335646225,0.4217681655412456,1.217571108726701,1.2342306551990025,-0.7887324980950176,-0.7873495554378444
2013-01-31,1.7007481715550172,1.679564284061218,1.690357962442763,0.11992753070503726,-1.1674362947788806,-0.12149939710358024,-1.0845047510326398,0.09573723613980398,-0.6987436038836126,1.2926094015344556,-0.2427436563875472,1.0027684939463264,0.9715204478401989,1.696963332375157,1.7896278008586781,-0.4219982714684165,-0.4222520588799173,1.627361059766508,1.6694575678684853,0.38449930479526473,-1.191445926969331,0.08454262325442992,1.1879678565024754,1.2038487074099973,-1.01504428327223,-0.8476353168182007
2013-02-01,1.729520164686929,1.729521624098458,1.7114247953332455,0.8011968370956691,-1.1285550147629355,0.33420666116250675,-1.0845047510326398,-0.08114049897265199,-0.732344622354874,1.3479447851341488,0.36598566632337465,0.9807912907029308,0.9750521956112,1.7293778672048201,1.9451573797095292,-0.3143964316767597,-0.3149501753259429,1.6566963242084547,1.624523920636985,0.5180786241053441,-1.2081216644254336,0.9687943314645152,1.2402090639761214,1.257463849172354,-0.8673831182192007,-0.7900174350810318
2013-02-04,1.7274280336961467,1.7113078121461631,1.7261717468937747,-0.25771582819413075,-1.1714764279602068,0.9070028899327475,-1.081930009661471,-0.05619300459853972,-0.6390813076712263,1.2336454681905185,-0.007398940081319068,0.9929572424983819,0.9601403716891957,1.752206780839719,0.9329261980172495,-0.4973195593225767,-0.4973633773676998,1.7151738579315439,1.6677219334260667,0.5223531623232676,-1.203798325084963,-0.0950106712074433,1.2506571835751061,1.2681862819116714,-1.0955187877358887,-0.8059177600814096
2013-02-05,1.749921959857959,1.7305618230867998,1.735652385240726,0.052264282225604704,-1.133352841777225,-0.020151545697260295,-1.076471557954593,-0.006672228265926876,-0.7251326964390911,1.2971450887147578,0.13934399037361722,0.9297727831736198,0.9322788059401871,1.770116757282568,1.4515013407602808,-0.36819735157258837,-0.36860111710293036,1.7703704739209958,1.7126555806575678,0.6174616376720438,-1.1451244340357138,0.17335393019256076,1.2436915383267457,1.2610380864833495,-1.168186683923403,-0.9216882878494822
2013-02-06,1.7211499667260488,1.722236276248681,1.770413338925574,-0.48978588685370733,-1.130575522170896,0.4900244147993595,-1.0628358883167444,-0.09186792155352026,-1.262093362350567,1.2418097051150645,-0.09418759252501285,0.9517499864170155,0.9311015566831866,1.7731437955545988,0.5050050363171178,-0.4784892373590369,-0.4785855477457545,1.860885204337263,1.764917462201502,0.6025007539093151,-1.1568592122455634,-0.2217920296626011,1.2680709484224502,1.2860583060476414,-1.1513405087808557,-0.8573680269641719
2013-02-07,1.7070261862126843,1.7394091086340737,1.7251189687954847,0.7864849463518331,-1.1356246150441378,0.9771412036597157,-1.0879569148280697,-0.20450585865263712,-0.4087914005877025,1.1266032507353738,0.3230748423435539,0.9611687878070418,0.9405195507391898,1.7335400448288625,2.0912348847075664,-0.4919394673329938,-0.49199828319000105,1.7865820674283863,1.8584488738207205,0.453960550836506,-1.1259782169564854,1.1386942229983308,1.2732947905509706,1.291420127336909,-1.0997926182896862,-0.8758411623999621
2013-02-08,1.6092014200266709,1.6904926961251636,1.7288052985096063,-0.4998609560012371,-1.1144184306644844,-0.24143706325049547,-1.0501186763012331,-0.43739071863497514,-1.2632407142008053,1.0984819902174978,-0.10990141539086269,0.9219237820152641,0.9126579849901811,1.7592698701411242,0.6704163287413655,-0.516149881286117,-0.5161412069896457,1.780406222282714,1.7842022893394853,0.49350002935229,-1.0648338462841123,-0.2340196733714742,1.2489158157972102,1.2663995355143953,-1.2337475001541165,-0.9238986469302521
2013-02-11,1.6191408862460355,1.584333595729238,1.6261031056368562,0.6445753076204344,-1.1151743896680872,-0.8441679235759675,-1.0516180614902855,-0.7463654364583555,-0.782336381543824,1.1365817625320407,-0.8980100698934859,0.918784181551922,0.9354181372921879,1.7057921940019134,1.1451682199849855,-0.4784892373590369,-0.4785855477457545,1.7014712015145825,1.7662674001011613,0.5415885843039185,-1.067921945813019,0.03627560861414142,1.1749077723050367,1.1904455501551559,-1.0303093327614663,-0.8286630680415914
2013-02-12,1.575198654762148,1.5879766599434066,1.6066162562458304,-0.20478355202888934,-1.1088633364146159,-1.0162556144650805,-1.0398647708503461,-0.22134541735516292,-0.6746492150286104,1.1792172220268857,-1.4211594957657794,0.964308388270384,0.962494870203196,1.664044291166822,1.0901743357504305,-0.4381385474371651,-0.43834734141301357,1.8024076706141736,1.7001204430178787,0.7018837674760137,-1.0506285884511353,-0.055753499300008655,1.2140882861025204,1.2306564178880086,-1.0589740228883566,-0.9478857964169956
2013-02-13,1.538580111088098,1.566640637830389,1.6008227376310855,0.04881051799131895,-1.1055817502610197,-0.6686866419893167,-1.049405798388729,-0.05494562987983411,-0.656619400239153,1.1783100845908252,-2.269464179400658,0.987855391745451,0.9738749463541997,1.6885128505324043,0.5084421540817775,-0.30632629369238507,-0.30690253405939444,1.8041446270613943,1.7980873648788336,0.6142557340086011,-1.089538642515375,-0.017139887587777857,1.1513993073034459,1.1663188433863345,-0.9462477492903976,-0.8051631482446951
2013-02-14,1.403090343389421,1.5671607633438467,1.562374611546156,0.7069147979707745,-1.1020467368217266,-0.6992412762007225,-1.0592268259615358,-0.2510329356603565,-1.040818362661772,1.0948534404732562,-0.3470592651046889,0.9713724893129043,0.9581782895941947,1.580674612091307,1.596719566317153,-0.3870276735361281,-0.3873789467248757,1.7703704739209958,1.8007872406781507,0.6057066575727565,-1.0796567240228685,0.34968942367841477,1.1653302495266102,1.1806152342429799,-1.0943912375225175,-0.9845290341887931
2013-02-15,1.3805963649151765,1.407402767815061,1.3790906794753883,2.79899909014125,-1.1065907099529355,2.0598157095320553,-1.0654927000840677,0.7577189993568729,0.17734148747683906,1.096667715345377,0.010974145115674601,0.9800063905870954,0.9507223776331926,1.5046202755065332,1.7217447250066493,-0.36819735157258837,-0.36860111710293036,1.6410637161834702,1.7643389173873631,0.5159413549963835,-1.0425995296759751,-0.6008489846376668,1.037339543714507,1.0492588954013315,-0.6810849917470869,-0.691769350670999
2013-02-19,1.177101014375023,1.3688939133166536,1.398577528866414,0.5912232369073792,-1.0778098055500454,-0.4062571733354443,-1.036173638098983,0.018524741051926513,-0.09982593805927387,1.11934615124689,-0.9751286774966567,0.9250633824786063,0.9205063133701836,1.369034186238487,1.9408609825037046,-0.30632629369238507,-0.30690253405939444,1.6871895596152138,1.7091843117727306,0.6035693884637948,-1.0098656746695525,-0.8428276180343132,0.9920639814892213,1.002792321325519,-0.9219878516401043,-0.8590079707982916
2013-02-20,1.2388293149328444,1.2695000872956177,1.1831660893908822,4.239638570386225,-1.1260306958449193,0.9378223597158305,-1.060322701802485,0.04509382256035607,0.027530117317165956,1.0222824455884123,0.044335799815478895,1.0259230473634753,1.0076227583882098,1.1664748752017593,3.6744572550539374,-0.3547471215986315,-0.3551883816586838,1.5181257987524195,1.6839211882219727,0.35564617182428837,-1.0450700092991028,0.785379675831419,0.8248928489480222,0.8312240910409102,-0.22754468793306593,-0.4327235849604335
2013-02-21,1.257138979113091,1.2424406029917434,1.238993928634085,1.766819704919043,-1.1492573876325332,1.403485414281408,-1.0952896999810204,-0.04384399488335415,0.057197358016182184,0.9388258014708413,0.4015230811122966,0.876399575296802,0.8498713579501624,1.1426369488095167,3.3423457510436942,-0.4515887774111226,-0.4517600768572607,1.4252951264065243,1.514600405950481,0.2958026367733726,-0.9567503627723393,0.7049346514309381,0.8832284953707468,0.891094194629785,-0.670671921787909,-0.6470689975402656
2013-02-22,1.3288067458902786,1.2205844553652696,1.2405739121335415,0.2647948128414873,-1.1121444959708278,-0.1752712830986848,-1.07624908382178,0.061434431375399605,-0.6113809558583327,0.9397329389069017,-0.5085490139414227,0.808113265219109,0.7941482264521456,1.1526009497882848,1.5657855064352157,-0.4838693293486198,-0.4839506419234533,1.3679755636482485,1.4212618426026422,0.3246557697443502,-0.9184579286138823,0.2943432468908839,0.8666855885491275,0.8741168000639497,-1.0507298101384677,-0.842067826337874
2013-02-25,1.4271543748085913,1.3022846469860387,1.3132558391700246,0.14935131219270928,-1.1851087739512178,2.6879954206056684,-1.1160485502262762,0.21536047166367228,0.26535976513082643,0.8236193470911526,-0.3025770588382832,0.8187094167828888,0.8326050355141573,1.197502017490075,1.5473109984501698,-0.7448037908433888,-0.7441577095418423,1.3780113120099666,1.3556934303334995,0.35564617182428837,-0.8912826527594938,1.4225042690832272,0.9224093574417865,0.9313061791373005,-0.8661948783342883,-0.848615718023381
2013-02-26,1.340839180099299,1.4188513053924643,1.3137829919033177,1.8083221204415376,-1.159355999976402,1.4720388205561687,-1.1159825750533823,-0.029249710674498476,0.2533945244069138,0.8236193470911526,0.5035420541798141,0.7669060091377419,0.7921861443571451,1.1835019654819325,2.224852837808712,-0.6883128249527689,-0.6878242206760058,1.4156453683664105,1.3705427472297462,0.40587199588487743,-0.8634897569993226,1.1438427045599615,0.9642020970428918,0.9741977713856765,-0.79299035768262,-0.7210328411892579
2013-02-27,1.2587082996840047,1.3564051767509053,1.3538103114696176,0.16994032660593764,-1.1116398028261782,0.7367752070121578,-1.076426098320944,-0.34820342624752376,-0.2983178081504819,0.893468929667815,0.053643217974482266,0.7979095637132466,0.7890468130051442,1.2186912853942906,1.0631070333537354,-0.6506521810256888,-0.6502685614321145,1.346360105638393,1.4131622152046888,0.37755318019114087,-0.8622545171877606,0.650875595033815,0.8954179827476273,0.9036048627992628,-0.9473209982187055,-0.8118714692183224
2013-02-28,1.2294134438197923,1.2814695309650377,1.2648014493731485,1.1752146976273548,-1.1192132146174372,0.245784428045175,-1.006397557460723,0.5267052014525934,-0.44681791905273993,0.8181765224747899,0.10731196683938483,0.8026189644082601,0.779628818949141,1.1512135572469373,1.2641784225863275,-0.7017630549267257,-0.7012369561202524,1.2728289493727256,1.3454724719503681,0.2648122346934344,-0.9036350508751243,-0.0480307769575625,0.8205395165716721,0.8267566201281108,-0.9067068311846728,-0.7944440950680578
2013-03-01,1.2220897560099546,1.2528481610022446,1.2516344813120757,0.471944340617212,-1.1065907099529355,1.14435304584547,-1.0527758917880037,-0.11232486694029231,-0.4161672339106624,0.7873338496487307,0.4391153804298297,0.7598419080952222,0.7341085143451275,1.0851232216409317,-0.8926129747376298,-0.7986047107392175,-0.7978086513188299,1.2274750865841906,1.2696831012980947,0.11573771434338542,-0.8536078385068179,0.39216439656186863,0.7952895967237968,0.800842794703791,-0.9927967273625139,-0.8158168413409872
2013-03-04,1.2262748549903955,1.2075748127075048,1.2374139451346282,-0.3934048749897441,-1.0861409111742684,-0.32609206168544264,-1.0145582805685738,-0.3008031869367105,-0.46665071532114305,0.7909623993929724,0.13547597243740803,0.7194195521296911,0.6929047903501152,1.2069615120901713,-1.2449175456152484,-0.7071431469163086,-0.7066020502979511,1.2214922365993202,1.2422986467621582,0.05001668924282665,-0.8109920650078903,-0.5776808176103283,0.6908074429816724,0.693612511179078,-0.6290356129173925,-0.7530711642094513
2013-03-05,1.2707399492065838,1.241399571386269,1.2500545504804927,0.4004647780667455,-1.0515523384305798,0.1342229567233982,-0.9744128348371713,-0.2847120530654081,-0.7354588630912349,0.8136408352944856,0.21851748250539915,0.7005819493496376,0.696044121702116,1.227520147021047,-1.2590956563944695,-0.6560322730152717,-0.6556336556098133,1.3046731509051015,1.220892488638997,0.2648122346934344,-0.8289030422755569,-0.23916815493310495,0.6925488107595682,0.695400002092796,-0.8451387565027237,-0.8608321112224755
2013-03-06,1.2424915511809846,1.2408794979113835,1.2258269605730123,0.4103490315107235,-1.0462511265036172,-0.41930391797116856,-0.9228439825694759,-0.22970282797049052,0.8221532273107056,0.7374412906654001,-0.16683380438944176,0.7241289528247046,0.7031076172441179,1.3223673462113454,1.5825414555379316,-0.5457403872288226,-0.5456492249669886,1.295988368668999,1.3020816108899058,0.3230528179126283,-0.8523725986952558,-0.1735250150223126,0.8240219909222967,0.8303308574391047,-0.3332884551105456,-0.8216041793642936
2013-03-07,1.2435380613320302,1.2320330449812467,1.2653278647562303,-0.4043004516625461,-1.0391810711852052,-0.5911082963882549,-0.905030797116699,-0.22259279207386853,-0.6007269743918352,0.8635333942778162,-0.03024442101705462,0.7072536003342399,0.7242981038701245,1.3367457780034917,0.9153109694733687,-0.3950978115205021,-0.39542658799142355,1.3450091395127775,1.293596286949193,0.5260933832639488,-0.7788758299072505,0.41404544319879943,0.777875831876452,0.7829706775032672,-0.7085007523175236,-0.7760541451890707
2013-03-08,1.258185436951704,1.2361954020917376,1.2126599925119395,0.6018325900248537,-1.0225175517047844,0.1762250571958266,-0.8913331730220806,-0.24067972549509992,-0.07245340106073404,0.7728196506717615,0.16170596906732662,0.7464986061260176,0.7364630128591283,1.245430123463896,1.9696468437827297,-0.2498353278017652,-0.2505690451935579,1.3482900572464158,1.3433511409651901,0.7782911381213788,-0.8344616214275894,0.6637467989378919,0.7952895967237968,0.800842794703791,-0.6776544282083884,-0.9278677863548607
2013-03-11,1.3209601953481387,1.22422679103945,1.278494832817303,-0.7431891411703639,-1.007621965541393,-0.6394479736805858,-0.8732769937776581,-0.49950997962651467,-0.5428676596583947,0.8081980106781229,-0.6134690004610971,0.7633739586164823,0.7415644263061296,1.3141691175579286,0.25151760117346544,-0.217554775864268,-0.21837848012736535,1.3496410233720322,1.3302374585113612,0.7724136480717358,-0.7609648526395839,0.16241340687409536,0.7822291642528026,0.7874385206742869,-1.0490592470744646,-0.9914215517524846
2013-03-12,1.2932347123672696,1.3090498693223582,1.3443296731226666,-0.2747365889509423,-1.0164599541768349,-0.18760564057648674,-0.8573180217119831,-0.4094495249359694,-0.017872234470831253,0.798219498881456,-0.8409568053344003,0.7661211090219064,0.7917937279381448,1.3324574737847814,0.7451736401227138,-0.3305367076455077,-0.33104545785903855,1.3075680783171355,1.347015258121407,0.7029524020304946,-0.7714643910378715,0.08325550286402222,0.8623322561727774,0.8696489568929288,-0.715748376776841,-0.9084974352706934
2013-03-13,1.2942803855194416,1.3043666061198462,1.3190493051168959,-0.24216434835466724,-1.010904859926966,-0.45870077549430754,-0.8574825621041525,-0.6362222487966499,-0.5197567152464538,0.7319984660490374,-1.3216789094688992,0.793200163018233,0.789439229424144,1.3322052205954455,1.0807222618976164,-0.31977652366634196,-0.32031526950364103,1.2873035864328966,1.303624397060945,0.6564667989105867,-0.783816789153502,1.389682699127831,0.7743930092522722,0.7793964401922719,-0.8075047717606888,-0.9094540691739298
2013-03-14,1.311020729128774,1.2819896044399248,1.2974553194931207,0.5161372575597856,-0.9899499414062644,0.2347783544036144,-0.8395128818110427,-0.21872593044588112,-0.44419540053790973,0.7719125132357011,-2.384900339684401,0.7892756624390556,0.7839453995581424,1.2696464296401424,1.2908160852624402,-0.28211587973926244,-0.2827596102597504,1.2998482718850444,1.2845324181943414,0.6516579434154234,-0.7418186355603554,0.5189457550170264,0.8074790841006774,0.8133530906150486,-1.0171748101626505,-0.985152925864817
2013-03-15,1.3832121433247035,1.3106109744027195,1.3480167928548727,-0.5732486755872206,-0.9951743373643503,0.48670473170322004,-0.8332429828527992,3.4034007777314788,2.96524257614848,0.8363192711960008,-0.35612493214267915,0.8179245166670535,0.8106297160501507,1.2774662785095554,0.43411448242101164,-0.4058579954996679,-0.40615677634682107,1.2948303977041855,1.2982246454623092,0.7285996313380295,-0.7893753683055361,-0.8614908636952247,0.8153152391012078,0.8213955433552851,-1.010914191414188,-0.9621580612342256
2013-03-18,1.4198306869987536,1.3735772285577361,1.4022646485986203,0.11389775447280356,-1.0169811424203181,0.24246474494903555,-0.8605517362103094,-0.19065999927500482,-0.4071523265159337,0.7274627788687352,-0.4187384724850655,0.8218490172462309,0.8137690474021515,1.2662410115841078,4.3081758429130685,-0.5026996513121595,-0.5027284715453986,1.258354312312555,1.287425142265039,0.6035693884637948,-0.7708467711320887,-1.8055936700592679,0.8275048135464764,0.8339048155564335,-1.0949981342379298,-0.9038628113916595
2013-03-19,1.3826884959059602,1.3949131986321832,1.4075317518302832,0.442291580285278,-1.0261128860141213,1.0813776104873518,-0.8696643103061844,-0.1591014188917528,-0.13686901208124994,0.6612417460363146,0.13426721683234263,0.8457884707792154,0.8227946250391543,1.2844032412162925,0.8207902309452271,-0.6398919970465231,-0.639538373076717,1.1774893399364008,1.2557980257587462,0.273361311129279,-0.7393481559372297,0.256373195373857,0.8362118265727325,0.8428407810921407,-1.028526972934098,-0.7210922594441174
2013-03-20,1.428723695379505,1.3683738398417664,1.3959447672686671,-0.09235493949622815,-0.9987254193050932,-0.023294671745614948,-0.8392904076782289,-0.170702003775715,-0.8834672517719622,0.7065986178393409,-0.5622177628063253,0.77083050971692,0.7831605667201422,1.2942411156003926,0.028964225911750328,-0.49462951332778554,-0.49468083027885074,1.2417567284835593,1.178465868935434,0.5191472586598249,-0.7016733416845554,0.11285927184339917,0.8248928489480222,0.8312240910409102,-1.142598001885681,-0.8426263579335526
2013-03-21,1.392105151705455,1.3995965138732656,1.448612639512958,-0.7085942541164408,-1.0324525781719471,0.28148590549839997,-0.8692813164973269,-0.3052937359240507,-0.12342860469274534,0.6748488075772233,-0.2982255386600478,0.8253810677674911,0.796110308547146,1.2779707848882271,0.8869547479149261,-0.6103014911038169,-0.6100303550993736,1.24349368493078,1.2415272536766386,0.5047206921743361,-0.7313190971620697,-0.3955532823676397,0.9102197829965173,0.9187951387096011,-0.8573916817675723,-0.85413567389982
2013-03-22,1.375888403202435,1.3767001672584471,1.4243850496054775,-0.7554776724790934,-1.0010062933161896,-0.07658410534270296,-0.8534329800384748,-0.4175574606075559,0.3104343021044699,0.7564911768226715,-0.4981537157378605,0.7833889115702887,0.8125917981451511,1.255520251037332,1.235822201027885,-0.5780209391663198,-0.5778397900331811,1.2651091429406347,1.2392130744200809,0.5549465162349264,-0.7362600564083229,-0.10402051394029715,0.8867113179949265,0.8946688041990005,-1.0830869876496554,-0.924712677021826
2013-03-25,1.3486857306414373,1.3548440716705439,1.368557263030147,-0.3599548821571312,-1.0174897318210712,0.7478695591776108,-0.8643458586165191,-0.12579651390231295,-0.18194354905489338,0.6331204855184367,-0.19753619675810224,0.8367621194471063,0.8781253401181709,1.2103669301462059,1.0197134215749069,-0.5968512611298601,-0.596617619655127,1.2921284654529535,1.287425142265039,0.5100638649467393,-0.7794934498130314,0.08711686403524531,0.844047633299707,0.8508829546387113,-0.9494419425294092,-0.7231837820151685
2013-03-26,1.3821656854860904,1.3204984589383322,1.364343727914859,-0.25126625741408326,-0.9860451817946743,-0.5756041240060378,-0.8426150414438539,-0.4851651703614001,-0.4820580115957703,0.6412847224429827,-0.09865998826375473,0.876399575296802,0.9087338208001802,1.2494661744932705,0.2751477858055008,-0.6210616750829827,-0.6207605434547712,1.243300689769977,1.2849181147371007,0.6121184648996406,-0.7288486175389439,-0.6047103458088898,0.8187980617253876,0.8249694084080581,-0.797088507608272,-0.7165111119944569
2013-03-27,1.3345611654416316,1.3574453757392486,1.3764571278595568,-0.3794371654897597,-0.9860451817946743,-0.3067857538090696,-0.845993180394965,-0.5269522234380382,-0.29553138222847486,0.5678065901220786,0.02354520340835448,0.9329123836369619,0.9244304775601846,1.1644568496870722,0.5019975582730406,-0.7986047107392175,-0.7978086513188299,1.2668460993878554,1.2424914950335377,0.6377656942071757,-0.7263781379158164,0.0034540386587452363,0.8727803757717622,0.8803717618904676,-0.8789365151647057,-0.8344028714610103
2013-03-28,1.3460699522319102,1.3147741641303459,1.3611837609159454,-0.35382969807312165,-0.9738722538928585,-0.24556151800630507,-0.8124966025949517,0.2343205673879976,-0.7626674926825978,0.6004635378202586,-0.6116558670534991,0.9537122367066042,0.9452285477671909,1.1814839399672454,0.6377637099770984,-0.7797743887756772,-0.779030821696884,1.2319139752826433,1.2638976531566997,0.6965405947036105,-0.6794390250764185,-0.5152554786755552,0.8597199433007673,0.8669678601191851,-1.1673338343285868,-0.902104031047821
2013-04-01,1.2288898487134798,1.3215386579266768,1.3653972960312337,-0.8429094278464819,-0.9895958086982083,-0.32231661504734715,-0.8081215526220275,-0.54291861983747,-0.9344424554039735,0.6303990732102553,-1.3711170137160729,0.9803988406450134,0.9632797030411966,1.076672739798179,0.6515121810357372,-0.8255051706871318,-0.8246341222073237,1.3164458557140402,1.2309205987507479,0.7916490700523867,-0.7097024004597154,-1.0757964086981056,0.8248928489480222,0.8312240910409102,-1.0221513632290307,-0.9018009979480379
2013-04-02,1.1399588755946604,1.2372364336972148,1.2579544153099025,0.13219698044341152,-0.970069479495779,-0.27488846483892837,-0.7910791788223996,-0.45535291458433597,1.0826020973147763,0.6040920875644984,-0.12005496247341182,0.964700838328302,0.9475830462811917,0.912708166729844,1.8716889874899283,-0.7528739288277627,-0.7522053508083902,1.2438796752523842,1.3128811140871763,0.6687560962871137,-0.7473772147123897,-0.7681746353906669,0.6881954783832182,0.6909321589217756,-0.7034986457052315,-0.8386275093815143
2013-04-03,1.116941249701671,1.196646400643559,1.1347117522618781,1.342445580220064,-1.0103893312087717,0.8062791471604575,-0.8106427888077101,-0.09710689537208383,2.068832966298095,0.6322133480823763,1.076733962101814,0.9627385880387133,0.9291394745881861,0.8078969665607775,2.5689942539952635,-0.8766160445881688,-0.8756025168954615,1.0663241273142894,1.2386345296059411,0.49670593301573135,-0.7220547985753459,-0.5590175719494168,0.5462739174163385,0.5452780332551518,-0.06076627634455219,-0.5914772782938025
2013-04-04,1.24876883346464,1.0962123235956094,1.1094313842561074,0.7105021331975464,-0.9944140555072606,0.34882394232794445,-0.8051392770670437,-0.3758951450027884,0.7236448755973975,0.7093200301475243,0.8320818276365824,0.8665883238488576,0.8455547773411611,0.8242934238676111,1.9361349455772976,-1.0111183443277405,-1.0097298713379304,1.0265671241890206,1.061214119936496,0.19641962320667405,-0.7510829341470792,0.9475568450227884,0.6307303417126638,0.6319555681283714,-0.45905023131691114,-0.5923210175128061
2013-04-05,1.2147660682001156,1.2190234023234818,1.1952802793536634,1.1041167664839917,-1.0121646304406255,0.9191647963406201,-0.8481024579612606,-0.045839794433283135,0.6221861905549056,0.7583054516947944,0.7058877424677575,0.8242037175937377,0.7980723906421465,0.8507800087478805,1.393070338761066,-1.1510007360568952,-1.1492223199580978,1.0954663965954332,1.024958644917088,0.2199295834052473,-0.7461419749008277,0.1270175961378838,0.6167993994894988,0.6176581535616176,-0.7336805776206523,-0.7642774470759358
2013-04-08,1.2764943164455091,1.1997685587657112,1.2231941989752655,-0.46931136186261,-0.9855374455886886,-0.5814633544057792,-0.821996590815671,-0.3523197628192523,-0.6067915484573799,0.7755410629799429,0.3639307817947635,0.8085057152770264,0.8027813876701482,0.8895008733109412,0.06204648439659987,-1.0676093102183604,-1.0660633602037668,1.0939224353090153,1.0986266845841834,0.22260116979144887,-0.7622000924511477,-0.6027796652232783,0.5811014471110282,0.581020778623317,-0.8154327593799157,-0.9280876338978405
2013-04-09,1.1410053334332735,1.2653376781465517,1.2590079834262773,-0.3173838986947471,-0.9718439255328654,-0.2663090241099446,-0.7805122795712607,-0.07914469942272301,0.1424292097481625,0.8417620958123635,-0.5110874007120599,0.8277357681149978,0.832212619095157,0.9013567732097285,1.2341036421455551,-1.0487789882548213,-1.047285530581822,1.1249946561981818,1.0926483881714089,0.2567974755348297,-0.7584943730164582,-0.44188961642231667,0.701255562580657,0.7043349439183954,-0.7585058474742505,-0.8934646167912629
2013-04-10,1.1566992192039929,1.206013759665717,1.1694727586145999,1.8703563056661952,-0.9231543469125197,0.4273733516918226,-0.7496318779403545,-0.17968310175039542,-0.34650658586048616,0.8308764465796361,-0.9611071124778984,0.8453960207212974,0.8447699445031606,0.9393208782047814,1.511221261921243,-0.9062065505308748,-0.9051105348728049,1.0379538386763552,1.1236969598635616,0.13337018449231566,-0.7949339474575704,-0.2565442802036088,0.5811014471110282,0.581020778623317,-0.5754881574586017,-0.8781109397355916
2013-04-11,0.7852806562715534,1.1539751890346577,1.1721063102304312,-0.12256106536846215,-0.9099668282333241,-0.09754717528375415,-0.7035335477670851,0.12031051809830455,-0.3406059192021183,0.8608119819696348,-1.1930673130899434,0.8701203743701178,0.8388836982181591,0.907789229537794,0.9599935004139446,-0.943867194457955,-0.9426661941166962,1.0806057692136581,1.034986755028839,0.2605376964755121,-0.7745524905667782,-0.05060501773837788,0.5401791301937039,0.5390226991704122,-0.9036499882549386,-0.861283689959407
2013-04-12,0.12405160040209869,1.0051448249912558,0.7928969980570698,8.948550339494348,-0.9198580004894504,0.030095358308931834,-0.7013872598384242,-0.19153316157809877,1.4617199301149117,0.8689762188941789,-1.1372228041359231,0.8277357681149978,0.7945406428711453,0.6284188223482847,3.848031702169252,-1.1321704140933548,-1.130444490336152,0.8914705116274269,1.078956160903441,0.0013938170139582689,-0.8184035038772693,-0.2217920296626011,0.369525175028325,0.36388060383303045,-0.11698407735115672,-0.507168716473787
2013-04-15,0.636713565898127,0.3754778081240154,0.11242819399657755,16.238168172857783,-1.013179676255215,2.101542709488168,-0.7804792899250196,0.333736332468835,2.393861354729858,0.800033773753579,-2.3198692881318843,0.7343326543305664,0.7011455351491174,-0.0625026632427453,7.460442472826588,-1.220941931921472,-1.218968544268181,0.5433072415401191,0.8816723792818727,-0.4485013304223891,-0.8313735218986826,0.08261194266881838,0.0909062434966409,0.07793361540171873,0.9589256139248444,-0.46323485883074006
2013-05-01,0.6790864768111008,0.6252631032688116,0.5753792123668716,0.9971264015025538,-0.933043812779112,0.4923114444648507,-0.7440334220966777,-0.2782257045281389,0.35944261685035855,0.9306615645462972,0.6228462323997664,0.8128226659141219,0.785515065234143,-0.10664697137652779,-1.0468536344267336,-1.371584507629793,-1.3691911812437467,0.859433314934249,0.9669113152317589,-0.2278282949221383,-0.8869593134190233,-0.25397003942279345,0.14575932850035198,0.1342294816795989,-0.5297632812421504,-0.5189810655398376
2013-05-02,0.6879794851918538,0.6731384841722444,0.6986218227470223,0.5336541391458316,-0.8957659985688985,-0.37952315151854404,-0.738307036623337,-0.5456628442186223,-0.5425398448440409,0.8254336219632734,0.8714872603617136,0.7308006038093063,0.8239718742961543,-0.0529170420479811,-1.124618423852159,-1.393104875588124,-1.390651557954541,0.9650016678930942,0.8560235591883556,-0.13485708868232263,-0.8993117115346538,0.9224579974098382,0.14401787365406776,0.13244217689499113,-1.0027498334952742,-0.6398615632258192
2013-05-03,0.69111812633368,0.685628053355125,0.6859812700690315,0.5651196486615068,-0.8546832769746882,0.6016967475232337,-0.6844929316078441,-0.1875415624782408,-0.14096669726067207,0.8716976312023622,0.5028168008167748,0.8485356211846395,0.8946068297161759,-0.012808784943573006,-1.2406211484094238,-1.081059540192318,-1.079476095648014,0.9441581905264479,0.9618972601758825,-0.15195524155401302,-0.8190211237830504,0.8387951720333382,0.1492421511245321,0.1378038120551486,-0.937304008221165,-0.5417501408019632
2013-05-06,0.5985257016531631,0.6726184106973603,0.6980954600318141,-0.18608361308082283,-0.8442869565367026,-0.9856783973754698,-0.6393794420688406,-0.23406863948596018,-0.48730304862543056,0.8363192711960008,-0.972952917407539,0.9105427303356489,0.9385574686441888,0.11193041718302953,0.29963724987870116,-1.0164984363173235,-1.015094965515629,0.9466671276168778,0.949554970807574,-0.13058255046440034,-0.8375497209564978,-0.5596611321446207,0.15272479961193453,0.14137767710792196,-1.1605461736956872,-0.830915019900763
2013-05-07,0.7073356595231441,0.5779077958402644,0.5790655420809933,0.9391756723339029,-0.8234925808313717,-0.5036961338233663,-0.6279270707220197,-0.2207217299958101,-0.5361474559641424,0.8390406835041821,0.5921438400311059,0.9195690816677574,0.9032399909341785,0.02048863604876579,1.2714822978362292,-0.9734577004006605,-0.972174212094039,0.8835577100345336,0.9428052813092799,-0.27377958076480513,-0.8079039654789837,-0.6684228051340707,0.07610461738452852,0.06274268803949327,-0.735517238733084,-0.817242879457613
2013-05-08,0.6210196801274076,0.6908314420710933,0.6907219579176126,0.468566902664347,-0.804726960083418,-0.3587551155256272,-0.6061013094463441,-0.2671240695316589,-0.3443757895671867,0.9052617163366008,0.16617836480606848,0.9093653801618955,0.9224683954651841,0.05605633574512769,0.7357215662698997,-1.0084282983329493,-1.0070473242490812,0.9493690598681098,0.8824437723673922,-0.14233753056368756,-0.8097568251963284,-0.2340196733714742,0.21454344279561682,0.20482248333056738,-0.3467519796129796,-0.8178845966100946
2013-05-09,0.5577220589986722,0.6674142414028287,0.6391069164394856,-0.08443608779883263,-0.816391298584479,-0.16742886539475615,-0.5958023439616686,-0.4629619003684402,-0.2893029007557532,0.8063837358060021,-0.2236453178275143,0.9486103859536733,0.920898729789184,0.09137178225215369,0.4280995263328572,-0.8846861825725434,-0.88365015816201,0.9584398324258165,0.9466622467368766,-0.0023464039267241947,-0.8591664176588522,0.40117423929472246,0.16317300627930817,0.15210122662190276,-0.7013202059162256,-0.8618541052060573
2013-05-10,0.4965158364867087,0.531593520017193,0.46793633164554044,1.1344183002080015,-0.8029503526195861,-0.24001434192357857,-0.5993824415063477,-0.44836761615958454,-0.29225323408493714,0.7610268640029737,-0.0014760376164987404,0.9340897338107154,0.9028475745151782,0.032470662542221036,1.4957542319802744,-0.6506521810256888,-0.6502685614321145,0.9198408002653612,0.9528333914210309,0.0019281342911981,-0.7541710336759877,1.1013677316765076,0.15969018365512808,0.1485266170526872,-0.7733300982965035,-0.6671820768101755
2013-05-13,0.4640823917930995,0.49100348696353724,0.5153378906762515,-0.3799905310300596,-0.7996553144284932,-0.6785286709088544,-0.5930876025732871,-0.5069942279387484,-0.8583894184738987,0.7456055275899461,-0.5079446361388901,0.9179992814360866,0.885581252079173,0.10638084701763972,0.6154224445068104,-0.6049213991142341,-0.6046652609216748,0.8961023954866816,0.9096353786319483,0.11413476251166473,-0.698585242155647,-0.44832521837435513,0.09177701445397751,0.07882759351996602,-1.0347300962042585,-0.8509330299628979
2013-05-14,0.2977292323457393,0.5008909714991499,0.48795033376985913,0.22710871139002672,-0.7567981183573702,0.08431479589028154,-0.5783230674482491,-0.12891495069907696,-0.5248378448689373,0.6948058311705531,-0.6713683939437285,0.8862108267447465,0.8800874222131714,0.01695709139806319,1.0880261371475182,-0.43006840945279107,-0.43029970014646574,0.9688615711091396,0.891507641122244,0.2402336399403791,-0.7010557217787727,1.0048337023959306,0.06391495587087034,0.05023267132190229,-0.952949166705844,-0.8290255193962338
2013-05-15,0.2694800496336989,0.38744647121487646,0.3083527314132114,1.9762590211373883,-0.7342284434201855,0.11957693371297229,-0.5428576158186003,-0.13590024912382842,-0.31995358589783074,0.6648702957805563,-1.3179317670931965,0.853245021879653,0.8310353698381566,-0.13464707539281268,2.1883334615592025,-0.5430503412340314,-0.5429666778781395,0.902085245471552,0.9669113152317589,0.22527275617765047,-0.6423818307295253,0.7943895185642728,-0.0501445465129022,-0.0668271835985449,-0.41094248694415714,-0.5240494426793452
2013-05-16,0.11149708814721887,0.2573500446372285,0.2435714592242227,0.7735094785103175,-0.7540086549455215,-0.10224646693932815,-0.5262018569440943,0.12679686663557374,-0.25094856747636207,0.6603346086002542,-2.287232886795119,0.8630562733275975,0.8765556744421702,-0.21902576722567121,2.1522437250302757,-0.7071431469163086,-0.7066020502979511,0.88413669551694,0.8974859375350195,0.3278616734077916,-0.6213827539329521,0.7287463786534805,-0.04317907540131967,-0.05967833671833506,-0.7141704453167693,-0.8228341372398834
2013-05-17,0.32336179964938067,0.2053114740061693,0.1392892828520159,2.2212854660681254,-0.7134336411174704,0.30603965307405095,-0.5184036079862696,0.5092419553907148,-0.5376226226287344,0.6213276988496509,-0.2640177550366978,0.8975918784243617,0.9142276506661818,-0.18497158666532473,1.280504731968461,-0.5053896973069513,-0.5054110186342482,0.7681466038747717,0.881479531010493,0.3235871351898693,-0.6226179937445158,1.1966146405666769,-0.13895439025396608,-0.15797237551367538,-0.6576843320780877,-0.7727623738698594
2013-05-20,0.2061824808173929,0.3010630163915954,0.13033584990623132,2.45932805624887,-0.7136866418057833,-0.6122581883217295,-0.48569393294307844,-0.23082546521732558,-0.12965708616546698,0.6612417460363146,-0.6117767426140056,0.9266331827102776,0.9385574686441888,-0.4122517102569706,2.896379721079099,-0.4757991913642452,-0.47590300065690483,0.8762238939240468,0.6938381629579164,0.40373472677591693,-0.5781493605282435,0.38315455382901475,0.0038378546018612643,-0.011424737051580291,-0.1598022377201075,-0.8877723479757315
2013-05-21,0.1570086402020204,0.21415792693630772,0.161936099241955,1.1137911226540629,-0.7076016851656312,-0.39191088670846697,-0.4809443384325796,-0.1491224211421079,0.14767424677782284,0.6821059070657068,-0.441342202299788,0.9517499864170155,0.9279622253311858,-0.20149417056682617,1.8605183547547843,-0.5699508011819457,-0.5697921487666333,0.7961309021911018,0.8720299657128812,0.396254284894552,-0.622000373838733,0.8928542284304614,-0.05711001762448442,-0.07397556515597875,-0.6291569922604751,-0.8472669236380723
2013-05-22,0.2966827745071261,0.3765187876909191,0.1356021631198096,3.2953298166495752,-0.7390470883867957,2.6511853291314695,-0.5055463959535454,0.46059434136119587,0.24060974664711676,0.6385633101348014,-0.0985391127032482,0.9231011321890175,0.9001006595821777,-0.12569208717138824,2.366633945600924,-0.28211587973926244,-0.2827596102597504,0.8003767957287516,0.7952763537037086,0.3983915540035137,-0.6244708534618605,2.7121989002717357,-0.026636081511311423,-0.04270029070061229,-0.1778398469408061,-0.4805018036928843
2013-05-23,0.2522168956044951,0.2760839300644105,0.24989134055417575,0.2980730715409037,-0.751219163093844,1.9743682573710044,-0.5408633982946986,0.17319920617142257,-0.5559802522325454,0.7093200301475243,0.1788702986592549,0.8563846223429952,0.8329974519331571,-0.16201654643575783,1.567933705038128,-0.3386068456298823,-0.33909309912558694,0.7905340425278357,0.8012546501164832,0.30648898231817895,-0.5540621842027618,2.114331478927362,-0.009222316663966883,-0.024828452693752702,-0.9206175427405684,-0.5701282993228168
2013-05-24,0.23809306277870143,0.25891114971758983,0.277278844792696,-0.6073474418119092,-0.7547685102052271,0.7530348793197795,-0.5328716441341759,-0.36504298495004955,-0.5254934744976448,0.7056914804032804,-0.9542172055290257,0.86266382326968,0.8286808713241558,-0.12203441592601769,0.3477568985839368,-0.35205707560383914,-0.35250583456983353,0.7640937054979241,0.7850553953205772,0.19748825776115372,-0.6176770344982625,0.6997861698693073,-0.04143770762342411,-0.05789112499828235,-0.7770098089078449,-0.863595060073438
2013-05-28,0.3081915612974046,0.31407265904936016,0.23303804277898146,0.71763864051038,-0.7296631972994461,0.5909698803758443,-0.4885036184344696,-0.05294983032990513,-0.3099552340600408,0.6367490352626806,-0.24721605212628905,0.8450035706633799,0.8902902491071747,-0.13338580944613318,1.3561213227909743,0.06759009958362358,0.06597151129066789,0.7729714828948286,0.7680847474391517,0.5073922785605377,-0.6417642108237442,0.6701824008899304,-0.06581694358235118,-0.08291125149802005,-0.7292374548251871,-0.8853837341303833
2013-05-29,0.40601554279697555,0.27972704631714834,0.277278844792696,0.010819111414175629,-0.7570520006802762,0.9334823411226092,-0.5205539207506429,-0.2607624584662603,0.10358315424724071,0.7138557173278265,-0.07158386271029037,0.8885655270922532,0.8612514341011656,-0.11244879473125349,0.4199363716417904,-0.061532108166364126,-0.06279074897410096,0.7789543328796991,0.7703989266957102,0.453960550836506,-0.5602383832605771,1.1869612376386194,0.04563068127135553,0.03146722745501667,-0.4885038871738373,-0.5640082190722977
2013-05-30,0.26058704125294596,0.3942117455897679,0.4152684594012496,-0.017898651970355107,-0.741581844720798,-0.14576572622934902,-0.49935454667533163,-0.17182464102255007,0.7890439310609748,0.8127336978584252,0.20957269102791537,0.8053661148136843,0.8141614638211513,-0.0619981568640735,1.6031641621258899,-0.061532108166364126,-0.06279074897410096,0.8708200294215827,0.7765700713798644,0.5362454115315153,-0.6565870885625005,1.4077023845935386,0.18145728087882299,0.17086611210145664,-0.1450738126950249,-0.5776922431664197
2013-05-31,0.39607607657761085,0.3390509647979861,0.29044581285376864,0.19484177591943438,-0.8019374966715677,1.2719524666706736,-0.5675007085376429,0.9218735123385317,0.3922240982857356,0.7664696886193384,-0.0035309221451098748,0.8359772193312709,0.8094524667931502,-0.08419643752563269,0.9806162070019028,-0.026561510234075762,-0.02791763681905937,0.7768313861108742,0.8664373658428658,0.46197530999511077,-0.7189666990464392,0.730677059239092,0.13269907016613516,0.12082567297287142,-0.7657854138659581,-0.7264874369853517
2013-06-03,0.3291162192007353,0.38744647121487646,0.3188861478584526,0.08920620243321369,-0.7791130862167077,1.0982819213182806,-0.5642134847342437,0.16284599600616598,0.2728995058609632,0.8363192711960008,0.4851689689828204,0.7586645579214688,0.8016041384131477,-0.050646763343958,0.9410893527083163,-0.0373216942132415,-0.038647825174456876,0.9163668873709206,0.7945049606181891,0.5234217968777473,-0.6874680838515784,1.3697323330765117,0.20757797168403458,0.1976739156440234,-0.7012754872108794,-0.8173914250947615
2013-06-04,0.34428724223915397,0.3073073846744687,0.31045986764596095,-0.6106676350537088,-0.7991471516251218,0.8773967366059529,-0.5735935929967216,-0.00804434045650305,0.01195891363536186,0.8408549583763031,1.0312847513513559,0.8226339173620664,0.8298581205811563,-0.0652774483254402,0.4444258357149907,0.02185931767216948,0.020368210780228796,0.9057521535267955,0.9146494336878238,0.4384653497965375,-0.7646705720742735,-0.2230791500530088,0.16230232239036024,0.15120743463276592,-0.8228337051147055,-0.8942251704534633
2013-06-05,0.397122534416224,0.35570289109135916,0.34943361909588616,-0.24054241487447778,-0.8572201947354344,1.9881930848103382,-0.6375336738334362,0.08076873951533661,-0.40829967836617187,0.8526477450450888,-0.15257048824967037,0.8434337704317086,0.8333898683521574,-0.031223267765093703,0.9269112419290951,-0.13685339602052432,-0.13790206746188347,0.9821782372044969,0.9028856891336542,0.49670593301573135,-0.7492300744297344,0.8992898303824998,0.17013847739089039,0.15924960817933662,-0.8752695813263204,-0.8502437782065287
2013-06-06,0.22710713872072358,0.42075110438018315,0.34785363559642946,0.21794955761954515,-0.8201958078109182,1.7518468404832757,-0.6792859188443092,0.06841972980015104,0.2833895799202838,0.9914397727623532,-0.5096368939859816,0.8359772193312709,0.8647831818721667,-0.029205242250406504,1.0381879295599528,-0.16913394795802156,-0.170092632528076,1.0439366886612256,0.977903666700409,0.5656328617797328,-0.7801110697188124,5.016144399101507,0.20235369421356997,0.19231228048386592,-0.8396064138127556,-0.7574146386396741
2013-06-07,0.26163349909155914,0.26463539248700557,0.25305130755308913,0.44820686709538066,-0.7677030281961098,1.5077936757215147,-0.5967952301477703,0.03062427582337096,0.10194408017547185,0.9696684742969005,0.22492388721224563,0.8752222251230487,0.9063793222861793,-0.13679122750216785,1.974802520429719,0.09987065152112201,0.09816207635686158,0.9443511856872508,1.0405793548988542,0.551740612571485,-0.9061055304982518,2.934227167617063,0.08829419182979742,0.07525279782163966,-0.7348656233123255,-0.705346421906374
2013-06-10,0.22553781814980975,0.24694248662672877,0.2430450438411408,-0.4890035424691454,-0.7677030281961098,-0.18942664175538326,-0.5280846355418646,-0.50736844035436,-0.6556359557960917,1.0005111471229597,-0.6759616652429769,0.9297727831736198,0.9016703252581778,-0.16844900276382327,1.2336740024249726,0.19133221534403022,0.18936867737773977,0.9632647114458734,0.9410696468668612,0.6393686460388963,-0.8795478745496443,1.683146148140785,0.0970010307192755,0.08418885642190256,-0.9606056478997548,-0.9631562879158637
2013-06-11,0.2778502475945791,0.20687257908653064,0.2035441396579227,-0.28740675166677515,-0.8108127983581624,0.9158676961226857,-0.5796454422577229,-0.4155616610576269,0.35534493167093645,1.0531251184144697,-0.7183889869807715,0.9176068313781686,0.8891129998501742,-0.08961988109635455,0.8723469974151224,0.12946115746382691,0.12767009433420382,0.8673461165271422,0.9591973843765657,0.45876940633166935,-0.8894297930421491,1.9849758796913892,0.0134152903118983,-0.0015953517849575706,-0.7369833734297903,-0.8536246769080291
2013-06-12,0.25117117013989376,0.2755638565895234,0.2346180262784381,-0.4111888985607624,-0.845047693431002,1.2824514520470849,-0.6228516128239993,-0.3636708727594734,-0.3645364006499435,1.0730821420078034,-1.458389168401793,0.8830712262814043,0.9099110700571805,-0.10752985753920344,0.4770784544792578,0.23168290526590204,0.2296068837104807,0.8605912858990625,0.8614233107869904,0.5068579612832979,-0.966014661359063,2.4547748221901973,0.03257042293713871,0.01806369794195506,-0.844404092057751,-0.7817226467026582
2013-06-13,0.2872661187076313,0.24277929689910238,0.23409161089535624,-0.29456234054996383,-0.7826632865228592,0.9996789161083358,-0.6342874852281146,-0.3796372691589052,-0.5017269004569965,1.1075533645781024,-2.3481541692904138,0.91917663160984,0.9299243074261863,-0.1056379586191842,0.9131627708704564,0.019169271677378343,0.017685663691379718,0.7959379070302998,0.8583377384449132,0.2300816116728138,-0.9950427969307962,-0.011347845830943237,0.05694948475928812,0.043083824441692106,-0.8609627898087873,-0.9472262537880561
2013-06-14,0.2527404907108076,0.26359519349866234,0.2899194501385604,-0.844703095459868,-0.8087844699981693,0.5400085362228022,-0.5966552260109714,-0.34296445242896023,-0.9701742701685345,1.082153516368408,-0.22279918890396852,0.9533197866486862,0.9817232747342022,-0.1258182137660562,1.030024774868886,-0.03194160222365923,-0.03328273099675872,0.7320565088047463,0.7925764779043908,0.23489046716797593,-1.0086304348579904,-0.9110449987259209,0.012544780559728026,-0.002489050709538995,-1.0204360814596816,-0.7383948552591773
2013-06-17,0.16694815873381588,0.2354939490493253,0.2709589634627429,-0.8840874566729386,-0.7768321837657859,0.4393730719744045,-0.5826856474337648,0.05395018306316593,-0.8769109554848867,1.1021105399617397,-0.6695552605361303,0.9980590932513129,0.998597180751207,-0.08596220985098399,0.12133676583697958,0.09718060552632968,0.09547952926801132,0.6915275250362681,0.7397360515463167,0.09062480231309028,-1.0228356926909656,-1.7985145079120255,0.018639567782362625,0.0037662833752002316,-1.136292664431872,-0.8548665184345908
2013-06-18,0.08638654657700619,0.17825198970229647,0.16614963435724314,-0.25305992502746927,-0.7438649085984639,-0.004072536415278812,-0.5383630813677083,-0.4454986543065616,-0.27094527115194206,1.1247889758632528,-0.7820904073677166,1.0004137935988195,0.9950654329802063,-0.0501422569652862,0.7748187808429037,0.11601092748987002,0.11425735888995725,0.7127569927245186,0.692488225058258,-0.010895480362569999,-1.0018366158943925,0.9784477343925729,-0.05188600135918643,-0.06861411612493175,-0.7937154395478757,-0.9583434092722516
2013-06-19,-0.2792772306170735,0.18813864162077815,0.1055818972835426,0.8228544194487869,-0.8019374966715677,1.873465904562002,-0.5689260688823765,-0.2936931510400885,0.34223233909678563,1.0349823696932585,-0.6129854982190709,1.0361267488693373,1.0182180017012128,-0.04320529425854895,0.11532180974882511,0.5706287006096223,0.5676078169055014,0.5919420220622926,0.7098445694824428,-0.1385973096230051,-0.9956604168365772,1.2268619697412577,-0.12763541262925582,-0.14635559239788914,-0.718201517184402,-0.899590638867268
2013-06-20,-0.2034239463600105,-0.16416232543578013,-0.2657267600423252,3.8481038282684925,-0.9046426084874697,4.236587551670624,-0.7255033338956851,0.47032386416709965,1.7575728000691897,0.9669470619887172,1.0355153959690848,1.0035533940621617,0.9695583657451984,-0.35713438838707645,3.880684320933519,0.7508617822606476,0.7473384718584087,0.31345000502460757,0.5898929446841878,-0.4730799251754444,-0.9098112499329396,1.8832933688491813,-0.298289541931413,-0.3214983391871584,0.7528075184046636,-0.5697242551897729
2013-06-21,-0.26201402427544035,-0.2063134115312267,-0.2062122224098932,1.506394432711684,-0.891665544517527,3.2244824872000764,-0.7434649686369577,3.5569526056041396,0.3622290427723656,0.8789547306908458,0.5777596483308279,0.8885655270922532,0.888720583431174,-0.41641388788101297,1.4845835992451304,1.0763573476304111,1.071926669609183,0.4612842981991515,0.3029347168709979,-0.3694223733908224,-0.8659602366224501,1.6149287674491772,-0.2678155187498513,-0.29022269247357135,-0.359777899641669,-0.49329455396411503
2013-06-24,-0.28607768950760537,-0.25158712409595996,-0.2667803281587,0.7716204030451557,-0.9429072277654771,2.2056292481240796,-0.7999692787854609,0.296190353435796,0.5884212646764673,0.875326180946604,0.46679588378582676,0.8410790700842019,0.87498600876617,-0.43482837070253366,1.2066067000282776,1.0817374396199946,1.0772917637868822,0.3232927582255235,0.4809336713545829,-0.552693199484251,-0.7671410516974009,0.8806265847215883,-0.36794416597884777,-0.392985039762709,-0.24495623527891827,-0.709969162134436
2013-06-25,-0.40848898365808306,-0.2932177204079539,-0.2894275658916168,0.12664424347005707,-0.9044121605808387,0.9724644948823468,-0.7511847683148922,0.01266207987401013,0.276013746597324,0.8444835081205448,-0.4047169074663072,0.8885655270922532,0.899315826744177,-0.46131495558280317,0.7477514784462086,1.2646605672658122,1.2597049658286399,0.3638217419940017,0.325883661165198,-0.4346090812141413,-0.7831991692477209,0.596172978441488,-0.3757803209793779,-0.4010271202447239,-0.6608178356455582,-0.8411111924346376
2013-07-01,-0.4649860935838573,-0.3946931933313727,-0.4737651187466346,1.3814483100260313,-0.8332856925689148,0.35025692859950003,-0.6515281965050468,-0.17905941439104262,-0.09261401214349092,0.8254336219632734,0.18551845448711446,0.9486103859536733,0.9813308583152018,-0.5458197740103297,-1.124618423852159,0.901504357968968,0.8975611088339738,0.45124854983743345,0.35963210865666856,-0.24492644779382872,-0.6806742648879822,-0.23981171512830882,-0.2686862897071879,-0.29111629833359737,-0.38372796054777814,-0.8302673609227954
2013-07-02,-0.42889077882911386,-0.41967149907999857,-0.45269786451317373,0.3520166709349691,-0.8371101665529079,0.8205741090642416,-0.6684555102622798,-0.2284554532517849,0.09079837648744365,0.7483269398981275,-0.35116903416191114,1.0059080944096686,1.0425478196792204,-0.5382521783302526,-1.2530807003063151,0.88536408200022,0.8814658263008781,0.44719565146058493,0.447956616948631,-0.24706371690278925,-0.705996681025026,0.19394785643908385,-0.36794416597884777,-0.392985039762709,-0.31097382114281047,-0.5894986504069842
2013-07-03,-0.5675188214826116,-0.404060136044963,-0.4126701762717682,-0.3730830025614881,-0.8353257381370459,-0.8145761411716671,-0.6732260240314709,-0.9221205343239764,-0.6969406224046668,0.7755410629799429,0.5175636191985724,1.0694850037923487,1.1363353438202486,-0.49158533830311113,-1.2676884508061188,0.9714455538335459,0.9673073331440581,0.3794543500189859,0.4419783205358564,-0.2363773713579829,-0.6337351520485826,0.33488753918872627,-0.3305047587540925,-0.3545605461689114,-0.7125957080499365,-0.3850404354357578
2013-07-05,-0.49323485779646237,-0.5908784484947535,-0.6128082488036902,0.55088479717655,-0.7909674880720868,0.15444489766153888,-0.626975219733995,-0.5035015787263727,-0.3517516228901465,0.6149777367972258,0.21477034012969648,1.126782712248344,1.1940205574132658,-0.5868109172774134,-1.271555208291361,1.5982262706199502,1.5923408048459624,0.2790968664018019,0.3388044953476464,-0.2684364079924019,-0.5923546183612188,1.4006232224462964,-0.39667673431412487,-0.4224731024980224,-0.01818448627528828,-0.6806819043142333
2013-07-08,-0.4351680088003391,-0.5138611558065036,-0.4974655032529485,-0.010170615976511288,-0.767258655921504,-0.13963344830221947,-0.5585820433639126,0.023638977398619528,-0.7177568631161312,0.6494489593675268,-0.3596303233973688,1.2382385286969928,1.210502047011271,-0.5117655934499832,-0.1252764337773534,1.3346017631303888,1.329451190138723,0.38794613709428627,0.2792143794912782,-0.16477885620778113,-0.5052702116460192,0.1714232496069492,-0.4419522965394106,-0.46893939738016904,-0.7170196656859676,-0.8598457681918092
2013-07-09,-0.4179052209581419,-0.4175899042161854,-0.4384773283357262,-0.09619033513761731,-0.7371754350258929,0.09041422599456742,-0.5209948441805587,-0.32001275760477693,-0.6594058261611601,0.568713727558139,-0.6274905654798554,1.2005633231368864,1.2352242814082783,-0.49183759149244705,-0.23182708448180386,1.3399818551199723,1.3348162843164224,0.4354229466516462,0.38489523220742633,-0.08356263006725266,-0.5478859851449466,0.8182012457868151,-0.4140904991614697,-0.4403448474403266,-0.7532673705622716,-0.7707124440772098
2013-07-10,-0.24579727577242108,-0.37387771304037826,-0.41003704599891516,1.1432912304231555,-0.7356461687250876,0.13377540513715308,-0.5084590710997842,-0.3726519707341538,-0.3415893636451796,0.7456055275899461,-0.191855045414295,1.2633553324037308,1.3109606502753013,-0.5155493912900216,-0.3345109777010122,1.4314434189428804,1.4260228853373005,0.5475531350777689,0.43272160350962496,0.18893918132530912,-0.49971163249398487,1.4366625933777117,-0.4167023766915356,-0.4430255719558499,-0.687984449143352,-0.45454790997029443
2013-07-11,-0.251551695323775,-0.2692800299562375,-0.2583533105959966,0.49114040039451295,-0.6782857138843774,0.4249323478567516,-0.49234722531004066,-0.12442440171173677,0.2279888762944966,0.8544620199172117,-0.37328926173460747,1.3273246918443282,1.3439236294713108,-0.46888255126288014,0.43927015906800115,1.1570587274741546,1.1524030822746647,0.6037147268712322,0.5465020836237257,0.1697037593446582,-0.7473772147123897,1.5312659420726773,-0.26172081859560536,-0.2839677306470534,-0.17826786883483367,-0.6258210296025409
2013-07-12,-0.248935916914248,-0.2724022401169594,-0.2662535441005126,-0.404853817202846,-0.6765021386632812,-0.21928531272028862,-0.4460968247320113,-0.05968565381091544,-0.5374587152215574,0.8290621717075152,-1.0608294498957915,1.266494932867073,1.300757823381298,-0.36924254147519964,-0.2790874537458746,1.2108596473699833,1.2060540240516522,0.5886611043286543,0.6010781444242176,0.15367424102744867,-0.7399657758430107,0.22419518561366464,-0.3139616777956956,-0.337582593215744,-0.6691706509655736,-0.777022662743279
2013-07-15,-0.2117941443208914,-0.2677189769144467,-0.23886646120497007,-0.8724667803266402,-0.6601857841336515,-0.9329473767667243,-0.4273527075499019,-0.44275442992540925,-0.8195433629729769,0.8236193470911526,-1.3865890854609095,1.3214379409755619,1.309783401018301,-0.3968642657074807,-0.03247425413154168,1.0790473936252034,1.0746092166980332,0.6328569961523758,0.6220986060046194,0.25733179281206947,-0.7171138393290944,-0.06347622164245482,-0.32092714890727786,-0.34473125396684373,-0.9987954222653778,-0.8283778604182662
2013-07-16,-0.2939246062367504,-0.22504734899697848,-0.21305888779803442,-0.5969098228276313,-0.676245668316248,-0.5377162133447804,-0.4438555927003393,-0.36117612332206217,-0.033607345559812235,0.9143330906972073,-2.36435149439829,1.3379208434081087,1.3325435533203076,-0.42171120485706687,-0.30787331502489956,1.0494568876824972,1.0451011987206897,0.6527354977150098,0.6282697506887737,0.2819103875651248,-0.7010557217787727,0.2248387458088685,-0.20251422707876657,-0.22320411426270764,-0.27963878546810644,-0.9182182617656927
2013-07-17,-0.25782892529500023,-0.19954855346490075,-0.2973274307210273,0.4153865660844884,-0.6652847889007779,-0.4520696212577396,-0.43462353412649735,-0.10833326784043436,0.328791931708281,0.8807690055629667,-0.38682732451133967,1.310449339353864,1.3082137353423002,-0.5154232646953537,0.5608581999928378,0.9391650018960487,0.9351167680778656,0.6008197994591981,0.6492902122691755,0.2958026367733726,-0.7702291512263076,1.524186779925435,-0.2695569735961355,-0.2920100903227342,-0.22198998589042473,-0.9145878063937828
2013-07-18,-0.20028530521818358,-0.2609540668095502,-0.24202637553601056,-0.4874579352703766,-0.6418302656704844,-0.23145132510601668,-0.42317518761538736,0.016778416445738655,-0.4058410672585186,0.867161944022058,-0.23126047813942616,1.343807594276875,1.3827728549523228,-0.5004141999298677,-0.019155422793485373,1.0548369796720807,1.050466292898389,0.6195403300570185,0.59876396516766,0.39411701578559144,-0.7535534137702067,-0.20827726556332032,-0.27826363834883594,-0.30094577666477584,-0.8910041772216916,-0.8226321151733614
2013-07-19,-0.005160204951340201,-0.21411930120302614,-0.196205168679861,-0.5605594313010326,-0.6341826259344753,-0.22710720053493996,-0.4124437479720791,1.1767121673700884,-0.579582918866017,0.8961903419759963,-0.0408814703416299,1.4309315071346216,1.4432049834783407,-0.4886844266257483,-0.4230167601409993,0.9149545879429261,0.9109738442782216,0.6753159315288767,0.6178559440342635,0.4240387833110487,-0.7424362554661382,-0.4785725475489359,-0.18422977834247378,-0.20443876346037743,-0.5383780204077647,-0.751181663704922
2013-07-22,0.04035218410233331,-0.0038830075064107037,-0.04136194028887956,0.40956668712616157,-0.6257694998532948,-0.7281001415578233,-0.40245777216806944,0.573731228347795,0.9475423938010228,0.9361043891626599,-0.20732711715913177,1.4085618538333085,1.3917984325893258,-0.4500896886573556,0.43626268102392396,0.9203346799325084,0.9163389384559197,0.7453731749001027,0.7181370451517759,0.4144210723207232,-0.7683762915089629,0.18815581468224923,-0.046661723888722105,-0.06325238790021888,-0.015938968428263114,-0.728870109005214
2013-07-23,-0.07630474280922131,0.03150280421414295,-0.001333830704495673,0.021867340649819017,-0.6349476856822609,-0.6993357136913981,-0.3909808645658773,-0.4518602653719602,0.7970753940126422,0.9705756117329609,-0.30668682789550544,1.3587206964777503,1.3458857115663119,-0.2909179261864027,-0.40540153159711834,0.9822057378127117,0.9780375214994557,0.7420922571664643,0.7420502308028744,0.3674011519235756,-0.8214916034061779,-0.22822763161463958,0.03257042293713871,0.01806369794195506,-0.1411673143637137,-0.8358348514031221
2013-07-24,-0.0140532133320932,-0.0070059982456938275,-0.07928243962966335,0.24302274106623845,-0.6507524077498006,-0.040648587151716764,-0.4104334393445046,-0.44412654211598546,0.6825041163959994,0.9497114507035687,-0.21482140191053706,1.3716715483890374,1.3435312130523112,-0.3451523618936212,-0.13558778707133248,1.189339279411652,1.1845936473408574,0.7258806636590729,0.7405074446318363,0.4368623979648168,-0.8400202005796236,0.36062994699688017,-0.08932523444716399,-0.10703814439595266,-0.018027970806576712,-0.6826842995029954
2013-07-25,-0.008298793780738544,-0.03458638864158476,-0.038728388673048085,-0.7638544818650129,-0.6403009993696783,-0.07812384703850048,-0.42742673239421913,-0.3949799781989843,0.4489360611689379,1.0186538958441707,-0.47700049264921646,1.2955362371529882,1.280744586012292,-0.4233508505877502,0.08653594846980019,1.1705089574481116,1.1658158177189113,0.7525139958497875,0.723343948479031,0.34282255717052024,-0.7992572867980409,-0.15100040819017796,-0.06668762747129911,-0.08380495042260147,-0.5100774683101218,-0.8010632886593959
2013-07-26,-0.02451554228375854,-0.029382219347054657,-0.08402275880313814,-0.4879158929589007,-0.6357123188326655,-0.14533870453238118,-0.4482016737431488,-0.49950997962651467,-0.42895201167045943,1.0204681707162915,-1.1559585160144366,1.304955038543015,1.2732886740512896,-0.44340497913995425,-0.01013298866125368,1.1355383595158233,1.1309427055638697,0.6772458831368995,0.7505355547435871,0.1942823540977123,-0.8696659560571396,-0.22114846946739725,-0.034472236511841885,-0.05074246424718296,-0.612393866142142,-0.9199770421095311
2013-07-29,-0.04282520646400488,-0.03926965184409678,-0.006600933936158618,-0.9829681542534292,-0.6489688609685315,-0.7226309790543506,-0.4164358041361459,-0.5948094081356236,0.7180720237533834,1.005046834303262,-0.442913584586373,1.2637477824616488,1.2591616829672854,-0.41515262193433344,-0.0002512750878570616,1.2296899693335237,1.2248318536735983,0.7075461233828566,0.6757104254482129,0.38396498751802494,-0.8826359740785511,-0.096297791597851,-0.06494617262501458,-0.08201783176710449,-0.8055211777592626,-0.9484918626165616
2013-07-30,-0.12181666105102952,-0.06372783207926505,-0.06084878967990609,-0.8048226134175628,-0.6489688609685315,-0.6094168516457512,-0.417729210015504,-0.21673013089595214,-0.04295006776889469,1.0059539717393224,-0.671731020625248,1.261393082114142,1.227768369447276,-0.4246121165344297,-0.0702825495427983,1.248520291297064,1.243609683295544,0.706002162096439,0.7054090592407063,0.2445081781583026,-0.8789302546438615,0.3683526693393263,-0.07974788580551594,-0.09720885219388502,-0.8593113919042183,-0.7982943979829474
2013-08-01,-0.13489476841222187,-0.0855839797057395,-0.10772314330945282,0.3546880907846928,-0.5961979114197754,-0.09147238104660103,-0.40754570417308456,-0.29793422508368755,0.6456249497812002,0.9551542753199314,0.2330225497661836,1.2908268364579751,1.3662913653543178,-0.35536861606172515,-0.23612348168762848,1.52290498276579,1.51722948635818,0.7079321137044616,0.7214154657652327,0.2445081781583026,-0.8844888337958958,1.037011712156123,-0.15723866485348087,-0.1767374471223397,-0.500539607298433,-0.5841747747715812
2013-08-02,-0.16942118109548746,-0.1188886128710469,-0.10824992736764022,-0.4272746623701707,-0.5888045806040556,-0.48814474269581143,-0.3849579801154041,-0.3752714576434356,0.3710800427599174,1.0240967204605333,-0.6625444780267512,1.3932563015745152,1.3988619281313275,-0.4233508505877502,0.4908269255378966,1.2269999233387325,1.222149306584749,0.7480751071513347,0.7050233626979471,0.2359591017224568,-0.8017277664211666,0.9198837566290229,-0.20773833041245324,-0.22856547022919924,-0.3748417149568478,-0.848413695956859
2013-08-05,-0.25992147478522065,-0.15063219299456349,-0.15986465283853385,-0.8971392507958749,-0.5951781161543155,-1.2486539610841183,-0.3741851015545717,-0.7244116414091367,-0.6476044928444243,1.00141828455902,-0.5649979006979756,1.3516565954352306,1.3505947085943129,-0.3233324610160659,-0.46512145275808053,1.3399818551199723,1.3348162843164224,0.7542509522970081,0.7287437000776666,0.25519452370310897,-0.8536078385068179,-0.27392040547411267,-0.22166927263561798,-0.24286279173139835,-0.8187962448605949,-0.9480759348325457
2013-08-06,-0.2505051851727325,-0.25939259745919463,-0.25413977548070843,-0.5131608105387905,-0.6199067151305327,-0.5624978426914095,-0.4200895228056956,-0.588697272013966,0.2519193577423218,1.0449608814899256,0.1642443558379639,1.3394906436397793,1.336075301091309,-0.32257570144805814,-0.29240628508393096,1.3453619471095546,1.3401813784941206,0.6647011976847514,0.7520783409146261,0.17504693211706138,-0.8634897569993226,-0.0004073225124778438,-0.34356493001992067,-0.36796454100475,-0.17741182504677855,-0.7482404600893813
2013-08-07,-0.10873855368983719,-0.25679092912049506,-0.23833967714678267,-0.6489261836158245,-0.6339270087822088,-0.616702909350265,-0.441367346160897,-0.5799656489830267,-0.2968426414858899,1.0730821420078034,-0.08633068109208793,1.3061323887167686,1.27525075614629,-0.4102336847422834,-0.007125510617176448,1.2296899693335237,1.2248318536735983,0.6953874282523137,0.6612468050947256,0.16222331746329327,-0.9011645712519986,0.6933505679172689,-0.35140108502045087,-0.37600690068043113,-0.7893393948104297,-0.7577057880884852
2013-08-08,-0.10873855368983719,-0.13241874531226355,-0.18988528734990714,-0.00990347399153891,-0.6181218601172856,-0.2609897297981961,-0.442665176475828,-0.548032856184163,0.8569015976322053,1.1139033266305276,-0.48159376394846487,1.247264880029102,1.243465026207281,-0.3169000046880004,0.09641766204319681,1.1974094173960266,1.1926412886074056,0.9092260664212359,0.6938381629579164,0.33427348073467567,-0.9382217655988918,0.4951340277944841,-0.17204029096559356,-0.19192846754912024,0.6948552704692758,-0.4649639300471488
2013-08-09,0.010010870399507798,-0.11784799757413743,-0.10930312680890875,-0.47961540985440176,-0.6306146222975153,-0.47498508366906206,-0.4723052778130003,-0.6704003160891837,1.054410023280352,1.078524966624166,-0.8115840441313117,1.2394158788707463,1.2984033248672973,-0.24614298507928048,-0.5862798539623347,1.1785790954324862,1.1738634589854597,0.9561238904961895,0.9078997441895297,0.35457753726980745,-0.966014661359063,-0.6510466798635668,-0.1311182352534359,-0.1499302950316601,0.03512021049733764,-0.6792261570701777
2013-08-12,-0.06270377271572831,0.009126635151354093,0.0265800889171064,-0.2463813754031598,-0.6357123188326655,-0.9505476508441537,-0.4668347557185742,-0.7093184073127988,0.8360853569207408,1.039518056873563,-0.8188365777617039,1.312411589643453,1.3019350726382983,-0.15104353269964618,0.934215117178997,1.291561027213726,1.2865304367171329,0.9240866938030118,0.973661004730053,0.31076352053610123,-0.9542798831492135,-0.49015663106260515,0.002967170712913641,-0.012318342911606316,0.16685193386741587,-0.8542545104095388
2013-08-13,0.003209993009539969,-0.04603492621898822,-0.05242214079230819,-0.26130316342090265,-0.6229657027693554,-0.6998222720672701,-0.4740810460397991,-0.6253700887439111,0.5208914129195905,1.005046834303262,-1.2491535731649768,1.326147341670575,1.332935969739308,0.15758824445282743,0.7185359774466012,1.5578755806980782,1.5521025985132215,0.9200337954261633,0.9213991231861179,0.3086262514271407,-0.9147522091791929,-0.15228752858058567,-0.06842882111241701,-0.08559197601354339,-0.2318760139651657,-0.8445158584380817
2013-08-14,0.19048859504667356,-0.024178050052524557,-0.04241508706227672,0.001469141940142366,-0.645143960387155,-0.7198758679133369,-0.4846765063820202,-0.5475339062966808,1.1707842823759405,0.9996040096868972,-1.4220056246893251,1.3410604438714508,1.327049723454306,0.226705618330864,-0.11367616132162693,1.5336651667449557,1.5279596747135773,0.9910560146014015,0.9161922198588628,0.3951856503400711,-0.8801654944554254,-0.557730451559009,0.06304444611870037,0.04933897239732053,0.30805444019116357,-0.8071061251785978
2013-08-16,0.1606701440761487,0.19438379048221197,0.15877613224304166,1.0955873045352307,-0.7193306958300508,0.3279491509107857,-0.5927086336001405,0.2082504357670503,1.1504597638860068,1.0658250425193179,-0.23839213620931185,1.3685319479256948,1.3729624444773199,0.3349222365559651,0.15871542152765375,1.8376403641563877,1.8310874957535566,1.0483755773596775,1.0523430994530238,0.5864712355921057,-0.9567503627723393,-0.19218826068322414,0.15794899001401017,0.14673968452630068,0.1373407825321875,-0.7927863257574802
2013-08-19,0.18368771765670575,0.15431388294201384,0.16930954868828438,-0.11202803853240835,-0.7463531942574771,-0.378907254840225,-0.612878111126985,-0.2902005018277128,0.8362492643279177,1.0712678671356806,-0.3325541978439044,1.3963959020378574,1.3627596175833165,0.7860770656832222,-0.22323429007015463,1.9909729858594991,1.9839926798179706,0.9900910387973901,1.0529216442671636,0.48067641469852185,-0.9388393855046746,-0.4805032281345475,0.10919060516454471,0.09669878007493814,-0.41520992911147664,-0.9080399147082759
2013-08-20,0.16380951759198822,0.18709844263243489,0.19195715509630668,-0.17104733564094893,-0.725703776343101,-0.5255563599258355,-0.6183405835499878,-0.4064558256110759,0.3579674501857666,1.145653136892645,0.21295720672209842,1.353226395666902,1.3254800577783052,0.6494819636578324,0.0998547798078565,1.8188100421928473,1.8123096661316107,1.0244441774201958,0.9854247492842225,0.4208328796476073,-0.9394570054104555,0.13860167965155304,0.2049658329488021,0.19499300499938926,0.019104525596933375,-0.7080380688515052
2013-08-21,0.20252024456925274,0.19230183134840453,0.16509606624086834,0.3844362589684028,-0.7517065079448938,0.9163829963435459,-0.6641999488869085,-0.45635081435930047,0.49401059814258136,1.0912248907290143,-0.23935914069336414,1.287687235994633,1.2595540993862857,0.7551760499895744,-0.2103450984526808,2.017873445807413,2.0108181507064637,0.9765813775412308,1.0216802243036305,0.3588520754877298,-0.9851608784382915,0.5620642880956842,0.08307008849611075,0.06989134879059265,0.30441305989869033,-0.7842300970577254
2013-08-22,0.31185301285910216,0.20427127501782605,0.20512412315737938,-0.5655206395933767,-0.7134661762779282,-0.2755638981961515,-0.6567187144454614,0.23157634300684526,-0.27996017854667077,1.0903177532929518,-0.7322896764390232,1.2366687284653215,1.2564147680342848,0.8775188468174859,-0.09520165333658108,2.017873445807413,2.0108181507064637,1.1037651885099313,0.9744323978155716,0.49884320212469313,-0.9227812679543528,0.3535507848496378,0.12138026667820258,0.10920907598619532,-0.27760089018161704,-0.84207376816336
2013-08-23,0.3406250059910138,0.296899826663969,0.21723752310207728,0.5567810024162975,-0.6991916021457876,-0.4928214514731804,-0.6434370738059416,-0.03823080864917889,0.230283579994973,1.1139033266305276,0.04639068434409003,1.287687235994633,1.3207710607503043,0.8781494797908257,-0.019155422793485373,1.8188100421928473,1.8123096661316107,1.1016422417411065,1.1007480155693614,0.46357826182683265,-0.9110464897445033,0.11028503106258379,0.1884227519904052,0.17801505204622223,-0.04552039201474973,-0.7569927690301722
2013-08-26,0.40863132120650253,0.3156337641297215,0.30413919629792324,-0.19337277295649774,-0.7149971774080949,-0.5171863240674802,-0.6376696531345234,-0.400468426961289,0.44483837598951576,1.1021105399617397,-1.484981791713231,1.3540112957827373,1.3376449667673092,1.1978803972740788,-0.06340831401347892,1.7354186163543124,1.8284049486647063,1.1439081819568044,1.1289038631908175,0.4496860126185837,-0.9289574670121681,-0.7746102373427054,0.21193130406038466,0.2021419449441545,-0.32254638324774954,-0.7714135794845508
2013-08-27,0.4065391902157188,0.41710882074457484,0.4289625801956153,0.4918845816383646,-0.7830642596236367,0.8976782142229978,-0.7117481797798696,-0.20350795887767265,1.9450828738795463,1.1238818384271925,0.8840583186543935,1.324185091380986,1.4145585848913325,1.240132806487842,0.16430073789522573,1.525595028760581,1.758658724354623,1.0807987643744603,1.1420175456446455,0.4325878597468933,-0.9308103267295128,0.344540942116784,0.09787171460822343,0.08508199695915224,0.6005371325077407,-0.24890132990187985
2013-08-28,0.3625961217329577,0.41242555754206284,0.4363360823098153,0.9435644335155919,-0.7682767163576041,-0.1392125855720348,-0.7138119935929296,-0.37801568202458796,1.3227264488289132,1.0758035543159847,0.8523889218016807,1.444274809103826,1.5287517628203668,1.436890294169844,0.43153664409751685,1.6762376044689014,1.544054957246673,1.0941154304698175,1.0739421058475656,0.4144210723207232,-0.9579856025839013,0.18686869429184155,0.02821691642401068,0.013595482512712814,0.587725223426065,-0.3418255386765096
2013-08-29,0.29720558492699595,0.3650702501135157,0.3710276047196615,-0.14618404946816252,-0.7616497535216488,0.08841256179003065,-0.7007528270862228,-0.5208400873163807,1.3609168747011273,0.9859969481459905,0.3982594409786201,1.4576181110730306,1.444382232735341,1.2931059762483812,-0.02087398167581522,1.6681674664845267,1.7050077825776355,1.0020567387671309,1.0907199054576104,0.3198469142491869,-0.9166050688965376,0.8433000933997652,0.04911350389553562,0.035041837024232234,0.5433738503023887,-0.6263617357217616
2013-08-30,0.39136811486486933,0.32135805893770925,0.31941330059174555,-0.1956816429694733,-0.7749054140229209,0.4113148722991184,-0.7130130204485594,0.011539442627175078,-0.27979627113949385,0.96876133686084,0.3564364970433582,1.4050298033120483,1.3933680982653258,1.184763231428612,-0.44922478309652947,1.7407987083438958,1.6862299529556908,1.0342869306211118,1.0002740661804692,0.1526056064729678,-0.8517549787894731,-0.10144627315948178,0.0134152903118983,-0.0015953517849575706,-0.10505376560344831,-0.49426901334380935
2013-09-03,0.29929855291665164,0.37755898667926235,0.35048718721226096,-0.11540547648527343,-0.7560404245244061,0.5641845338357508,-0.7067797322528206,0.09486407383671004,0.49745265369329594,0.9215901901856908,0.23157204304010517,1.3614678468831751,1.396115013198327,1.3713044649425101,-1.2767108849383506,1.9398621119584616,1.863278060819749,1.0838866869472965,1.034986755028839,0.08955616775861061,-0.8116096849136731,0.1958785370246954,0.03692384238187744,0.022531541112975045,-0.26345700251927356,-0.6396714248102692
2013-09-04,0.1706096102955134,0.2760839300644105,0.2814923799079841,-0.1755696678151242,-0.7213689781289943,-0.35936690622609074,-0.6978775660217974,-0.15935089383549395,-0.15244021576305403,0.9569685501920522,-0.07158386271029037,1.416018404933746,1.3882666848183245,1.1076998820864947,-1.2831554807470875,2.03132367578137,1.9383893793075315,0.9404912824712053,1.081077491888619,-0.11989620491959399,-0.8048158659500751,-0.42708773193262817,0.05259615238293775,0.038615981270671784,-0.31892416811471036,-0.8550388313736831
2013-09-05,0.27261869077552514,0.2505855508408975,0.18037017053469065,0.4604572352633997,-0.7160148112468109,-1.063519525559281,-0.6467206723734897,-0.4230459093698606,0.8382161532140403,0.8762333183826625,-0.7770136338264421,1.3810903497790639,1.3839501042093232,1.031393292312385,-1.2887407971146594,2.2976382292657234,2.0188657919730124,0.8864526374465678,0.9401054055099621,-0.23530873680350323,-0.8270501825582122,1.0234969480568423,-0.03882556888819195,-0.05521030741820361,0.1324408901035437,-0.8477838624553492
2013-09-06,0.2600642308330746,0.25318685490960213,0.26095196240058355,-0.04900161164928209,-0.7139769555452508,0.9210227513202157,-0.7018692184664168,-0.3307401801856452,0.2901097836145361,0.9306615645462972,-0.5649979006979756,1.4203353555708418,1.4718513820653496,1.1771956357485351,-0.30787331502489956,2.1308553775886536,2.273707765413703,0.9264026357326387,0.8845651033525702,-0.13218550229612103,-0.7720820109436524,0.6643903591330957,0.002967170712913641,-0.012318342911606316,-0.40858517233376657,-0.4902166883623977
2013-09-09,0.14654631125035505,0.2490244457605362,0.27885882829215264,-0.6897989073165985,-0.6734427528669008,-0.561177770810879,-0.6451054238227347,-0.5521491927558916,0.4112373575182543,0.9986968722508368,-0.18133887165022625,1.487051865416864,1.4596864730763457,1.2511058202239538,-0.9686592052807256,2.077054457692825,2.1449455051489332,0.8928214777530424,0.9327771711975281,-0.2823286572006509,-0.8239620830293036,0.20167057878153002,-0.02837744928920729,-0.044487502420665,-0.4569740057115536,-0.6401408290236585
2013-09-10,0.14445339557312872,0.12829459762648424,0.1440292333503859,-0.05197833662468859,-0.6418302656704844,-0.1857292086965415,-0.5874147222854318,-0.3957284030302077,1.220120411936183,1.0104896589196246,-0.47639611484668376,1.4364258079454704,1.4031785087403288,0.9764020970371587,-0.4273131573468239,2.21693684942198,2.0805643750165483,0.8519065036629601,0.8901577032225855,-0.12951391590991945,-0.8752245352091739,0.038206289199752955,-0.12241130929556915,-0.140994422560508,0.07685234516502447,-0.47430447971104794
2013-09-11,-0.06636564277686181,0.11840716512944212,0.15192909817979566,-0.6981757167025181,-0.6283189880169457,-0.41774364638609374,-0.5351374165408045,-0.40957426240783995,0.48089800556843054,1.0504037061062883,-1.284086610151366,1.3732413486207082,1.3670761981923178,0.9846003256905754,-0.5123818220221513,2.0716743657032417,2.2200568236367157,0.8457306585172867,0.8510095041324793,-0.1947006237332384,-0.8758421551149549,0.9720121324405345,-0.10325617667032874,-0.12133537283359637,-0.29502521430042544,-0.7805758743838717
2013-09-12,-0.05851867373528823,-0.03926965184409678,-0.04030831950463265,0.8087722205266715,-0.6397906466997392,-0.6504889481339179,-0.4984195901102875,-0.43863809335368076,0.7593766903619585,1.0386109194375024,-1.4761578757962537,1.389331800995337,1.4094571714443307,0.7970500794193338,-0.23999023917287066,2.052844043739701,2.0859294691942463,0.7322495039655484,0.8438741180914259,-0.177602470861548,-0.9178403087081013,-0.515899038870759,-0.2338587600124982,-0.25537290151354475,0.6327889016420409,-0.8191442636131141
2013-09-13,-0.13018685901191043,-0.0819412797615657,-0.11404344598238429,0.64016746486839,-0.6301042980674033,-0.8656668236271563,-0.4862253760404324,-0.5492802309028686,0.7683915977566872,1.0340752322571982,-2.3804279439456595,1.4226900559183484,1.3921908490083255,0.6485990774951567,-0.23440492280529865,2.0124933538178307,2.0698341866611507,0.7652516764627375,0.7300936379773252,-0.11027849392926851,-0.9122817295560671,-0.8170852102261593,-0.2042556819250508,-0.22499123291820494,0.19125237602022566,-0.9179627632697972
2013-09-16,-0.12757108060238342,-0.0788187053308488,-0.10772314330945282,0.21440038553348356,-0.6051205085363021,-0.17644969874320182,-0.4580062106124216,-0.36404508517508505,0.7992061903059416,1.07036072969962,0.40937999254522156,1.3791280994894752,1.3643292832593175,0.6115178586627794,-0.3087325944660645,1.9371720659636704,2.005453056528766,0.7044582008100203,0.7713631680526093,-0.03761134422458586,-0.958603222489684,-1.8100985914256946,-0.2251520952597981,-0.24643721517150344,-0.24533315008112164,-0.7504983537740388
2013-09-17,0.1606701440761487,-0.13241874531226355,-0.11931012787106884,-0.1087650900016743,-0.5857451663678496,-0.6645662932113626,-0.4078337538789318,-0.3797620066307758,-0.010332493740694533,1.0930391656011351,-0.014772349272217843,1.3288944920759995,1.3027199054762986,0.6638603954499787,-0.40368297271478853,1.9022014680313821,1.94643702057408,0.6504195557853828,0.7017449420844902,-0.036542709670104985,-0.9264869873890423,-1.0120839493729248,-0.17813507818822816,-0.19818342937563788,-0.1655773390962405,-0.7083648692532319
2013-09-18,0.1470691739826557,0.13662097708173554,-0.16987123255771558,3.0672668877645837,-0.5352681447101297,1.8182630852842694,-0.42142436348299256,0.1307884657354317,2.961144890969058,1.240902567679004,-0.1796466138031347,1.3033852383113438,1.3851273534663238,0.5638420058782944,-0.25803510743733404,1.479864246849127,1.8820558904416937,0.8270101279194662,0.6483259709122763,-0.06806742902728297,-0.9413098651278003,1.2500301367685962,0.02386358404766062,0.009127639341691836,2.2530178685847733,-0.6444605361519375
2013-09-19,-0.051194985925449805,0.16888463068013998,0.1498226992972571,1.0778032809642124,-0.5426610204886406,0.6512682181722026,-0.3574512930000376,-0.23257178982351343,0.8823072457446225,1.2481596671674897,-0.16913044003906597,1.4171957551074996,1.4125965027963314,0.7489958468508449,-0.19101131102647,1.641267006536612,1.5064992980027823,0.7959379070302998,0.8247821392248224,0.28725356033752797,-1.0666867060014569,0.4816192636952033,-0.05362719500030433,-0.07040114171587367,0.8994625125874042,-0.7006404961215087
2013-09-20,-0.07264287274808708,0.07157276379291155,-0.025034583885915878,2.0708654469583205,-0.5734550663846658,0.36898634658718094,-0.4305164220396218,3.0526390068314604,5.576943202104969,1.242716842551125,-0.6638741091923231,1.3312491924235064,1.3003654069622976,0.6498603434418362,-0.08961633696900907,1.5982262706199502,1.6352615582675512,0.6780178637801088,0.7923836296330111,0.09596797508549344,-1.0463052491106648,-0.38911768041560124,-0.19293670430034054,-0.2133744498024187,1.6507527333691323,-0.7755787991501953
2013-09-23,-0.06688845319673316,-0.056962609742945584,-0.055055271065162024,-0.24495025762652203,-0.5936931022221019,-0.2109953434301148,-0.46340713229810254,-0.49901102973903244,0.38714296866325215,1.214595582033247,-0.561492509443286,1.2751288341412639,1.2497436889112827,0.5567789165768892,-0.5394491244188464,1.5040746608022495,1.5923408048459624,0.6629642412375308,0.6816887218609876,0.09062480231309028,-1.043834769487539,-0.898173794821844,-0.24430705374826053,-0.2660958926401938,0.35269009651311195,-0.762346353793005
2013-09-24,-0.007775983360868688,-0.06893122079523469,-0.10719678059424306,-0.25870806985259953,-0.6039397154182633,-0.17575373549670137,-0.48034289532662006,-0.6173868905441952,0.6748004682586858,1.1973599707480966,-0.21252476626091285,1.2174386756273505,1.1912736424802655,0.5603104612275918,-0.39551981802372177,1.3803325450418429,1.5038167509139333,0.6666311492927742,0.6604754120092061,0.11253181067994401,-1.0314823713719086,-0.8441147384247208,-0.252143208748791,-0.27413815925131957,-0.07774021921665994,-0.7632673367433258
2013-09-25,-0.06008799430620132,-0.0168926501641755,-0.04504863867810745,-0.2263838896709417,-0.6164919168339444,0.049528951498824164,-0.5108193838899757,-0.6615439555863738,-0.016724882620593056,1.2445311174232458,-0.0480131284115156,1.2174386756273505,1.204615800726269,0.5842745142145022,-0.37833422920042326,1.3023212111928928,1.3804195848268614,0.6733859799208539,0.6645252257081824,0.17504693211706138,-1.0166594936331506,-0.6111459477609283,-0.21383311763508783,-0.2348204320557172,0.2783260837156824,-0.8181757460589058
2013-09-26,0.0016406724386261414,-0.02834123978015094,-0.05558205512334942,0.14994284087371956,-0.5998405411590434,-0.7749431899218391,-0.5020612425118768,-0.6969693975976132,-0.18554951201278486,1.2109670322890054,-0.875768966760283,1.173091819082642,1.1775390678152609,0.5429049911634146,-0.32591818328936295,1.3615022230783038,1.3214035488721745,0.6158734220017751,0.6695392807640578,0.1654292211267347,-1.0419819097701943,-0.7006008148942631,-0.2495310700135585,-0.2714574347357962,-0.1615398788421298,-0.935283184561315
2013-09-27,-0.03968656532217723,0.0023613607764626583,0.024472900016484687,-0.24334740571668778,-0.6198221066494464,-0.32339032825654995,-0.5278541158572144,-0.4897804568206109,0.47155528335934804,1.240902567679004,-0.3049945700484139,1.1982086227893798,1.1975523051842671,0.5263824072619132,-0.2997101603338328,1.3077013031824751,1.3562766610272172,0.6455946767653259,0.6138061303352863,0.23916500538589944,-1.021600452879402,-0.7533727509009784,-0.24430705374826053,-0.2660958926401938,-0.5972022830974028,-0.8616639667905072
2013-09-30,-0.22748803009161073,-0.020535766416916245,-0.03556842167413549,0.052187955944184024,-0.6428791264376819,0.5962501678979659,-0.5793899784786687,-0.15710561934182382,-0.15653790094247616,1.2445311174232458,-0.8045732616219325,1.1797634700672441,1.157133414027255,0.5845267674038381,-0.4556693789052664,1.2727307052501866,1.2141016653182006,0.5772743898413197,0.6350194401870678,0.1654292211267347,-1.0450700092991028,-0.79713484417484,-0.25736731208247765,-0.27950007360514323,-0.4975945611320644,-0.7936419486274557
2013-10-01,-0.09199862857993991,-0.22244526434971343,-0.24044639203655463,1.5295022144117947,-0.6088073906441642,0.2518202154927012,-0.5696554457375876,-0.6544339196897518,0.19832163559548038,1.2445311174232458,-0.313334983723365,1.173091819082642,1.1492850856472525,0.35926466932687945,0.02724566702942048,1.3668823150678862,1.265070060006338,0.5047082093796638,0.5752364760593199,0.1109288588482233,-1.058657647226297,-0.0061993642693124636,-0.3104790293082932,-0.33400844896930515,0.14103965830296297,-0.7335285001861916
2013-10-03,-0.1260017600314696,-0.09599153771623924,-0.11351666192419689,0.5585937516000387,-0.6528701224815758,1.2688298705115963,-0.6369322307274758,-0.5441659945561756,-0.32864067847820566,1.3279877615408149,-0.040156216978590675,1.2339215780598973,1.2214897067432744,0.48589577037350123,-0.3199032272012085,1.2458302453022718,1.2731177012728865,0.4715130417216725,0.5289528909281603,-0.05150359343283362,-1.1099200994061655,-0.8428276180343132,-0.32353928764251,-0.3474121646114779,-0.527703026602988,-0.8224003839794097
2013-10-04,-0.06793496334777564,-0.12409236585701153,-0.12510364648581293,-0.33999555956562344,-0.6203346207461296,-0.36986589160250205,-0.6265097559291211,-0.7462406989864849,-0.3350330673581042,1.2735595153771821,-0.8594507660919005,1.201348223252722,1.2163882932962724,0.47555338961072935,-0.4182907232145922,1.3534320850939292,1.2543398716509404,0.5193758416006367,0.4710984095142108,-0.08249399551277178,-1.1204196378044529,-0.9284211239964247,-0.32963398779675596,-0.3536673125671063,-0.6383179384699603,-0.9454080551893582
2013-10-07,-0.0804897894772321,-0.06268685251236134,-0.06611547156859064,-0.3764222773736428,-0.6577360913179426,-0.38183481705116806,-0.6477256248275526,-0.6898593617009913,-0.27307606744524154,1.295330813842637,0.14695915068552906,1.218616025801104,1.1955902230892665,0.5464365358141172,-0.4479358639347821,1.3130813951720572,1.3187210017833255,0.5566239076354764,0.5254816220433238,-0.04722905521491133,-1.0771862443997426,-1.0037176668352747,-0.29480671930723285,-0.31792372961794285,-0.3382969501093159,-0.8364230921262302
2013-10-08,-0.1479728757734142,-0.056442484229487964,-0.06137557373809349,-0.3254935660956943,-0.7076915265746213,1.2958677346898007,-0.7084319911659409,-0.4020900140956063,0.6341514312788182,1.2871665769180909,-0.6253148053907377,1.2072349741214883,1.2089323813352701,0.6613378635566196,-0.5055075864928319,1.3346017631303888,1.2972606250725316,0.5689755979268223,0.5532517731220198,0.05749713112419158,-1.1018910406310054,-0.8318870947158478,-0.36184937875621315,-0.386730077936191,0.13858651789540205,-0.9050630601398195
2013-10-09,-0.24422795520150725,-0.13762255033679868,-0.1793515022295604,0.3815549418447721,-0.7046182337035352,1.1102364758444525,-0.7306942514359601,-0.3958531405020782,0.895911560540304,1.242716842551125,-0.5373173973419786,1.2194009259169394,1.1951978066702664,0.5751933993984099,-0.432039194273231,1.3964728210105921,1.2892129838059831,0.5106910593645342,0.5650155176761894,-0.04936632432387187,-1.1055967600656949,0.031127127052510643,-0.35314253986673505,-0.3777940193359281,-0.3266700867193136,-0.45659783976294405
2013-10-10,-0.3315896600618429,-0.19278327909001006,-0.22517270908570997,0.3469218916501387,-0.613162608653034,1.6641739483245654,-0.6948703463724104,-0.35406608742544016,-0.49631795602015927,1.2390882928068832,-0.038947461373525304,1.1432656146808906,1.1916660588992651,0.5231031158005465,-0.45953613639050855,1.4556538328960043,1.4072450557153546,0.5037432335756524,0.5079324293477594,0.0019281342911981,-1.0401290500528495,-0.8196594510069747,-0.3844872469372447,-0.409962992715876,-0.24426628953929178,-0.7050315051556191
2013-10-11,-0.3195575920398285,-0.34993997055009135,-0.34367542163536424,1.3866766603033478,-0.5852396200284326,-0.20230093532117818,-0.5738615267631844,-0.6136447663880783,0.35403367241352135,1.2590453164002149,-0.8971639409699401,1.200955773194804,1.1669438245022579,0.33832765461199976,-0.3005694397749977,1.4771742008543358,1.4608959974923421,0.4539504820886646,0.5021469812063644,0.05429122746074894,-1.0302471315603448,-0.9213419618491825,-0.42889212527358245,-0.4555356817379963,0.08078120284900876,-0.7449011541662826
2013-10-14,-0.27247635322710645,-0.27552481454767636,-0.2931142642808454,-0.4936976087765172,-0.5678192599098152,-0.05723673768777529,-0.5589280268104049,-0.6674066167642903,-0.4192814746470232,1.2762809276853655,-1.314909878080533,1.1377713138700418,1.1524244169992532,0.33252583125727403,-0.5845612950800049,1.608986454599116,1.6030709932013598,0.4786538626713564,0.4444853480637945,0.07245801488692022,-1.0543343078858247,-1.2012906467628557,-0.4236678478031178,-0.4501740465778388,-0.6916066642763912,-0.951759866633829
2013-10-15,-0.2824158194464711,-0.2692800299562375,-0.3241881509013601,-0.061309224528366686,-0.5995844974093936,0.8333293292722281,-0.5486495768649744,-0.5424196699499878,1.395665245022627,1.2418097051150645,-1.4725316089810576,1.169167318503464,1.1453609214572515,0.2438588352057052,0.01650467401485894,1.5767059026616186,1.6003884461125095,0.4809698046009834,0.4772695541983659,-0.02585636412529864,-1.0469228690164474,-0.21535642771056263,-0.3670734820898998,-0.39209124777357185,0.1729081242485819,-0.7848123959553476
2013-10-16,-0.07944375013805416,-0.29373826222997623,-0.3089144152826433,-0.03474767859397015,-0.5388712715316739,0.9604298737879934,-0.5447894751662846,-0.5248316864162387,1.280110522962923,1.25269535434779,-2.419954252231297,1.1185412610320709,1.1665514080832575,0.36481423949226927,-0.77918808850386,1.4126130969793402,1.6030709932013598,0.5656946801931831,0.4790051886407846,0.0981052441944552,-1.0296295116545637,-0.6703534857196822,-0.4088662216910054,-0.4349832122801688,-0.1633797341478005,-0.8188293468623592
2013-10-17,-0.10926183492157308,-0.08714503274753033,-0.08244277530368223,0.5876359016806073,-0.5094112240940593,0.29758133869180325,-0.5207643244959086,-0.3297422804106807,1.6561141150266976,1.3806017328323268,0.21948448698945144,1.1660277180401217,1.1390822587532492,0.34614750348141266,-0.05567479904299461,1.2108596473699833,1.4179752440707534,0.6795618250665264,0.5621227936054919,0.3214498660809076,-1.0234533125967467,-0.16194093150864336,-0.30264287430776304,-0.3259659962290686,0.5647110611389863,-0.53039531229833
2013-10-18,-0.102460957531606,-0.11472542314342125,-0.09350302847498296,-0.6401868243931567,-0.47943866255976064,0.48085166027026177,-0.4825386677246423,0.2711181215898132,-0.03147654926651273,1.3887659697568728,-0.4113650632941667,1.1142243103949754,1.1186766049652432,0.45259834938116245,-0.5183967781103058,1.1866492334168608,1.2301969478512975,0.7083181040260659,0.6760961219909722,0.3577834409332489,-1.1303015562969576,-1.0217373523009825,-0.3130911680435253,-0.33668935961393925,-0.6542825162785404,-0.8631197140345627
2013-10-21,0.02099600977104448,-0.11420534966853414,-0.08349597474495074,-1.0132887695477943,-0.47918304540749496,-0.22151691168473114,-0.46570991506709714,-0.5147279511947231,-0.6102336040080945,1.386951694884752,-0.30777470794006423,1.1189337110899882,1.0970937019202367,0.534454509320662,-0.5471826393893306,1.2350700613231071,1.200688929873953,0.696352404056325,0.7052162109693267,0.4710587037081964,-1.135242515543209,-1.137578187437675,-0.2652034670830078,-0.2875420610226031,-0.5477370065980688,-0.8176647490671148
2013-10-22,-0.013006755493480026,0.014330023867323741,-0.008180917435615291,0.027381914482463125,-0.4533079233030573,0.24161686052188305,-0.4527086781814486,-0.34795395130378265,0.12456330236588202,1.4758511636186857,0.2790761383191743,1.044368200085611,1.0378388226512187,0.5716618547477073,-0.1789813988501611,0.9929659217918774,1.2462922303843933,0.7534789716537988,0.6942238595006767,0.4913627602433282,-1.128448696579613,-0.5384236457028937,-0.17029892318769801,-0.19014116276451246,0.2957184659021007,-0.5030985660159175
2013-10-23,0.05029086563525533,-0.023137851064179815,-0.001333830704495673,-0.6894745206205606,-0.4748270026436848,-0.19318566448205693,-0.46425558991183324,-0.5525234051715032,1.2184813378644141,1.4722226138744419,1.3180015808728625,1.0110099451625996,0.9832929404102023,0.7111578684504599,-0.5910058908887418,0.9579953238595891,0.9780375214994557,0.7000193121115676,0.7509212512863473,0.39197974667662966,-1.1871225876288605,-0.9844108609791594,-0.24343636985931288,-0.2652022867801678,0.0388733875531763,-0.3687182408258781
2013-10-24,0.07958650618591033,0.0517978467602568,0.05449400853870697,0.28925738603681517,-0.45996830293406277,-0.9144827943507206,-0.44450652027566023,-0.5698619137615113,1.0522792269870525,1.4930867749038341,0.3230748423435539,0.9698026890812329,0.958570706013195,0.7191038439145407,-0.5050779467722495,1.017176335745,0.9592596918775097,0.7496190684377533,0.6988522180137927,0.41976424509312643,-1.1815640084768262,-0.9689654162942671,-0.160721487477661,-0.18031205669155528,0.38025917835902123,-0.7783952244305313
2013-10-25,0.08481727831852166,0.07209283726779868,0.057127560154539944,0.011906760924420315,-0.4394742233469759,-0.43664962142155944,-0.4037926169649517,-0.3121542968769316,0.1693100245251717,1.4976224620841385,-0.039793590297071066,0.9741196397183285,0.9738749463541997,0.6474639381431452,-0.3671635964652793,0.9929659217918774,1.0129106336544973,0.7666026425883531,0.7468714375873702,0.3748815938049393,-1.1939164065924583,-1.1015388165062594,-0.14417840651926406,-0.16333391760927743,-0.6158116529078844,-0.8823890540854691
2013-10-28,0.04349077293173016,0.09915310215023199,0.09083494572301323,-0.3621110996072654,-0.4323017846564954,-0.6141510441130966,-0.39533901599623406,-0.5259543236630737,0.5780950980243235,1.478572575926867,0.6117256808331649,1.0004137935988195,1.0029137613602082,0.6829055112448391,-0.5411676833011763,1.0252464737293747,0.9968153511214004,0.8229572295426185,0.7592137269556796,0.3994601885579946,-1.188357827440424,-1.1510929515369557,-0.12502327389402365,-0.14367514707603168,-0.5321876739105602,-0.8550269477227112
2013-10-29,0.034597764550978655,0.05492000488240897,0.06292102610141115,-0.6443847698712941,-0.4082214999440806,-0.5644276522834756,-0.3793840687662708,-0.6027926063353395,0.4776198574248928,1.444101353356566,-0.36942124379839825,1.0271003975372288,0.9934957673042055,0.6359864180283616,-0.4500840625376944,0.9714455538335459,1.0129106336544973,0.7872531247941973,0.8193823876261876,0.3994601885579946,-1.1778582890421367,-0.6864424905997784,-0.1911952494540563,-0.2115873311469214,-0.16826365561024928,-0.9715045527236107
2013-10-30,-0.10403064428952576,0.08770456457282852,0.022892969184900126,0.03635025254939299,-0.43076557903824797,0.5154650535917898,-0.37843262149769336,-0.6954725479351666,1.4674566893661027,1.4350299789959597,0.2300006607535202,0.9945270427300533,0.9621024537841962,0.67054510496738,-0.42258712042041685,1.0655971636512465,0.9834026156771538,0.8086755876432499,0.7850553953205772,0.3866365739042265,-1.1389482349778988,-0.7997090849556554,-0.15201456151979423,-0.17137609115584812,-0.06565658619347899,-0.75783056642369
2013-11-01,-0.11135433209936418,-0.12305180259867256,-0.12247009486998145,0.16423493706974182,-0.43281299052120287,0.5730103332360622,-0.39131437390537416,-0.4128174366764745,-0.27996017854667077,1.2091527574168843,1.0033624968743458,0.9391915845636463,0.9177593984371825,0.5275175466139247,-0.5480419188304956,1.2861809352241436,1.1202125172084723,0.7708485361260038,0.7565138511563617,0.3492343644974043,-1.0611281268494228,0.16627476804531843,-0.3392115976435706,-0.36349651170461855,0.48308984130252236,-0.5293257837108607
2013-11-04,-0.12443243946055653,-0.10483835491637263,-0.08612952636078222,-0.9323638296715185,-0.4169305708501918,-0.599821181397541,-0.372681291929948,-0.7948883130160039,-0.7087419557214025,1.2354597430626393,0.18128780986938564,0.8681581240805284,0.8569348534921643,0.5174274190404887,-1.096691842014299,1.2404501533126895,1.267752607095188,0.7712345264476079,0.7655777199112144,0.4395339843510184,-1.0018366158943925,-0.7250561023120092,-0.27565176081877013,-0.2982648660201417,-0.2514212823946778,-0.8384967892208236
2013-11-05,-0.09095253692833341,-0.1391836033785895,-0.12510364648581293,-0.7182876918568672,-0.4312776380977222,-0.5967827577845006,-0.3999944697230303,-0.5368064837158125,-0.4102665672522945,1.1973599707480966,-0.347542767346715,0.8658034237330222,0.8483016922741617,0.46849030030932415,-0.7310684397986242,1.4206832349637148,1.2328794949401454,0.7606197926034828,0.7686632922532916,0.448083060786863,-1.0240709325025295,-0.8756491879897094,-0.30351355819671094,-0.3268596951536504,-0.6188812726105746,-0.7200346145076199
2013-11-06,-0.14535709736388722,-0.11316431806305992,-0.07664930935680951,-0.9847236587261049,-0.4082214999440806,-0.5655157364151725,-0.35610438193519256,-0.32088591990787085,-0.2532432711768385,1.2318311933183976,0.34168967866156064,0.8375470195629423,0.8683149296431679,0.5025444808696706,-0.5751092212271907,1.350742039099138,1.409927602804205,0.8086755876432499,0.7582494855987805,0.597157581136912,-1.004924715423301,-0.9033222763834747,-0.27739295445988804,-0.3000521708047495,-0.685783650001673,-0.516224058514361
2013-11-07,-0.24370472628220066,-0.1397041452006119,-0.13247709593214155,-0.19184624732808414,-0.46560584423827306,0.8644321115273379,-0.3735671636254912,-0.38749572988675063,0.4154989501048533,1.1483745492008284,0.913189328736469,0.8850334765709932,0.8663528475481674,0.4898056948082077,-0.2795170934664571,1.2377601073178972,1.3455464726718198,0.7770243812716763,0.8072329465292578,0.5736476209383375,-1.0246885524083105,0.9147352750673922,-0.3339875813782726,-0.3581353418672378,-0.20876922007415563,-0.8276291904070376
2013-11-08,-0.2651526131048387,-0.26407627697027286,-0.25045302442360845,-0.05308506770528845,-0.4051473254384006,0.44794224775874963,-0.3764428284093646,-0.42067589740431993,0.8377244309925097,1.1039248148338605,0.3279098647638154,0.8610940230380087,0.8486941086931621,0.5027967340590065,-0.4384837900819679,1.638576960541822,1.2328794949401454,0.7330214846087577,0.7756058300229652,0.5469317570763217,-0.9839256386267278,0.24607623225059544,-0.32179783279622576,-0.3456248598268701,-0.12954683936018943,-0.8889666548984057
2013-11-11,-0.3394365767909879,-0.2895750725023506,-0.24834625686596437,-1.0357096147151188,-0.404378796031894,-1.0733020177999146,-0.31140687173170095,-0.9488143533042765,0.1414457653051012,1.1365817625320407,-0.5184608099029587,0.8658034237330222,0.8679225132241677,0.5195715711498439,-0.6906823060638729,1.6843077424532749,1.6325790111787033,0.688632597624234,0.7169799555234962,0.48922549113436764,-0.9314279466352956,-0.8672829054520593,-0.3200566391551079,-0.34383802036503863,-0.5248026991419653,-0.9595971344497851
2013-11-12,-0.3185115527006505,-0.29477882548831524,-0.3499953029653181,-0.1907967609585498,-0.41360168926666463,-0.6344551046083464,-0.32332470688339576,-0.6943499106883315,-0.31110258591027895,1.1628887481777956,-0.7117408311529119,0.8869957268605819,0.8612514341011656,0.4592830588985638,-0.4556693789052664,1.700448018422024,1.672817217511443,0.6818777669961543,0.6870884734596223,0.33427348073467567,-0.9548975030549945,-0.47728542715852823,-0.3653320272436156,-0.39030394298896404,-0.21402047375909072,-0.6621671761000414
2013-11-13,-0.24422795520150725,-0.3275633851787355,-0.3152347179555748,-0.5225489431535341,-0.37722436525362546,-0.22685468289682917,-0.3382747016592954,-0.529821185291061,-0.5946624003262904,1.2091527574168843,-1.2277585989553197,0.8120377657982866,0.8353519504471579,0.3190302856278034,-0.2661982621284008,1.5444253507241215,1.6835474058668405,0.7106340459556929,0.6789888460616698,0.2915280985554503,-0.9511917836203051,-0.49916647379545903,-0.354013223755683,-0.3786875321313991,-0.7298060212217312,-0.8745042516656255
2013-11-14,-0.241612176791981,-0.24065865999344285,-0.236759693647326,-0.1976470447160558,-0.3544242424098082,-0.23525140761124494,-0.2860629714877024,-0.13802078614562796,0.19291269115864315,1.18375290920719,-2.3537144450737144,0.8296980184045867,0.8318202026761568,0.34841778218543573,-0.5209746164338005,1.4825542928439182,1.544054957246673,0.7457591652217078,0.7057947557834665,0.33427348073467567,-0.9950427969307962,-0.6555516012299938,-0.298289541931413,-0.3214983391871584,0.14897084011542883,-0.734294995673878
2013-11-15,-0.3158957219786942,-0.2609540668095502,-0.22675263991729452,-0.7718114967031189,-0.3344417952848122,-0.24791834929533912,-0.25427617850242035,-0.10558904345928201,-0.378140715445625,1.216409856905368,-0.20466785482798794,0.8453960207212974,0.8369216161231586,0.332651957851942,-1.003460022647905,1.509454752791833,1.4850389212919874,0.7164239007797611,0.7430144721597736,0.2616063310299918,-0.9647794215474993,-0.8872332715033786,-0.33485826526722023,-0.35902876159815333,-0.21204007395090352,-0.8745696117459708
2013-11-18,-0.3132803620686032,-0.29009556228580247,-0.30680764772499924,-0.470208195669303,-0.35058199353483205,-0.20731022830483942,-0.2269758744161946,-0.4997594545702558,-0.4486209005316857,1.2254812312659744,-0.3636192168940845,0.8383319196787777,0.8243642907151545,0.15733599126349151,-0.47929956353730174,1.4099230509845502,1.5333247688912754,0.6071886397656726,0.7148586245383183,0.06711484211451704,-0.9938075571192325,-0.9644604949278401,-0.37490963709042996,-0.40013370051380837,-0.2108486398727522,-0.7932557299708696
2013-11-19,-0.4613242235227238,-0.3192370057234835,-0.2920606961644706,-0.9615204691742182,-0.360572989578726,-0.4311886708737976,-0.22631247685346437,-0.6281143131250634,-0.948046770199655,1.2563239040920335,0.10707021571837175,0.816354716435382,0.800034472737147,0.13148003935656177,-0.5647978679332116,1.5336651667449557,1.412610149893054,0.6276461268107137,0.6053208063945744,0.13443881904679653,-1.0104832945753353,-0.9213419618491825,-0.3731681822441458,-0.3983460234709793,-0.7826411715882223,-0.8743200550755613
2013-11-20,-0.4707405131352112,-0.36919403352929997,-0.45375106395444303,1.0638928161752934,-0.37491874859428004,0.20560743472949858,-0.25861421399339335,-0.6308585375062158,0.3622290427723656,1.165610160485979,0.055818978063599936,0.8194943168987242,0.8086676339551502,0.11129978420968978,-0.37532675115634606,1.7811493982657665,1.5145469392693296,0.5373243915552488,0.6230628473615185,0.0478794201338649,-1.0253061723140915,0.1739974903877646,-0.4463057159841493,-0.4734073336157451,0.5697610806498636,-0.803059742022672
2013-11-21,-0.4717869709738244,-0.4779548543024966,-0.4774518171358632,-0.21905656665455644,-0.3380293370819404,-0.4527450546149628,-0.2410235026734301,-0.697593084956966,0.23225046888109563,1.2046170702365822,0.4640157458941764,0.8371545695050243,0.8769480908611705,0.06728160267057523,-0.2808060126282045,1.7381086623491047,1.793531836509666,0.522849754495078,0.5341597942554163,0.0478794201338649,-0.9548975030549945,-0.7160462595791554,-0.4741675133620901,-0.5020016974264772,0.008327317608508168,-0.7840102495147455
2013-11-22,-0.44353820676122,-0.4753527176166611,-0.4505910969555304,-0.36848434410589215,-0.3149736255256821,-0.6897626263213931,-0.21292824615895833,-0.6726455905828538,-0.34355625253130223,1.2735595153771821,0.733447370263248,0.9007314788877044,0.8773405072801709,0.05517344958245204,-0.5858502142417522,1.6197466385782815,1.7211030651107313,0.4983393690731883,0.5210461118015873,0.06711484211451704,-0.9734261002284402,-0.9052529569690863,-0.4985467493210172,-0.527022475378102,-0.4654130642490223,-0.7690725002430902
2013-11-25,-0.4770181092934431,-0.44412967931516684,-0.4869320868077073,-0.2746220995288113,-0.3195844038071665,-0.7269217259133064,-0.1803050659474937,-0.5099879272636418,0.4368069130378484,1.2354597430626393,0.7640288870714019,0.853637471937571,0.8329974519331571,-0.011673645591561456,-0.48144776214021406,1.582085994651201,1.6433091995340996,0.522849754495078,0.48787620912425667,0.1568801446908901,-1.012953774198461,-0.8917381928698055,-0.5029000816973673,-0.5314901324200121,0.16646543648549547,-0.7995778322879107
2013-11-26,-0.4958506362059894,-0.4753527176166611,-0.462704918243206,0.06636556271807528,-0.3183038153411856,-0.5727833172193367,-0.17393217733440344,-0.34271497748521906,0.36403202425131137,1.2862594394820304,-0.1912506676117623,0.8559921722850778,0.8404533638941593,0.04331754968366473,-0.6111989577561174,1.5282850747553722,1.546737504335522,0.46881110947044047,0.5208532635302078,0.12482110805647106,-0.9993661362712668,-0.44832521837435513,-0.5499170987689372,-0.5797439182158773,-0.2804245570049033,-0.916269343006304
2013-11-27,-0.4309833283193343,-0.46026153213365356,-0.4806117841347758,-0.4886600742027523,-0.3070322023914869,-1.1516030155035373,-0.17953063317808027,-0.863119710129201,-0.5364752707784961,1.2926094015344556,-0.2609958660240343,0.8293055683466687,0.7988572234801472,0.008632736149978492,-0.649866532608539,1.6062964086043234,1.5333247688912754,0.38292826291342724,0.4670485958152345,0.06978642850071863,-1.0166594936331506,-0.759808352853017,-0.5368569275031091,-0.5663400164445939,-0.5718723307120406,-0.6438544699523715
2013-11-29,-0.5941978466248676,-0.4415275946679018,-0.40845664115648084,-1.2099243520578202,-0.31010546682274676,-1.2117371141856772,-0.17260980664451658,-0.8199605448619867,-0.9582090294446218,1.3025879133311205,-1.0720708770228995,0.7810342112227818,0.8086676339551502,-0.003979923316816507,-0.593154089491654,1.6251267305678652,1.6191662757344567,0.41419347896339576,0.39530903886193747,0.10879158973926155,-1.0320999912776896,-1.2180232118381558,-0.49593461058578503,-0.5243416577980232,-0.5333311950901264,-0.880184636830185
2013-12-02,-0.5743192803731434,-0.5331155830557073,-0.5727805605622848,0.3037021347956788,-0.3221460642161626,-0.3113967669407512,-0.20882475106876106,-0.5280748606848732,0.7877326718035597,1.2590453164002149,0.6210330989921683,0.7975171136553286,0.8169083787541523,-0.14650297529159997,-1.1396558140725452,1.7623190763022274,1.6379441053564014,0.35320700814987643,0.4246219761116715,0.048948054688345774,-1.0172771135389316,-0.5699580952678821,-0.6160890743289699,-0.6476562884158775,0.9263192893410138,-0.854741740099386
2013-12-03,-0.4696944214836047,-0.5841135383898577,-0.5870007280646267,-0.32452040600758064,-0.3421272031091838,0.034264978821151496,-0.2609584356799113,-0.3868720425273978,0.30174720952409495,1.3025879133311205,0.024633083452913315,0.8414715201421199,0.9287470581691858,-0.17879138352659518,-1.238043310085929,1.7273484783699378,1.7667063656211714,0.3987538660992136,0.3509539364445761,0.066580524837276,-0.9845432585325088,-0.7224818615311939,-0.644821642664247,-0.6771444442157467,-0.14011642478807887,-0.2773983249324524
2013-12-04,-0.5565328451122037,-0.4566188321894798,-0.5380195542095638,0.07731838410194282,-0.3426405704006336,0.1670933624452835,-0.2891321414742732,-0.2961879004774997,0.7379048200217866,1.306216463075362,0.23822019886796472,0.9619536879228773,0.9542541254041937,-0.20174642375616209,-1.2556585386298098,1.8699209160938848,1.7318332534661298,0.4207553144306733,0.39569473540469674,0.22206685251420905,-1.0185123533504952,-0.3653059531930589,-0.588227276951029,-0.6190616454114797,0.5167789973943779,-0.5425998218464526
2013-12-05,-0.5434547377510114,-0.5357176677029722,-0.5775204583927819,0.29561154896508673,-0.36287772460347845,-0.1634173250299717,-0.2816838966790664,-0.08538157301625107,-0.24095021563857205,1.3733446333438433,-0.28758848933547254,0.9796139405291774,0.9711280314211985,-0.1661787240598002,-1.260384575556217,1.9667625719063766,1.8579129666420497,0.4076316434961182,0.41845083142751727,0.3091605687043805,-1.0185123533504952,0.3226598954798532,-0.6361148037747689,-0.6682085717445946,0.09008588775424961,-0.8191917982170016
2013-12-06,-0.4822492999254905,-0.5346766881360686,-0.545919840381952,-0.1518894390043583,-0.31164255407558633,0.2634811926022077,-0.2750185339245561,-0.4573487141342649,-0.38879469691212254,1.4078158559141443,-0.7258832717321768,0.9819686408766841,0.9746597791921997,-0.0546828143733324,-0.11926147768919892,1.9237218359897135,1.9759450385514221,0.38852512257669347,0.40379436280265024,0.29526831949613275,-1.0642162263783295,-0.39812752314845506,-0.6369854876637169,-0.669102270669176,-0.6414386652644747,-0.9488840230986336
2013-12-09,-0.3723932504039044,-0.5003314396738516,-0.49641230381168,-0.60967539339524,-0.2998593086637959,-0.9191225493273903,-0.19685341073158083,-0.537804383490777,-0.178173678689825,1.4377513913041409,-0.15377924385473574,0.9917798923246286,0.9695583657451984,-0.03538544538913605,-0.6176435535648545,1.8806811000730506,1.9357068322186812,0.44005483051090105,0.3847023839360467,0.28511629122856624,-1.0734805249650532,-0.843471178229517,-0.5890979608399769,-0.6199549720778402,0.07231978495886697,-0.7714670559139243
2013-12-10,-0.4226131303584533,-0.3754387660821691,-0.36368905508457816,0.08588600919141412,-0.3165102577413128,-0.6963321908901291,-0.2157045424042486,-0.6923541111384025,0.16652359860316465,1.4577084148974748,0.18189218767191834,0.9745120897762465,0.998597180751207,0.047984233686378885,-0.17597392080608387,1.7784593522709755,1.8820558904416937,0.5108840545253363,0.4386998999223996,0.32251850063538845,-1.082744823551777,-0.297732132696655,-0.51770170780948,-0.5466809667176818,0.3063040222961852,-0.768876420002054
2013-12-11,-0.5570560740315103,-0.4019785411811505,-0.4010831917101522,0.23458868696925333,-0.3685135310783274,0.32225826560311804,-0.2741326622290129,-0.3462076266975948,-0.11801966025590814,1.480386850798988,-0.6872030923700848,1.0306324480584883,1.0001668464272075,0.15557021893814021,-0.4745735266108947,1.91834174400013,1.820357307398159,0.49447946585714275,0.5088966707046585,0.30435171320921717,-1.1031262804425692,0.06330513681270297,-0.5908391544810948,-0.6217421837978926,-0.08235902264027074,-0.6765166846485887
2013-12-12,-0.5000357351864295,-0.5575737632908763,-0.5448666409406826,0.020092754606788214,-0.3836287011349827,0.013776149322405944,-0.32517852067063735,-0.3624234980407678,0.13521728383237955,1.4522655902811101,-1.0547856718704647,0.987855391745451,0.9785839433822012,0.044452689035676285,-0.13945454455657463,1.9829028478751245,1.9222940967744346,0.41940434830505774,0.4925045676373728,0.1280270117199125,-1.1062143799714759,-0.40585024549090126,-0.6065115515505438,-0.637826717020144,-0.47795666109862095,-0.8529651342790897
2013-12-13,-0.572226730882923,-0.5227080250452075,-0.5064189361987338,-0.4242597742540538,-0.38414076019445614,-0.14547420180161136,-0.31935759481373366,-0.6454528217150715,-0.5112335300732558,1.4413799410483847,-1.4199507401607139,0.9902100920929577,0.9573934567561946,0.004218305336600242,-0.4118461274058553,1.9479322499428362,1.9705799443737229,0.4130355079985823,0.41613665217095874,0.08474731226344727,-1.074715764776617,-1.0313907552290402,-0.5978046255926771,-0.6288908445489919,-0.5390807429203474,-0.7407002835477223
2014-01-02,-0.5047436445867409,-0.5622570785319595,-0.559613592501212,-0.2202968687276425,-0.23547307931309425,0.09737180547064445,-0.031575534361371164,-0.673144540470336,-0.00836560485457191,1.3769731830880851,-0.18037186716617393,1.0239607970738867,1.0080151748072101,-0.0022141509914652075,0.02638638758825556,2.284187999291765,2.4024700256784732,0.5666596559971945,0.46724144408661417,0.24664544726726315,-1.0487757287337904,-0.4064938056861051,-0.51770170780948,-0.5281948095812627,0.21417071251013403,-0.4719396331676435
2014-01-03,-0.493758086715769,-0.5159427506703168,-0.5153727904874967,-0.5402184773024215,-0.23624596001291417,-0.6878204987957605,-0.02217853167591178,-0.7753045299323258,-0.248162141554355,1.3007736384589996,-0.2954454007683974,0.9093653801618955,0.885581252079173,0.13198454573523358,-0.2369827611287934,2.3030183212553057,2.2576124828806066,0.605837673640057,0.5642441245906699,0.215655045187325,-1.0073951950464268,-0.625304272055413,-0.5351154726568248,-0.546234256852224,-0.6434094824929448,-0.5362420685764959
2014-01-06,-0.5293305387382125,-0.4758732594386834,-0.5933209780696861,0.26733266169872494,-0.24989693408967667,-0.14095352018274987,-0.036095008787079524,-0.5681155891553235,-0.20226806754482715,1.3370591359014214,-0.40798054759998365,0.8563846223429952,0.838098865380159,0.12807462130052713,-0.11453544076279185,2.1954164814636483,2.335406348457238,0.6179963687705999,0.5819861655576141,0.3374793843981171,-0.9783670594746935,-0.2616927617652396,-0.5264086337673467,-0.5372147193458542,-0.5210750756320388,-0.8401010821020276
2014-01-07,-0.5659490824122625,-0.5523700103049108,-0.5395999590519981,-0.4334952543059561,-0.22104919609668636,-0.5902296171271865,-0.02641398123148457,-0.6692776788423487,-0.5563080670468993,1.326173486668694,-0.3308619399968129,0.8312678186362574,0.8212249593631537,0.041930157142317286,-0.13902490483599217,2.1496856995521942,2.1959138998370715,0.6104695574993119,0.6166988544059837,0.35671480637876923,-0.9956604168365772,-0.2533264792275896,-0.5229259852799443,-0.5336067926658398,-0.7497505638061197,-0.9243442838416978
2014-01-08,-0.5481630656507588,-0.5731854905959054,-0.5727805605622848,-0.24367179241272566,-0.2200189918550657,-0.3759365798617997,-0.031493463965215955,-0.3949799781989843,-0.21964225270557697,1.2889808517902117,-0.3630148390915518,0.8461809208371334,0.8204401265251536,-0.0526647888586452,-0.06168975513114907,2.284187999291765,2.1529931464154806,0.6220492671474485,0.6080206821938913,0.319312596971947,-0.9703380006995336,0.600677899807915,-0.5542704311452873,-0.566077481334082,-0.3679326749808657,-0.768983372860801
2014-01-09,-0.45400053571288534,-0.5643386733957719,-0.5469734084983268,-0.9030736191763328,-0.21692789565316942,-0.4970403437196656,-0.04718047742871655,-0.6353490864935559,-0.2617664563500365,1.3198235246162708,-0.48594528412670024,0.7916303627865623,0.7709956577311385,-0.0425746612852092,-0.32462926412761556,2.225006987406353,2.265660124147155,0.6307340493835509,0.6209415163763405,0.3161066933085044,-0.951809403526086,-0.042882295395931726,-0.5838737704379013,-0.5967447650496491,-0.5558342864589633,-0.722429170178454
2014-01-10,-0.4142433508970077,-0.4737916645748702,-0.4632312809584157,-0.1359181646170811,-0.20404980227622685,-0.26416980964724995,-0.04701191220083629,-0.6203805898690886,-0.40354636355804224,1.375158908215964,-0.2055139837515337,0.7810342112227818,0.7890468130051442,-0.008520480724862707,-0.18714455354122786,1.931791973974087,2.228104464903264,0.7019492637195904,0.628076902417394,0.38984247756766793,-0.9678675210764078,0.6431528726913688,-0.5194431626557642,-0.5299987729212702,0.14657519518617013,-0.7861849576425999
2014-01-13,-0.4733562915447382,-0.44204808445135363,-0.4305774635063165,-0.5405428639984593,-0.2671541349289713,0.7185056585442884,-0.10403519133969807,-0.2899510268839716,0.12734972828788907,1.3769731830880851,-0.7708489802406087,0.8002642640607533,0.7678563263791376,0.041930157142317286,-0.36286719925945465,1.8484005481355534,1.9357068322186812,0.7374603733072095,0.7040591213410479,0.3631266137056521,-1.0098656746695525,-0.6536209206443823,-0.4637193937631055,-0.47227259749292694,-0.10428396503284651,-0.73891773590194
2014-01-14,-0.48538788875488803,-0.44100746915444494,-0.4558578315120871,-0.2289980648096,-0.21615458835596535,-0.20279159967490565,-0.09570107484894663,-0.4529829026187953,0.13292258013190317,1.3833231451405081,-1.2606367514130978,0.7512080068210312,0.7702108248931384,0.08002038873203818,-0.4195796423763396,1.9667625719063766,1.8605955137309,0.6722280089560405,0.7354933895759608,0.32251850063538845,-1.0191299732562762,-1.0017869862496633,-0.511607007655234,-0.5218808448266824,0.017366884474911054,-0.8744032406323644
2014-01-15,-0.4785874298643562,-0.5060556824432689,-0.48798523358110446,-0.6165638402934563,-0.19065612330143958,-0.33603674005136686,-0.04793439465888498,-0.42154905970741385,-0.40223510430062714,1.3161949748720292,-1.750182771464574,0.7951624133078218,0.8388836982181591,0.037389599734271084,-0.5209746164338005,2.020563491802204,1.9652148501960247,0.6743509557248654,0.6703106738495773,0.37167569014149787,-1.0086304348579904,-0.3614445920218358,-0.486357261944137,-0.4957238417193547,-0.6118891836103781,-0.6768197177483717
2014-01-16,-0.41895131260974844,-0.49824984481003926,-0.4637580650166031,-0.9075196250690873,-0.19683740563081362,-0.8746424912191919,-0.048437272545570655,-0.5931878210013062,0.4628681907789732,1.329802036412938,-2.4297451726323267,0.8599166728642553,0.8392761146371589,0.04848874006505068,-0.4719956882873999,1.8806811000730506,2.0135006977953127,0.6820707621569564,0.6735890944630342,0.377018862913901,-0.9555151229607756,-0.47084982520648977,-0.46633135836156,-0.47497826330927184,-0.8422575942011352,-0.8536009096060854
2014-01-17,-0.4832957577641036,-0.4430890640182574,-0.4305774635063165,-0.1492371007249897,-0.21692789565316942,-0.14463863530802523,-0.04710242774868765,0.6242499044553723,1.030151727018173,1.2581381789641546,-0.20732711715913177,0.8567770724009132,0.8522258564641633,0.04571395498235579,-0.32033286692179097,1.8268801801772219,1.884738437530544,0.7694975700003873,0.6805316322327087,0.4325878597468933,-0.9728084803226593,-0.48886951067219747,-0.40451288931465534,-0.41093821619090365,-0.14254401164972771,-0.701525828118914
2014-01-21,-0.5099748352187882,-0.4977293550265874,-0.4816649835760451,-0.37056423527460564,-0.2030195695947807,-0.539377081387314,-0.07287036111920821,-0.2913231390745478,0.5079427277526166,1.2762809276853655,0.4682463905119052,0.8457884707792154,0.8596817684251654,0.01544357226204779,-0.1532030156152134,1.8564706861199267,1.8364525899312547,0.7721995022516194,0.8087757327002969,0.44113693618273914,-0.9406922452220176,-0.2024852238064857,-0.3722974983551978,-0.3775648013362152,-0.24286403870736567,-0.876863156383544
2014-01-22,-0.3739625709748175,-0.5081372773070814,-0.4848253192500632,-0.7277139876123211,-0.1999285018327099,-1.1008757120882564,-0.06597809979631208,-0.5919404462826006,0.002452284019102516,1.2644881410165776,-0.38162967540955856,0.896022078192691,0.9279622253311858,0.02301116794212479,-0.6692003200347498,1.9506222959376274,1.8445002311978032,0.788990081241418,0.77001323015295,0.4240387833110487,-0.9567503627723393,-0.8840154705273593,-0.42540930264940235,-0.432585497077324,-0.23851674170907086,-0.8132975073349482
2014-01-23,-0.34780635625243284,-0.39105049338719816,-0.39002299120672357,0.44320749566232615,-0.23882149905678965,0.3613861815767244,-0.1452390988302357,-0.428908570547777,0.46270428337179625,1.3978373441174774,0.31703106431822703,0.9537122367066042,0.9644569522981971,0.01191202761134519,0.0014672837944727849,1.713898248395981,1.9544846618406284,0.7918850086534521,0.7856339401347171,0.39732291944903286,-0.9314279466352956,0.39538219753788784,-0.3705563047140799,-0.3757610241253186,0.05281284684822301,-0.772803966648261
2014-01-24,-0.41738199203883536,-0.3660718233685781,-0.35947551996929006,-0.03621695951131824,-0.33927349413135977,1.9253572526993057,-0.25295380781253274,0.08139242687468942,0.25044419107772986,1.3824160077044478,0.3503927190180313,0.978436590355424,0.9609252045271959,0.07623659089199968,-0.032903893852124146,1.5524954887084947,1.713055423844184,0.6741579605640632,0.7891052090195535,0.28832219489200767,-1.0320999912776896,-0.1239708799916164,-0.37490963709042996,-0.380270746346226,-0.269902884475599,-0.818050967723701
2014-01-27,-0.4179052209581419,-0.38896889852338573,-0.40318995926779627,-0.22457114048720056,-0.36193864156299965,1.3539283145549332,-0.29232079593881094,-0.09211739649726139,0.29289620953654316,1.3769731830880851,-0.14833984363194155,0.9627385880387133,0.9393423014821894,0.09994839068957427,-0.39637909746488664,1.6358869145470296,1.5360073159801246,0.6284181074539231,0.7073375419545047,0.1526056064729678,-1.03642333061816,-0.9252033230204055,-0.44282306749674716,-0.4506249443482853,-0.15689871606584593,-0.7818711923398068
2014-01-28,-0.3383901189523747,-0.4233141469856019,-0.4195168416599095,-0.6785407808070483,-0.3346362099324403,-0.09096323979252399,-0.26871967427536997,-0.5714835008958286,0.06637617281808776,1.3742517707799038,-0.3296531843917475,0.9121125305673197,0.9562162074991942,0.01380392653136444,-0.2404198788934531,1.641267006536612,1.6379441053564014,0.6013987849416044,0.6257627231608364,0.0852816295406871,-1.029011891748781,-1.003074106640071,-0.3984181020920208,-0.4046241583717679,-0.2688903252188323,-0.8538564081019808
2014-01-29,-0.4796338877029694,-0.3655513335851262,-0.3815963423191257,0.67777724003843,-0.3789380638232831,2.0879580817533783,-0.32304027829381216,-0.31602115850491896,0.2525749873710294,1.368808946163541,-0.0998687438688201,0.9721573894287396,0.9605327881081955,-0.021889899759665404,0.14410767102785005,1.4448936489168374,1.696960141311087,0.6199263203786227,0.5976068755393811,0.0778011876593234,-1.0141890140100247,-0.4296619727134436,-0.3453063848662049,-0.34960383488888036,0.03437915766588694,-0.815840608642931
2014-01-30,-0.3985494651262891,-0.48471971236882255,-0.4621781341850186,0.007823304868413952,-0.33051448289153923,0.0830255188436671,-0.31303419067000404,-0.5341869968065307,-0.04426132702630978,1.2717452405050613,-0.3244555352899664,0.9831459910504375,0.9942806001422057,-0.11825061808597918,0.2699921091585113,1.493314476823084,1.4635785445811924,0.5010413013244204,0.6168917026773643,-0.010895480362569999,-1.0228356926909656,-0.3003063734774704,-0.3905819470914906,-0.39650641640629064,-0.16471810111494636,-0.9155503821225052
2014-02-03,-0.4158126714679215,-0.38636681387612065,-0.424257160833385,0.10720012327813892,-0.460844448640545,2.873016941739481,-0.4683836253769879,0.20114039987042828,-0.09408917880808289,1.2436239799871853,0.594198724559717,0.9819686408766841,0.968381116488198,-0.13742186047550758,-0.19058167130588755,1.1705089574481116,1.4045625086265068,0.5079891271133021,0.4645415682872972,-0.05898403531419855,-0.9308103267295128,-0.5480770486309514,-0.40712502804988754,-0.4136439750718036,-0.47864980103148647,-0.3838817794659993
2014-02-04,-0.40011878569720216,-0.43944641611265406,-0.4205704624441564,-0.32020797110731225,-0.4294211716036776,1.0289257963727776,-0.46819816160653943,-0.13490234934886391,-0.5445067337301636,1.2381811553708226,-0.35213603864596343,0.9478254858378373,0.9640645358791967,-0.07725947481889545,-0.3379480954656719,1.3157714411668484,1.1899587415185566,0.46379323528958144,0.5060039466339611,-0.06432720808660172,-0.9573679826781203,-0.9342131657532594,-0.38187510820201254,-0.3874867858353654,-0.6009171298343733,-0.9536374834873864
2014-02-05,-0.4027345641067292,-0.39833589327554647,-0.40266317520960887,-0.36359946209496863,-0.43508735181224295,1.0128734759468567,-0.4747605347062022,-0.3716540709591893,-0.21554456752615486,1.2508810794756688,-0.2634133772341651,0.9929572424983819,0.9817232747342022,-0.030971014575757804,0.2283170562620125,1.4179931889689237,1.305308266339079,0.49390048037473644,0.46164884421659974,-0.005552307590166827,-0.951809403526086,-0.27198972488850115,-0.4149611830504177,-0.4217618101018363,-0.5735013692639366,-0.8919672767688057
2014-02-06,-0.3540840047230933,-0.4175899042161854,-0.4000299922688829,-0.7555730803308692,-0.37558918904237965,0.3692019104245926,-0.43261322549892284,-0.34857763866313546,-0.6831724002018085,1.3025879133311205,-0.12682399386177792,0.9752969898920818,1.0029137613602082,0.033101295515560784,-0.16523292779152232,1.5067647067970407,1.412610149893054,0.4680391288272312,0.4913474780090931,0.019026287162888494,-0.958603222489684,-0.04095161481032018,-0.4167023766915356,-0.42356530811906673,-0.8652110668166728,-0.9790625547417275
2014-02-07,-0.3148496826395163,-0.3796019558097947,-0.37632923908746346,-0.38750866974999654,-0.3189243723352269,1.1474818009713306,-0.35741830747338327,-0.3635461352876028,-0.5604057522263214,1.3434090979538444,0.0006997224726189308,1.0047307442359152,1.059421725696225,0.017966104155406788,-0.34396305155382634,1.4583438788907954,1.4957691096473849,0.4971813981083748,0.46608435445833535,0.019026287162888494,-0.9826903988151641,-0.5068891961379052,-0.354013223755683,-0.3586234654598056,-0.08364628251559243,-0.7331541651805774
2014-02-10,-0.23951962730176057,-0.3317261585977964,-0.2978542147792147,-0.14774873823728646,-0.310425301101159,-0.46551875172329893,-0.31286079728710364,-0.6338522368311093,0.4820453574186687,1.3542947471865718,-0.6395781215305091,1.0851830061090595,1.0704093854282284,0.059209500611826435,-0.47801064437555435,1.4179931889689237,1.4528483562257948,0.5037432335756524,0.4925045676373728,0.08207572587724568,-1.0006013760828305,-1.1678255166122558,-0.2852291094604182,-0.28736737885229796,0.059578148128449616,-0.935372311943604
2014-02-11,-0.23585780955305566,-0.24898503944869488,-0.26414677654286856,0.542011866961396,-0.2596844147417573,0.05994992329598172,-0.28414317840797926,-0.48641254508010573,0.6941415423055582,1.3470376476980863,-0.9466020452171139,1.0804736054140465,1.0708018018472287,0.049623879417062235,-0.27994673318703955,1.5713258106720362,1.4474832620480955,0.5089541029173136,0.5000256502211855,0.1066543206302998,-1.0265414121256553,-0.3003063734774704,-0.20251422707876657,-0.20167977165384354,0.5086018627025082,-0.986258105405202
2014-02-12,-0.1804067389664594,-0.23701601208783957,-0.2235927255862533,-0.3918592677909753,-0.25736622767950645,-0.41421661140825355,-0.2325043261316782,-0.718673717703091,0.39845257975845727,1.306216463075362,-1.3257886785261215,1.1004885583678528,1.1021951153672382,0.06375005801987263,-0.6752152761229042,1.670857512479318,1.5494200514243723,0.5768883995197155,0.5075467328049992,0.2071059687514804,-1.0148066339158057,-0.6516902400587706,-0.27913440930617256,-0.2810536002268281,0.4545433363254755,-0.8482176157158229
2014-02-13,-0.09356789683842442,-0.20475235848943588,-0.19567838462167358,0.08823304234510002,-0.2331557454456093,-0.29464027131261883,-0.25948761570152795,-0.44225548003792703,0.47925893149666166,1.3851374200126312,-2.3871969753340254,1.0930320072674151,1.0739411331992297,0.07573208451332789,-0.6356884218293178,1.5928461786303667,1.7264681592884306,0.6135574800721482,0.5748507795165606,0.2445081781583026,-1.0098656746695525,-0.22243558985780496,-0.18335909445352616,-0.18183636104287487,0.4786754662462083,-0.9803043962682891
2014-02-14,-0.0804897894772321,-0.11212375480472095,-0.08560274230259482,0.46604813537746453,-0.20714044344091265,-0.3776590375721652,-0.20917113411511457,-0.6344759241904621,0.2533945244069138,1.3960230692453564,-0.8318911382964099,1.0957791576728397,1.0664852212382274,0.12378631708181682,0.08266919098455804,1.6224366845730727,1.6003884461125095,0.6654731783279607,0.6122633441642481,0.3032830786547375,-1.058657647226297,-0.7244125421168054,-0.14156635485242058,-0.13854161314092334,0.26601246877929263,-1.0060503260988711
2014-02-18,-0.13960309631196854,-0.09286932755551731,-0.06769587641102497,-0.19457491188887344,-0.20147426323234974,-0.7069071368568665,-0.1590562074028218,-0.5447896819155285,0.31731841320589904,1.4549870025892915,-0.7883759365140566,1.094994257557004,1.1755769857202605,0.3675890245749641,0.1453965901895974,1.525595028760581,1.629896464089853,0.6446297009613146,0.6751318806340731,0.3246557697443502,-1.0771862443997426,-0.742432227582513,-0.13198891914238384,-0.1286199078354393,-0.4366972670303078,-0.8273261573072547
2014-02-19,-0.07002751283799606,-0.10848105486054715,-0.11667657625523738,0.12948739745297738,-0.2328971136718338,0.23876936487912154,-0.19010959869718116,-0.6781340393451585,1.3961569672441576,1.4323085666877784,-0.6313585834160645,1.2052727238318994,1.1967674723462665,0.42421986558087366,-0.28252457151053434,1.6062964086043234,1.5145469392693296,0.6164524074841823,0.6452403985701992,0.2626749655844727,-1.1006558008194416,-0.6928780925518169,-0.2042556819250508,-0.20348382805840604,0.1747703389069257,-0.8318894792804573
2014-02-20,-0.07107355217717398,-0.09286932755551731,-0.10403639225235208,0.35632910583523747,-0.20508043311523083,-0.20316113768189706,-0.2004375331119715,-0.7135594813563979,0.2535584318140907,1.4187015051468697,-0.7779806383104944,1.215083975279844,1.1842101469382629,0.39521074880724516,-0.41915000265575714,1.641267006536612,1.586975710668263,0.6226282526298548,0.6132275855211473,0.30435171320921717,-1.075333384682398,-0.5899084613192014,-0.11370447040609107,-0.10967847889447367,0.14628452360142005,-0.94744015950555
2014-02-21,0.0026871302772393147,-0.07621662068358374,-0.06453548806913398,-0.26853507858551207,-0.21048928978199463,0.06615610882450956,-0.16451063427398815,-0.10409219379683526,0.2661793021667109,1.4386585287402034,-0.733377556483582,1.1946765722681196,1.1622348274742562,0.40769728167937225,-0.6305327451823283,1.5874660866407844,1.6433091995340996,0.6689470912224013,0.6215200611904795,0.3396166535070788,-1.0580400273205142,-0.9580248929758017,-0.12589395778297158,-0.12230594308085865,-0.16988630577566718,-0.855644897573249
2014-02-24,0.014195969379948627,-0.024178050052524557,-0.001861036105660712,0.6504333497194715,-0.18421663579567177,-0.01704126747174932,-0.1610214601161939,1.3678099742757883,0.18307824672803005,1.4341228415598992,-0.15776813735145145,1.1719144689088885,1.1830328976812625,0.3965981413485926,-0.24858303358451989,1.611676500593907,1.5923408048459624,0.6930714863226858,0.6608611085519653,0.37381295925045843,-1.067921945813019,-1.078370649478921,-0.1110923316708589,-0.10697244081990816,-0.5743350536993186,-0.9022169257320538
2014-02-25,-0.04334801688387473,-0.00024072387080239165,0.010253153857120355,-0.5570865854963917,-0.18602017577432117,0.04498158102390218,-0.14249136779561447,-0.44225548003792703,0.38812641310631346,1.444101353356566,-0.21046988173230172,1.1931067720364483,1.1602727453792558,0.42182346028218265,-0.3680228759064442,1.509454752791833,1.6138011815567574,0.7104410507948907,0.6905597423444596,0.3289303079622725,-1.0703924254361465,-0.7842636402707631,-0.14330772263031644,-0.14034539035181995,-0.35040933087164794,-0.909347116315183
2014-02-26,-0.03864010748356405,-0.0403106314110005,-0.05031537323466412,-0.3153421706667439,-0.18576282379269496,-0.33292851481478364,-0.1389442598971751,-0.5107363520948652,0.35190287612022186,1.3914873820650542,-0.3488723985122869,1.1624956675188616,1.1618424110552565,0.27551661046736065,-0.010992268102418603,1.4099230509845502,1.5145469392693296,0.6716490234736333,0.708687479854164,0.25733179281206947,-1.082127203645996,-0.38783056002519356,-0.1676869585892435,-0.16560106324103147,-0.21768740759747607,-0.989567702200871
2014-02-27,0.07069266080628535,-0.03822867227719307,-0.02556142061197539,-0.6943784842018392,-0.16077860766421198,-0.43139807574442607,-0.13731734467832007,-0.46508243739023974,0.01671222844349153,1.4105372682223256,-0.2739295509982338,1.1836879706464218,1.1692983230162586,0.2864896242034723,-0.8015293539741479,1.33729180912518,1.4233403382484515,0.7579178603522507,0.6691535842212986,0.3679354692008154,-1.0500109685453543,-0.5641660535110475,-0.17465242970082573,-0.17281673047194962,-0.6414833839698209,-0.9504407813759502
2014-03-03,-0.013530350599792546,0.05492000488240897,0.07556084142919092,0.5792400107243325,-0.18241397745161458,1.0850976264243986,-0.17380022286902794,-0.5259543236630737,-0.09490871584396732,1.4341228415598992,0.9154859643860932,1.1997784230210506,1.2524906038442833,0.29569686561423264,-1.176604830042637,1.2404501533126895,1.2543398716509404,0.783779211899756,0.7592137269556796,0.44861737806410285,-1.1198020178986703,-0.3736722357307089,-0.1459198613655486,-0.14305170762005198,-0.16803367369704045,-0.6659045843306982
2014-03-04,-0.002544426541814687,-0.015331597122386145,-0.0029138142039523457,-0.4510502990327124,-0.11544654953174698,1.0809382708568176,-0.1333993133585713,-0.4840425331145651,-0.6882535298242919,1.4422870784844453,0.03539100833799513,1.2743439340254286,1.2426801933692804,0.28510223166212484,-1.264251333041459,1.5040746608022495,1.2409271362066938,0.783779211899756,0.7810055816216009,0.597157581136912,-1.089538642515375,-0.8415404976439055,-0.1633334520761155,-0.1610909687619028,-0.7376030469181585,-0.8886992727515383
2014-03-05,0.06441543083506085,-0.01012820840641502,0.010779569240202227,-0.7302518364695587,-0.11106835214381186,-0.5443925333377584,-0.06145500425433862,-0.7602112958359878,-0.5425398448440409,1.4323085666877784,0.0556981025030934,1.2146915252219264,1.1873494782902638,0.267192255219276,-1.2848740396294174,1.52290498276579,1.4743087329365898,0.846502639160496,0.7815841264357399,0.692800373762928,-1.0845976832691218,-0.8672829054520593,-0.12850609651820374,-0.12501170196175898,-0.6189962635671791,-0.7832972304564326
2014-03-06,0.00791790240985214,0.048675636599534125,0.05765392286974821,-0.6290431873057375,-0.09999291711092728,-0.6647058964584482,-0.05461665183637594,-0.7362617012368401,-0.5704041040641114,1.5484221585035296,0.15892583117567624,1.1236431117850019,1.130056681116247,0.305030233619661,-0.3512669268037282,1.6062964086043234,1.5038167509139333,0.8831717197129285,0.8454169042624649,0.7814970417848214,-1.0870681628922474,0.4333522490549148,-0.10325617667032874,-0.09885469885443121,-0.4534284512162507,-0.8933457802815441
2014-03-07,0.010010870399507798,-0.01585245117583224,-0.008707280150823555,-0.2157172918424017,-0.09793159855326829,-0.0078110292526751696,-0.03883871498598986,-0.6765124522108412,-0.42206790056903026,1.5638434949165572,-0.5260759702148706,1.1640654677505329,1.1665514080832575,0.22922815022422302,-0.009273709220088756,1.743488754338687,1.6138011815567574,0.8802767923008944,0.879936744839454,0.7884431663889453,-1.1420363345068072,-0.16708941307027414,-0.15636798096453325,-0.15387520846642924,-0.09789238436158426,-0.9783614193343865
2014-03-10,0.04819873464447165,0.003922465856823994,0.021312985685443455,-0.8654638440062928,-0.10050844582912177,-0.8202670264793347,-0.06547562150948762,-0.8321848171053017,-0.552374289274654,1.5629363574804966,-0.8005843681252168,1.1915369718047775,1.1598803289602555,0.19580460263721627,-0.45824721722876116,1.713898248395981,1.7371983476438282,0.861749256863876,0.8591091315304328,0.7355457559421534,-1.1408010946952434,-0.5821857389767552,-0.17465242970082573,-0.17281673047194962,-0.6950084800759385,-0.9193472086080214
2014-03-11,0.14759203671495638,0.03202292972760057,0.029212850514853207,-0.27013793049534635,-0.12446157608139188,-0.3261146445636477,-0.06919572319096617,-0.7081957700659638,-0.40649669688722617,1.5466078836314066,-0.8306823826913446,1.1193261611479062,1.10768894523324,0.18975052609315465,0.028534586191167867,1.6896878344428583,1.7184205180218821,0.819097326326573,0.8581448901735336,0.6676874617326329,-1.1303015562969576,-0.4631271028640436,-0.160721487477661,-0.1583852098810025,-0.12890161232590908,-0.8973624543100401
2014-03-12,0.17113325771425672,0.1345389659093576,0.15877613224304166,0.4558013320967383,-0.12317359326076166,-0.2067271794493641,-0.09603056347231949,-0.7113142068627278,-0.3258542525561986,1.5874290682541328,-0.6810384387842514,1.0639907029814997,1.0343070748802181,0.2400750373656667,-0.11023904355696723,1.5874660866407844,1.6835474058668405,0.8515205133413549,0.8182252979979079,0.7360800732193945,-1.1265958368622682,0.2975610478669032,-0.09193737318239616,-0.08712893714438373,0.12882825755022156,-0.7196008612471462
2014-03-13,0.2176912676076714,0.15639506149726082,0.16772961785669982,-0.13315133691558145,-0.17726289936386116,0.823665910389403,-0.1685067152737666,-0.6082810550976442,0.06686789503961842,1.5556792579920131,-1.5630674038004542,1.0078703446992574,0.9931033508852053,0.3018770687529622,-0.2404198788934531,1.3534320850939292,1.586975710668263,0.8632932181502946,0.8494667179614411,0.7531782260910836,-1.1463596738472777,-0.14134700526212027,-0.03011890413549152,-0.0230888900260162,0.22590937266350172,-0.9787416961654867
2014-03-14,0.14131475443130107,0.21623988607011516,0.20933765827266754,0.6171169278793448,-0.19065612330143958,0.8011918405975424,-0.1837942442248748,-0.6145179286911722,-0.12670675283628305,1.5965004426147371,-2.450052266797425,1.0137570955680242,1.0197876673772135,0.3412285662893626,0.04142377780864172,1.3830225910366352,1.3535941139383671,0.8302910456531045,0.8593019798018124,0.6970749119808504,-1.1506830131877481,-0.9219855220443863,-0.021411978177624757,-0.014068887196869363,-0.34340765929173445,-0.8959245325424424
2014-03-17,0.08795586714791852,0.19178170583494691,0.1498226992972571,1.129876886463471,-0.14764270726843431,-0.33945086063818186,-0.17581053149660245,-0.5737287753894986,0.5253169129133665,1.6037575421032226,-0.5964255464296753,1.0588888522285689,1.0244966644052151,0.3235708430358496,-0.9321398290312163,1.4852443388387093,1.3401813784941206,0.8246941859898392,0.83905291130693,0.7040210365849754,-1.1729173297958853,-1.7573266554189793,-0.10238566691815879,-0.0979528102489829,0.42083182088094684,-0.9584681876074563
2014-03-18,-0.044394527034917225,0.09030664922009357,0.10294834566771112,-0.43526984034898686,-0.11338699424327321,-0.2687233390889551,-0.10183941894167507,-0.6958467603507782,-0.49943219675652006,1.614643191335948,-0.5438446776093316,1.0039458441200797,1.0405857375842198,0.19391270371719702,-0.18155923717365585,1.4314434189428804,1.479673827114288,0.7870601296333952,0.8191895393548071,0.6831826627726025,-1.1618001714918167,-0.7713924363666862,-0.13460088374083834,-0.1313255736517839,-0.26567696682038666,-0.9564776760696662
2014-03-19,-0.05642612424506782,0.007564749492432306,-0.022927868996143914,0.8066541662172477,-0.13914366447419274,1.2599876471998632,-0.15112600397962167,-0.5590097537087724,0.6389047460869479,1.523022310293833,-0.3274774243026298,1.070269903908184,1.0727638839422293,0.15254318066610942,-0.04923020323425768,1.697757972427233,1.4260228853373005,0.7500050587593575,0.7852482435919569,0.622804810444447,-1.1611825515860357,-0.1915447004880203,-0.22079850167828138,-0.220621386723919,0.47230943912085815,-0.9714867272471529
2014-03-20,-0.02451554228375854,-0.058523662784736426,-0.04188830300408932,-0.19362083337111494,-0.11106835214381186,0.048184243751161,-0.13710291609734207,-0.5412970327031528,-0.4502599746034545,1.474036888746563,-0.12525261157519293,1.0965640577886753,1.079042546646231,0.08859699716945878,-0.06168975513114907,1.697757972427233,1.6781823116891412,0.6990543363075562,0.7493784651153084,0.6858542491588041,-1.0796567240228685,-0.04159517500552403,-0.21818662414821555,-0.21791544171390723,-0.42804419754582534,-0.9737208536298666
2014-03-21,-0.14431105802470928,-0.023137851064179815,0.0018261362944161752,-0.28015575493181055,-0.12983354629438457,0.9902392730186332,-0.083358811090457,2.728571054911742,3.095385057446927,1.4876439502874717,-0.577448083430149,1.0306324480584883,1.061383807791226,0.07346180580930478,-0.3637264787006196,1.6251267305678652,1.672817217511443,0.6978963653427428,0.6963451904858546,0.8648505370343105,-1.0605105069436418,-0.5519384098021745,-0.21383311763508783,-0.21340553336389004,-0.6718984919916895,-0.9492286489768182
2014-03-24,-0.13227899000269486,-0.12461290767903388,-0.12352366298635624,0.8340553012472717,-0.1497547909147446,0.13379388203750264,-0.11435065164749375,-0.30317319890225114,0.46368772781485756,1.5284651349101956,-0.8797578602569988,1.0639907029814997,1.0609913913722258,-0.014826810458260205,-0.4049718918765359,1.582085994651201,1.648674293711799,0.6921065105186744,0.7125444452817606,0.9353804176300325,-1.0685395657188017,-0.6729277265004976,-0.3174445004198757,-0.32074032838420974,0.5220909407508543,-1.012188231825848
2014-03-25,-0.1845914194474642,-0.14126519824240272,-0.11246346248292761,-0.4080786025928697,-0.12698851146336076,-0.22669044378261077,-0.08813334557577368,-0.5714835008958286,-0.1806322897974783,1.5175794856774703,-0.5860302482261132,1.0624209027498284,1.0602065585342257,-0.07145765146416974,-0.2941248439662608,1.6358869145470296,1.5896582577571121,0.6479106186949529,0.688824107902041,0.8717966616384343,-1.0913915022327196,-0.7141155789935438,-0.30438424208565856,-0.30721078946326635,-0.12568186554098537,-0.9803697563486345
2014-03-26,-0.22748803009161073,-0.16416232543578013,-0.17092485334196247,-0.02482526200928179,-0.1616543267733101,0.101603015650696,-0.09233943072095652,-0.5258295861912031,0.1747189689620089,1.4776654384908066,-0.5946124130220772,1.0502549509543773,1.0657003884002274,-0.14473720296624867,-0.34181485295091407,1.4852443388387093,1.629896464089853,0.6164524074841823,0.6469760330126179,0.783634310893782,-1.0870681628922474,-1.0809448902597365,-0.3905819470914906,-0.39650641640629064,0.5124636423284732,-0.994796508628499
2014-03-27,-0.22905729835009525,-0.2208841592693521,-0.21937919047096588,-0.26584457716543314,-0.17174341177561034,0.5643467199610415,-0.12414271440977191,-0.5148526886665937,0.5605570054563968,1.4386585287402034,-0.37159700388751593,1.0957791576728397,1.1163221064512423,-0.18396257390798113,-0.22108609146724234,1.4556538328960043,1.4823563742031372,0.5724495108212628,0.6145775234208057,0.5683044481659344,-1.081509583740213,-0.8447582986199247,-0.36184937875621315,-0.36674120742528254,-0.1838864547422551,-0.9864304183442942
2014-03-28,-0.2787539493853376,-0.23805699165474328,-0.236759693647326,-0.2770263773935627,-0.1482012085630729,-0.27206149908544414,-0.09284230860764218,-0.6056615681883624,-0.0783540677191019,1.4504513154089893,-0.9092514970205938,1.1389486640437951,1.1394746751722495,-0.20262930991883774,-0.3813417072445005,1.5632556726876619,1.455530903314644,0.6008197994591981,0.5715723589031039,0.7040210365849754,-1.0654514661898933,-1.0339649960098556,-0.33747022986567476,-0.3414860929234031,0.06143397440031537,-0.9912670642898501
2014-03-31,-0.29026278848804543,-0.2469034445848817,-0.2530865760394399,0.7009995111606718,-0.1088781727364748,-0.3110066990444825,-0.06958716215152061,-0.3793877942151641,0.6484113757032073,1.4667797892580792,-0.8455500766336487,1.1491523655496576,1.1257401005072456,-0.16605259746513223,-0.4986333509635125,1.5524954887084947,1.56015023977977,0.6251371897202848,0.6109134062645888,0.7403546114373167,-1.058657647226297,-0.490800191257809,-0.38013365335572796,-0.38568272943080295,0.04696427902759273,-0.9839289098147131
2014-04-01,-0.241612176791981,-0.29581985709378944,-0.27731374460394126,-0.5177785505647416,-0.07680049531313028,-0.5276380906985537,-0.01464017093271412,-0.5852046228015904,-0.3869917154331768,1.4876439502874717,-0.2483039321708479,1.1424807145650553,1.1096510273282403,-0.18497158666532473,-0.6584593270201883,1.6493371445209866,1.5655153339574692,0.6564024057702532,0.6230628473615185,0.79645792554755,-1.0703924254361465,-1.1646077156362364,-0.3731681822441458,-0.37846696913532935,-0.8024739174092456,-0.8315448534022727
2014-04-02,-0.2625372531947469,-0.24898503944869488,-0.2204323899122344,-0.724660936355494,-0.06050148907710256,-0.7415390070787441,0.005545801417249828,-0.7085699824815754,-0.03590204926028863,1.4631512395138375,0.6772402346277082,1.0683076536185954,1.04137057042222,-0.18787249834268757,-0.3968087371854691,1.78652949025535,1.648674293711799,0.7038792153276132,0.6550756604105704,0.8546985087667439,-1.0716276652477084,-0.8305999743254401,-0.31831518430882333,-0.32164231005421345,0.20887793431309176,-0.9101195536283552
2014-04-03,-0.1762216399860193,-0.2744838349807726,-0.2520334292660428,-0.9629897500915663,-0.06696876229245789,-0.769028528821049,0.014196932424377235,-0.719796354949926,-0.6176094373310543,1.4205157800189925,0.06004962268132875,1.0553568017073087,1.0680548869142283,-0.16340393897710528,-0.3882159427738199,1.7730792602813932,1.780119101065418,0.7121780072421114,0.7009735489989708,0.8659191715887913,-1.0549519277916075,0.7371126611911304,-0.34008228153251824,-0.34419185180430273,-0.47084319275534203,-0.9991518667096937
2014-04-04,-0.2107476341698489,-0.1860184210236841,-0.18514496817643233,-0.2723132295158357,-0.12466034202233489,1.1186126706695911,-0.04134748118426402,-0.3813835937650931,0.35059161686280677,1.405094443605963,-0.38078354648601276,1.1008810084257707,1.1155372736132423,-0.13780024025951143,-0.27092429905480786,1.5713258106720362,1.7613412714434722,0.7471101313473234,0.7102302660252021,0.8862232281239231,-1.027776651937219,-0.272633285083705,-0.32353928764251,-0.3270544792679009,-0.44829857687439806,-0.9658895276393965
2014-04-07,-0.14901938592445668,-0.21151721655576183,-0.18619858896067926,-0.9041421871162223,-0.1779524513747456,0.5319094949029073,-0.1026303465342087,-0.22932861555487885,-0.36978143767960386,1.439565666176264,-0.004497926629162173,1.1181488109741529,1.0998406168532373,-0.1573498624330437,-0.5789759787124329,1.5040746608022495,1.5574676926909208,0.6706840476696219,0.745907196230471,0.6420402324250979,-1.0314823713719086,-1.1755482389547018,-0.32353928764251,-0.3270544792679009,-0.5813686672116222,-0.9895023421205257
2014-04-08,-0.13698731790244228,-0.16624392029959334,-0.13037032837449747,-0.3370569977309273,-0.15829114676014147,-0.045863179028151006,-0.12888426336843428,-0.45423027733750093,-0.5048411411933573,1.4894582251595925,-0.26849015077543964,1.1106922598737152,1.1555637483512542,-0.10752985753920344,-0.9347176673547111,1.4556538328960043,1.51722948635818,0.7189328378701911,0.6685750394071587,0.7269966795063089,-1.059275267132078,-0.17867349658394338,-0.2695569735961355,-0.27113189492134376,-0.27919798680112284,-0.8428699727784761
2014-04-09,-0.10089163696069217,-0.14646900326693785,-0.16039101555374363,-0.648754449482628,-0.10680951670381662,-0.3005569854023367,-0.09753839381306877,-0.5410475577594116,0.01982646917985235,1.542979333887165,-0.8564288770792371,1.1738767191984774,1.1951978066702664,-0.21650323533231222,-0.41141648768527284,1.4825542928439182,1.4528483562257948,0.7272316297846894,0.7167871072521166,0.7985951946565106,-1.1173315382755444,-0.5422850068741167,-0.2530138926377386,-0.25399452238494125,-0.5158525696862548,-0.8447000550281459
2014-04-10,-0.10507673594113226,-0.11264382827960806,-0.08191599124549483,-0.7064571182366618,-0.20847961794757836,1.192068614503771,-0.13998260571692642,-0.2790988668312328,-0.33437743772939665,1.5729148692771635,-1.0969712424872462,1.218223575743186,1.1983371380222672,-0.15142191248365003,-0.14117310343890446,1.3588121770835115,1.4823563742031372,0.7693045748395851,0.7245010381073098,0.9027870637183725,-1.149447773376186,-0.39877108334365896,-0.2965480870851284,-0.2990932336268999,-0.3320011952352239,-0.9337145426330266
2014-04-11,-0.05694940547680372,-0.11576640271032497,-0.0866559417438641,-0.7648467235234818,-0.2511658337873459,1.0748840065089418,-0.19684094074417227,-0.19178263652183988,0.035397672861656446,1.5701934569689822,-1.3317115809909417,1.2142990751640086,1.2230593724192744,-0.12632272014472798,-0.5970208469768963,1.3077013031824751,1.3374988314052714,0.7853231731861745,0.767313354353633,1.0577390741180646,-1.1661235108322872,-1.0255987134722055,-0.3270221102666901,-0.33066249901247047,-0.5927559661086986,-0.953370101340519
2014-04-14,-0.1804067389664594,-0.06685004223998771,-0.03978153544644525,-0.38699346735040696,-0.2141718490363707,0.35902729729876265,-0.19149794867954958,-0.5601323909556075,-0.20784091938884125,1.5121366610611076,-1.4473894923956978,1.2229329764381995,1.2273759530282757,-0.15318768480900133,-0.7963736773271585,1.3668823150678862,1.2355620420289957,0.8158164085929337,0.8147540291130715,1.1079648981786547,-1.1475949136588415,-1.1729739981738865,-0.30090150652986747,-0.30360304891236267,-0.5589486248669996,-1.0300137082836707
2014-04-15,-0.1777909605569324,-0.19954855346490075,-0.19883877296356456,0.2408283604753939,-0.18157426316169376,0.8663413912301268,-0.17711640736336987,-0.462462950480958,-0.273895604481126,1.5057866990086826,-2.3694282679395644,1.2252876767857064,1.2085399649162705,-0.31425134619997347,0.18019740755677682,1.3130813951720572,1.350911566849519,0.721055784639016,0.8116684567709943,0.9412579076796755,-1.1204196378044529,-1.1298554650952288,-0.3444357009772573,-0.34870176015432125,-0.10825115303569895,-0.9488008375418305
2014-04-16,-0.21911783213072983,-0.2063134115312267,-0.17619153523064704,-0.8842782723764904,-0.13164445218785947,-0.19907774270464207,-0.09347633764039563,-0.5023789414795375,-0.3714205117513727,1.5076009738808034,0.16666186704809463,1.2307819775965552,1.2446422754642814,-0.2846115964530052,-0.24299771721694788,1.3265316251460142,1.2972606250725316,0.7141079588501342,0.7185227416945352,1.009650519166436,-1.1148610586524186,-1.1588156738794018,-0.3635908336024977,-0.36854517076529,-0.6454569603591513,-0.8326856838955734
2014-04-17,-0.24579727577242108,-0.20839500639503916,-0.20041870379514912,-0.5349710454547497,-0.12491854719872703,-0.19788700912655866,-0.051493972544732904,0.015780516670774163,-0.6331806410128584,1.5066938364447429,-0.6235016719831397,1.2374536285811575,1.2399332784362798,-0.23353032561248546,-0.5385898449776815,1.5578755806980782,1.3133559076056274,0.6162594123233802,0.712351597010381,1.0609449777815072,-1.1179491581813255,-1.3647549363446327,-0.38361647597990806,-0.38929056304626203,-0.794913262012505,-0.9268933269751664
2014-04-21,-0.26986094100458535,-0.27084113503659885,-0.2430795749772798,-0.4057315694391838,-0.10810355720729435,-0.9559737005801442,-0.037511919860530894,-0.691356211363438,-0.10212064175975026,1.4858296754153506,-1.7370073353693614,1.2680647330987442,1.2426801933692804,-0.28473772304767314,-0.5935837292122366,1.5417353047293292,1.546737504335522,0.5772743898413197,0.6049351098518142,0.7478350533186805,-1.1093024795003845,-1.3608935751734097,-0.3888405793135947,-0.39470236000172815,-0.3514634146405218,-1.0297047333584017
2014-04-22,-0.2709070326561926,-0.27968758796673726,-0.2873207983339727,-0.34488044157654696,-0.08611320151706729,-0.5975013039092062,-0.018025955835801185,-0.6248711388564288,0.2679822836456566,1.4976224620841385,-0.17481159138287322,1.2523667307820328,1.217957958972273,-0.2616565562234383,-0.499062990684095,1.5309751207501645,1.541372410157824,0.5724495108212628,0.5740793864310411,0.8103501747557978,-1.0938619818558455,-1.1298554650952288,-0.3644613433546677,-0.3694471524352933,-0.7130173415574861,-0.9248315135315449
2014-04-23,-0.1835453801082863,-0.2911361775827112,-0.26309362976947137,-0.9481442883552441,-0.09749635546267157,-0.8422381139839014,-0.0065329530103507396,-0.7246611163528779,-0.5787633818301325,1.508508111316864,-0.408947552084036,1.1566089166500952,1.130841513954247,-0.21221493111360193,-0.6872451882992132,1.4825542928439182,1.541372410157824,0.5826782543437838,0.5698367244606851,0.8354630867860929,-1.1043615202541313,-0.9959949444928287,-0.3226686037535624,-0.3261524045333421,0.02279701298123081,-0.9681474213240541
2014-04-25,-0.21231737324019798,-0.19902806368144887,-0.1740847676730037,-0.3209139892104535,-0.12750580345074208,-0.2979702193533969,-0.06564861529252682,-0.5525234051715032,-1.027705770087621,1.523022310293833,0.007710504981998094,1.1577862668238486,1.127702182602246,-0.20641310775887622,-0.3353702571421771,1.4099230509845502,1.4582134504034943,0.65099854126779,0.6047422615804345,1.1047589945152134,-1.1210372577102339,-1.296537555653025,-0.30612569693194314,-0.3090148458678291,-0.3704720586058799,-0.9918077704090708
2014-04-28,-0.2133634125793759,-0.21828249093065252,-0.20673900646808058,-0.7265500118206558,-0.11224177934702838,0.4152586640292878,-0.07434922664942872,-0.366914047028108,-0.721035011259669,1.5384436467068625,0.37347995107477994,1.101665908541606,1.10768894523324,-0.21650323533231222,-0.5467529996687482,1.52290498276579,1.4287054324261497,0.6324710058307708,0.6728177013775155,0.9925523662947467,-1.1259782169564854,-1.1028259368966673,-0.34704775264410076,-0.35140779822888746,-0.49992632219654287,-1.0274527814992302
2014-04-29,-0.2688144831659722,-0.21620089606683932,-0.196205168679861,-0.6609666545099367,-0.08973501330401464,-0.6322378765663981,-0.017284912312489346,-0.7943893631285216,-0.7211989186668458,1.5039724241365615,-0.10965966426984962,1.1169714608003996,1.1339808453062479,-0.2784313933142757,-0.47156604856681744,1.493314476823084,1.51722948635818,0.6716490234736333,0.6303910816739525,1.0694940542173517,-1.1315367961085196,-1.1852016418827596,-0.31918595526615995,-0.32254475704699354,-0.5995436267415982,-1.0270190282387566
2014-05-01,-0.20290108362771056,-0.29686042035212845,-0.2799472962197727,-0.38510439188524515,-0.0747300760112869,-0.44909073432360336,0.013228990332678839,-0.7396296129773452,-0.773813196370626,1.5565863954280714,-0.3468175139836758,1.0734095043715262,1.0456871510312211,-0.44189146000393886,-1.1362186963078855,1.2673506132606032,1.3857846790045596,0.6552444348054397,0.6602825637378265,1.1362837138723914,-1.1550063525282204,-1.3782697004439135,-0.3644613433546677,-0.3694471524352933,-0.739650524784365,-0.9592227994441709
2014-05-02,-0.1422185085344896,-0.20110965854526133,-0.2657267600423252,0.23039074149111596,-0.08171506781140529,-0.34432670934154064,-0.0019885344902376817,-0.6987157222038011,-0.6487518446946625,1.5565863954280714,-0.00510230443169486,1.0514323011281306,1.0551051450872238,-0.39320659446211015,-1.2586660166738872,1.1947193714012354,1.267752607095188,0.7104410507948907,0.6517972397971137,1.1175826091689802,-1.1562415923397824,-0.32025673952878964,-0.31831518430882333,-0.32164231005421345,-0.4332155963997852,-1.000435301014657
2014-05-05,-0.15477338697637535,-0.15115268277801533,-0.12510364648581293,-0.6695724427401184,-0.07240190657026103,-0.8008909169794188,-0.04780686462908083,-0.8058652105406133,-0.9675517516537043,1.5620292200444361,-0.91916329298213,1.0804736054140465,1.065307971981227,-0.27527822844757693,-1.2831554807470875,1.248520291297064,1.1604507235412131,0.7581108555130537,0.7173656520662565,1.1613966259026864,-1.1562415923397824,-1.326141324632402,-0.3104790293082932,-0.313524754217847,-0.9666873918268329,-0.9708568937456431
2014-05-06,-0.24945914583355458,-0.17821253135188392,-0.1445909172198171,-0.9955810722581966,-0.1148281539644488,-0.6043993467063791,-0.03837285158125698,-0.7557207468486477,-1.2548814364347842,1.6092003667195853,-0.25422683463566825,1.0592813022864862,1.065307971981227,-0.19279143553473763,-0.6129175166384473,1.2135496933647745,1.243609683295544,0.766409647427551,0.7559353063422228,1.1817006824378182,-1.1574768321513462,-0.0769909857417356,-0.32179783279622576,-0.32525032979878304,-1.1315460932787007,-1.0125506831804905
2014-05-07,-0.24945914583355458,-0.2063134115312267,-0.2346529260896819,-0.04495631873398606,-0.0863718617306699,-0.17232729697631996,-0.05593902252626356,-0.5121084642854413,-0.6975962520333744,1.5946861677426163,0.018951932109106062,1.075764204719033,1.0868908750262336,-0.27086379763419866,-0.23612348168762848,1.2054795553803999,1.2248318536735983,0.7085110991868679,0.7642277820115551,0.9498069841155213,-1.2050335648965251,-0.7900556820275977,-0.36272014971354977,-0.36764309603073086,-0.3151390491264816,-0.9949628797421054
2014-05-08,-0.25312101589468883,-0.263555787186821,-0.2362329095891386,-0.955986813771219,-0.09154549260010456,-0.43679333064650055,0.003654977267642285,-0.7397543504492158,-1.1839095291271928,1.5302794097823185,-0.6248313031487116,1.1150092105108107,1.084928792931233,-0.312863953658626,-0.4788699238167193,1.261970521271021,1.2892129838059831,0.706002162096439,0.7059876040548462,1.0283516238698471,-1.1920635468751137,0.9938931790774652,-0.3662027982009522,-0.37125111577530073,-0.9874113175615403,-1.0326815879268583
2014-05-09,-0.20917836591136438,-0.263555787186821,-0.23991960797836723,-1.065801251165222,-0.08430229562359241,-0.6408399001735868,0.002295995815249917,-0.7477375486489317,-1.1576843439788913,1.4568012774614123,-0.43928731777117686,1.095386707614922,1.0967012855012366,-0.34048567789090706,-0.6043247222267981,1.2942510732085182,1.2570224187397907,0.6780178637801088,0.7032877282555283,0.9824003380271802,-1.1685939904554146,-0.08535726827938561,-0.3696855337567433,-0.3748589493907588,-1.0709043346360652,-1.0178983261178371
2014-05-12,-0.22696480117230414,-0.21411930120302614,-0.19409845379008903,-0.8930176315991581,-0.03695931430438657,-0.573891931240311,0.037769492996735245,-0.7905225015005343,-1.1670270661879736,1.454079865153231,-0.845187449952129,1.0867528063407308,1.084143960093233,-0.3310261832908108,-0.41141648768527284,1.3964728210105921,1.310673360516777,0.7048441911316246,0.6566184465816094,1.0785774479304373,-1.1123905790292912,-1.044905519328321,-0.35227185597778743,-0.356819688248909,-0.8948020729828764,-1.0211069118802454
2014-05-13,-0.16366676154413354,-0.23077164380496545,-0.20410545485224912,-1.1567249339076067,-0.03256072556151733,-0.9944672429750819,0.08353793494677199,-0.793141988409816,-0.9450964368704711,1.4060015810420234,-1.0266216662724417,1.1067677592945377,1.1280945990212459,-0.28599898899435267,-0.605184001667963,1.261970521271021,1.3911497731822589,0.7639007103371219,0.7032877282555283,1.1699457023385311,-1.1074496197830397,-0.12461444018682025,-0.36794416597884777,-0.37305507911530783,-1.0129584750871552,-0.978111862663977
2014-05-14,-0.2180717404791226,-0.1860184210236841,-0.15459754960687092,-0.8948494623532545,-0.055844268560454595,-0.8730740076784061,0.04196310403492344,-0.7852835276819706,-0.9805004368206782,1.4159800928386883,-1.212528278331496,1.158571166939684,1.1532092498372535,-0.23567447772184064,-0.7207570865046452,1.0924976235991601,1.2704351541840373,0.8696620584567691,0.7609493613980982,1.2907014069948435,-1.0808919638344323,-0.8614908636952247,-0.3453063848662049,-0.34960383488888036,-0.8774224675694142,-0.9571312768731196
2014-05-15,-0.23219593949192216,-0.20943562169194863,-0.20199868729460504,-0.5427563261596591,-0.09878911617399842,0.8224690178445363,-0.03941481439768579,-0.35319292512234624,-1.0188547701000694,1.4123515430944464,-2.3595164719780284,1.1621032174609442,1.136727760239249,-0.3080711430612439,-0.3834899058474128,0.9526152318700056,1.0746092166980332,0.8351159246731614,0.867401607199765,1.114376705505539,-1.0876857827980302,-0.36916731436428196,-0.37926296946678034,-0.38478065469624384,-0.5682277562263284,-1.030572239879349
2014-05-16,-0.22801084051148207,-0.24794442415178541,-0.21516565535567775,-0.887941933884683,-0.08197327298779904,-0.35795855582166797,-0.03246945160875156,-0.19452686090299223,-0.9487023998283626,1.3978373441174774,0.17355177399696728,1.144835414912562,1.1363353438202486,-0.3990084178168358,-0.5110929028604039,1.0252464737293747,0.9458469564332631,0.814079452145714,0.8346174010651936,1.145367107585477,-1.0944796017616265,-1.0674301261604557,-0.39667673431412487,-0.4028202880963159,-0.940868727875902,-1.0165554735580147
2014-05-19,-0.22225647327255674,-0.21151721655576183,-0.2051586542935184,-0.9164688815656621,-0.06412330086404909,-1.048152903435222,-0.021017483981377216,-0.6579265689021275,-1.0644210292952434,1.4105372682223256,-0.5301857392720929,1.1832955205885038,1.1865646454522638,-0.40834178582226416,-0.4419209078466276,1.0844274856147855,1.0155931807433463,0.8405197891756255,0.8215037186113656,1.1597936740709658,-1.0883034027038112,-1.1723304379786827,-0.3975474182030728,-0.4037223628308747,-1.0605679253146234,-1.0124021375433419
2014-05-20,-0.23795035904327608,-0.24065865999344285,-0.22569949314389737,-0.941618391293776,-0.09490867261327479,-0.06672154653388797,-0.06255087597570087,-0.7456170116271321,-1.1411296958540258,1.405094443605963,-0.5171311787373869,1.1832955205885038,1.1590954961222555,-0.4165400144756809,-0.4586768569493436,1.0010360597762509,1.0746092166980332,0.8308700311355117,0.8377029734072716,1.2666571295190292,-1.0920091221385007,-1.339012528536479,-0.39928887304935734,-0.4055264192354375,-1.1001216201933044,-1.0300018246326987
2014-05-21,-0.22330293111116992,-0.25939259745919463,-0.25519334359708323,-0.3547265318798146,-0.05403421586174803,-0.5296910796262837,-0.048185833602228195,-0.7259084910715835,-0.6877618076027612,1.3905802446289937,0.05352234241397573,1.198601072847297,1.2163882932962724,-0.40354897522488203,-0.47285496772856483,1.0548369796720807,0.9834026156771538,0.8461166488388917,0.8290248011951792,1.3174172708568594,-1.0926267420442817,-0.6980265741134476,-0.39406459557889273,-0.4001143430863051,-1.0396842899179655,-0.8390315535145583
2014-05-22,-0.23167271057261557,-0.22348624391661714,-0.20199868729460504,-1.001152890801906,-0.04213294517382365,-1.0951663498802393,-0.0014534702766178542,-0.9439495919013247,-1.0419657145120103,1.3624589841111159,-0.18714089855454002,1.232744227886144,1.2128565455252718,-0.4016570763048628,-0.2460051952610251,1.1086378995679094,1.0746092166980332,0.9022782406323542,0.8427170284631471,1.3815353441256975,-1.0852153031749028,-1.1465880301705287,-0.39928887304935734,-0.4055264192354375,-1.06946694767851,-0.9059424503117388
2014-05-23,-0.3708239821454199,-0.25366830265120766,-0.2204323899122344,-1.2402258857818302,-0.02247075892462245,-1.1045320853685436,0.021155168920167312,-0.9178794602803774,-0.7920069185672602,1.3425019605177841,-0.86924168649293,1.2292121773648839,1.2258062873522757,-0.4341977377291939,-0.48832199766953344,1.060217071661663,1.0987521404976772,0.8476606101253095,0.8980644823491585,1.3291722509561466,-1.0654514661898933,-1.1472315903657326,-0.4062543441609396,-0.41274199340180023,-1.1516503455250398,-0.9588662899150143
2014-05-27,-0.40482711359694956,-0.3364098381088747,-0.3489421035240488,0.4179434965120811,0.007796439202631334,-0.8804031781504023,0.04707959713102078,-0.674267177717171,0.3979608575369266,1.3425019605177841,-0.5096368939859816,1.2531516308978683,1.2250214545142755,-0.4799816915936597,-0.20948581901151586,1.0117962437554167,1.0638790283426356,0.8119565053768882,0.8625804004152692,1.3222261263520214,-1.0605105069436418,-1.045549079523525,-0.48461580709785246,-0.49391969225023685,-0.046354076450131766,-1.0414754896460507
2014-05-28,-0.4184280836904418,-0.4077028359891375,-0.3926565428225543,-0.375659014559436,0.004175082452892038,-0.9889447027594882,0.05235298878689833,-0.9036593884871333,0.9988454122473879,1.303495050767181,-0.48667053748973943,1.2445177296236771,1.2199200410672737,-0.5067205296632651,-0.4230167601409993,0.8154228861356421,0.9968153511214004,0.7853231731861745,0.809739974057196,1.4205405053642404,-1.0524814481684799,-0.9503021706333555,-0.516831023920532,-0.5272928279112591,-0.17583708777994583,-0.9981298727261119
2014-05-29,-0.4451075273321331,-0.42019198886345044,-0.4005567763270703,-0.6017565416978444,0.02978679489285839,-1.0371078230040345,0.05243908401876368,-0.9907261438527851,-0.5492600485382932,1.3134735625638478,-0.4942856978016513,1.2025255734264753,1.2026537186312685,-0.5566666611517733,-0.20304122320277895,0.8826740360054288,0.8197672432573422,0.7988328344423339,0.7819698229785,1.3462704038278357,-1.0265414121256553,-1.053271801865971,-0.4994174332099651,-0.5092531945111873,-0.75036384890801,-1.0394493271553449
2014-05-30,-0.4832957577641036,-0.4540171118122097,-0.46112451340077165,0.008414833549424218,0.03780546059331525,-0.7920014749223478,0.06414691502505333,-0.37090564612796595,-0.4591109745910063,1.3397805482096028,-0.4898133020629094,1.2221480763223642,1.1897039768042648,-0.567639674887885,-0.2945544836868433,0.8961242659793858,0.8680530908566315,0.7644796958195282,0.7962405950606078,1.3660401430857279,-1.035805710712379,-1.2012906467628557,-0.4767796520973223,-0.4858017641556491,-0.4968024012087895,-1.0322359510154127
2014-06-02,-0.4670786430740777,-0.47223055949450965,-0.46165129745895905,-0.5322614624643156,0.04349811827948934,-1.0313799838956677,0.07783246873212288,-0.9650302246474496,-0.8524887518155309,1.3089378753835434,-0.2577322258903578,1.1966388225577085,1.1795011499102614,-0.5741982578106184,-0.49304803459594054,1.0360066577085403,0.9163389384559197,0.6984753508251499,0.7574780925132609,1.3275692991244246,-1.051863828262699,-0.47406762618250897,-0.49506392669683713,-0.5047432861611695,-0.7249189055660434,-0.9252533831410467
2014-06-03,-0.48015675043527006,-0.49148498674371327,-0.4716583511889905,-0.7054839581485481,0.04091043543009174,-1.0233527971882432,0.08110319771240192,-0.8369248410363831,-0.792334733381614,1.3370591359014214,-0.45814390521019666,1.1781936698355728,1.1602727453792558,-0.5530089899064028,-0.503789027610502,1.2296899693335237,1.0370535574541413,0.6787898444233171,0.6969237352999944,1.371917633135372,-1.0166594936331506,-0.9831237405887517,-0.4880984555852549,-0.49752752586569593,-0.8439249630718993,-1.0412021656736974
2014-06-04,-0.4330754593101187,-0.487841870490974,-0.4579645990697304,-0.9246930383887403,0.05100037362716032,-1.2187562833295862,0.07436381011357361,-0.8651155096791299,-0.8801891036284245,1.3107521502556665,-0.054177781997349,1.1911445217468595,1.1916660588992651,-0.5435494953063065,-0.7327869986809541,1.248520291297064,1.2141016653182006,0.7102480556340887,0.6766746668051121,1.3767264886305342,-1.027776651937219,-0.9895593425407901,-0.49593461058578503,-0.5056453608957282,-0.8794795280153377,-1.0084508235951912
2014-06-05,-0.4356912377196457,-0.4503744639066057,-0.4184636948865123,-0.863460279119,0.08359707786724263,-0.46789611290161026,0.08931742600573761,-0.8041188859344254,-0.44845699312450876,1.3660875338553597,-0.26885277745695924,1.1750540693722307,1.1528168334182536,-0.5552792686104259,-0.31560682999538386,1.189339279411652,1.2194667594958988,0.7239507120510501,0.7081089350400241,1.4002364488291086,-1.0172771135389316,1.6200772490108082,-0.4637193937631055,-0.47227259749292694,-0.665165132643853,-1.0347671686724234
2014-06-06,-0.43359868822942527,-0.45609870667602215,-0.4442708469504703,-0.743761588281019,0.10765608959012624,-0.7431403384423735,0.14274492021569476,-0.6785082517607701,-0.2793045489179632,1.3506661974423302,-0.7321688008785167,1.1781936698355728,1.1685134901782581,-0.5284143039461525,-0.5076557850957443,1.2243098773439403,1.1792285531631579,0.7671816280707603,0.7223797071221318,1.454736811107621,-1.0524814481684799,-0.17223789463190492,-0.46459016472044207,-0.47317429996926474,-0.8966642876412202,-1.0486294475311235
2014-06-09,-0.39488764737758414,-0.451935568986967,-0.41109019277231235,-1.129152064744386,0.11283148372874773,-1.0218746451602776,0.1729329553537552,-0.8456564640673223,-1.1160518625559623,1.306216463075362,-0.3186535083856526,1.1919294218626948,1.227768369447276,-0.5092430615566241,-0.7581357421953193,1.2539003832866464,1.2141016653182006,0.7623567490507034,0.7609493613980982,1.4333641200180085,-1.0469228690164474,-0.6960958935278361,-0.47242631972097227,-0.4812922280638522,-1.1119656887235594,-0.9276419969863949
2014-06-10,-0.3938411372265417,-0.41967149907999857,-0.37738280720383827,-0.98249111499455,0.11334743904432557,-1.1859084604859058,0.1665556423050936,-0.8777139943380566,-0.7333280667979353,1.2644881410165776,-0.007882442323345217,1.2570761314770464,1.2462119411402817,-0.4924682244657868,-0.5854205745211698,1.3399818551199723,1.2328794949401454,0.8501695472157393,0.7594065752270592,1.5717522948232499,-1.0222180727851848,-0.6053539060040937,-0.4306333189147003,-0.4379971079036797,-0.6595784886688216,-1.0053016560876424
2014-06-11,-0.32949711057162245,-0.41238609919165026,-0.3789627907032942,-0.9794953084487883,0.09575524549958682,-0.9468789596303002,0.13541575617900767,-0.9113931117431082,-0.09310573436502158,1.2508810794756688,-1.0153802391453335,1.2507969305503615,1.2364015306652787,-0.4468103971959889,-0.6790820336081465,1.3399818551199723,1.3696893964714638,0.8625212375070853,0.8473453869762632,1.6337330989831274,-0.9987485163654858,-0.21471286751535879,-0.3975474182030728,-0.4037223628308747,-0.5753316419898902,-1.0405545066957298
2014-06-12,-0.3127571331492966,-0.35306218071081324,-0.3447285684087614,-0.25130442055479363,0.06005532969191324,-0.175406780367915,0.0867555583414246,-0.7779240168416075,0.010811561785123663,1.26902382819688,-0.997248905069353,1.2574685815349638,1.320378644331304,-0.44542300465464146,-0.3332220585392648,1.2243098773439403,1.3455464726718198,0.766409647427551,0.8571806488166345,1.2004017871412294,-1.005542335329082,-0.5879777807335899,-0.34356493001992067,-0.34779987154887293,-0.25904901584943757,-0.7649191642284174
2014-06-13,-0.34100589736190096,-0.33797094318923526,-0.3089144152826433,-0.8928077343252513,0.07531847216103149,-0.6749605761524596,0.09288102872729793,-0.4952689055829156,0.294535283608312,1.2590453164002149,-2.4117347141168524,1.3563659961302441,1.3549112892033142,-0.3421253236215904,-0.5454640805070009,1.2539003832866464,1.243609683295544,0.6938434669658952,0.7640349337401754,1.1277346374365467,-1.028394271843,-0.9689654162942671,-0.33659945890833814,-0.3405838320597335,-0.5189988500266812,-0.9345463982010582
2014-06-16,-0.3483295851717394,-0.3395320482695966,-0.31997461578607195,-0.5481564105701722,0.07945669430076391,-0.5639554648300977,0.09463587769540441,-0.7113142068627278,-0.7113644742362327,1.2889808517902117,-0.47953887941985374,1.353226395666902,1.3447084623093115,-0.2545934669220331,-0.4857441593460387,1.2243098773439403,1.2328794949401454,0.7077391185436587,0.7235367967504107,1.093004014415926,-1.0228356926909656,-1.7637622573710177,-0.3479184365330484,-0.3523097798988911,-0.5671992260033666,-1.0020158265939172
2014-06-17,-0.32792779000070865,-0.3660718233685781,-0.34525535246694883,-0.8916246769632308,0.09342707605855774,-0.6171278780583052,0.09877638314796615,-0.8905619539407245,-0.9990219738316662,1.2626738661444568,0.30155899257339025,1.3410604438714508,1.3297966383873066,-0.28398096347966545,-0.43805415036138545,1.3749524530522608,1.2301969478512975,0.7121780072421114,0.7052162109693267,1.1715486541702531,-1.0333352310892514,-1.1530236321225673,-0.3357287750193905,-0.3396819434542852,-0.8133820873204702,-0.9814036339831882
2014-06-18,-0.10455350702182567,-0.3504600960635482,-0.33103523763247894,-0.783069623212669,0.13042148740691709,-0.19764065045523105,0.1079955638953662,-0.7634544701046224,-0.739556548270657,1.3080307379474831,0.30433913046504063,1.3453773945085463,1.3254800577783052,-0.23832313620986756,-0.6064729208297104,1.2054795553803999,1.3857846790045596,0.7681466038747717,0.7098445694824428,1.2378039965480516,-1.0154242538215867,-0.5461463680453398,-0.2800050931951202,-0.281955395767721,-0.22999782834062685,-0.9770185667745638
2014-06-19,-0.12757108060238342,-0.11992922816795638,-0.21358567185622182,2.9899483646854352,0.13611283686111642,-0.5946476492996614,0.15067109880318325,-0.6823751133887576,2.328462299266281,1.3198235246162708,0.41905003738574453,1.3367434932343552,1.3254800577783052,-0.21032303219358267,0.18621236364493127,1.2888709812189358,1.200688929873953,0.8243081956682341,0.7661562647253534,1.4055796216015117,-1.043834769487539,-0.19025758009761262,-0.16420413596506342,-0.16199304349646157,1.1194082706392663,-0.9699180853188645
2014-06-20,-0.10926183492157308,-0.12825555558463791,-0.11404344598238429,0.238366837899577,0.146425402012784,-0.29372053227299577,0.17610471539531156,1.4023622539839338,0.3120733761762387,1.3107521502556665,-0.20225034361785718,1.3402755437556149,1.3502022921753132,-0.004610556290156257,-0.00798479005834137,1.2539003832866464,1.2865304367171329,0.7832002264173497,0.8230465047824037,1.230323554666688,-1.0561871676031696,-0.9618862541470248,-0.18771260096665388,-0.18634626939289273,-0.1585149778447858,-0.9504170140740064
2014-06-23,-0.102460957531606,-0.13502046568953363,-0.10561637575180875,-0.6798192460208446,0.1448653353808798,-0.9091244932493452,0.16599965883278223,-0.8891898417501483,-0.7607006037964752,1.3161949748720292,0.06222538277044642,1.3732413486207082,1.3399994652813099,0.02805623172884279,-0.5647978679332116,1.3023212111928928,1.2597049658286399,0.7666026425883531,0.7763772231084848,1.2372696792708118,-1.0469228690164474,-1.2115876098861174,-0.1485318259640031,-0.1457572803718415,-0.4589735706791749,-0.9807024985758472
2014-06-24,-0.10193809479930534,-0.11524591292687311,-0.0866559417438641,-0.44942836555252297,0.11419193122494381,-0.3830255506292514,0.12856935820920706,-0.6823751133887576,-0.2542267156198998,1.3161949748720292,0.18032080538533335,1.3182983405122197,1.3011502398002983,0.02502919345681199,-0.3624375595388722,1.1705089574481116,1.2784827954505857,0.8339579537083479,0.7640349337401754,1.324897712738223,-1.0580400273205142,-0.8537681413527786,-0.21818662414821555,-0.21791544171390723,0.11418288154935327,-0.9966681836565704
2014-06-25,-0.11553906489279833,-0.10327688556601705,-0.09034264013309197,-0.3841503133674866,0.13706841500042974,-0.659255210855325,0.12617163133720294,-0.7609597206672112,-0.46747025235702744,1.3388734107735443,-0.04426598603581294,1.3253624415547394,1.3443160458903112,0.01216428080068109,-0.4251649587439116,1.1274682215314498,1.1658158177189113,0.8272031230802682,0.8321103735372564,1.3510792593229992,-1.0543343078858247,-0.06025842066643559,-0.19293670430034054,-0.1917580663483592,-0.5608012569456263,-0.987761387253145
2014-06-26,-0.11920088264150253,-0.13606144525643735,-0.1145702300405717,-0.605973568746337,0.13342794668790395,-0.6278444802610558,0.10420586592472932,-0.8890651042782777,-0.8234771407452222,1.3216377994883919,-0.41958460140861126,1.3469471947402172,1.316454480141303,0.01960574988609014,-0.409697928802943,1.0494568876824972,1.1228950642973226,0.8312560214571159,0.8238178978679233,1.3676430949174485,-1.0703924254361465,-0.5654531739014552,-0.17639362334194364,-0.17462032155373544,-0.6300226186282472,-0.990369848641473
2014-06-27,-0.04701030544444571,-0.12305180259867256,-0.09086942419127937,-0.8596630466183212,0.14330654854112648,-0.8920005126031492,0.1156377176127191,0.034491137451358365,1.0326103381258263,1.3561090220586929,-0.9653377570956272,1.3061323887167686,1.293301911420296,0.05101127195840968,-0.5497604777128254,1.060217071661663,1.0316884632764431,0.8681180971703515,0.8280605598382801,1.4472563692262561,-1.0703924254361465,-0.7713924363666862,-0.17378165874348914,-0.17191484186650033,-0.8126250635228245,-1.0134360151778956
2014-06-30,-0.06479632220594873,-0.07777850634250554,-0.10561637575180875,1.7970830755023426,0.14070672188620761,-0.9175376418751828,0.12721359415363326,-0.5558913169120084,-0.139655438003257,1.395115931809296,0.07576344554717859,1.3057399386588506,1.2740735068892903,-0.012052025375565305,-0.6533036503731987,1.0494568876824972,1.0370535574541413,0.8932074680746475,0.8564092557311149,1.4504622728896976,-1.0926267420442817,-0.24431663649473573,-0.13285942889455382,-0.12952161031177684,-0.28890194586124013,-1.001427585870809
2014-07-01,-0.06479632220594873,-0.07361531661487915,-0.04662862217756412,-0.10678060668473661,0.17475803788496397,-0.5014214220914415,0.1381675120493398,-0.7593381335328939,-0.6964489001831361,1.3833231451405081,0.1646069825194835,1.2959286872109061,1.287023248716294,0.02755172535017099,-1.1581303220575911,1.1436084975001979,1.0397361045429905,0.9636507017674786,0.890929096308105,1.5685463911598085,-1.121654877616015,-0.6652050041580515,-0.15114387763084658,-0.14846313231729721,-0.20876922007415563,-0.9690921715763187
2014-07-02,-0.09304466791911783,-0.06737016775344533,-0.038728388673048085,-0.5660740051336767,0.17995729303724148,-1.281454565182461,0.18808933315879564,-0.9615375754350738,-0.8446211962710404,1.3660875338553597,0.6549991314945053,1.2869023358787972,1.2650479292522874,-0.0022141509914652075,-1.2646809727620416,1.3077013031824751,1.1416728939192673,0.9734934549683945,0.9607401705476037,1.5984681586852658,-1.1191843979928893,-0.8743620675993017,-0.13024746429609932,-0.1268160375599873,0.1136686164378724,-0.9523540491824232
2014-07-03,-0.10036877422839151,-0.11680701800723371,-0.09297619174892345,-0.721855945513284,0.20517238366974114,-1.271932802535649,0.20015521387953886,-0.8497728006390509,-0.9621428072168671,1.3216377994883919,0.041193035242308926,1.2523667307820328,1.2187427918102731,0.01304716696335674,-1.2865925985117472,1.3426719011147634,1.2945780779836813,0.9439651953656457,0.9711539772021148,1.6465567136368944,-1.1031262804425692,-0.3447120269465358,-0.12850609651820374,-0.12501170196175898,-0.6449586662138654,-1.0241253592271033
2014-07-07,-0.09775299581886526,-0.13033715044845037,-0.11298987786600949,-0.7776313756614457,0.1872364948329301,-1.092148456156476,0.20569573598257057,-0.9161331356741895,-0.49107291899049893,1.3161949748720292,-0.7622668154446445,1.2429479293920065,1.2101096305922707,0.07043476753727398,-0.7632914188423089,1.2700406592553943,1.3777370377380123,0.9368243744159619,0.9615115636331233,1.7218954497277799,-1.0611281268494228,-1.1407959884136942,-0.16855746834141347,-0.16650295184647976,-0.5257609571136689,-1.025260247894918
2014-07-08,-0.057472634396110306,-0.10431786513292077,-0.10245646142076752,-0.47492134354703,0.15422274899061902,-0.13859668889371582,0.157224618912115,-0.7443696369084265,-0.4769768819732868,1.3234520743605127,0.2073969309387977,1.218616025801104,1.2159958768772727,0.08115552808404973,-0.6013172441827208,1.1220881295418663,1.2704351541840373,0.9526499776017482,0.9345128056399468,1.764106514629764,-1.0691571856245827,-1.3415867693172943,-0.13198891914238384,-0.1286199078354393,-0.15863955138110725,-0.9664540010605609
2014-07-09,-0.020854090722061028,-0.06632991672653009,-0.06295555723754942,-0.06541176215472821,0.17709837957133745,-0.8602428268800936,0.17329985805893905,-0.8457812015391929,0.40976219085366233,1.352480472314451,-0.5124170318776319,1.2197933759748574,1.1912736424802655,0.09048889608947804,-0.7942254787242461,1.1140179915574917,1.117529970119623,0.982371232365299,0.949554970807574,1.7619692455208036,-1.0778038643055254,-0.6465417584971399,-0.07191164373659711,-0.0663836379279674,0.04803752795590063,-0.763243569441382
2014-07-10,-0.008298793780738544,-0.0168926501641755,0.0060396187418322094,-0.45646946501358066,0.15682214904815295,-0.3254802709849791,0.12863131266597772,-0.840916440136241,0.530234135128673,1.3207306620523314,-0.7627503176866707,1.1597485171134374,1.1669438245022579,0.10373218852961277,0.0706392788082491,1.0655971636512465,1.114847423030774,1.0063026323047815,0.9811820873138657,1.7657094664614847,-1.0950972216674075,-0.9959949444928287,-0.11892848667138906,-0.11508999665627462,0.39117693084996297,-0.8919316258158901
2014-07-11,-0.16837472325687428,-0.03666756719683174,0.00024615279496099945,-0.8364216939257242,0.16384271907006445,-1.0398588281671926,0.15125604708602336,-0.9221205343239764,-0.4748460856799873,1.3198235246162708,-0.5382844018260309,1.1982086227893798,1.1661589916642578,0.2400750373656667,-0.772743492695123,1.0064161517658343,1.0558313870760871,1.0041796855359566,1.002973941979787,1.789753743937299,-1.0790391041170875,-1.078370649478921,-0.05711001762448442,-0.05105004260246183,0.0022264085219959734,-0.8161852345211155
2014-07-14,-0.23062661892100833,-0.17873307317390627,-0.1540711342237898,0.5266512028254842,0.18957595488471055,-1.154518259780914,0.18859140772617358,-0.9274842456144106,-0.3948592709776673,1.329802036412938,-1.406654428504995,1.102058358599524,1.0967012855012366,0.10940788528967052,-0.3134586313924716,1.0898075776043692,1.0263233690987439,0.942035243757623,1.0016240040801285,1.7544888036394386,-1.074715764776617,-1.3068345187762866,-0.11979925762872566,-0.1159920713908334,0.21291858876044148,-0.7428036897697454
2014-07-15,-0.2076090453404513,-0.1672844835579323,-0.21147890429857774,0.35037565588442443,0.17995729303724148,-0.07364011922033811,0.21143901999848025,-0.41406481139518014,-0.15539054909223796,1.2862594394820304,-1.8338286593350976,1.1201110612637417,1.090815039216235,0.07358793240397273,-0.4479358639347821,1.103257807578326,1.0853394050534306,0.8976463567730993,0.9399125572385825,1.7176209115098562,-1.0759510045881806,-0.16129737131343952,-0.1911952494540563,-0.18995391687924135,0.41593192845230303,-0.8470886688734941
2014-07-16,-0.09670695647968733,-0.21151721655576183,-0.18935850329171974,-0.8788400248252669,0.19893336849444976,-0.7166485693189454,0.23431076892629552,-0.29219630137764174,-0.5405729559579183,1.2436239799871853,-2.466491343026314,1.0906773069199083,1.1108282765852406,0.044578815630344236,-0.538160205257099,1.0440767956929138,1.0853394050534306,0.8972603664514951,0.8942075169215618,1.8052489449772688,-1.0500109685453543,-0.7977784043700439,-0.1476610550066665,-0.14485529870183814,-0.267967203372758,-0.8615332466298165
2014-07-17,-0.14692683643423626,-0.10327688556601705,-0.17197800011535966,0.5187132695577336,0.14044678188045576,0.6262443361321015,0.19487779738795116,-0.4451244418909499,0.13505337642520268,1.2454382548593064,0.9783412558494926,1.141303364391302,1.201476469374268,0.07875912278535868,-0.30271763837791005,0.8073527481512687,1.0263233690987439,0.964808672732292,0.8949789100070813,1.894479930276402,-1.028394271843,-0.9844108609791594,-0.08584258595976187,-0.0808152515834696,0.16659639840829496,-0.7253050137136494
2014-07-18,-0.13594127856326435,-0.1730087783659193,-0.14248414966217302,-0.42830506716934985,0.1924344417532304,0.1937206288379418,0.19954532150229554,-0.2793483417749739,-0.7120201038649402,1.2436239799871853,-0.05671616876798628,1.2319593277703085,1.2061854664022698,0.09376818755084473,-0.5914355306093242,0.9149545879429261,0.8278148845238906,0.9155949067277114,0.96478998424658,1.8560090863150989,-1.0271590320314363,-0.49916647379545903,-0.09019591833611192,-0.085324973804377,-0.46570693002701136,-0.9099888334676646
2014-07-21,-0.16732863160526704,-0.15531545619707623,-0.11931012787106884,-1.0321604426290574,0.18281663310052887,-0.9711042289775144,0.1982354207998165,-0.8399185403612766,-0.8269191962959368,1.2418097051150645,-0.04680437280645023,1.2025255734264753,1.247389190397282,0.12075927880978603,-0.666622481711255,0.8799839900106365,0.9109738442782216,0.9082610906172245,0.9167707646730027,1.809523483195191,-1.0302471315603448,-1.107974418458298,-0.09367874096029202,-0.08893317967805733,-0.7721226932521571,-0.9040351243307517
2014-07-22,-0.1736058615764923,-0.16156024078851508,-0.153017566107415,-0.9203996850588271,0.20517238366974114,-0.9693386584996666,0.2253385985670805,-0.7105657820315044,-1.0059060849330954,1.1901028712596131,-0.3925084758551469,1.261000632056224,1.2528830202632837,0.09036276949481008,-0.4324688339938135,0.8719138520262631,0.8868309204785775,0.9028572261147613,0.9048141718474525,1.784944888442137,-1.0228356926909656,0.20746262053836464,-0.1206699415176736,-0.1168939599962817,-0.6328335086785774,-1.021843698240502
2014-07-23,-0.2400429085334965,-0.1818552312960577,-0.15670426449664288,-1.0807993654643855,0.21660974392289067,-1.0117534097465686,0.23272086406980644,-0.7669471193169981,-0.48123847455988583,1.1891957338235526,-0.10180275283692469,1.1601409671713554,1.1798935663292618,0.10852499912699487,-0.8088332292240498,0.8799839900106365,0.8707356379454806,0.884329690677742,0.9007643581484762,1.7790673983924927,-0.9944251770250135,-0.9406487677052978,-0.12937678040715167,-0.12591396282542855,-0.7722312958222836,-0.975996572790982
2014-07-24,-0.16471285319574006,-0.24274025485725603,-0.23570607286307907,-0.1133255853165599,0.21686883073387664,-1.1908561638017352,0.2339647854798032,-0.8548870369857439,-0.5274603633837674,1.188288596387492,-0.4351775487139546,1.209589674468995,1.1795011499102614,-0.0365205847411476,-0.2790874537458746,0.9687555078387536,0.8761007321231787,0.8399408036932183,0.8820580758246329,1.7432681408173925,-0.9919546974018878,-0.7276303430928246,-0.16507481985401135,-0.16289502516646528,-0.3675557601786623,-0.946941046164731
2014-07-25,-0.17569841106671272,-0.18757952610404469,-0.2077922059093491,-0.5851746570592018,0.19269566155113474,-0.7813054026088745,0.1740577960052323,-0.8436606645173934,-0.4215761783474996,1.1592601984335538,0.45446657661415996,1.1644579178084509,1.1492850856472525,-0.017979975324958954,-0.6558814886966935,0.8746038980210542,0.9673073331440581,0.8712060197431878,0.8377029734072716,1.8271559533441213,-0.9851608784382915,-0.26812836371727805,-0.10064421207187424,-0.09614875384442044,-0.2211339421023696,-0.9480581093560879
2014-07-28,-0.19557739581787215,-0.20110965854526133,-0.16197099905319953,-1.048074472305269,0.19477475499977837,-0.9368809035522551,0.15843233327905581,-0.8573817864231551,-0.7490631778869163,1.1674244353580998,-0.9192841685426364,1.158178716881766,1.1328035960492475,0.005984077661951541,-0.7061493360048415,0.928404817916883,0.8814658263008781,0.9099980470644452,0.8662445175714862,1.8479943271564943,-0.959838462301246,-1.1054001776774827,-0.08584258595976187,-0.0808152515834696,-0.8959679535151157,-0.9800370141214219
2014-07-29,-0.21493273315028974,-0.19018161075130974,-0.1925184702906331,-0.6559863646472374,0.17267982607091337,-0.7068024344215522,0.17259904641439783,-0.7352638014618755,-1.1914492698573296,1.139303174840222,-0.47059408794237,1.1475825653179863,1.1222083527362443,0.01544357226204779,-0.8363301713413274,0.8611536680470974,0.9351167680778656,0.884522685838545,0.9067426545612508,1.8218127805717181,-0.967249901170625,-0.8666393452568555,-0.10586831540556091,-0.10156082999355247,-0.7020580645544372,-0.949157347070987
2014-07-30,-0.29026278848804543,-0.23961809673510387,-0.2088453526827463,-0.5897542339444426,0.1734596460881722,-0.21909438475000972,0.13348389683132253,-0.7131852689407863,-0.8796973814068938,1.1275103881714341,0.034061377172423225,1.1232506617270839,1.1139676079372416,0.007371470203298991,-0.7469651094601754,1.1247781755366575,0.8519578083235346,0.8739079519944197,0.8818652275532524,1.84158251982961,-0.9425451049393623,0.06845361837433375,-0.1311182352534359,-0.12771811229454608,-0.36619503385884333,-0.812715208437326
2014-07-31,-0.23847358796258267,-0.2843712674778155,-0.2709934945988819,0.22726136395286808,0.07234107838178302,1.4080430497009686,0.028904337128078623,-0.41481323622640354,-0.6097418817865639,1.1202532886829506,0.2293962829509875,1.062028452691911,1.0425478196792204,0.03209228275821719,-0.5304266902866147,1.1301582675262398,1.114847423030774,0.8082895973216456,0.8720299657128812,1.7726555910656099,-0.9166050688965376,-0.297732132696655,-0.17987644596612373,-0.17822852742741577,-0.33120584111871004,-0.8262031522904119
2014-08-01,-0.2588753831336134,-0.24586282928797296,-0.21832562235459108,-0.2496824870746042,0.05700547123709891,1.526746869502318,-0.023097393017696866,-0.6244969264408171,0.23962630220405545,1.157445923561435,0.009523638389596153,0.9921723423825466,0.9734825299351993,0.036758966760931336,-0.5746795815066083,0.9472351398804233,1.1255776113861704,0.811570515055284,0.8043402224585604,1.6748755293306308,-0.912899349461848,0.33102617801750317,-0.15462652611824873,-0.15207115206186675,-0.42367134700161846,-0.8555795374929037
2014-08-04,-0.2651526131048387,-0.263555787186821,-0.24465955847673648,-0.42095866258260944,0.09313761551385781,-0.4835604184201903,-0.018924701238201717,-0.7317711522494998,-0.6464571409941862,1.1501888240729494,-0.09406671696450632,0.9913874422667106,0.9962426822372061,0.00888498933931439,-0.7650099777246387,0.9230247259272994,0.9646247860552079,0.8150444279497253,0.8089685809716766,1.5738895639322117,-0.9295750869179508,-1.104113057287075,-0.17639362334194364,-0.17462032155373544,-0.6226216728934573,-0.966246037168553
2014-08-05,-0.17099050166640054,-0.2609540668095502,-0.26204000898522445,-0.06926623936647254,0.044267074283380135,0.7759482887421741,-0.05091304497801758,-0.7271558657902891,-0.5674537707349274,1.108460502014163,-0.07726501405409762,1.0192513963788732,0.995457849399206,-0.09479107147774049,-0.4530915405817716,0.9337849099064652,0.9243865797224681,0.7887970860806149,0.811861305042374,1.5113744424950943,-0.9289574670121681,-0.272633285083705,-0.1633334520761155,-0.1610909687619028,-0.594793861395188,-0.9146650501251
2014-08-06,-0.14431105802470928,-0.1839368261598709,-0.15038438316668903,0.11874447334301673,0.045826742757725664,-0.4121574635137404,-0.04977171362300637,-0.7025825838317885,-0.30848006739544875,1.1139033266305276,-0.1287580028298825,0.9894251919771219,0.9746597791921997,-0.0662864610827838,-0.4900405565518633,0.8799839900106365,0.9243865797224681,0.8175533650401544,0.7842840022350577,1.512977394326815,-0.9023998110635624,-0.06411978183765867,-0.11196301555980684,-0.10787451555446692,-0.19344348091337787,-0.8026022214602546
2014-08-07,-0.1437878291054027,-0.15739705106088944,-0.15828424799609955,-0.2684015075930259,0.01879292527972002,0.42782295626699546,-0.06564861529252682,-0.6797556264794757,-0.4648477338421973,1.096667715345377,-0.31128009919475386,0.9603838876912065,0.958570706013195,-0.0491332442079426,-0.6197917521677667,0.7185812303231516,0.8814658263008781,0.8600123004166553,0.8157182704699706,1.584041592199777,-0.9166050688965376,-0.0647633420328625,-0.10586831540556091,-0.10156082999355247,-0.8389388274258022,-0.9701022819089287
2014-08-08,-0.15581984481498853,-0.16260080404685406,-0.130897165100557,-0.5681157331616798,0.0762402069079098,0.04352395888521387,-0.05310881737603983,-0.6549328695772341,-0.6062998262358492,1.1402103122762826,-0.14302131896965392,0.9949194927879708,0.9923185180472052,-0.06880899297614279,-0.49175911543419315,0.75355182825544,0.7446559247695597,0.856731382683017,0.8577591936307735,1.6315958298741657,-0.9011645712519986,-0.06347622164245482,-0.10412686055927668,-0.09975658745987952,-0.9696899334715039,-0.9762104785084759
2014-08-11,-0.1542505242440747,-0.1818552312960577,-0.1440641331616297,-1.057500768060723,0.09079815546207738,-0.8283804387217237,0.02641971170490066,-0.8652402471510005,-0.6743214002142567,1.1175318763747693,-0.8698460642954627,0.987855391745451,0.9942806001422057,-0.0761243354668839,-0.868553150385012,0.7723821502189803,0.774163942746903,0.838975827889207,0.8465739938907437,1.7833419366104162,-0.920310788331227,-1.313913680923529,-0.08758404080604609,-0.08261902879436621,-0.9805789382232944,-0.9980585708202806
2014-08-12,-0.14326496637310276,-0.14178568802585456,-0.13195031187395415,-0.7815430975842556,0.08377846707475887,-0.8471036977426214,0.010267234436526143,-0.9000420018028871,0.055230469130059565,1.1021105399617397,-0.9145700216828815,0.9984515433092308,0.9679887000691977,-0.05834048561870295,-0.7070086154460065,0.8261830701148078,0.774163942746903,0.8308700311355117,0.836545883778992,1.8186068769082766,-0.9122817295560671,-0.8653522248664478,-0.04753249484605871,-0.041128337296977485,-0.40942843934886564,-0.9386819087392732
2014-08-13,-0.13751054682174887,-0.15635643576397995,-0.13037032837449747,-0.9040849424051568,0.11783109130549001,-0.9412332400790426,0.030650333105453315,-0.8595023234449547,-0.4051854376298111,1.0984819902174978,-1.4078631841100602,0.9760818900079172,0.9644569522981971,-0.11686322554463174,-0.4921887551547756,0.7481717362658565,0.8465927141458365,0.8293260698490931,0.8269034702100003,1.8570777208695797,-0.9073407703098139,-0.482433908720159,-0.0501445465129022,-0.04383418924243287,-0.8697436270228303,-0.9649328937361601
2014-08-14,-0.2081322742597579,-0.15635643576397995,-0.11825698109767169,-1.0221998629036586,0.14174517367724593,-1.1809402272807992,0.06530876603889639,-0.9050315006777095,-0.43665565980777304,1.0984819902174978,-2.3812740728692052,0.9756894399499998,0.952684459728193,-0.1195118840326587,-0.610769318035535,0.7024409543544023,0.771481395658054,0.8223782440602113,0.826517773667241,1.905700593098448,-0.8962236120057453,-0.6343141147882668,-0.07365309858288134,-0.068187415138864,-0.5435430308752466,-0.6406577678409353
2014-08-18,-0.22277970219186333,-0.23181220706330444,-0.196205168679861,-0.716131474406733,0.18333739474662883,-0.8103141361576995,0.07057330882362824,-0.739130663089863,-1.0468829367273167,1.096667715345377,-0.4166835879564544,0.9717649393708218,0.9397347179011892,-0.19052115683071452,-0.8178556633562815,0.6782305404012797,0.5729729110831996,0.7418992620056623,0.778884250636423,2.0072208757741086,-0.9166050688965376,-1.099608135920648,-0.08584258595976187,-0.0808152515834696,-0.8787640287297991,-0.9450634293111737
2014-08-19,-0.24684336742402832,-0.23597539679093008,-0.2051586542935184,-0.730270918039914,0.2101112437790555,-1.1447255025956418,0.14250595125975934,-0.8445338268204873,-0.7346393260553504,1.0576608055947738,-0.4650338121590693,0.9592065375174531,0.9440512985101904,-0.24046728831922273,-0.6485776134467917,0.7024409543544023,0.6802747946371747,0.7131429830461228,0.7389646584607973,1.8570777208695797,-0.8980764717230901,-0.2906529705494127,-0.11196301555980684,-0.10787451555446692,-0.7632524186274219,-0.8707668434349687
2014-08-20,-0.3169422321297367,-0.24534233950452108,-0.236759693647326,-0.8223967397146743,0.22388851912119595,-0.8649441715245952,0.16618954703880282,-0.9101457370244026,-1.0634375848521822,1.003232559431139,-0.5969090486717015,0.87325997483346,0.9083414043811798,-0.23365645220715342,-0.7766102501803652,0.769692104224188,0.6936875300814213,0.6693330815440063,0.7088803281255437,1.726169987945702,-0.8622545171877606,-0.42193925037099744,-0.11457515429503899,-0.11058027443536723,-0.901819715528985,-0.9212545345890085
2014-08-21,-0.30072511743971075,-0.3275633851787355,-0.3120747509566622,-0.1329414396416746,0.23896464129733544,-0.9670187810113317,0.20216592622656065,-0.8702297460258229,0.13374211716778758,1.0231895830244728,-0.43469404647192844,0.8277357681149978,0.8310353698381566,-0.26922415190351534,-0.6687706803141673,0.7185812303231516,0.7822115840134515,0.6452086864437216,0.6658751636078408,1.8485286444337339,-0.8190211237830504,-0.73020458387364,-0.16594550374295897,-0.16379691377191358,0.09065125995755466,-0.8791091664172297
2014-08-22,-0.32426591993957515,-0.322879705667658,-0.3057544482837307,-0.7568324639743105,0.2309064726791539,-0.7962922217813035,0.20242903183800467,-0.8805829561910795,-1.0496693626493239,0.9878112230181114,-1.004017936457719,0.8461809208371334,0.8176932115921525,-0.28221519115431415,-0.6404144587557249,0.7024409543544023,0.7178304538810665,0.6421207638708846,0.6400334952429441,1.932950774237705,-0.8258149427466484,0.18944293507265692,-0.1633334520761155,-0.1610909687619028,-0.9143281762529545,-0.8780218123533025
2014-08-25,-0.29235533797826585,-0.33797094318923526,-0.2978542147792147,-0.7047016137639862,0.25716047013989995,-1.047824425206785,0.21367180275886694,-0.9670260241973785,-0.8959242147174055,0.9415472137790226,-1.6031980898886244,0.8230263674199844,0.8125917981451511,-0.27817914012493977,-0.8277373769296781,0.6513300804533648,0.7178304538810665,0.6276461268107137,0.6261484197035957,1.9628725417631623,-0.7782582100014677,-1.0796577698693288,-0.20512619167722107,-0.20438571666385433,-0.5967902321695703,-0.9120209377838563
2014-08-26,-0.2939246062367504,-0.2895750725023506,-0.26836031165815594,-0.9203424403477616,0.260540543409461,-1.3877378019710438,0.24158601993846307,-1.050475392878784,-0.6803859742798014,0.9206830527496304,-0.7946614656603965,0.8249886177095731,0.8294657041621559,-0.26203493600744215,-0.5738203020654433,0.6889907243804455,0.6480842295709821,0.6268741461675054,0.6253770266180761,1.9372253124556273,-0.7757877303783419,-0.7926299228084132,-0.15549721000719666,-0.15297322679642553,-0.40262161355653187,-0.9300840872611167
2014-08-27,-0.25835215421430685,-0.30310520494356724,-0.26994029515761264,-1.1694523413345048,0.2584614784006429,-1.375912585747319,0.24613365997498077,-0.9135136487649077,-0.9775501034914943,0.942454351215083,-0.8381766674427499,0.8426488703158732,0.822402208620154,-0.2795665326662872,-0.7409501533720209,0.5894590225731626,0.6722271533706262,0.6367168993684214,0.624412785261177,1.9970688475065432,-0.7696115313205266,-0.5918391419048129,-0.16246268111877887,-0.1601888940273437,-1.010668238534784,-0.9591812066657692
2014-08-28,-0.2656758420241453,-0.27084113503659885,-0.24044639203655463,-1.0320841163476366,0.2556008301053791,-1.1612520634638683,0.21635757933671979,-1.0361305836136694,-1.044916047841194,0.9333829768544786,-0.3722013816900486,0.8375470195629423,0.8408457803131596,-0.24816101059396767,-0.3422444926714965,0.5275879646929593,0.5756554581720499,0.6544724541622304,0.6342480471015491,2.023784711368559,-0.7943163275517894,-0.5751065768295129,-0.13198891914238384,-0.1286199078354393,-0.8172917798450204,-0.9583671765741953
2014-08-29,-0.38128625878465594,-0.2765654298445858,-0.25045302442360845,-0.9582766022138394,0.2704182920679168,-1.0056970924097652,0.22338179512499215,-0.6664087169893257,-0.38977814135518385,0.8880261050514503,-0.5589541226726488,0.8689430241963644,0.8910750819451747,-0.23605285750584448,-0.9841262352216942,0.5464182866564997,0.5380997989281581,0.6523495073934056,0.6523757846112527,2.146143367856591,-0.7936987076460067,-0.5738194564391053,-0.11196301555980684,-0.10787451555446692,-0.8875927788424272,-0.9210643961734584
2014-09-02,-0.3551300440622712,-0.387927918956482,-0.3657958226422215,0.27154968874721747,0.2678175837784057,-0.8718627442110455,0.2125429372716782,-0.874470820069422,-0.07228949365355715,0.8880261050514503,0.3418105542220672,0.918391731494004,0.8879357505931739,-0.3156387387413209,-1.2728441274531084,0.756241874250231,0.5756554581720499,0.6069956446048705,0.6487116674550365,1.8677640664143862,-0.7584943730164582,-0.5429285670693206,-0.1885833719239905,-0.18724815799834102,0.045066928243619825,-0.7517758462535161
2014-09-03,-0.39017931947783746,-0.38168355067360793,-0.35368200135454597,-1.0095869448988912,0.2649586703125017,-1.179072007356565,0.23361076060106128,-0.9000420018028871,-0.8467519925643399,0.9043545789005403,0.2183966069448926,0.8187094167828888,0.884796419241173,-0.32635949928809665,-1.2810072821441751,0.6889907243804455,0.7419733776807106,0.6075746300872777,0.6043565650376752,1.7902880612145402,-0.7307014772562886,-0.7430757877777169,-0.1911952494540563,-0.18995391687924135,-0.8115965332998627,-0.8479799426963853
2014-09-04,-0.3598383719620187,-0.357745443913326,-0.3752760396461942,-0.266168963861471,0.2574204101456534,-0.6088748625688305,0.22121418421819017,-0.8333074543521368,-0.6248213632468372,0.7174842670720682,0.034665754974955915,0.8901353273239241,0.8683149296431679,-0.33266582902149416,-1.2887407971146594,0.8369432540939747,0.6990526242591205,0.5720635204996586,0.6037780202235353,1.9511175616638752,-0.744906735089264,0.9166659556530037,-0.2695569735961355,-0.27113189492134376,0.12123566022109093,-0.9001788795903761
2014-09-05,-0.4294136415614145,-0.38896889852338573,-0.3552624061969803,-0.995180359280738,0.28081503910328576,-0.26107800832208855,0.21276903252075627,-0.7271558657902891,-0.47140403012927273,0.7220199542523705,-0.1623614086506999,0.8716901746017885,0.8537955221401634,-0.3435127161629379,-1.2908889957175718,0.8530835300627228,0.8734181850343297,0.5992758381727794,0.5719580554458631,1.9575293689907591,-0.6158241747809178,0.6746873222563573,-0.2530138926377386,-0.25399452238494125,-0.46352849023800546,-0.8401545585314011
2014-09-08,-0.42208990143914676,-0.41238609919165026,-0.42162360921755354,-0.22878816753569312,0.2672990119988751,-1.0418502274270907,0.24142107582684716,-0.864242347376036,-0.5248378448689373,0.6739416701411628,-0.2171180375601613,0.8293055683466687,0.8004268891561473,-0.29987291440782715,-0.6760745555640691,0.88536408200022,0.8251323374350416,0.5564309124746744,0.5968354824538616,1.9008917376032861,-0.622000373838733,0.9372598818995268,-0.32963398779675596,-0.33336816482881537,0.006334141027364917,-0.9404822818615133
2014-09-09,-0.45400053571288534,-0.4472518894758888,-0.44111087995155773,-0.48623671476764574,0.23428614779115792,-0.5399970840434885,0.2060417153094768,-0.8219563444119157,-0.502382530085704,0.7111343050196451,-0.5206365699920764,0.8128226659141219,0.8106297160501507,-0.2817106847756424,-0.7435279916955156,0.9687555078387536,0.9056087501005222,0.5205338125654502,0.5484305663375241,1.6273212916562434,-0.5645617226010493,0.9359727615091191,-0.29741885804246504,-0.2999952152969036,-0.46451549594886005,-0.985051914831556
2014-09-10,-0.4953274072866828,-0.46806736976688323,-0.46007136662737447,-0.32133378375826727,0.2537821032598723,-0.9781049212210737,0.19833036490282605,-0.7252848037122307,-0.49533451157709796,0.6920844188623738,-0.14858159475295463,0.8014416142345067,0.7764894875971402,-0.2702331646608589,-0.7482540286219227,1.0790473936252034,0.9592596918775097,0.4894615916762837,0.5154535119315721,1.507099904277172,-0.5929722382669997,1.8980952533388697,-0.33747022986567476,-0.3414860929234031,-0.3307458772922924,-0.8074507510567824
2014-09-11,-0.5523481646311988,-0.5117799772512559,-0.505892520815652,-0.20865711081098884,0.2597611784294102,-0.987889466450635,0.20216592622656065,-0.8890651042782777,-0.3905976783910683,0.7002486557869178,-0.8555827481556912,0.7563098575739621,0.7898316458431444,-0.35208932460035847,-0.432039194273231,1.0978777155887425,1.0451011987206897,0.44873961274700347,0.4871048160387372,1.3414615483326737,-0.5762965008108988,0.2936996866956801,-0.3226686037535624,-0.3261524045333421,-0.4726702712880567,-0.6258388550789987
2014-09-12,-0.5387468283506999,-0.5534105735632499,-0.5427598733830393,-0.11048243133363958,0.22934640604724973,0.051639424116530615,0.18312893118358392,-0.6499433707024116,-0.012299382626817155,0.7356270157932792,-1.3547988130476902,0.8096830654507797,0.7996420563181472,-0.3792065424539677,-0.5639385884920467,1.2565904292814376,1.0853394050534306,0.4491256030686077,0.4435211067068954,1.37031468130365,-0.5713555415646455,-0.7977784043700439,-0.35662536249091514,-0.36132941046981637,-0.37680933799207894,-0.8657519427248345
2014-09-15,-0.5288073098189059,-0.5554921684270631,-0.522219455875638,-0.7499249355057389,0.22544730596094845,-0.7902564343337773,0.18877727109648254,-0.7881524895349936,-0.6140034743731628,0.7147628547638869,-2.364593245519303,0.7747550102960976,0.7757046547591401,-0.3537289703310418,-0.7173199687399855,1.2081696013751924,1.2597049658286399,0.41940434830505774,0.42886463808202835,1.3793980750167356,-0.5867960392091846,-1.8017323088880446,-0.354013223755683,-0.3586234654598056,-0.7703051972991595,-0.9199354493311296
2014-09-16,-0.5962903961150873,-0.5258302352059294,-0.5232726553169065,-0.4123528743524278,0.26443879030099554,0.02683315890276884,0.20285386416424755,-0.7699408186418917,-0.4651755486565511,0.731091328612977,-0.19100891649074922,0.8002642640607533,0.8592893520061651,-0.3389721587548917,-0.5029297481693371,1.2162397393595656,1.2033714769628032,0.42828212570196234,0.4201864658699359,1.4574083974938228,-0.5614736230721408,0.42112460534604174,-0.34617706875515286,-0.3505057234943287,-0.5499697476721379,-0.8027151161444875
2014-09-17,-0.5837355176732015,-0.5357176677029722,-0.5727805605622848,-0.071899496075486,0.2714584786883141,0.7467137264112987,0.24547468684782264,-0.5876993722390015,-0.45665236348335303,0.645820409623285,-0.30704945457702504,0.8752222251230487,0.8549727713971638,-0.3548641096830534,-0.8066850306211375,1.291561027213726,1.2033714769628032,0.36362874683319957,0.4246219761116715,1.402373717938069,-0.5787669804340245,2.4373986969196935,-0.39580605042517725,-0.4019183994908676,-0.08889114781404951,-0.8037608774300131
2014-09-18,-0.6198312509273809,-0.5955621280058316,-0.58910749562227,-0.6367139785885157,0.29927168958619593,-0.40862632255804476,0.2762565232594535,-0.6190084776785124,-0.018527864099538795,0.6975272434787364,-0.2658308884442958,0.8473582710108867,0.8463396101791613,-0.43104457286249515,-0.3804824278033356,1.2808008432345612,1.305308266339079,0.35783889200913127,0.36021065347080755,1.3206231745203008,-0.5009468723055486,0.22805654678488774,-0.42192665416199987,-0.4289774773327545,-0.29346325380654875,-0.8538920590548965
2014-09-19,-0.6323861293692667,-0.6226219765797002,-0.6138614482449595,0.4245075567142596,0.29454848867421457,0.13867999568550007,0.3148695982751509,2.6780523788041646,0.5867821906046984,0.6122563244890444,-0.6911919858668005,0.8140000160878753,0.789439229424144,-0.5666306621305414,-0.11840219824803401,1.1731990034429038,1.305308266339079,0.31094106793417764,0.3551965984149321,1.1170482918917404,-0.5620912429779218,0.5376090006779379,-0.46284870987415755,-0.47137033662925737,0.23868933981278723,-0.907932961849529
2014-09-22,-0.5931518072856897,-0.6330295345902,-0.6212348976912881,-0.21064159412792652,0.2540702555725959,0.21882868342407988,0.27445581505783834,-0.7562196967361299,0.34616611686903087,0.6313062106463159,-0.5370756462209655,0.7759323604698509,0.7580459159041346,-0.6541625188300987,-0.09176453557192138,1.1409184515054067,1.1443554410081163,0.2823777841354412,0.2988849031720216,1.0187339128795216,-0.4929178135303869,-0.6780762080621284,-0.5046415365436518,-0.5146651775957632,-0.09719285604224072,-0.8755262456492073
2014-09-23,-0.6219233819181653,-0.6007658809917963,-0.5827875616244448,-0.7710291523185568,0.22429773977139117,-0.0718745487424903,0.2318221186674059,-0.7214179420842433,-0.15850478982859878,0.6285847983381345,-0.28057770682609334,0.7178497518980197,0.7380326785351284,-0.6189731989177406,-0.3289256613334402,1.0360066577085403,1.1094823288530749,0.3012913098940638,0.28056431739093757,1.1480386939716785,-0.5083583111749258,-0.2565442802036088,-0.4732968294731422,-0.48219393054019,-0.30622086160316114,-0.9477610180817908
2014-09-24,-0.6041373651566616,-0.6148161389464706,-0.6043811785731147,-0.6087976411589021,0.2647768545076029,-0.15639610289713504,0.2227839731352962,-0.6785082517607701,-0.16211075278649026,0.5678065901220786,0.01411690968884457,0.7570947576897975,0.7843378159771427,-0.6373876817392613,-0.23655312140821094,1.1409184515054067,1.0424186516318406,0.23509396973888336,0.2988849031720216,1.1934556625371056,-0.5120640306096154,0.13860167965155304,-0.5020295719451973,-0.5119593256503085,-0.4708527753350591,-0.7447644921801059
2014-09-25,-0.6214005191858655,-0.6127345440826574,-0.6412489524834797,-0.20489804145102036,0.18068373150189782,0.7268818533694268,0.18647850904361352,-0.516474275800911,-0.013774549291409123,0.5405924670402612,-0.30511544560892045,0.8037963145820135,0.7949330592901457,-0.6679103176489052,-0.05567479904299461,0.9741355998283371,1.138990346830418,0.22988310039722135,0.2292666772039025,1.0144593746615993,-0.45956633861818313,0.6643903591330957,-0.4898399104315391,-0.49933148920570297,-0.26586861841472736,-0.8566312406039153
2014-09-26,-0.6229698397567786,-0.647080208853439,-0.6212348976912881,-0.8625443637419519,0.22142537426799028,-0.23295206001218732,0.18742955671233053,-0.7516044102769192,-0.8929738813882215,0.48162853369632613,-0.6040407067415872,0.7880983122653021,0.8082752175361498,-0.6328471243312151,-0.4195796423763396,1.0386967037033314,0.9753549744106054,0.17526546989017752,0.22579540831906517,0.8092815402013169,-0.4503020400314594,-0.28421736859737423,-0.5220552143226077,-0.5327047179312809,-0.44704006473822744,-0.9298226469397353
2014-09-29,-0.6658660319014899,-0.6314684295098386,-0.6043811785731147,-0.8884380547139175,0.2120228266550639,-0.40612167606621413,0.18179409050628775,-0.807112585259319,-1.120641269956915,0.48162853369632613,-0.5480753222270603,0.821456567188313,0.8373140325421584,-0.6283065669231689,-0.6361180615499002,0.9068844499585514,1.0236408220098947,0.18916112146794112,0.1721835888754716,0.8728652961929152,-0.3842167101128329,-0.4412460562271128,-0.542080943768407,-0.5534498310185871,-0.6811584581915842,-0.912062530562258
2014-09-30,-0.6365711760372774,-0.6340705661956741,-0.659682655101109,0.279468540444613,0.19844431725386563,0.3368550168792785,0.21585470145003485,-0.4070795129704287,-0.36404467842841287,0.43355024958511845,0.5605953187388997,0.8610940230380087,0.8486941086931621,-0.7448475403963547,0.35763861215733345,0.9499251858752145,0.9029262030116731,0.1459302054482309,0.18703290577171916,0.7173789685159834,-0.3928633887937757,0.43013444807889556,-0.5760375283689821,-0.5886268369550615,-0.0053981307395247645,-0.4213509309803426
2014-10-01,-0.7495658143882619,-0.6387538293981869,-0.6207085349760784,-0.32184898615785684,0.12871430155731584,1.2914127487166265,0.11658152304890738,-0.38275570595566927,-0.18997501200656075,0.4262931500966329,0.39185303627177365,0.7464986061260176,0.7749198219211394,-0.7405592361776444,-0.12355787489502354,0.6647803104273217,0.9592596918775097,0.10598020716215996,0.14248495508297823,0.8199678857461233,-0.3545709546353187,0.6579547571810573,-0.57255487988158,-0.5850191894687128,-0.3706317682678305,-0.7009791801742074
2014-10-03,-0.6752822692015479,-0.7298213280025405,-0.7349977124104445,0.49531926430229517,0.18538480622958212,0.13703760454331607,0.12732060864419015,-0.5860777851046842,0.49483013517846575,0.32922944443815505,0.29043844100678884,0.7453212559522643,0.7274374352221253,-0.8584876021921777,-0.5153893000662285,0.7912124721825194,0.7875766781911496,-0.11499925195644706,0.031790047310954625,0.499377519401933,-0.3947162485111204,1.7275518016098506,-0.639597626398949,-0.6544714988653239,0.8958243264881699,-0.7190245041750098
2014-10-06,-0.6580190628599155,-0.6881906796519761,-0.7076102081719243,-0.2025319267269793,0.17937794535045748,-0.20767976631183083,0.18012614008935512,6.492898481021542,-0.4479652709029781,0.4535072731784503,-0.14471357681674543,0.6813518965116667,0.6850564619701127,-0.7664151880845741,-0.7478243889013403,0.7481717362658565,0.7956243194576981,-0.03490626022350216,-0.2002064231589833,0.622804810444447,-0.2619279687680848,0.9456261644371767,-0.5934512932163271,-0.6066668426133545,-0.009461144539547547,-0.8402912205175778
2014-10-07,-0.5999522661762215,-0.6715383890886072,-0.6470424710982238,-0.6546506547223755,0.10024757190755068,0.6778770076645113,0.09172319842957893,-0.6923541111384025,-0.432394067221174,0.4680214721554174,0.08531261482719504,0.7084309505079932,0.6787777992661109,-0.7425772616923316,0.00017836463272540002,0.5356581026773339,0.7473384718584087,0.042484799258210686,-0.038599571742683955,0.8461494323308993,-0.3693938323740749,0.8986462701872959,-0.6578819009984638,-0.6734127416771784,0.4831537251673026,-0.8532206327749852
2014-10-08,-0.5910592577954693,-0.6153366287299225,-0.659682655101109,0.375029044783304,0.18851927316547953,1.4692631795258777,0.07008330464379915,-0.34920132602248827,2.1979920031534803,0.526078268063294,-0.0960007259326109,0.6291560388086024,0.6022565975610877,-0.7382889574736213,-0.18069995773249095,0.47378704479713063,0.5622427227278021,0.08127682657946816,0.04046821952304706,0.9471353977293198,-0.3910105290764309,1.4334447924016926,-0.5255378628100101,-0.5363124584821847,2.2371586991530807,-0.6669622292671957
2014-10-09,-0.5936750362049963,-0.5867152587671277,-0.5733073446204721,-0.39975903791801565,0.08666818087175861,1.9669898151647427,0.06422496058549539,-0.5203411374288984,0.8351019124776795,0.4870713583126888,0.010853269555168063,0.6020769848122758,0.5763571139070801,-0.7148294108653827,0.032401343676410024,0.49799745875025325,0.5032266867731164,0.039396876685374435,0.08019496342729222,0.990415097185785,-0.4391848817273927,1.7191855190722005,-0.588227276951029,-0.6012548595287778,1.0688825219845806,-0.6398199704474177
2014-10-10,-0.5450244245089311,-0.6137755236495611,-0.58910749562227,-0.7735860827461496,0.029213106731364034,2.1970066946276137,0.020916204083819494,0.018025791164444267,0.16439280230986514,0.42992169984087464,-0.21627190863661552,0.47924011668401106,0.5194567331520629,-0.7249195384388186,-0.4337577531555608,0.3877055729638047,0.46567102752922457,0.02936112832365551,0.03776834372372924,0.8253110585185265,-0.4033629271920614,-0.03515957305348556,-0.6274079648852912,-0.6418434762916078,0.25108600377339135,-0.6586020808084768
2014-10-13,-0.5413626067602268,-0.5653796529626757,-0.5501333754972393,-0.6314474651704889,-0.05252969220919179,2.382391594801634,-0.07525159316809212,-0.33797495355413776,0.0881758579726135,0.5433138793484446,-0.8345504006275538,0.502787120159078,0.4947344987550556,-0.7236582724921391,-0.3276367421716928,0.2585833652138158,0.24570216624357635,0.05039760085110386,0.057438867404471725,0.8349287695088532,-0.3730995518087644,-0.4631271028640436,-0.5969339417037295,-0.610274490099703,0.0507493980158215,-0.8078845043172561
2014-10-14,-0.5084055146478751,-0.5575737632908763,-0.5280129744903821,-0.6737131435071902,-0.04495713361269803,2.07255450582862,-0.09042406207680623,-0.30579268581153296,0.6567706534692284,0.4580429603587525,-0.8934167985942375,0.493760768826969,0.48374683902305227,-0.6984329535585491,-0.2550276293932568,0.14829147942736726,0.2617974487766732,0.039396876685374435,0.04606081939306235,0.932708831243831,-0.43239106276379463,0.07617634071677991,-0.5751668444800345,-0.5877251344787235,-0.26051195635290486,-0.19487231075821923
2014-10-16,-0.5204375303574602,-0.5143816455899555,-0.50009905486878,-0.41218114021923125,-0.08230089977842013,3.1923367865696797,-0.22983906509307114,-0.040600820614719556,1.0653918195612033,0.5941135757678335,-2.425151901333078,0.3403127961811181,0.4535307747600427,-0.6820364962517156,-0.04192632798435584,0.024549363666960616,-0.08425112568489597,0.001376830007325363,0.023304723370241857,0.4080092649938392,-0.48427113484944584,2.002995565157097,-0.5760375283689821,-0.5886268369550615,-0.4939755401922642,0.023180800924839966
2014-10-17,-0.47806420094504964,-0.53623779321643,-0.5243262234332813,-0.12336249132337929,-0.024847133869999507,2.0474669811317594,-0.15438063773664099,0.037235361832510715,0.6998783015567492,0.552385253709049,0.7844568567970067,0.4309687595601248,0.4464672792180409,-0.7133158917293672,-0.44320982700837497,0.15367157141694954,0.033780946224475375,0.026466200911621357,0.0009343238901815507,0.5223531623232676,-0.48118303532053736,-0.13941632467650872,-0.6343733489284846,-0.6490595157807472,0.3288326672109342,-0.6639616073967956
2014-10-20,-0.466555780341777,-0.5034535977960038,-0.46533804851605903,-1.0822686463817335,0.022944599456950907,0.31035092982228396,-0.09582055932691433,-0.5064952780512662,-0.4546854745972304,0.5850422014072291,0.3871388894120187,0.447451661992671,0.42723887468703475,-0.7072618151853056,-0.5519086763157378,0.1375312954482015,0.20278141282198633,0.04537972667024484,0.014048006344009583,0.5821966973741821,-0.44350822106786314,-0.71347201879834,-0.589968470592147,-0.6030587298042295,-0.3583756488097429,-0.7506290739347296
2014-10-21,-0.5021282846766498,-0.47014896463069644,-0.4458507777820549,-0.7898626622591096,0.12140125636919381,0.8223253086195952,-0.03599201913223277,-0.37190354590293045,-0.43501658573600416,0.5088426567781436,0.5175636191985724,0.40467460567963365,0.420960211983033,-0.6908653578784721,-0.35642260345071775,0.2289928592711097,0.09011443509031317,0.10269928942852072,0.0454822745789225,0.7285996313380295,-0.4682130172991259,0.23642282932253772,-0.5986753965500137,-0.6120783603751551,-0.7192108822479296,-0.7667848974310029
2014-10-22,-0.5450244245089311,-0.5070962977401776,-0.4806117841347758,-0.947457351822458,0.085361114928169,0.7581283448494777,-0.013713264039093327,-0.5348106841658835,-0.4594387894053601,0.448971585998146,0.5951657290437694,0.39878785481086676,0.38838964920602326,-0.7501448573724085,-0.37188963339168635,0.21016253730757056,0.19741631864428819,0.04094083797179212,0.10237251463597287,0.7360800732193945,-0.4262148637059794,0.35483790524004555,-0.6561404461521796,-0.6716088714017263,-0.13375678604920674,-0.5990174548354615
2014-10-23,-0.5539174852021127,-0.5575737632908763,-0.5527669271130707,-0.4365864687034936,0.14386115357966148,0.8222226591732087,-0.010326675816699268,-0.44287916739727984,-0.17751804906111748,0.44715731112602514,1.1048979676998372,0.31519599247438035,0.357781168524014,-0.7604872381351805,-1.0722023779410987,0.3634951590106821,0.19741631864428819,0.020483350926750948,0.03873258508062839,0.7638645716358899,-0.3768052712434539,-0.5590175719494168,-0.6456924136215836,-0.6607852774907937,-0.25374665507267824,-0.6788280547626196
2014-10-24,-0.5690880897410961,-0.5674612478264889,-0.5401263217672079,-0.9721870670027583,0.1830349087618154,0.062267747795388906,0.0645057680588154,-0.5553923670245261,-0.8034804370696422,0.4680214721554174,-0.0888690678627252,0.37602575145163575,0.3416920953450093,-0.7572079466738137,-0.8960500925022895,0.333904653067976,0.3556865968864005,-0.017729690912099343,0.017519275228846904,0.7809627245075804,-0.3700114522798577,-0.22694051122423187,-0.6535285686221137,-0.6689031125208263,-0.8916877345748401,-0.7744617359588385
2014-10-27,-0.566995592563305,-0.5809909639591407,-0.545919840381952,-1.1948689930475913,0.17598353840880657,-0.6557240698996294,0.09750751764356469,-0.7776745418978664,-0.8156095852007317,0.49342132036511394,0.15542043992098667,0.3481617973394732,0.31461536243400123,-0.7671719476525819,-0.7087271743283363,0.31507433110443567,0.387877161952593,0.011026588047439206,-0.01970044114746097,0.84775238416262,-0.3854519499243967,-0.41807788919977434,-0.6848730144874567,-0.701373894253624,-0.501331767221708,-0.8009622776261349
2014-10-28,-0.6554032844503885,-0.5752667211897243,-0.545919840381952,-1.0390679710976287,0.23474482529802726,-0.16748224310687712,0.13679163205438144,-0.6368459361560027,-0.7728297519275646,0.526078268063294,-0.20237121917836373,0.3242223438064888,0.32991960277500587,-0.7456042999643624,-0.5304266902866147,0.4253662168908842,0.3208134847313589,0.04537972667024484,0.008841103016754476,0.9049243328273342,-0.40830388643831467,-0.030654651687058637,-0.6483042911516494,-0.6634909433071386,-0.3720627668389077,-0.8678256398194278
2014-10-29,-0.7192245529978657,-0.6049286544108572,-0.6444089194823923,-0.1535495356252581,0.22690931207427106,0.5679189206952917,0.16570758841080946,-0.7294011402839592,0.22979185777344235,0.43355024958511845,0.3406017986170018,0.35875794890325363,0.3766171566360198,-0.7630097700285395,-0.6502961723291215,0.48185718278150524,0.4120200857522371,0.010640597725835003,0.04683221247858098,0.9925523662947467,-0.4305382030464499,0.44493633256858406,-0.725795331404781,-0.7437668466146823,0.7610772847004647,-0.6565996856197148
2014-10-30,-0.8515748948682735,-0.7131689854006019,-0.7076102081719243,-0.16282317881787067,0.26007577977991864,-0.0321081532123599,0.17616264913595664,-0.6828740632762398,1.2232346526725437,0.41631463829996795,-0.28662148485142025,0.37367105110412896,0.34561625953501024,-0.9721276639880005,0.5587100013899255,0.4468865848492169,0.4495757449961289,-0.033169303776281495,0.008455406473995163,0.7788254553986198,-0.34901237548328445,0.4166196839796148,-0.8511736372764859,-0.8736512764496467,2.199847327928186,-0.7534454992150655
2014-10-31,-0.8782543385099648,-0.8666830289550792,-0.880360723797454,1.8132642471635267,0.3196212379797122,0.6571418194944382,0.2948147770712539,-0.16608671731650426,2.089813114416736,0.3364865439266386,0.11843251840598626,0.3414901463548715,0.3161850281100014,-1.1218399318588572,0.6815869614765095,0.5195178267085847,0.4415281037295805,-0.07118935045433056,-0.03512830285784751,0.8974438909459693,-0.329866158404056,2.3189836210021855,-0.9373715164190956,-0.9629469964572267,1.9044770849235424,-0.8320023739646902
2014-11-03,-0.8745925207612607,-0.877090586965579,-0.8624538579058841,-0.4037089229815358,0.32249360348311307,-0.43716286865349196,0.3488103210214837,-0.6847451253542982,0.610220949830993,0.29838677161209587,0.3940287963608913,0.3218676434589826,0.3024504534449975,-1.1007767905493095,-0.2739317770988851,0.5491083326512909,0.4468931979072798,-0.09550674071541727,-0.08739018440178173,1.0320918448105294,-0.22116505498650205,0.7293899388486843,-0.8764235571243608,-0.8998084656860855,0.9583921836539295,0.012527107828547933
2014-11-04,-1.00171172431205,-0.8755294818852184,-0.8582403227905967,-0.4341821908387422,0.30421313771963837,-0.4424390501977581,0.32347889076489367,-0.6677808291799019,0.6107126720525237,0.35553643008391,1.1857637176787106,0.23042677996413996,0.20356151585696783,-1.0944704608159121,-0.7224756453869751,0.5195178267085847,0.5327347047504598,-0.11577123259965634,-0.10088956339836995,0.8851545935694423,-0.19213691941476882,0.2428584312745762,-0.9373715164190956,-0.9629469964572267,0.7448635598192417,-0.3582130933667346
2014-11-05,-0.9970038149117384,-0.9728417650810108,-0.9851701055708258,0.9263337754848735,0.33738006046249475,-0.47598488927686655,0.3677234071509206,-0.7346401141025227,2.1201359847444596,0.3011081839202772,1.799569813930907,0.19589117486737573,0.23966382640497877,-1.2975342782313115,0.9982314355457838,0.5491083326512909,0.5112743280396649,-0.18100359695082627,-0.11882445263669378,0.5346424596997946,-0.22425315451540878,0.41597612378441096,-0.99135383046547,-1.018869022416452,1.3418486936107965,-0.28712509325293767
2014-11-06,-0.8353581986776837,-0.9910551607247402,-0.9809565704555384,-0.32163908888395,0.3585328917293704,-0.16023519219199017,0.39021216226987915,-0.8014993990251437,0.8624744494762193,0.20041592851755763,0.11130086033610055,0.2531888833233715,0.22318233680697375,-1.2759666305430921,-0.5188264178308882,0.6459499884637825,0.5407823460170071,-0.22751543070417482,-0.18053589947823995,0.47853914558956134,-0.16557926346616134,1.6940866714592504,-0.9373715164190956,-0.9629469964572267,1.8776011430104986,-0.7327263537455896
2014-11-07,-0.9666625012089136,-0.8526323546918402,-0.9293418976525168,0.4218933815756013,0.363495186254959,-0.5205142191193306,0.41205401464922686,-0.6494444208149294,0.8603436531829198,0.2720797859663409,-0.24334803419007986,0.2147287776474292,0.24123349208097894,-1.3276785343569515,0.7619295892254299,0.42805626288567655,0.6561318708375306,-0.1449135018808,-0.22797657423767925,0.6917317392084472,-0.09208249467815588,2.3485873899815624,-0.8128637202995607,-0.8339643621631548,2.94691801944118,-0.7188581330614036
2014-11-10,-0.8840087580613187,-0.8999876621203866,-0.9530426508339364,-0.0299582044348225,0.3802090442266477,-0.9972387780275175,0.434357713836771,-0.792019351162981,0.49138807962775116,0.24214425057634217,0.052434462369416894,0.2402380314120844,0.25889223093598435,-1.1957501163342759,-0.32291070524528576,0.5867689765783703,0.44421065081843075,-0.2047420017295058,-0.18053589947823995,0.6244077622761677,-0.1594030644083461,0.4288473276884879,-0.9164749289475705,-0.9412990641189192,2.1524806363868825,-0.6645439062944177
2014-11-11,-0.9122575222739239,-0.8729273972379533,-0.9219683955383161,-0.01952058545054455,0.385432160392582,-1.2398938573294944,0.4497771931336694,-1.0234073614828723,1.14292002315587,0.2911296721236123,-0.02601377639932581,0.18725727359318467,0.1866876098399625,-1.2272817650012633,-0.16308472918861,0.6163594825210764,0.6185762115936398,-0.20956688074956273,-0.20676326438589776,0.6933346910401691,-0.13469826817708336,-0.12718868096763564,-0.849432443635368,-0.8718471269805295,1.357656755950665,-0.8213843318213138
2014-11-12,-0.9033645138931716,-0.9036303620645604,-0.9030079615303714,-0.6816319952045857,0.37968657619101354,-0.5086007243717133,0.429686164886715,-0.7352638014618755,0.3179740428346066,0.25847272442543223,-1.2021329801279337,0.20374017602573138,0.19218143970596416,-1.1986510280116387,-0.38950486193556727,0.6217395745106599,0.6185762115936398,-0.21554973073443312,-0.21042738154211385,0.7034867193077344,-0.14272732695224336,0.2428584312745762,-0.8476909887890837,-0.8700432567050774,0.07716857029568662,-0.7517817880790021
2014-11-13,-0.7568895545105296,-0.8989466825534829,-0.9035347455885588,-0.7309960177134104,0.385693835227696,-0.6063722690659276,0.44934109785877224,-0.6783835142888996,-0.023281178907668468,0.29294394699573323,-2.3423521423861002,0.17980072249274698,0.15333221422495266,-1.190200546168886,-0.3177550285982962,0.5464182866564997,0.6293063999490361,-0.2284804065081862,-0.216598526226269,0.6735649517822772,-0.12605158949614062,-0.3015934938678781,-0.873811418389128,-0.8971025206760748,0.3827857852110795,-0.06210816210035573
2014-11-14,-0.7788606702524734,-0.7709318508396481,-0.9335553800999322,1.043399209613841,0.38699962137913557,-0.7077981340515013,0.4614190489670628,-0.7743066301573612,0.997206338175619,0.33467226905451775,0.6290108859855998,0.08011840778163125,0.12193890070494333,-1.2712999465403778,0.8813694315473541,0.4764770907919218,0.5434648931058573,-0.16131809054899351,-0.23048360176561652,0.6789081245546803,-0.11987539043832536,1.654185939356612,-0.7797776454511555,-0.7996888725739076,2.1246879610142426,-0.6348526043411711
2014-11-17,-0.7265482408077041,-0.7943494157779069,-0.7802920825405353,-0.622918003221728,0.3903944549181706,-0.7073156816534847,0.4587871812941435,-0.8057404730687427,0.6551315793974596,0.26845123622209915,-0.3202248906722376,0.13898591646929787,0.11448298874394061,-1.071767673775681,0.00017836463272540002,0.5329680566825417,0.45762338626267735,-0.20686494849833068,-0.21274156079867237,0.6650158753464313,-0.1569325847852186,-0.005555804074108617,-0.7475624286284759,-0.7663162953002168,0.4610307427939081,-0.7660243437688025
2014-11-18,-0.7982164260843263,-0.7475146501713829,-0.7281506256793256,-0.5951161552142453,0.4212110820357025,-0.7970908344741905,0.47329584892068005,-0.5925641336419534,1.0593272454956586,0.347372193159366,-0.07279261831535574,0.12289546409466913,0.12586306489494428,-1.0539838239275001,-0.04192632798435584,0.4710969988023395,0.516639422217363,-0.20068910335265816,-0.20869174709969607,0.7499723224276422,-0.11987539043832536,-0.1600102509230318,-0.6683301947342264,-0.684236335588111,1.1405538298815232,-0.6780080828455598
2014-11-19,-0.7364877070270696,-0.7381477074577926,-0.8161062883345248,0.6282033202556986,0.41259313233073314,-0.6676519355697408,0.46607450269385986,-0.762706045273399,1.6575892816912896,0.36279352957239563,0.3816994891892245,0.09032210928749367,0.10231807975493741,-1.094344334221244,0.32799347143714364,0.5813888845887881,0.46835357461807486,-0.2549207435380978,-0.20252060241554093,0.6773051727229595,-0.14581542648115184,1.109090454018954,-0.7649759322706541,-0.7843555564420677,2.452022495761675,-0.7100761149931829
2014-11-20,-0.7087622240462004,-0.7553204878046125,-0.7523782155868054,-0.5910899438693045,0.42199437171168314,-0.86335721108346,0.4575842950822243,-0.7133100064126567,-0.06327458625882847,0.35009360546754736,-0.11111017099592807,0.07069960639160479,0.09564700063193535,-1.0576414951728708,-0.22753068727597925,0.5275879646929593,0.578338005260899,-0.18833741306131227,-0.2580609045729328,0.647383405197501,-0.1408744672348986,0.6232025066400496,-0.7197005441821465,-0.737452974924657,0.4559519755438796,-0.6807947989984662
2014-11-21,-0.7234095996658771,-0.706404127334276,-0.7323641607946137,-0.40857472342210416,0.4507214679645851,0.5632032051282959,0.5058365550165445,0.07503081580929079,0.4469691722828153,0.21402299005846634,0.5927482178336386,0.1554688189018446,0.18158619639296114,-1.0486865069514462,0.12047748639581465,0.45764676882838146,0.5300521576616096,-0.10959538745398384,-0.1897926165044722,0.9455324458975979,-0.14828590610427758,1.7108192365345505,-0.7048989180700337,-0.7221194726637065,0.05672253937277323,-0.46794078461560523
2014-11-24,-0.7092854529655069,-0.7371066758523184,-0.7155104416764403,-0.7652665180712955,0.4658683199869292,-1.0062349755088305,0.5355675756210162,-0.6163889907692306,-0.24242538230316402,0.262101274169674,-0.7787058916735335,0.16528007034978903,0.14666113510195058,-1.0112269083350651,-0.5132411014633163,0.4388164468648423,0.4495757449961289,-0.18389852436286044,-0.12538129386360825,0.8958409391142486,-0.05873101976595216,-0.1709507742414972,-0.7301486637811311,-0.7482767549647005,-0.10850030010834186,-0.6079480185408307
2014-11-25,-0.7207938212563502,-0.7319029228663537,-0.7097169230616963,0.06607933916274773,0.46195184316720195,-0.7346758650933426,0.5346205569075969,-0.5829593483079202,1.0896501158233822,0.2911296721236123,0.4987070317595526,0.12132566386299833,0.12900239624694515,-0.9670826002012826,-0.03934848966086107,0.31507433110443567,0.4361630095518823,-0.1256139858005723,-0.1857428028054959,0.9514099359472421,-0.08590629562034063,0.33102617801750317,-0.6604940397336962,-0.6761184074935233,0.9188448771617267,0.3627561274463625
2014-11-26,-0.8803468880001852,-0.7386681972412444,-0.7055034406142809,-1.0535890461379132,0.4757929374779319,-1.082462454395446,0.5347315921142793,-0.8416648649674644,0.07850532094917727,0.3192509326414882,-0.1617570308481672,0.05657140430656482,0.04620253183792025,-0.9567402194385106,-0.7357944767250314,0.27741368717735615,0.31276584346481046,-0.10226157134349696,-0.12769547312016674,1.0021700772850721,-0.12296348996723386,-0.07506030515612405,-0.6857437854447933,-0.7022759689881828,-0.24196966460044242,-0.21925162072703475
2014-11-28,-0.646510276069637,-0.8172461266627203,-0.8650874095217156,0.17379480381768195,0.46430259382973615,-1.1702831617569527,0.5415779900840785,-0.6792566765919935,-0.21243032678979404,0.27026551109422003,0.561562323222952,0.04989975332196253,0.017948549669911783,-1.2149213587238044,-0.26705754156956574,0.0837303755523728,0.19473377155543792,-0.21149683235758548,-0.15488707938472285,1.1175826091689802,-0.09702345392440738,-0.12332731979641257,-0.837242695053321,-0.8592198489232556,2.2057118667150113,0.09349042189997865
2014-12-01,-0.7218403314073927,-0.6335500243736518,-0.7708118655365627,1.3239746201162594,0.4266949914021578,-0.22430076467073304,0.5081152011300288,-0.6054120932446212,1.8765695776796083,0.28659398494331007,1.8648426166044372,-0.24836229069554816,-0.14372701495813708,-1.4367780387447282,-1.0215048909123683,0.2532032732242335,0.09547952926801132,-0.11036736809719225,-0.2584466011156921,1.0716313233263135,-0.06799531835267415,0.9398341226803422,-0.7188298602931985,-0.7365509001900983,1.3975969482112662,0.4341471606599424
2014-12-02,-0.6595883834308293,-0.7194137699920408,-0.7191971927335411,-0.44410460742343055,0.46142937513156773,-0.8291359386471283,0.5296601549323852,-0.6605460558114093,0.4064840427101246,0.2076730280060412,0.446609665181235,-0.12160092198810642,-0.15236017617613964,-1.061677546202245,-1.248354663379908,0.4092259409221362,0.24570216624357635,-0.14549248736320716,-0.11014628042460135,1.0176652783250406,-0.11061109185160162,0.49577758798968796,-0.7641052483817062,-0.7834536678366193,0.3298005077623547,0.1009355292338626
2014-12-03,-0.6831292382431222,-0.6647731147137166,-0.6749563380519538,-0.5622767726329979,0.4823226929900741,-0.9431835795603861,0.5612739541346273,-0.44312864234102095,0.3271528576365122,0.14235913260968305,0.35401898583322744,-0.18635518154453937,-0.19591839868515273,-1.0199296433671536,-1.2814369218647577,0.376945388984639,0.40128989739683957,-0.11963113581570188,-0.1475588450722889,0.9514099359472421,-0.030320504099999927,0.3825109936338109,-0.7597519160053562,-0.7789438525511565,0.26415344831418786,-0.379080784473359
2014-12-04,-0.7589821040007493,-0.6866296266101852,-0.6723227864361222,-0.9697064628565861,0.4763158321109494,-0.4840408178292791,0.5444745741266435,-0.7316464147776293,-0.3025794007370809,0.20404447826179942,-0.3024561832777766,-0.19498908281873042,-0.19709564794215315,-1.001010654166961,-1.2775701643795154,0.2532032732242335,0.3744644265083464,-0.07582123431358538,-0.12094578362187264,1.0005671254533515,0.006119070341112299,2.4959626746832435,-0.7641052483817062,-0.7834536678366193,0.17006209807262257,-0.6990837378441922
2014-12-05,-0.6883603765627403,-0.746994160387931,-0.7444779294144173,-0.4530920270607156,0.4851950300536486,-0.49001706859790123,0.5808258974518378,-0.6962209727663898,-0.2778293822533712,0.11877355927210742,-0.23609550055968764,-0.2150040357725373,-0.2457552838981676,-1.041497291055373,-1.2861629587911647,0.44419653885442456,0.2752101842209198,-0.12156108742372465,-0.07774777083279015,1.0192682301567626,-0.03155574391156192,0.9012205109681114,-0.803286110452746,-0.8240424707285601,0.07975586681928602,-0.4263480062140189
2014-12-08,-0.5622872646635576,-0.6959961530152108,-0.7328909448528012,-0.6642296030406708,0.4488940954121036,-0.1294567821874618,0.5401361349162239,-0.5768472121862627,0.6153020794534764,0.14780195722604572,-0.28891812050104443,-0.27190929417061516,-0.30265566465318483,-0.943496926998376,-0.6919712252256203,0.31507433110443567,0.4495757449961289,-0.08875191008733758,-0.13039534891948368,0.9615619642148073,0.06355772157879776,1.0524571568410153,-0.7910966230758657,-0.8114150065421755,0.2778150127974406,-0.20105775108908372
2014-12-09,-0.5743192803731434,-0.5487273103607371,-0.6001676961256994,0.3361598859698228,0.4452371320007457,0.21117308771257465,0.4681632606013237,-0.4306548951539648,0.8596880235542124,0.20041592851755763,-0.3028188099592962,-0.365312407955046,-0.3524925498661997,-0.9215508995261527,0.22359101933560543,0.19133221534403022,0.32617857890905705,-0.028537419917027552,-0.09259708772903684,1.114376705505539,0.03576482581862653,2.2771522083139355,-0.7144763537800708,-0.7320413640983013,1.1086885581291432,-0.3931332017476093
2014-12-10,-0.5884434793859422,-0.5757872109731762,-0.5564536255022994,-0.8449511558744851,0.35879499316186775,0.9230736872590181,0.4181223587333497,-0.24729081150423968,0.18455341339262202,0.2666369613499762,0.4117975037553523,-0.35510870644918385,-0.38545552906220976,-0.7385412106629572,-0.06083047568998415,0.0837303755523728,0.20278141282198633,-0.03471326506270006,-0.030499944344731373,1.2180342572901597,-0.029085264288436174,1.822155150304816,-0.7632347386295363,-0.7825518722957264,0.5411826337404267,0.4473677223661609
2014-12-11,-0.6030908550056191,-0.5804708904842537,-0.6085947136884028,-0.6661377600761877,0.385693835227696,0.9057546726646876,0.4289161565528744,-0.559134491180643,0.6036646535439175,0.23307287621573772,-0.36192695904699296,-0.44184016924901276,-0.45412840238723046,-0.7173519427587416,-0.4758624457726421,0.07297019157320705,0.06597151129066789,-0.05459176662533493,-0.03705678557164583,1.1945242970915864,-0.11740491081519962,1.1078033336285462,-0.781519013229051,-0.8014931151075806,-0.09266029583608322,0.1713342775912904
2014-12-12,-0.7610746534909697,-0.6106529492188442,-0.6159682158026029,-0.7573476663739,0.29951078319980323,1.7950560984452093,0.32449671692581233,-0.16184564327290515,0.914433097551292,0.2793368854548245,-0.7455859880947423,-0.5160132301954727,-0.5345737682822546,-0.7009554854519081,-0.6000283250209735,-0.1583737639788558,0.0767016996460654,-0.09840166812745142,-0.05749870233790782,1.1619309431799263,-0.040820042498285664,-1.002430546444867,-0.811992949342224,-0.8330621012994853,-0.02326644771855577,0.46258473743565554
2014-12-15,-0.731779797626758,-0.653845066919765,-0.7381576267414858,0.017268682194223065,0.2634714949535459,1.5412163354649593,0.2562966461585676,-0.2603882460506486,0.854442986524552,0.25665844955331135,-1.3016135664248139,-0.6003899926477948,-0.5694988295732651,-0.734000653254911,-0.4986333509635125,-0.07229229214552987,-0.17277517961692507,-0.16421301796102766,-0.10108241166974961,1.0123221055526375,-0.09578821411284538,-1.7991580681072292,-0.9260525387943852,-0.951220955553514,1.4716319591050777,0.41951244448806996
2014-12-16,-0.7673522496492009,-0.6783032471549332,-0.7534313623602025,0.08939701813676539,0.22168619590833677,2.9696449716009496,0.23665056205765603,-0.22808124083617323,0.24060974664711676,0.3237866198217924,-2.3676151345319663,-0.6643593520883924,-0.6299309580992832,-0.9907943999988572,0.7692334644753317,-0.217554775864268,-0.07083839024064938,-0.20377702592549443,-0.1666508239388924,0.8140903956964803,-0.029702884194217172,1.8105710667911468,-0.9469489521291322,-0.9728684225690452,0.6327026584245876,1.7238798006382745
2014-12-17,-0.7213170501756567,-0.7313824330829019,-0.7792385144241605,0.07476145367435005,0.3230156449213639,2.8539857343794237,0.2372974689168514,-0.20837272028062453,0.6436580608950776,0.17138753056361933,1.0694814284714218,-0.6612197516250502,-0.558903586260262,-0.9827222979401083,-0.31259935195130667,-0.01580132625491002,-0.21837848012736535,-0.23291929520663807,-0.20483478167209943,0.7633302543586502,-0.09022963496081114,2.0622031031158508,-0.8703287699017263,-0.8934946870606157,1.4632535902391501,1.707741802618459
2014-12-18,-0.7411960349268162,-0.7142099649675057,-0.7265706421798697,-0.6578181954013337,0.45333304026746507,2.9304349360702338,0.36034516236432024,-0.13702288637066345,0.21881006149259102,0.11968069670816787,0.9587594150474336,-0.6247218962386969,-0.5451690115952579,-0.9545960673291555,-0.3443926912744088,0.17788198537007335,0.015003116602530642,-0.2176726775032589,-0.233376325836314,0.9011841118866518,0.040705785064879776,0.2885512051340493,-0.802415426563798,-0.8231405821231118,0.5804775989667477,0.8584172676580665
2014-12-19,-0.8573293144196275,-0.7449125655241186,-0.7165640097928151,-0.7734143486129531,0.4763088927935089,2.672799196562611,0.5163543735177692,2.6040830579849215,3.2709298905333712,0.06706672541665798,0.07854358343882895,-0.665144252204228,-0.6440579491832877,-0.9542176875451517,-0.5974504866974787,0.04875977762008443,0.18936867737773977,-0.22655045490016346,-0.2225768226390436,1.0395722866918944,0.0728220201655215,-0.02228836914940863,-0.8224410689412087,-0.8438860674686393,0.0784558301710083,0.5441244085792225
2014-12-22,-0.8473902143872688,-0.7579222081818833,-0.8408598196142358,-0.2332341734284477,0.5012557958708382,0.6862100897221675,0.5434197334837727,-0.45485396469685374,0.49171589444210495,0.06978813772483931,-0.23911738957235107,-0.573310938651468,-0.5769547415342675,-1.0326684294286166,-0.5132411014633163,0.03799959364091869,0.060606417112969733,-0.2917828192513325,-0.22759087769491906,1.1480386939716785,0.12346685243960898,-0.7900556820275977,-0.9156044191954006,-0.9300463495434811,0.9496464825655156,0.11279541290380064
2014-12-23,-0.845820893816355,-0.8437859017617018,-0.8303264031689946,-0.17978669486361676,0.5086087705740675,0.14933295523149112,0.6084721849845558,-0.6490702083993177,-0.07228949365355715,0.016267028997266956,-0.6734232784723396,-0.6627895518567213,-0.6118798028252781,-1.0208125295298291,-0.5282784916837023,0.3419747910523506,0.039146040402174724,-0.2417970726035435,-0.2937378347782017,1.1352150793179105,0.1265549519685157,-0.1709507742414972,-0.9295353614185653,-0.9445726098517272,-0.08224403168366633,-0.14882910506766317
2014-12-24,-0.7380570275979833,-0.864601434091266,-0.8276928515531632,-1.374617385793292,0.5091334284762711,-1.476726660032429,0.6322088863492228,-1.1482695708253041,-0.788073140795015,0.037131190026659225,-1.292185272705304,-0.6125559444432457,-0.6330702894512844,-0.9709925246359891,-0.8999168499875316,0.32852456107839256,0.31544839055365953,-0.25221881128686574,-0.2449472221191039,1.0684254196628709,0.16361214631541068,-1.0075790280064978,-0.8886131315696301,-0.9019009291475345,-0.10908164327784196,-0.5300566282456314
2014-12-26,-0.7987396550036329,-0.7574017183984315,-0.7292041937957005,-0.9426106329522448,0.5267277834477545,-1.1818497013757836,0.6365433007239322,-1.0272742231108596,-0.7372618445701805,0.01989557874150874,-2.016109004578956,-0.6482688997137637,-0.6538683596582907,-0.9286139888275579,-0.44449874617012236,0.2962440091408953,0.30203565510941294,-0.15186132766968177,-0.2437901324908251,1.18383795154678,0.1481716486708717,-1.4213882335225714,-0.8476909887890837,-0.8592294345724518,-0.15691468703204098,-0.3641668025036474
2014-12-29,-0.7187016902655657,-0.7750950405672737,-0.7976722170417899,0.81253128988664,0.5340799049562169,-0.7236800563964206,0.6296510394010353,-1.0110583517676868,-0.5064802152651261,-0.00187571972394398,-0.7308391697129448,-0.6796649043471857,-0.6868313388543005,-0.9568663460331787,-0.5450344407864184,0.1671218013909076,0.2832578254874682,-0.20030311303105397,-0.15970828616921864,1.1133080709510579,0.17164120509057068,-0.3968404027580474,-0.884259712124891,-0.8973617054625959,-0.14357573606592847,0.17365158953080737
2014-12-30,-0.803447564403945,-0.6907924000292461,-0.7097169230616963,-0.1370439772680361,0.5046688877778923,-0.8489760236447113,0.6041627105846651,-1.0906408588211047,0.24995246885619923,0.0026599674563582503,-0.7429267257635985,-0.730683411876497,-0.7409848046763169,-0.9580014853851901,-0.23397528308471618,0.13484124945341036,0.15986065940039634,-0.14510649704160208,-0.20059211970174262,1.029954575701569,0.19696362122761443,-0.22822763161463958,-0.8294065400527909,-0.8401635783210458,0.5444758469698476,-0.09361766265230033
2014-12-31,-0.7772913496815603,-0.7563611031015219,-0.7950390341010639,-0.20632915922765813,0.45057437718671195,0.3169779780809965,0.5469752906534958,-0.6496938957586705,-0.4351804931431811,-0.050861141271214105,-0.8150894353860013,-0.7244042109498123,-0.7527572972463203,-1.0291368847779139,-0.376186030597511,0.0756602375679982,0.10889226471225909,-0.17888065018200053,-0.14698030025814993,0.9679737715416914,0.1648473861269727,-0.6568387216204015,-0.8355015014122031,-0.846519049867292,-0.48266490193292405,0.3338075536788584
2015-01-02,-0.6873139187241271,-0.7667686611120217,-0.8456001387877115,-0.30452292027536254,0.4476850899870948,0.13492097295882644,0.5100720045721172,-0.7316464147776293,0.14193748752663185,-0.13703919769696654,-0.454396762834494,-0.7267589112973192,-0.7080218254803069,-1.049317139924786,-0.09606093277774601,-0.0749823381403222,0.15449556522269817,-0.20184707431747165,-0.16317955505405507,0.9300372448576294,0.23340319566872664,1.0357245917657154,-0.786743029494349,-0.7956762081428772,0.09803304053291052,0.1439781130540185
2015-01-05,-0.6182615118570318,-0.7043225324704628,-0.7186704086753537,-0.10246817178446821,0.3502607987432156,1.1237779908117598,0.4048696829043587,-0.23406863948596018,0.2671627466097722,-0.19963168078514337,0.8983216347941649,-0.7738529182474525,-0.8037714317163356,-0.9626681693879043,-0.19616698767345955,-0.29018601772363584,-0.10839404948454123,-0.16421301796102766,-0.2090774436424554,0.9124047747086992,0.3470452583325338,0.8864186264784228,-0.7432088350469592,-0.7502811793568318,0.057584971547306366,0.7615120358078563
2015-01-06,-0.6543572451112105,-0.626264676523874,-0.6623157853739622,0.48215298075722796,0.3003683008205342,1.9350945791835292,0.3168915735708254,-0.4123184867889923,1.368456615431264,-0.24045286540786748,1.490491005715691,-0.8798144338852523,-0.8995210379523646,-0.8785417307443817,-0.18069995773249095,-0.5484304332236143,-0.2827596102597504,-0.1383516664135224,-0.16607227912475256,0.9893464626313041,0.3272814213475226,1.0460215548889769,-0.6535285686221137,-0.656767215315556,1.0180820727113398,1.399396710851042
2015-01-07,-0.6799902309142887,-0.6585287464308425,-0.6428289359829356,-0.4333998464541802,0.3657543606791417,0.21459336726617287,0.36319990788949913,-0.5475339062966808,0.7656051718346801,-0.2858097372108958,1.2414873510722242,-0.9575195453529725,-0.9403323455283769,-0.8584876021921777,-0.38950486193556727,-0.4650390073850795,-0.532236489522742,-0.13449176319747685,-0.13965206594571597,0.9043900155500944,0.38039673324473755,0.9713685722453307,-0.6866144693337413,-0.6912673627413066,0.050832447040035804,0.751595129071821
2015-01-08,-0.6109378240471934,-0.6590488199057296,-0.659682655101109,-0.3190058321749365,0.4600272632909063,0.6636046286389323,0.45267377717623436,-0.24991029841352147,0.39386317235750445,-0.3275380592696804,0.3366129051202861,-0.9257310906616324,-0.9258129380253726,-0.9040193028673076,-0.37661567031809345,-0.3332267536403,-0.446394982679562,-0.13584272932309333,-0.13733788668915833,0.9113361401542183,0.4094248688164708,-0.046743656567154804,-0.7127348989337862,-0.7185044730774893,0.0829085355461905,0.47666092201184956
2015-01-09,-0.5429318750187114,-0.634591055979126,-0.6254484328065755,-0.14374160846270076,0.41669921746756716,0.7373993156461877,0.4914469681485275,-0.5180958629352284,-0.4476374560886244,-0.28399546233877493,0.8479165260629389,-0.9190594396770301,-0.9262053544443727,-0.9443798131610516,-0.3521262062448931,-0.516149881286117,-0.3337280049478888,-0.08392703106728067,-0.1379164315032973,0.9866748762451025,0.44401158354023823,1.0614669995738693,-0.6326321552873667,-0.6349775456595207,0.37521874142786094,0.4568211667142929
2015-01-12,-0.5638565329220421,-0.5632980580988632,-0.5822607775662574,-0.07390306096277884,0.374682617320958,0.6056754400651745,0.4442736855125882,-0.5291974979317082,0.2814226910341612,-0.29034542439119804,0.10090556213253835,-0.9508478943683701,-0.9850678172943904,-0.9043976826513114,-0.6253770685353387,-0.6264417670725656,-0.4785855477457545,-0.06269756337903021,-0.08295467416004525,1.1357493965951515,0.3853376924909908,0.21904670405203389,-0.5647187248810499,-0.5641611890758232,0.5975090373171577,0.717714840150986
2015-01-13,-0.5737960514538368,-0.5383193880802424,-0.5532932898282805,-0.1935254255193391,0.3597154196767697,2.045994988070577,0.4140566814444115,-0.4436275922285032,0.42303869083499,-0.34658794542695176,-0.0908030768308298,-1.0485679587898968,-1.0396136995354068,-0.854829930946807,-0.017007224190573066,-0.6372019510517314,-0.6368558259878674,-0.042433071494791134,-0.06424839183620193,1.152847549466842,0.398925330418185,0.34968942367841477,-0.6465630975105315,-0.6495039920968777,0.9955885639222198,0.851126647786817
2015-01-14,-0.4184280836904418,-0.5315544779753466,-0.5517133063288239,-0.18663697862112275,0.3276776433287085,1.6033254094955756,0.3179343438261488,-0.32113539485161197,0.30535317248198646,-0.33116660901392214,-1.1269483814928676,-1.030122806067761,-0.9564214187073816,-0.8819471488004164,-0.0011105545290219848,-0.7717042507913031,-0.6502685614321145,-0.07833017140401445,-0.04399932334131959,0.7782911381213788,0.43721776457664024,1.398048981665481,-0.6674595108452785,-0.6712936617529126,0.6400397202945973,1.4073765824786604
2015-01-15,-0.33577470672985366,-0.4077028359891375,-0.42320401405998787,1.7148605888419155,0.2793595457100203,1.2671033068233755,0.33158610456767096,-0.5040005286138549,2.789533835654859,-0.4744943239114887,-2.3890101087416236,-0.9343649919358235,-0.8638111438233538,-0.8755146924723509,0.3314305892018033,-1.1133400921298144,-0.7575704449860889,0.017009438032310493,-0.08025479836072744,0.6254763968306486,0.4261006062725735,3.3100663216161093,-0.5655894087699975,-0.5650691268773662,1.2821492219736694,1.86628753205982
2015-01-16,-0.2478898252626415,-0.3322466483812483,-0.3510488710816929,1.0919808877381036,0.3478979042751617,1.9911042231098595,0.3091391879660985,0.06929289210324498,1.0889944861946748,-0.529829707511182,0.9418368365765183,-1.0061833525347765,-0.9415095947853773,-0.8081630909196655,0.06935035964650171,-0.8362653546662976,-1.1223968490696041,0.05078359117270894,0.01636218560056809,0.49670593301573135,0.4501877825980535,2.0171538894515817,-0.5063829043215474,-0.5033315899217674,0.7899304322284566,1.132228469701195
2015-01-20,-0.24632013850472173,-0.25679092912049506,-0.25730011115472734,1.1929605580576628,0.3591890269452064,0.29916624614401083,0.351644950607278,-0.19115894916248707,0.89296122721112,-0.5470653187963325,0.5319478108988503,-0.9324027416462346,-0.9634849142493838,-0.6454597837980102,-0.05997119624881923,-0.943867194457955,-0.9185232703170515,0.08899663301155923,0.028897323240257154,0.757987081586247,0.5100969134588647,0.22419518561366464,-0.4384694739152305,-0.4325151402735145,0.9280952607819043,0.5801199873730525
2015-01-21,-0.19400770905995238,-0.21828249093065252,-0.26361999248468115,0.45360695150589375,0.3859746216255957,0.1652395134435433,0.37195804926759884,-0.4914020439549282,8.108165291137608,-0.4935442100687601,0.6415819442782796,-1.0089305029402011,-0.98389056803739,-0.5615855983438234,0.3662314065689827,-0.7179033308954744,-0.929253458672449,0.06603020887608811,0.08868028736800498,0.6516579434154234,0.5409779087479427,1.7230468802434236,-0.4732968294731422,-0.4688308841086851,0.5104544947811349,0.2959343580314711
2015-01-22,-0.24632013850472173,-0.20579292174777483,-0.22253910480200637,0.34592964999166986,0.4652794449585782,1.2207488698241593,0.40759246984457603,-0.2862089027278548,1.368620522838441,-0.7148857444675332,1.2800466548738096,-0.9834212491755456,-0.9493579231653795,-0.5822703598693671,0.08911378679329496,-0.7259734688798484,-0.736110068275294,0.10520822651895066,0.0670812809734633,0.6954719601491296,0.5138026328935542,2.020371690427601,-0.4837451232089045,-0.4797258585335354,-0.20717212345464983,1.1347537455327201
2015-01-23,-0.23742707781154018,-0.26199468210645965,-0.2646736132689281,-0.4653233136583795,0.4356058713105473,0.015254301350371554,0.483800793715049,-0.4716935233993795,2.124233669923882,-0.8582134593650997,0.35982101273754125,-1.0108927532297902,-1.000764474054395,-0.5414053431969513,-0.4745735266108947,-0.9492472864475379,-0.7173322386533486,0.052520547619928734,0.10410814907839153,0.7163103339615025,0.6793247676430126,1.8736399659211236,-0.5429516276573549,-0.5414633954891345,0.21413877057774391,0.7952734882189726
2015-01-27,-0.28869346791713163,-0.25470933425668185,-0.25624654303835254,0.16778410915580344,0.3770472466183724,0.3931602912112019,0.3275783610193778,0.01266207987401013,1.274045948897378,-0.7012786829266264,0.4109513748318065,-1.0705451620332922,-1.0490316935914095,-0.6223786169737753,-0.44836550365536454,-0.8443354926506715,-0.8460944989181187,0.039975862167780735,-0.009479482764329538,0.7932520218841075,0.791113970589475,1.8189373493287968,-0.4436937513856948,-0.43796248788910686,0.266938784818606,0.269000063103701
2015-01-28,-0.4278443209905007,-0.29373826222997623,-0.2862672302175979,-0.04482274774149987,0.3087705628883442,1.100819415632955,0.28666652395081293,-0.23631391397963028,0.605959357244394,-0.785642464480256,0.7201510586075289,-1.0434661080369656,-1.0776780921784181,-0.5941262597681545,-0.633110583505823,-1.1375505060829378,-0.8621897814512149,0.005043738062568799,0.038346888537869085,0.9530128877789628,0.6725309486794145,0.2866205245484378,-0.5229259852799443,-0.520581849763753,0.8126123984186782,1.2716474629033125
2015-01-29,-0.2871241473462185,-0.37699987116252964,-0.4274171278322976,0.6282605649667641,0.3573516435741228,1.204928537147072,0.2649566260368407,-0.2898262894121011,0.548755672139661,-0.7566140665263197,0.25453839953634727,-1.097231765971701,-1.1106410713744281,-0.8641632989522354,0.4903972858173141,-1.0380188042756548,-1.1143492078030557,-0.10901640197157665,0.003441351418118837,0.6895944700994866,0.7355281790691343,1.2500301367685962,-0.5560118859915718,-0.5550819041249482,0.12971624327066678,0.5903636945108146
2015-01-30,-0.34100589736190096,-0.31143116809025384,-0.3926565428225543,1.1163480530816556,0.2906498151852975,1.70060834282499,0.2734098232861103,0.41955571311578116,9.110622993431438,-0.785642464480256,1.4438330393601677,-1.0885978646975099,-0.9768270724953879,-0.8597488681388571,-0.1420323828800694,-1.3527541856662526,-1.0231426067821774,-0.056328723072554716,-0.11323185276667937,0.6981435465353312,0.73799865869226,0.12508691555227225,-0.49506392669683713,-0.49152867769537384,0.23748193476844084,1.7396553473034475
2015-02-02,-0.4126736641390879,-0.3317261585977964,-0.34525535246694883,0.034289442951034636,0.35551340700827166,0.9898081453438099,0.2243618076042379,-0.3347317792855032,3.441229686590155,-0.7366570429329858,2.2543036725565004,-0.9732175476696835,-0.8908878767343621,-0.8041270398902912,-0.48789235794895097,-1.258602575848552,-1.3128576923779094,-0.09724369716263793,-0.06984099170621721,0.8653848543115502,0.7392338985038238,-0.36337527260744734,-0.48113298447367236,-0.4770024173871277,-0.09039561282962398,1.3569007749755926
2015-02-03,-0.38494812884579016,-0.4045802615584206,-0.41109019277231235,-0.0875654653370805,0.43219280784331876,0.15443052673904475,0.3612189636723161,-0.2752320052032454,0.41648239454791464,-0.6105649393205718,2.405639874310685,-0.8868785349277722,-0.7464786345423186,-0.7964333176155463,0.08095063210222818,-0.9250368724944147,-1.259206750600922,-0.08045311817283933,-0.09876823241319198,0.8386689904495344,0.7151467221783421,1.9238376611470238,-0.5316326500326447,-0.5296605763272964,0.27475816986770646,3.4154521564053035
2015-02-04,-0.3739625709748175,-0.3806425711067042,-0.3926565428225543,-0.6332792959245852,0.4117095922696015,0.39854117519078225,0.4573042909282128,-0.40371160122992356,0.20618919113997086,-0.7321213557526836,1.742637424932328,-0.8142752742129834,-0.8135818421913386,-0.7627575168392036,-0.26576862240781834,-1.0622292182287776,-0.9426661941166962,-0.04204708117318693,-0.08237612934590628,0.8835516417377215,0.6212684964995462,-0.47792898735373207,-0.49680538154312165,-0.4933443671693494,-0.2017835194604372,2.8440743340262546
2015-02-05,-0.5387468283506999,-0.4009375616142468,-0.40898342521466824,-0.34835328738118787,0.46580452945816514,-0.34779215465154895,0.4878093447022368,-0.686491449960486,0.02162945065879809,-0.6141934890648135,1.489765752352652,-0.9257310906616324,-0.8257467511803424,-0.8333884098532556,0.043571976411554025,-0.8739259985933777,-1.0848411898257122,-0.015220753821670272,-0.0436136267985594,0.9487383495610405,0.7089705231205268,0.01246388139159909,-0.46981418098574007,-0.46519931903162337,-0.5694064135315237,1.8718431388891748
2015-02-06,-0.5110212930574014,-0.5211469199648462,-0.5490801760559708,0.8098789516072714,0.45083647861920934,0.09856253904872785,0.523707674209965,-0.515351638554076,0.5705553572941867,-0.7611497537066219,0.4561588344612515,-0.8409618781513922,-0.7849354436043301,-0.9190283676327936,0.03669774088223464,-0.49462951332778554,-0.864872328540064,-0.12214007290613184,-0.020086137690220284,0.7884431663889453,0.5940932206451577,1.2789903455527694,-0.5786496671042146,-0.578687356319514,1.259470449976687,1.3560095011527014
2015-02-09,-0.5476398367314521,-0.5273912882477203,-0.505892520815652,-0.6618062436055642,0.42667633487658096,-0.5681640921319443,0.49112995363215006,-0.6652860797424907,-0.2206256971486383,-0.7529855167820759,-0.02480502079426044,-0.8005395221858614,-0.7570738778553217,-0.8760191988510226,-0.4071200904794482,-0.44082859343195685,-0.5402841307892898,-0.13931664221753376,-0.10571077018286575,0.777756820844139,0.7386162785980428,-0.06540690222806636,-0.547304960033705,-0.5460028983677393,-0.41846800621526853,0.9599511815618247
2015-02-10,-0.6208772902665589,-0.5450846104165633,-0.5353864239367107,-0.8816068525267666,0.4839239689292355,-0.3845201265686389,0.5092231432389385,-0.5612550282024426,0.2233994688935438,-0.7557069290902572,-0.7059388042485981,-0.783271719637479,-0.8088728451633372,-0.862523653221552,-0.34482233099499127,-0.37088739756737954,-0.4651728123015073,-0.18428451468446463,-0.1427376382877931,0.6297509350485708,0.7052648036858373,0.2209773846376454,-0.5830029994805647,-0.5832267661335634,-0.266318999661428,0.8947455886791091
2015-02-11,-0.6067531435661886,-0.570583405948641,-0.5991144966844301,-0.36657618707037515,0.48707538600117634,-0.4887380564959254,0.5217508707678766,-0.5617539780899248,-0.010496401147871417,-0.7439141424214715,-1.1937925664529827,-0.8389996278618035,-0.8669504751753548,-0.8534425384054596,-0.48273668130196146,-0.3251566156559254,-0.44371243559071233,-0.22037460975449005,-0.18651419589101542,0.6404372805933772,0.7268815003881933,-0.2494651180563665,-0.619571722816372,-0.621358943959152,-0.21663332382860223,1.0382109650371523
2015-02-12,-0.5732728225345303,-0.6096123339219355,-0.594374598853933,-0.8321665037365213,0.5393325132212722,-0.3561539785541933,0.5639726085389221,-0.22159489229890403,-0.7416873445639565,-0.6813216593332926,-2.409800705148748,-0.8974746864915524,-0.8465448213873487,-0.8787939839337175,-0.2666279018489833,-0.4139281334840425,-0.3900614938137248,-0.2099528710711678,-0.22315536745318346,0.7168446512387423,0.752821536431018,0.7969637593450882,-0.5943219771052749,-0.5950296783599569,-0.2611987078992924,0.7867469686466474
2015-02-13,-0.6763283608531552,-0.5700629161651892,-0.557506824943568,-0.8771036019229465,0.5619160952331634,-0.43571756444837,0.6050115719178438,-0.6198816399816064,-0.6782551779865019,-0.6976501331823827,1.610399561738176,-0.8178073247342436,-0.7704160361013258,-0.8431001576426878,-0.168670045556182,-0.2552154197913475,-0.424934605968767,-0.18274055339804607,-0.2125487125272927,0.939120638570715,0.6669723695273804,-0.5133247980899437,-0.584744454326849,-0.5850426417366493,-0.7576274443335224,0.7261225232135924
2015-02-17,-0.6590655730109579,-0.67622165229112,-0.673902769935579,-0.28246462494478614,0.5705809137706805,-0.7786118811356927,0.6007479608710492,-0.4511118405407369,-0.3073327155452106,-0.6731574224087485,0.7542379666703725,-0.7722831180157812,-0.7519724644083202,-0.9858754628068072,-0.20175230404103156,0.008409087698212601,-0.33641055203673786,-0.2846419983016486,-0.18400716836307726,0.8199678857461233,0.6910595458528621,-0.18575265873118568,-0.644821642664247,-0.6476881164937914,0.1177348244311342,0.7016006094331143
2015-02-18,-0.6799902309142887,-0.6767421420745718,-0.7049770252311991,-0.0734832664149651,0.5711073065022438,-0.8221311404257136,0.613431779520873,-0.7463654364583555,0.4376264500737328,-0.6867644839496573,0.10308132222165602,-0.7475587643669613,-0.7751250331293271,-0.9897853872415135,-0.24256807749636541,-0.15299367198927352,-0.011822354285963711,-0.31706518531643146,-0.2860239039230084,0.7499723224276422,0.6515318718828413,-0.27520752586452035,-0.6038994128153117,-0.6050166219187091,0.5750283053009938,0.3125774112175916
2015-02-19,-0.7145165912851249,-0.67622165229112,-0.665476121047981,-0.4153677624685446,0.5671682769008354,-0.48104550698372106,0.5897031237080432,-0.6959714978226488,0.14324874678404695,-0.7148857444675332,1.0671847928217975,-0.8441014786147347,-0.8159363407053394,-0.970866398041321,-0.09906841082182323,-0.05346197018199071,-0.16204499126152874,-0.3211180836932791,-0.31900095832895947,0.861110316093628,0.6478261524481537,0.19973989819591847,-0.6474336072627015,-0.6504117437693099,0.004264303808485388,1.7550209080100907
2015-02-20,-0.70666967455598,-0.6803848420187464,-0.7018166895571802,-0.38617295982513467,0.6002553406134782,0.533826986561407,0.5706580831132293,-0.29356841356821795,0.08129174687118432,-0.7012786829266264,0.0747964410631263,-0.7173401099072924,-0.7276426464303127,-0.9825961713454404,-0.27607997570179743,-0.07229229214552987,-0.06279074897410096,-0.3514183239392362,-0.3228579237565561,0.7804284072303406,0.6861185866066088,1.2899308688712348,-0.6552697622632316,-0.6585827186604207,-0.51150527268796,0.5859192090473309
2015-02-23,-0.7155626829367322,-0.6928739948930593,-0.7007634901159118,-0.7428647544743261,0.5994690078761614,-0.8311088610066769,0.6433567090474909,-0.639340685593414,-0.2416058452672796,-0.7457284172935923,0.6414610687177732,-0.8503806795414189,-0.8747988035553571,-1.0375873666206665,0.019082512338353712,-0.217554775864268,-0.0788860315071978,-0.34929537717041137,-0.3492781369355927,0.8525612396577834,0.6787071477372316,-0.09179287023142407,-0.6474336072627015,-0.6504117437693099,-0.47240834744245774,1.8509516804806065
2015-02-24,-0.692545475543181,-0.7277397331387273,-0.7418443777985857,-0.21121404123858162,0.615223391452434,-0.9023044640314261,0.6614378323863166,-0.6937262233289787,-0.23013232676489764,-0.7375641803690463,0.36199677282665893,-0.9006142869548945,-0.8991286215333646,-1.041497291055373,0.003615482397385093,-0.45696886940070547,-0.20496574468311876,-0.3346277449494385,-0.3510137713780114,0.8942379872825279,0.7089705231205268,0.5009260695513187,-0.6578819009984638,-0.6613067181941604,-0.5785002816829897,-0.03614238472679399
2015-02-25,-0.6731897197113282,-0.7100468272784498,-0.6870697379966516,-0.7008662181225971,0.6104967493215578,-0.8588118935974657,0.6960544268023751,-0.6791319391201229,0.8365770791422715,-0.7185142942117749,0.7745450608354707,-0.9119953386345101,-0.8630263109853537,-0.9860015894014751,-0.33708881602450697,-0.45696886940070547,-0.41420441761336946,-0.31397726274359433,-0.34291414398005876,1.0844549379800803,0.6824128671719193,-0.2205049092721934,-0.6256665100390065,-0.6277139501826212,-0.05437788986652895,1.1651164737658781
2015-02-26,-0.6684813918115808,-0.6757011625076682,-0.6607358018745062,-0.8930367131695134,0.6039314155876218,-0.8662806673165475,0.6854714323279765,-0.6664087169893257,0.28109487621980744,-0.8672848337257062,0.5545515407135728,-0.8405694280934746,-0.8661656423373545,-0.940722141915681,-0.36888215534760915,-0.29825615570801045,-0.4571251710349595,-0.2996956208442266,-0.31707247561516116,1.0946069662476468,0.6595609306580031,1.7655218531268775,-0.6108650580636719,-0.6122798451373874,-0.6523691945283725,1.2735310215823556
2015-02-27,-0.6935915671947875,-0.6486412618952299,-0.6433552986981453,-0.08584812400511521,0.585025188342025,-0.1399721914752949,0.6753004005925524,-0.42179853465115497,0.5697358202583023,-0.8700062460338875,0.47682855530786933,-0.9139575889240992,-0.9101162812653677,-0.9820916649667686,-0.48918127711069836,-0.392407765525711,-0.3122676282370938,-0.25781567095013197,-0.3016446139047746,1.1822349997150594,0.7793791923796255,0.3213727750894455,-0.5830029994805647,-0.5832267661335634,-0.32958319095329214,0.5815222581877346
2015-03-02,-0.7045771250657602,-0.6710178993051554,-0.6717960023779348,-0.13589908304672593,0.6199509436577278,-0.5625717502928077,0.6712669055109615,-0.5630013528086304,1.208646893433801,-0.879077620394492,0.8521471706806677,-0.9006142869548945,-0.8724443050413563,-0.935550951534295,-1.1748862711603072,-0.1422334880101078,-0.36860111710293036,-0.26283354513099094,-0.2744530076402185,1.3088681944210137,0.7972901696472903,-0.5313444835556513,-0.6282786487742388,-0.6304378566518059,0.22704650545658986,0.310420528566195
2015-03-03,-0.7234095996658771,-0.6725789523469462,-0.6860165912232544,-0.757004198107507,0.5971048336159559,-0.09378404657922502,0.677154214379794,-0.6373448860434849,0.30043595026667985,-0.887241857319038,0.8002915552233631,-0.8853087346961012,-0.8791153841643584,-0.986253842590811,-1.2625327741591292,-0.05346197018199071,-0.16741008543922692,-0.2665004531862344,-0.2653891388853659,1.3179515881340993,0.8133482871976102,-0.4463945377887436,-0.6613647236226439,-0.6649383763357773,-0.2548614285130933,0.24902958764545363
2015-03-04,-0.7291640192172311,-0.7152505802644143,-0.7033970417317424,-0.7536267601546419,0.5737340372321557,-0.18945333061144376,0.6329177435456027,-0.6738929653015594,-0.3437201599384791,-0.9752341886169094,0.543551864707478,-0.8550900802364325,-0.8351647452363452,-0.9822177915614365,-1.2831554807470875,-0.061532108166364126,-0.05474310770755372,-0.27711518703035964,-0.2688604077702032,1.3099368289754945,0.798525409458854,1.8247293910856313,-0.6909678017100913,-0.6958071448135769,-0.3249548049499643,0.8259214240754558
2015-03-05,-0.8934249953613776,-0.698077747879024,-0.7128773114035872,-0.5406382718502352,0.5797734332717372,-0.7805663265948917,0.6568732979268189,-0.7370101260680635,-0.6594058261611601,-1.0187767855478167,-0.005464931113214471,-0.8146677242709014,-0.8182908392193402,-0.986127715996143,-1.289170436835242,-0.0669122001559476,-0.08156857859604688,-0.28541397894485787,-0.2790813661533347,1.2522305630335404,0.8720221782468595,0.5659256492669072,-0.6874851532226892,-0.6921753005428496,-0.7983150778120524,0.2425351723893202
2015-03-06,-0.887670628122453,-0.8469081119224238,-0.8782543775827882,0.4742341290598324,0.5020438634375155,1.503486504951137,0.5487341603377264,-0.2691198690815879,0.695944523784504,-1.1884114860911383,-0.4120903166572059,-0.84488637873057,-0.8661656423373545,-1.0224521752605127,-0.4402023489642978,0.28279377916693843,-0.057425654796402804,-0.36627895132101207,-0.2885309314509457,1.177960461497136,0.9226670105209469,1.696017352044862,-0.8180877365648587,-0.8283610383528736,1.998392754536962,0.5212543222838361
2015-03-09,-0.9164426212543639,-0.8802127450877312,-0.8650874095217156,-0.6051721427914198,0.5246261372174305,-0.5147884329998915,0.5616738464860516,-0.6125221291412433,0.04654337654968464,-1.1811543866026548,-0.2513258211835113,-0.8951199861440456,-0.8826471319353596,-1.031659416671273,-0.6455701354027144,0.13484124945341036,0.28862291966516634,-0.41684368345120826,-0.3766625914715293,1.2265833337260055,1.0931301045166568,1.065971920940296,-0.8764235571243608,-0.8891905444423742,0.7043004998770331,0.062129466985182576
2015-03-10,-0.9514918443575009,-0.8942634193509701,-0.9035347455885588,-0.32484479270361855,0.4358679727430447,0.8008202496016233,0.4819099654458569,-0.18055626405348937,-0.2974982711145975,-1.3208535517559776,-0.28758848933547254,-0.8747125831323214,-0.8979513722763642,-1.0671009897729669,-0.28252457151053434,-0.05615201617678185,0.15717811231154727,-0.4822690429631803,-0.4179321215468135,1.0251457202064056,1.0925124846108758,2.774624239206509,-0.8973199704591078,-0.9109800279692988,0.4065410003296089,0.4312950844266908
2015-03-11,-0.9530611649284148,-0.951505742967994,-0.9593625321638902,-0.4112270617014728,0.42326369800673574,-0.09748147963806679,0.4671043992423274,-0.40920004999222825,0.01671222844349153,-1.457831304601121,-0.47760487045174915,-0.9273008908933034,-0.9505351724223798,-1.1516058082004934,-0.13472850763016755,-0.08843256811427908,-0.038647825174456876,-0.5175871573899964,-0.48485047171561474,0.8680564406977519,1.191331669535925,3.842290603049691,-0.8511736372764859,-0.862861185778624,0.9055634216739163,0.6611308360483708
2015-03-12,-0.9446913854669691,-0.954107827615259,-0.954622634333393,-0.39575190814343,0.49153950010217096,-0.42908435722287436,0.46442264338060013,-0.29157261401828893,-0.25012903044047763,-1.3780032102277937,-1.0376213422785365,-0.94025174280459,-0.9619152485733833,-1.127263375429579,-0.33365169825984725,-0.08574252211948794,-0.10034640821799282,-0.5324477847717722,-0.516670436493287,0.841874894112977,1.3265904289020864,2.8061586887714975,-0.8624926149011961,-0.8746637257467964,0.19113419087038222,0.30431233196664775
2015-03-13,-0.948353203215674,-0.9499446378876326,-0.940928882214133,-0.7914845957392991,0.4581898799198219,0.9755172894178813,0.4682952191862868,-0.26575195734108276,0.1347255616108489,-1.5050024512762683,-1.5892974004303726,-0.9995117015501747,-1.0196004621664005,-1.0906866629758736,-0.5583532721244747,-0.06422215416115526,-0.07083839024064938,-0.534377736379795,-0.533448236103332,0.8605759988163881,1.267298917947058,-0.0016944429028855372,-0.8624926149011961,-0.8746637257467964,-0.18477763465593935,1.5402833349481866
2015-03-16,-0.979740608570106,-0.9535873378318072,-0.9456692013876077,-1.03807572943916,0.5304042850192823,0.4353410017203428,0.518286232865453,-0.4136905989795685,0.12980833939554234,-1.4387814184438497,-2.4166906120976206,-1.08153376365499,-1.1082865728604274,-1.0929569416798965,-0.4741438868903122,-0.18258417793197962,-0.09498131404029346,-0.5687308750025998,-0.537112353259549,0.7686734271310534,1.396999098161185,-1.346735250878925,-0.859009792277016,-0.8710323467988453,-0.516727778633744,1.248872445815701
2015-03-17,-0.8667455517196864,-0.9463019899820293,-0.9799033710142692,0.039899424635454595,0.5141235087114464,-0.4871100362762355,0.5325189211736896,-0.6531865449710462,0.29519091323701957,-1.4115672953620322,0.2987788546817399,-1.1211712195046855,-1.1416419684754375,-1.134957097704324,-0.2808060126282045,-0.24176518981739062,-0.16741008543922692,-0.6216115490624239,-0.5716321938365391,0.576853524601779,1.3809409806108635,1.0395859529369385,-0.8746821893464652,-0.8873744827101775,-0.10012512543565338,0.7084693596948619
2015-03-18,-0.8709306507001264,-0.8672031024299663,-0.9630497045639685,0.7485317029154,0.5797734332717372,2.1613298530415213,0.4961555274609495,-0.04958191858939997,1.1722594490405325,-1.167547325061746,0.56651822120372,-1.1690501265706545,-1.0921974996814225,-1.1209570456961815,-0.526989572521955,-0.602231353119443,-0.23179121557161192,-0.5034985106514307,-0.6256297098228919,0.6035693884637948,1.367353342683669,4.700156343256419,-0.7954499554522158,-0.8047553069646418,1.2501018812066658,2.1131287882222627
2015-03-19,-0.8039707933232516,-0.8822943399515443,-0.8845742589127421,-0.41365042113657935,0.5545639737247018,0.0620686078693991,0.5936746602132774,-0.33809969102600834,0.008352950677470385,-1.3553247743262806,-0.07158386271029037,-1.0654433112803612,-1.0953368310334237,-1.07429020566904,-0.1978855465557894,-0.4623489613902883,-0.6073478080105246,-0.509095370314697,-0.5047138436677377,0.6158586858403231,1.1030120230091616,4.388673208777757,-0.8067689330769261,-0.8165582191910353,-0.44978707092377745,0.8162540740098299
2015-03-20,-0.7663057918105877,-0.8083996737325811,-0.8271664888379534,-0.12824737333430278,0.6031186053726947,1.2897108208955383,0.6047524870225253,2.4815908606080304,4.914265554888822,-1.20836850968447,-0.3493559007543131,-1.11685426886759,-1.0513861921054102,-0.981082652209425,0.07665423489640356,-0.5645707091923629,-0.47590300065690483,-0.45486373012925646,-0.5106921400805123,0.7617273025269294,1.2821217956858142,3.791449347628587,-0.7527864448937739,-0.760268122915584,0.3594617861798166,0.6365079112346317
2015-03-23,-0.7516583638784823,-0.7891452464833776,-0.7839788335976353,-0.8530608232754324,0.5923039635403303,-0.8947679416777292,0.6685682552262527,-0.46021767598728786,0.20209150596054873,-1.0949763301769022,-0.289280747182564,-1.0183493043302279,-1.0054734710823963,-0.8431001576426878,-0.45609901862584884,-0.6264417670725656,-0.5832048842108799,-0.42070358666725377,-0.4445451829972297,0.6719619999505564,1.0968358239513463,2.97219721913409,-0.7162177215579663,-0.7221361312191058,-0.22187499493382032,0.13372846409077044
2015-03-24,-0.7432882182300307,-0.7745744987452514,-0.7665983304212752,-1.092649020654946,0.5611787927551375,-0.7614263108216647,0.6250655856828461,-0.5954330954949764,-0.39108940061259895,-1.1140262163341736,-0.21868941984674625,-0.9767495981909433,-0.9678014948583853,-0.8007216218342565,-0.4324688339938135,-0.7232834228850573,-0.596617619655127,-0.4502318462700025,-0.4215962387030296,0.597157581136912,1.029515254221156,2.678733770121136,-0.725795331404781,-0.7321231678424134,-0.5309962398324088,0.15243927254599834
2015-03-25,-0.7040538961464536,-0.7490757552517442,-0.722883891122769,-1.0846156795354194,0.48046534486143644,0.9162023333179057,0.5048147040199126,-0.35381661248169904,-0.5228709559828146,-1.0722978942753891,0.48915786247953613,-0.9689005970325879,-0.9348385156623752,-0.7905053676661525,-0.5042186673310846,-0.5780209391663198,-0.7092845973868008,-0.4334412672802039,-0.45206626558104335,0.615324368563082,1.0634843490391426,0.9539924469748268,-0.7501743061585414,-0.7575444025755101,-0.3648119481863513,0.7885116908159718
2015-03-26,-0.7260253780754042,-0.7126489119257148,-0.6865433752814418,-0.6125757920892259,0.4675403542121214,0.7836921629775718,0.44744142071843446,-0.2143601189304115,-0.39010595616953764,-1.1521259886487165,1.4420199059525696,-0.9178820895032767,-0.8163287571243394,-0.726433057574834,-0.31560682999538386,-0.392407765525711,-0.5778397900331811,-0.3956142157629578,-0.4329742867144398,0.6965405947036105,1.0153099963881809,1.939283105831916,-0.7754242260064165,-0.7838737612392603,0.3098847129171172,1.475374833339768
2015-03-27,-0.7945545560231928,-0.7376271656357702,-0.7334177289109886,-0.722084924357546,0.4799376438978968,-0.11377399976853218,0.46854222957447034,-0.3954789280864665,-0.5900729929253377,-1.1484974389044746,0.10018030876949913,-0.8370373775722147,-0.8567476482813516,-0.7684332135992613,-0.4771513649343895,-0.48924942133820265,-0.38201385254717696,-0.44984585594839743,-0.39749020478055064,0.350837316329125,1.0690429281911769,1.7828979783973813,-0.7954499554522158,-0.8047553069646418,-0.30009120477749784,0.7577568021007417
2015-03-30,-0.7992624654235042,-0.8078791839491293,-0.7813452819818039,-0.8246292834462292,0.5461439083260816,-0.38418754236234665,0.5084981949388856,-0.3852504553930805,-0.07392856772532601,-1.1974828604517447,0.05485197357954764,-0.9355423421095768,-0.947003424651379,-0.8331361566639197,-0.4797292032578842,-0.5080797433017424,-0.5000459244565495,-0.5233770122140647,-0.45264481039518323,0.22634139073213133,1.0746015073432111,0.7197365359206266,-0.827665346411673,-0.8383478888470703,-0.2130174970820411,0.43923336327590784
2015-03-31,-0.6977766661752284,-0.7938289259944551,-0.788191947369945,-0.8247437728683602,0.4981373974363904,0.24378686981849368,0.5272584032246694,-0.19278053629680436,-0.3879751598762381,-1.2909180163659808,0.2770212537905632,-0.92612354071955,-0.9603455828973828,-0.8795507435017252,-0.40626081103828326,-0.5780209391663198,-0.5054110186342482,-0.44752991401877046,-0.5239986708057209,0.2936653676644108,1.152421615471687,1.0724075228923347,-0.8476909887890837,-0.8592294345724518,-0.3182022804426938,0.26106178425448395
2015-04-01,-0.7145165912851249,-0.7048430222539147,-0.728677409737513,-0.27280935034507015,0.47888184381325877,0.3644204992119094,0.44980616206378427,-0.39373260348027866,0.08178346909271497,-1.260982480975982,0.49955316068309835,-0.9740024477855188,-0.8944196245053629,-0.8813165158270766,-0.19315950962938233,-0.7609440668121373,-0.5697921487666333,-0.3639630093913842,-0.44878784496758656,0.4384653497965375,1.2117131264267171,1.2770596649671577,-0.7632347386295363,-0.7711629112113237,1.2161891315880793,0.9428981424171743
2015-04-02,-0.6407559088307117,-0.7188932802085889,-0.7213039602911844,-0.9199989720813685,0.4984016602956308,-0.5746946499110535,0.48625645020811215,-0.5931878210013062,0.22208820963612874,-1.1521259886487165,0.8872010832275635,-0.8943350860282102,-0.9018755364663652,-0.8716047680376444,-0.6820895116522236,-0.6156815830933998,-0.7602529920749387,-0.38596445772284393,-0.3637417572890801,0.41121516865728064,1.175273551985605,0.7602808282184689,-0.782389697117999,-0.7911367983288282,0.1061910100653462,1.1116816371708116
2015-04-06,-0.6710971702211078,-0.6278257816042353,-0.6243952333653062,-0.5326240123010638,0.5350658568292427,-0.010794022164666883,0.4752615012339141,-0.42504170891978954,-0.3386390303159957,-1.1158404912062945,-1.073037881506952,-0.8994369367811412,-0.8249619183423422,-0.8050099260529668,-0.28123565234878695,-0.65334222702048,-0.8353643105627212,-0.3110823353315602,-0.31340835845894416,0.6516579434154234,0.9776351821355049,0.15404712433644535,-0.7205710539343164,-0.7266756340977105,0.2021988762503185,1.3434187729479925
2015-04-07,-0.7045771250657602,-0.6777827573714813,-0.6549423359276335,-1.190117682029154,0.5205577917291334,-0.6909882607112479,0.567709200923934,-0.7830382531883006,-0.8234771407452222,-1.2138113343008348,0.25550540402039956,-0.8017168723596145,-0.7504027987323195,-0.8140910408690593,-0.5411676833011763,-0.6856227789579772,-0.6529511085209636,-0.3298028659293816,-0.3132155101875645,0.6537952125243851,1.028897634315375,0.7107266931877727,-0.7649759322706541,-0.7729786006852992,0.22139917181001734,1.5012633669820126
2015-04-08,-0.7464272255588635,-0.7027614273901015,-0.7097169230616963,-0.5985890010188862,0.5390218081268683,-0.5243758912923907,0.5475312741258057,-0.7247858538247485,-0.3206092155265383,-1.2455611445629524,0.4229180553219537,-0.7538379652936457,-0.7861126928613305,-0.9152445697927551,-0.35083728708314577,-0.6345119050569402,-0.6824591264983071,-0.3519973094216434,-0.3292219167120909,0.5116668167784613,1.1357458780155842,1.2912179892616424,-0.7736828582285209,-0.7820578856361744,-0.4382464507512285,1.2008030776344392
2015-04-09,-0.6784209103433756,-0.7641669927733221,-0.7318373767364263,-0.7631675453322269,0.5632895681694714,-0.6024510602139632,0.5478893238402608,-0.6010462817291516,-0.7739771037778028,-1.356231911762339,-0.49271431551506634,-0.8374298276301324,-0.8300633317893436,-1.0005061477882893,-0.3405259337891667,-0.4811792833538281,-0.6449034672544158,-0.3819115593459963,-0.3552564333483682,0.583265331928663,1.1536568552832507,1.5299788216822696,-0.7893551682295812,-0.7984002076766169,-0.800953481427476,0.006335725672197513
2015-04-10,-0.7218403314073927,-0.6944350999734199,-0.6781163050508663,-0.9107825735998214,0.5933593370275841,-0.865767420084615,0.5983341387757861,-0.23095020268919614,-0.8383927147983188,-1.4061244707456695,-0.9417670227968524,-0.8492033293676656,-0.8363419944933457,-0.9712447778253249,-0.2223750106289897,-0.5188399272809082,-0.4812680948346036,-0.31610020951242007,-0.3824480396129243,0.7291339486152694,1.2716222572875284,1.1380506628031268,-0.7423381511580113,-0.7493732415552885,-0.07941717066714105,-0.14083734978907267
2015-04-13,-0.7584588750814427,-0.7360661125939794,-0.7149836576182529,-1.0524250703462477,0.5683008929543508,-0.8305853488301057,0.6103879532285665,-0.18504681304082957,-0.3784685302599788,-1.4387814184438497,-1.1634528007658418,-0.8087809734021345,-0.7927837719843325,-0.9578753587905222,-0.5519086763157378,-0.5699508011819457,-0.5188237540784948,-0.3873154238484596,-0.31398690327308404,0.6794424418319202,1.3265904289020864,1.8710657251403082,-0.7588812321164082,-0.7666235013972744,-0.6276940517570077,-0.00943387916748964
2015-04-14,-0.70666967455598,-0.7527184031573482,-0.7365776959099012,-0.9648215808456626,0.5788521535620679,-0.8598014342606316,0.5818268291897751,-0.6498186332305411,-0.5469653448378168,-1.360767598942643,-1.3147890025200264,-0.797399921722519,-0.7629601241403233,-1.0238395678018601,-0.5072261453751618,-0.6506521810256888,-0.575157242944332,-0.3946492399589464,-0.38900488083983875,0.5843339664831438,1.3407956867350634,2.3974979648170547,-0.7458209737821914,-0.7530050858260161,-0.6232541231547816,0.16807815722499478
2015-04-15,-0.7275946986463173,-0.7251380648000277,-0.7323641607946137,-0.9635240340615111,0.6036467329336185,-0.31543499616159615,0.6395959800069688,-0.2658766948129533,-0.03524641963158109,-1.3317392009887048,-2.349725551576999,-0.739317313150688,-0.6503366118872895,-1.0029025530869804,-0.4986333509635125,-0.6775526409736031,-0.6744114852317586,-0.3521903045824455,-0.3959474186095125,0.6334911559892533,1.2456822212447018,3.0545729241201824,-0.696191992112167,-0.7012543993646139,0.044907218581669246,1.9876612012611348
2015-04-16,-0.6977766661752284,-0.7220154383307403,-0.7234107278488284,-1.063454218011536,0.6020632034456154,-0.943534640667028,0.6470723862933974,-0.5663692645491355,-0.6669455668912968,-1.262796755848103,0.9418368365765183,-0.6466990994820926,-0.6220826297192811,-0.9954610840015713,-0.36931179506819156,-0.6641024109996457,-0.6636812968763611,-0.3610680819793501,-0.35390649544870884,0.7686734271310534,1.1931845292532697,2.7321492663230553,-0.7170884054469142,-0.7230442551497596,-0.24861358653758658,0.8954407822609642
2015-04-17,-0.7438114471493372,-0.7152505802644143,-0.6923364725532083,-0.9939973019187175,0.5382306974988549,1.5647723304217336,0.5171694418853976,0.04908542166021404,-0.7797138630289938,-1.2219755712253788,0.05497284914005418,-0.6207973956595191,-0.642488283507287,-0.9646861949025916,-0.2975619617309205,-0.7448037908433888,-0.6744114852317586,-0.3226620449796968,-0.36277751593218094,0.8028697328744341,1.1079529822554148,1.863986562993066,-0.7188298602931985,-0.724859944623735,-0.5954742245550975,0.18460831572688238
2015-04-20,-0.7092854529655069,-0.758963187748787,-0.7402643942991298,-0.9165452078470827,0.5883471306081125,-0.6554140685715422,0.5553375686354676,-0.3962273529176899,-0.9541113442651997,-1.285475191749616,0.29285595221691957,-0.6133408445590814,-0.6079556386352768,-1.0175332380684625,-0.22452320923190203,-0.6883128249527689,-0.7307449740975952,-0.4064219447678851,-0.31842241351481965,0.6901287873767264,1.0721310277200835,0.40310491988033403,-0.7092522504463841,-0.7148729080004275,-0.7068940731183008,0.21065133683176135
2015-04-21,-0.7903694570427527,-0.7272196076252705,-0.722883891122769,-1.028076986573051,0.5817527029326133,-0.8691158450257427,0.5917757905118342,-0.4957678554703978,-0.8798612888140708,-1.2863823291856766,0.03309437268837093,-0.6294312969337105,-0.6440579491832877,-1.0073169839003586,-0.34181485295091407,-0.6210616750829827,-0.6931893148537046,-0.408737886697513,-0.40771116316368206,0.7131044302980598,1.1314225386751138,0.6560240765954458,-0.6970627630695035,-0.7021623371661568,-0.827621800779984,0.2702656719322064
2015-04-22,-0.7469500359787349,-0.7584426979653351,-0.7692318820371059,-0.5742599988160446,0.6089223490175638,-0.7519969326766007,0.5745266340832044,-0.5446649444436579,-0.5561441596397224,-1.295453703546283,0.17512315628355224,-0.6286463968178747,-0.6295385416802832,-1.0628126855542566,-0.2558869088344217,-0.43006840945279107,-0.6261256376324699,-0.4745492365310892,-0.4100253424202397,0.5138040858874218,1.143774936790746,0.3998871189043148,-0.7545278997400582,-0.7620838123895591,0.2580876753533048,-0.08251239081907678
2015-04-23,-0.8311730996972428,-0.7584426979653351,-0.7671251144794626,-1.00101931980942,0.6229022865567501,-0.25268333659660047,0.6070753857309045,-0.4326506947038938,-0.8247884000026373,-1.203832822504168,1.343748075260755,-0.6317859972812169,-0.5824485714002692,-1.0358215942953153,-0.4251649587439116,-0.5053896973069513,-0.4356647943241645,-0.4598816043101164,-0.475786602960763,0.6602070198512692,1.1499511358485612,1.1773078347105617,-0.7136055828227341,-0.7194125039435874,-0.03711008121643213,0.39964892188856954
2015-04-24,-0.7119008128755987,-0.8047569737884074,-0.8218997542813967,-0.296260600311574,0.6358268221688562,-1.099715773344089,0.6245055814944092,-0.19702161034040347,-0.16670016018744305,-1.1611973630093229,0.5308599308542915,-0.5831221900994125,-0.6008921430932748,-1.051965798412813,-0.36630431702411437,-0.6129915370986088,-0.49468083027885074,-0.5081303945106855,-0.46170867915003494,0.6671531444553931,1.0641019689449236,1.6200772490108082,-0.7501743061585414,-0.7575444025755101,-0.08545739008211202,0.03768479693602171
2015-04-27,-0.6595883834308293,-0.7136894751840538,-0.7744986165936626,-0.23239458433282023,0.6126148906507157,-0.7295474987518731,0.6309239297411484,-0.17232359091003233,0.2655236725380033,-1.1484974389044746,-0.3118844769972865,-0.5917560913736037,-0.6028542251882751,-1.0092088828203778,-0.04407452658726815,-0.5807109851611115,-0.6234430905436208,-0.43517822372742454,-0.510884988351892,0.7975265601020309,1.013457136670836,0.7300334990438881,-0.7153470376690184,-0.7212283795466726,0.40229911170820143,-0.17174672596693724
2015-04-28,-0.7024845755755398,-0.6720584625634943,-0.6865433752814418,-0.12424024355971709,0.630287369823053,-0.5754624677700244,0.586720448553199,-0.12467387665547788,-0.06311067885165159,-1.064133657350843,-0.23101872701841306,-0.6176577951961769,-0.6056011401212761,-0.890145377453833,-0.2627611443637411,-0.37357744356217065,-0.5858874312997295,-0.3848064867580305,-0.43663840387065683,0.783634310893782,0.9918404399684819,1.5074542148501349,-0.6483042911516494,-0.6513196815708532,0.5414605285522207,0.12854719226702996
2015-04-29,-0.809201983955299,-0.6840275419629201,-0.6897032896124824,-0.29292132549941924,0.6073392745667704,0.22153657581975578,0.6016869340326327,-0.40969899987971053,0.39386317235750445,-0.9271559045057016,0.2764168759880305,-0.6062767435165615,-0.5463462608522582,-0.8661813244669225,-0.34868908848023344,-0.2579054657861398,-0.4195695117910682,-0.39387725931573714,-0.3861121567691413,0.8221051548550851,0.9047560332532821,4.686641579157138,-0.6317614713984189,-0.6340696078579777,0.12611638749030069,0.7516367218502226
2015-04-30,-0.8296037791263298,-0.81464445832402,-0.8118927532192374,0.1402112399925829,0.5516833891117096,0.9528112318771873,0.5280292189974046,-0.07166045111048933,-0.07687890105450994,-0.8427921229520701,0.09558703747025071,-0.543484734249717,-0.5267254399022524,-1.003659312654988,-0.23870132001112326,-0.2874959717288447,-0.29348979861514785,-0.43672218501384313,-0.39691165996641165,0.7339428041104327,0.7886434909663492,3.551401394817552,-0.6848730144874567,-0.6894514871382202,0.4578621031008086,0.023263986481643142
2015-05-01,-0.7762453103423824,-0.8443063915451536,-0.8477069063453547,-0.21151934636426434,0.6112956524617785,-0.23597611270273364,0.5627898341467998,-0.5391764956813532,0.7342988570638951,-0.8636562839814623,-0.3173238772200807,-0.4912888765466526,-0.5212316100362506,-1.001515160545633,-1.2028128529981672,-0.08036243012990447,-0.2505690451935579,-0.47898812522954104,-0.4379883417703153,0.7045553538622152,0.7435572378442943,1.575028035346539,-0.670942159332681,-0.6749250407008637,-0.4224831071167061,-0.24583534795113435
2015-05-04,-0.7595053329200558,-0.7855025985777735,-0.763438416090234,-0.9650314781195695,0.6271225007136161,-0.9026329422598629,0.6314839339295854,-0.6101521171757026,-0.17325645647451846,-0.9144559804008534,-1.15269487588076,-0.513658529847966,-0.5310420205112536,-0.9149923166034192,-1.2698366494090312,0.011099133693003738,-0.025235089730210294,-0.413755760878372,-0.4875503475149326,0.7996638292109914,0.8003782691761988,0.030483566857306795,-0.6587525848874117,-0.6622146559957034,-0.75889553904941,-0.2761624252313767
2015-05-05,-0.7626439217494542,-0.750636808293535,-0.7365776959099012,-0.9252654854993954,0.5632895681694714,-0.032186166791613645,0.5819217732927862,-0.49377205592046886,-0.6439985298865328,-0.8781704829584315,0.4843228400592747,-0.5285716320488416,-0.47845822036523766,-0.8888841115071536,-1.2749923260560208,0.10794078950549542,0.015003116602530642,-0.41336977055676694,-0.41542509401887534,0.9311058794121102,0.8244654455016788,1.2500301367685962,-0.6752956658458087,-0.6794650089022447,-0.4469953460328813,0.5455979812997359
2015-05-06,-0.8118177623648253,-0.7693707457592868,-0.7560649139760333,-1.0351371676044638,0.5406048825776617,0.41401044676122795,0.5108210936472648,-0.4302806827383531,-0.4858278819608386,-0.726678531136321,0.9811213937411429,-0.4567532714498881,-0.4180260918392195,-0.7915143804234962,-0.2777985345841273,0.2962440091408953,0.11425735888995725,-0.43093233018977484,-0.4142680043905965,0.906527284659055,0.7880258710605665,3.1588296757432053,-0.7197005441821465,-0.725767882425278,0.05692696774006997,0.99178154069001
2015-05-07,-0.7830457692329142,-0.8078791839491293,-0.7929322665434206,-0.620227501801649,0.5624967227120984,-0.5471024787223621,0.5371124204437175,-0.6736434903578182,-0.673829677992726,-0.8046923506375273,0.934584302946126,-0.46028532197114824,-0.47021747556623517,-0.8043792930796271,-0.23397528308471618,0.09718060552632968,0.2644799958655223,-0.4745492365310892,-0.435481314242378,0.8327915003998914,0.6583256908464393,0.9584973683412537,-0.7092522504463841,-0.7148729080004275,0.15019102193273126,0.3482461896096948
2015-05-08,-0.8060633428134714,-0.7860230883612254,-0.7787121517089508,0.24008417923154227,0.635034431748692,0.8413832048357129,0.5934276498250939,-0.49851207985155016,-0.5364752707784961,-0.8618420091093415,0.3991055699021659,-0.5234697812959104,-0.5235861085502515,-0.8069018249729861,-0.2606129457608288,0.00033894971383799643,0.09011443509031317,-0.4390381269434701,-0.4755937546893825,1.010184836443677,0.7194700615188143,1.8581945212362314,-0.6970627630695035,-0.7021623371661568,-0.6243433430492845,-0.07108031858412649
2015-05-11,-0.7553202339396158,-0.7922678209140944,-0.8055724505463059,-1.1045940836972823,0.6083942214566408,-0.8044815946140186,0.6574743414329196,-0.6096531672882203,-1.1544061958353535,-0.9062917434763094,-0.157889012911958,-0.5073793289212813,-0.5247633578072516,-0.8158568131944105,-0.40325333299420607,0.39039561895859587,-0.014504901374812789,-0.4994456122745831,-0.43895258312721447,0.7761538690124182,0.7361457989749153,-0.08857506925540484,-0.6927092565563758,-0.6976224620293311,-0.909000261930283,-0.35258618463154856
2015-05-12,-0.64807959664055,-0.7735339354869124,-0.7534313623602025,-1.0397167444897046,0.5917766891741739,0.09923386642809556,0.5897859974235055,-0.5694877013458995,-0.888056659172915,-0.852770634748737,-0.3904535913265358,-0.5160132301954727,-0.4682553934712347,-0.819514484439781,-0.09219417529250384,0.28279377916693843,0.35836914397524955,-0.47261928492306643,-0.4989283955263428,0.8397376250040153,0.7694972738871207,0.21904670405203389,-0.6692007044863963,-0.6731093512268882,-0.3788025145732222,0.051695621431870356
2015-05-13,-0.6151229230276335,-0.6559266617835774,-0.6686360880468936,0.5844111162905836,0.5928316360640444,-0.4152389998942631,0.636913420825933,-0.6205053273409592,-0.1962034934792824,-0.7230499813920791,-1.1452005911293546,-0.43752321861191723,-0.4474573232642284,-0.7270636905481738,0.3082300442903504,0.4119159869169273,0.31544839055365953,-0.41684368345120826,-0.47617229950352236,0.8856889108466833,0.7021767041569306,0.7815183146601958,-0.6265371939279545,-0.6286219810487196,0.1444798044213785,0.3024406569385764
2015-05-14,-0.5968136250343938,-0.6132550338661092,-0.5975345131849734,-0.3401291305581096,0.6505969887014621,-0.3892461070802734,0.6465083531496627,-0.5406733453438,-0.3460148636389555,-0.6749716972808695,-2.325429563915185,-0.48265497527246154,-0.4878762144212406,-0.5984145639868648,0.12348496443989189,0.2505132272294412,0.36909933233064707,-0.370910835180266,-0.4190892111750923,0.7798940899530995,0.5940932206451577,1.5969090819834697,-0.623054545440552,-0.6249905090362134,0.1577293179767987,-0.09231046104539332
2015-05-15,-0.5973368539537004,-0.6194998184575481,-0.6159682158026029,-0.8125315678410514,0.6566641704506304,-0.7880166234136239,0.7093650322524235,-0.33311019215118587,-0.7911873815313758,-0.6368719249663267,-0.11401118444808496,-0.49639072729958383,-0.5188771115222499,-0.5887028161974326,-0.22409356951131956,0.016479225682587206,0.23497197788817886,-0.33501373527104267,-0.372612777772553,0.9455324458975979,0.5625946054502969,0.8265675283244651,-0.6317614713984189,-0.6340696078579777,-0.5991507409731999,-0.10841280811229317
2015-05-18,-0.6826060093238157,-0.6064901757997833,-0.5848943291820882,-0.6918978800556672,0.6740732115186694,-0.8644801960269283,0.7213898818946768,-0.6965951851820016,-1.2163631957482162,-0.7611497537066219,-0.2097446283692625,-0.4787304746932837,-0.47257197408023593,-0.5004141999298677,-0.2958434028485907,0.24782318123465008,0.028415852046777223,-0.313398277261188,-0.33982857163798164,0.9102675055997373,0.5422131485595064,0.5298862783354918,-0.6291493326631866,-0.6313459805824593,-0.8378719668839724,-0.20516355249986887
2015-05-19,-0.6726664907920217,-0.6663342197940779,-0.6702160188784781,-0.6971262303329837,0.6722271540007847,-0.8782557517319967,0.728430188786622,-0.5953083580231058,-0.03000138260192076,-0.9117345680926721,0.45664233670327764,-0.5065944288054459,-0.5373206832152554,-0.6510093539633999,0.3022150882021959,0.3984657569429705,0.23497197788817886,-0.39252629319012156,-0.31514399290136286,0.7344771213876725,0.6435028131076813,2.183835980009378,-0.6944506243342714,-0.699438337632417,0.028974582705479285,0.5844991127561909
2015-05-20,-0.693068338275481,-0.684548031746372,-0.6644225529316062,-0.8153365586832614,0.6682703495083924,-0.7808845398786898,0.7330486321510516,-0.6827493258043693,-1.2111181587185558,-0.962534264512063,-0.06251819567230008,-0.5532959856976614,-0.559296002679262,-0.6414237327686357,-0.35298548568605803,0.3096942391148534,0.36909933233064707,-0.383648515793217,-0.3945974807098532,0.7531782260910836,0.798525409458854,1.5254739003158426,-0.6874851532226892,-0.6921753005428496,-0.6357306419463609,0.24198258261912772
2015-05-21,-0.6977766661752284,-0.7043225324704628,-0.6796962885503229,-1.1813019965250655,0.6846244721263863,-1.0291504379201528,0.7237135839223628,-0.6318564372811802,-1.0185269552857157,-0.9443915157908521,0.4271486999396825,-0.5340659328596902,-0.4847368830692397,-0.6405408466059601,-0.49519623319885286,0.14291138743778378,0.2832578254874682,-0.3888593851348781,-0.3847622188694819,0.7456977842097199,0.829406404747932,0.6901327669412496,-0.6996746405995694,-0.7048860575062307,-0.85122688881628,0.4688236541958935
2015-05-22,-0.7861843580623119,-0.7079652324146366,-0.687596522054839,-1.321627864916985,0.6711717805135309,-1.179657109200968,0.7102179184213139,-0.6989651971475422,-0.928050066524075,-1.0305695722166046,-0.374981519581699,-0.4614626721449016,-0.4902307129352414,-0.6614778613208397,-0.2704946593342254,0.1967123073336125,0.1410828297784504,-0.4189666302200331,-0.3918976049105362,0.8140903956964803,0.807789708045576,2.364032834666455,-0.7092522504463841,-0.7148729080004275,-0.7029971573667066,-0.3463591515222825
2015-05-26,-0.7872308682133544,-0.7964306463717259,-0.7729186330942067,-0.5602159630346395,0.6107688331328318,0.19328128920740759,0.6166534236316527,-0.3178922205829774,-0.3956788080135517,-1.1621045004453834,0.10344394890317564,-0.48461722556205034,-0.5110287831422476,-0.7181087023267493,-0.15964761142395031,0.00033894971383799643,0.16522575357809569,-0.4979016509881645,-0.41214667340541855,0.7841686281710231,0.9411956076943944,2.1683905353244857,-0.7597519160053562,-0.7675314391988174,0.1236185283773936,0.1017198501980068
2015-05-27,-0.7804303570103932,-0.8073590584356717,-0.7766053841513066,-1.1495502634540626,0.6635224059481613,-0.44508740591452983,0.6393360917923419,-0.48054988390218933,-0.7020217520271502,-1.133076102491445,0.501487169651203,-0.5493714851184835,-0.5585111698412617,-0.7268114373588378,-0.5819834567565101,-0.03194160222365923,0.028415852046777223,-0.5239559976964719,-0.4995069403404818,0.8311885485681707,1.0369266930905352,1.6985915928256774,-0.7432088350469592,-0.7502811793568318,-0.5990804687219415,0.0483325482068278
2015-05-28,-0.7762453103423824,-0.8000732942773291,-0.7987257851581647,-0.6563107513432753,0.6571914163769612,-0.8195402683989182,0.6481191772648448,-0.840916440136241,-1.0286892145306825,-1.0931620553047814,0.2782300093956286,-0.5803750396939883,-0.5973603953222735,-0.7556944275377984,-0.3770453100386759,-0.01849137224970235,-0.019869995552512138,-0.5301318428421444,-0.5253486087053795,0.8226394721323249,1.044338131959914,2.271360166557101,-0.7292779798921831,-0.7357547329194748,-0.5156864716378262,0.4851339651548013
2015-05-29,-0.7814764486620005,-0.7834210037139611,-0.7571181134173025,-1.0110943889569497,0.6223741589958263,-0.060135558053730075,0.6074752739627426,0.060935481487917366,-1.266518862344343,-1.05778369529842,0.7601608691351928,-0.5646770373772769,-0.49140796219224175,-0.7316042479562199,-0.6266659876970861,-0.050771924187198385,-0.014504901374812789,-0.5523262863344063,-0.5311340568467744,0.7366143904966344,0.9998694987436418,1.334980082535504,-0.731019347670079,-0.7375705154580058,-0.8927034880248458,0.7801099495788514
2015-06-01,-0.7574127834298362,-0.7303418177859924,-0.762384795305987,-0.08615342913079793,0.6337169283891145,-0.44252527573272277,0.6133746532191224,-0.6147674036349133,-1.113757158855486,-1.1122119414620528,0.029105479191655195,-0.4759833242878593,-0.49650937563924313,-0.7551899211591266,-0.06254903457231399,0.11063083550028775,-0.038647825174456876,-0.5833985072235736,-0.5573614217544313,0.692800373762928,0.9967813992147334,1.389682699127831,-0.7388555026706092,-0.7457416764782271,-0.6116592016971694,-0.19011290854398055
2015-06-02,-0.8003089755745467,-0.7745744987452514,-0.7481646804715172,-0.9006120966005158,0.6281770210061032,-0.5207646837685136,0.5900040471207463,-0.7156800183781975,-1.0867124366713,-0.9062917434763094,0.3667109196864139,-0.4806927249828725,-0.46001464867223213,-0.7369015649322739,-0.4389134298025504,0.333904653067976,0.11425735888995725,-0.5486593782791637,-0.5845530280189875,0.6452461360885405,1.0634843490391426,3.7418952125978904,-0.7136055828227341,-0.7194125039435874,-0.3736790286178476,-0.10944074392136095
2015-06-03,-0.8421590760676507,-0.7891452464833776,-0.8055724505463059,-0.7288016371225658,0.6429493774052785,-0.5558071517759373,0.6250575401310089,-0.7709387184168561,0.018679117329614154,-0.7974352511490438,0.5691774835348639,-0.44654956994402595,-0.4647236457002337,-0.7829377719860756,-0.2382716802905408,0.5894590225731626,0.31276584346481046,-0.5806965749723415,-0.5498403391706177,0.5341081424225536,0.8744926578699852,3.03076119689764,-0.7458209737821914,-0.7530050858260161,-0.2304514037805665,-0.11633920331053833
2015-06-04,-0.8735464291096534,-0.8526323546918402,-0.837173121225008,-0.5989515508556345,0.5957335221063917,0.7593765621175375,0.5700731348303892,-0.5170979631602638,-1.0362289552608193,-0.8300921988472238,0.23737406994441895,-0.5018850281104328,-0.5220164428742508,-0.8707218818749688,-0.15363265533579587,0.449576630844008,0.5863856465274474,-0.5963291829973257,-0.5812746074055306,0.5052550094515772,0.8040839886108883,2.165172734348466,-0.7754242260064165,-0.7838737612392603,-0.568403436854474,0.10051960144984674
2015-06-05,-0.856283222768021,-0.892181824487157,-0.8851010429709295,-0.5999628740844585,0.5862376634257549,0.1398235105182457,0.5478072534441056,-0.5711092884802169,-0.8265913814815831,-0.9443915157908521,0.4024900855963489,-0.5658543875510303,-0.5514476742992597,-0.9197851272008013,-0.25803510743733404,0.7185812303231516,0.46567102752922457,-0.6152427087559492,-0.5978595587441959,0.45502918539098686,0.8392883232404368,2.976702140500517,-0.7963206393411637,-0.8056632447661848,-0.46985618704448745,0.14443563361643594
2015-06-08,-0.8432051154068286,-0.878131150223918,-0.8556071925177429,-1.0733193898851587,0.5506284137820135,-0.6067438600618467,0.5221459349642837,-0.6065347304914563,-1.1442439365903867,-0.7820139147360142,-0.12295597592556873,-0.5258244816434171,-0.5534097563942604,-0.9142355570354115,-0.6069025605502929,0.6459499884637825,0.7258780951476149,-0.589574352369246,-0.6231226822949537,0.377018862913901,0.9294608294845431,1.8536895998698044,-0.7797776454511555,-0.7884129849241989,-0.09895924490341414,-0.444636945059745
2015-06-09,-0.792985235452279,-0.8484692170027851,-0.8250597212803101,-0.9875858942793804,0.5514199510074103,-0.20240974373434786,0.5033446873608377,-0.5535213049464677,-1.0149209923278242,-0.7892710142244977,0.09413653074417226,-0.5540808858134971,-0.4953321263822427,-0.9134787974674038,-0.5562050735215623,0.8073527481512687,0.6588144179263796,-0.5650639669473573,-0.5901456278890027,0.3374793843981171,0.784320151625877,1.5003750527028925,-0.8015447426748504,-0.8111107785108876,-0.6157094387242361,-0.17749841303732802
2015-06-10,-0.8201875418262708,-0.8011143258828034,-0.7734450484772878,-0.6206472963494627,0.6176262154355951,0.4035627861080099,0.5241115872775163,-0.4733151105336968,-1.028033584901975,-0.751171241909955,-0.06251819567230008,-0.46460227260824377,-0.44981182177822915,-0.9252085707715232,-0.3942308988619744,0.9257147719220918,0.7795290369246024,-0.5440274944199089,-0.5668109870520432,0.37595022835942016,0.7633210748293038,3.4316991985096363,-0.7850018358532311,-0.7938607047980125,-0.44182075298568246,0.23675377619149973
2015-06-11,-0.8217568623971847,-0.8391022222506236,-0.8139995207768808,-0.8149358457058029,0.6358268221688562,-0.8420861928032493,0.6212879580997566,-0.5667434769647473,0.2758498391901471,-0.8128565875620734,-1.2342858792226727,-0.44144771919109477,-0.4604070650912322,-0.9544699407344875,-0.3332220585392648,0.6432599424689902,0.8921960146562756,-0.5706608266106226,-0.5448262841147422,0.37167569014149787,0.7188524416130315,0.5723612512189457,-0.8041567943416938,-0.8138344057864061,-0.6510148565950316,-0.5584288449409992
2015-06-12,-0.7956006476748,-0.8344189590481108,-0.8118927532192374,-1.0889853591467533,0.5904579060224464,0.42062517708637404,0.5618838465118706,-0.6382180483465789,-0.46337256717760533,-0.8028780757654065,-1.37994092963305,-0.46538717272407915,-0.49650937563924313,-0.9438753067823797,-0.6808005924904763,0.667470356422114,0.6480842295709821,-0.6194886022935989,-0.5724035869220585,0.32412145246710916,0.7633210748293038,0.4835499442808149,-0.8198291914111429,-0.8301765416977386,-0.6825127961249251,-0.5342040224348181
2015-06-15,-0.817048900684444,-0.800593784060781,-0.7987257851581647,-0.6967636804962355,0.5685647576560334,0.19483334883677147,0.4965264508822589,-0.5364322713002008,-0.6182650669597619,-0.7892710142244977,-2.283243993298403,-0.49089642648873494,-0.5220164428742508,-0.9472807248384144,-0.22838996671714418,0.5867689765783703,0.5541950814612548,-0.6447709683586971,-0.6109732411980249,0.28084175301064396,0.7701148937929018,-1.7360891689772524,-0.8172170526759107,-0.8274531005513306,-0.512600880968941,-0.5128788107657762
2015-06-16,-0.7893234177035748,-0.8370210436953758,-0.8208461861650219,-0.8916819216742963,0.5988987893733874,-0.6073926045630094,0.5277113970421325,-0.7161789682656797,-0.5009073634211121,-0.8219279619226778,0.7756329408800295,-0.5018850281104328,-0.5063197861142461,-0.9291184952062296,-0.5699535445802012,0.449576630844008,0.5622427227278021,-0.6756501940870614,-0.6458787783177743,0.2664151865251551,0.7657915544524313,0.4346393694453225,-0.8381134660106577,-0.8492426771428104,-0.4337522208639391,-0.727360885331785
2015-06-17,-0.7124240417949053,-0.8063180788687679,-0.8292732563955975,-0.4292400641167532,0.607865212261124,0.24255302347292795,0.5547075603188382,-0.5303201351785434,-0.5346722892995505,-0.7411927301132901,1.4058781133611151,-0.48383232544621496,-0.4651160621192338,-0.9289923686115616,-0.672207798078827,0.4791671367867129,0.4468931979072798,-0.6694743489413889,-0.6775058948240669,0.13337018449231566,0.784320151625877,1.9000259339244814,-0.7963206393411637,-0.8056632447661848,0.34273699038035177,0.06247409286336715
2015-06-18,-0.7228863707465706,-0.7246175229780054,-0.7102437597877558,-0.12673992927624436,0.6637853890152515,1.0464891166495078,0.5979463209314954,-0.5047489534450782,-0.6146591040018704,-0.7203285690838978,0.019798061032651824,-0.49442847700999476,-0.48512929948823974,-0.9050283156246511,0.0010376440738903232,0.5168277807137936,0.42275027410763455,-0.6602105812228792,-0.6711419018685321,0.1152033970661456,0.6706780889620698,1.5331966226582887,-0.7736828582285209,-0.7820578856361744,-0.1741856898753768,-0.22693440108035634
2015-06-19,-0.8003089755745467,-0.7324234126498056,-0.7070837927888431,-0.7811805477475072,0.6407283692270169,0.31995275903727727,0.6251235194234898,1.5389497856821985,1.3509185228633374,-0.726678531136321,0.0072270027399719446,-0.45793062162364145,-0.48983829651624106,-0.9796952596680776,-0.46469181303749807,0.3204544230940191,0.4924964984177189,-0.6592456054188678,-0.6611137917567811,-0.005017990312925781,0.6521494917886241,-0.04223873520072788,-0.811992949342224,-0.8220055668066277,0.02894902915956719,-0.26676839913810413
2015-06-22,-0.8395432976581237,-0.8115218838933032,-0.7918791197700235,-0.5613417756855945,0.6693543619000004,-0.9073794526607747,0.6321477352117622,-0.7128110565251745,-0.7074306964639875,-0.7375641803690463,0.009886265071115766,-0.5105189293846238,-0.5110287831422476,-0.9568663460331787,-0.35169656652431064,0.624429620505451,0.3851946148637439,-0.7418475342422427,-0.6672849364409355,-0.1327198195733621,0.6614137903753479,0.1089979106721761,-0.8398548337885535,-0.851058459681341,-0.5336697795734616,-0.44067374746062243
2015-06-23,-0.855237183428843,-0.8515917914335012,-0.8208461861650219,-0.7981249822228982,0.6735941426568618,-0.9529393829449592,0.6652975303655613,-0.7353885389337461,-1.0434408811766023,-0.8926846819354006,0.6097916718650603,-0.47755312451953036,-0.4615843143482326,-1.0249747071538715,-0.1342988679095851,0.7320314602971084,0.6212587586824889,-0.7198460859107829,-0.74288145882183,-0.13111686774164139,0.6892066861355174,1.1979017609570846,-0.8363720111643734,-0.8474266154106137,-0.714090590485794,-0.0325119293548841
2015-06-24,-0.8630837339709814,-0.8739683768048571,-0.8461269228458989,-1.0935267728912839,0.632776110519276,-0.46370185652225787,0.6067873360250557,-0.3735251330372477,-1.1619459365654903,-0.8591205968011602,0.49338850709726495,-0.44144771919109477,-0.45922981583423206,-1.019046757204478,-0.4797292032578842,0.6217395745106599,0.6910049829925722,-0.6953357004888941,-0.7230180868697069,-0.13218550229612103,0.8226125857843339,0.4224117257364494,-0.837242695053321,-0.8483345532121567,-0.9357292709543323,0.15936744106260542
2015-06-25,-0.8568064516873276,-0.8755294818852184,-0.8456001387877115,-1.1068838721399028,0.6147525701400434,-0.3651563350022894,0.5755975658297495,-0.6977178224288366,-0.9242801961590066,-0.8618420091093415,-0.02202488290261008,-0.4779455745774481,-0.5027880383432451,-1.01892063060981,-0.7357944767250314,0.726651368307525,0.5971158348828449,-0.6619475376700998,-0.6977549633189492,-0.3063729346764652,0.8028487487993246,-0.12911936155324719,-0.8529150921227704,-0.8646770613817101,-0.4057072042254171,-0.39307378349274985
2015-06-26,-0.8301270080456363,-0.877090586965579,-0.8556071925177429,-0.8229691868253294,0.616608154999495,-0.22006339552389828,0.5762855037674349,0.2893297924829151,-0.9083811776628488,-0.8963132316796425,-0.04172759926517566,-0.4987454276470903,-0.5212316100362506,-1.084884839621148,-0.26576862240781834,0.8934342199845946,0.6990526242591205,-0.6615615473484957,-0.6649707571843778,-0.31866223205299227,0.7954373099299455,0.2795413624011955,-0.859009792277016,-0.8710323467988453,-0.7779297365606802,-0.4615889731711344
2015-06-29,-0.8667455517196864,-0.8484692170027851,-0.8345399382842821,-0.5505606884349236,0.4991888746675406,1.8010323492138314,0.45208882889339425,-0.23182336499229006,-0.33109928958585894,-0.8328136111554052,0.6161980765719068,-0.5317112325121838,-0.5490931757852591,-1.0360738474846511,-0.49949263040467745,0.5006875047450456,0.430797915374183,-0.6675443973333661,-0.6724918397681914,-0.44208952309550503,0.9251374901440726,2.831901096579651,-0.8764235571243608,-0.8891905444423742,-0.4937743060182065,0.01277666449895745
2015-06-30,-0.8871473992031464,-0.8578361597163753,-0.8708809281364597,-0.15427463529875457,0.5103211609117503,1.3966715440302722,0.44630048896328295,-0.10558904345928201,-0.12916536394393632,-0.9217130798893389,0.4993114095620853,-0.550941285350155,-0.5294723548352532,-1.1030470692533327,-0.48531451962545624,0.5571784706356655,0.4924964984177189,-0.679896087624712,-0.6684420260692142,-0.3758341807177064,0.7738206132275913,0.777013393293769,-0.8894838154585777,-0.9028088669490775,-0.37496628849316926,-0.23474790159436862
2015-07-01,-0.8986561859934249,-0.8859370398957181,-0.8656138249047967,-0.8198398092870816,0.5548499646106815,0.43289178592956085,0.47168502480549795,-0.5976783699886464,-0.7503744371443314,-0.9979126245184246,0.6170442054954526,-0.5270018318171702,-0.5612580847742625,-1.0951010937892518,-1.1701602342339001,0.7670020582293968,0.6185762115936398,-0.6636844941173206,-0.6913909703634143,-0.07073901541348455,0.8491702417329414,1.1052290928477309,-0.9304058711707354,-0.9454803615241597,-0.27763602630724615,0.3768620211499862
2015-07-02,-0.8829626664097122,-0.9208031944499516,-0.8935276918585267,-0.9286810865929708,0.5482251632014683,-0.2159800005466433,0.4920359412670793,-0.6467001964337771,-0.8574059740308374,-0.9706985014366071,-0.11570344229517648,-0.6105936941536569,-0.6020693923502751,-1.1188128935868265,-1.266829171364954,0.6567101724429483,0.7687988485692049,-0.659824590901275,-0.6651636054557575,-0.14607775150437002,0.946136566940646,0.7860232360266228,-0.9008027930832885,-0.914611779175471,-0.27411602535785534,-0.01668884808582348
2015-07-06,-0.9509686154381943,-0.8822943399515443,-0.8819411286398883,-0.848309512256995,0.5309957765115859,0.06326139443641024,0.4412990559095812,-0.5587602787650313,-0.670879344663542,-0.9951912122102432,0.9587594150474336,-0.6278614967020391,-0.6475896969542887,-1.0396053921353539,-0.5355823669336043,0.3984657569429705,0.3530040497975514,-0.7376016407045921,-0.6757702603816482,-0.3384319713108842,0.9696061233603449,0.6244896270304573,-0.8833890282359433,-0.8964537676610526,-0.3080639111020709,1.3684992183241491
2015-07-07,-0.9337058275959971,-0.9572300377759809,-0.9651560507786342,0.07020095835946444,0.5665129948797677,1.2097489551493819,0.40064710705564177,-0.3627977104563795,-0.28077971558255516,-1.0360123968329673,1.4023727221064255,-0.7695359676103567,-0.7770871152243276,-1.2620927051296176,0.604681451492249,0.30431414712526994,0.4120200857522371,-0.8609255484572471,-0.7399887347511325,-0.5922326780000349,0.9362546484481412,1.3761679350285503,-0.9565264749075583,-0.9727174718603424,0.7208304498889183,1.4847807430840125
2015-07-08,-0.9195812100837623,-0.9306902106384289,-0.9109081950348875,-0.5744698960899515,0.4742736535559016,1.0085539872429126,0.41322873936992727,-0.8119773466622708,-1.2553731586563148,-0.9770484634890322,1.0339440136824998,-0.7644341168574258,-0.7963155197553334,-1.25086743820417,0.06634288160242449,0.14829147942736726,0.304718202198262,-0.8873658854871597,-0.8616759939918062,-0.5911640434455541,0.9862818608164476,0.6914198873316574,-0.9678452783954905,-0.9845202910221806,-0.6526790312725566,0.2962195656547963
2015-07-09,-0.9127807511932304,-0.9161195149388733,-0.9072214439777868,-0.9354932072097665,0.4814304503423167,0.5998654813996985,0.4273013117215667,-0.4291580454915181,-0.8324920481399509,-1.0124268234953937,0.749644695371124,-0.8060338229967103,-0.7731629510343266,-1.1738040888620527,-0.03419281301387153,0.4710969988023395,0.14644792395614975,-0.8987525999744936,-0.8892532967991216,-0.7568023993900523,0.9288432095787622,0.22805654678488774,-0.9617505782412449,-0.9781650056050456,-0.9523007454783246,-0.084199869257084
2015-07-10,-0.9389369659156152,-0.9275680525162775,-0.9135417466507182,-0.9751828735485198,0.5524653705557138,0.29897531817373196,0.43996421111269746,-0.6127716040849843,-0.6644869557836435,-0.8981275065517633,-0.7397839611904286,-0.783271719637479,-0.7621752913023233,-1.094218207626576,-0.5411676833011763,0.6970608623648189,0.5568776285501039,-0.8582236162060151,-0.9002456482677725,-0.6141396863668874,0.9424308475059564,1.1431991443647578,-0.9774228882423053,-0.9945071415163778,-0.39528135749328314,-0.09623206586611432
2015-07-13,-0.9520150732768075,-0.9572300377759809,-0.9488291157186489,-0.8445886060377369,0.6128965302433829,-0.18116746729912542,0.5331288135509344,-0.6055368307164918,-0.41977319686855386,-1.0432694963214508,-0.46781395005071963,-0.7950452213750125,-0.7896444406323314,-1.106956993688039,-0.3950901783031393,0.8181129321304345,0.6588144179263796,-0.8543637129899696,-0.8651472628766426,-0.5222371146815526,0.8825217166451452,1.1142389355805846,-0.9739400656181252,-0.9908753903102054,-0.8434298631198526,-0.11040331965008338
2015-07-14,-0.982355968480197,-0.9603521958981331,-0.9346090008841791,-1.1648346013085538,0.6383424669400721,-0.6812714641163017,0.6027087850292632,-0.7257837535997129,-1.163912825451613,-1.0360123968329673,-0.875768966760283,-0.8017168723596145,-0.7798340301573284,-1.127263375429579,-0.48961091683128083,0.6863006783856531,0.8170846961684931,-0.8773301371254407,-0.8537692148652333,-0.5420068539394446,1.0097514172361466,0.052364613494237586,-0.9817762206186553,-0.9990467374595372,-0.8852993480968169,0.0664907668918632
2015-07-15,-1.0032810448829637,-1.0066665237597752,-0.9899100034013237,0.11080654007526604,0.6359578728851045,-0.34859487332229133,0.624946504924325,-0.6793814140638641,-0.9228050294944147,-1.0931620553047814,-1.6424826470532492,-0.7455965140773724,-0.7759098659673275,-1.192723078062245,-0.29240628508393096,0.5760087925992046,0.664179512104079,-0.9043494596377595,-0.8786466418732308,-0.6937529606756951,0.9751647025123792,0.8741909827695498,-1.0157330664243973,-1.0344551018804968,0.09233459979451379,0.5886643324218356
2015-07-16,-1.0613478415666575,-1.0160334664733661,-0.9888568566279266,-0.7777267835132216,0.6794265252060852,-0.16856416827179085,0.647678253834929,-0.6223763894190176,-0.7534886778806922,-1.1602902255732626,-2.433008812766003,-0.8130979240392303,-0.8253543347613422,-1.2311916894359698,-0.36673395674469683,0.5760087925992046,0.6212587586824889,-0.948545351461481,-0.9042954619667488,-0.8214547899361303,1.0412500324310057,0.6856278455748227,-1.0296639215791732,-1.0489815483178535,-0.7488370245397624,0.0442505140979864
2015-07-17,-1.2156697699908747,-1.0602661474326252,-1.0520580926495864,1.1740507218356895,0.6847277371330479,-0.5309844626507536,0.6339725841884735,-0.35444029984105185,-0.42075664131161516,-1.202018547632047,-0.7064223064906242,-0.8425316783830636,-0.864203560242354,-1.248218779716143,-0.5858502142417522,0.5517983786460819,0.5863856465274474,-1.0091458319533961,-0.9494219574696295,-0.9491566191965666,1.091277244799312,-0.10530763433070485,-1.0923531615834143,-1.1143504642214033,0.7395068977574192,0.30472825975066364
2015-07-20,-1.2329325578330719,-1.1908830637937249,-1.198474724820843,1.3445254713887775,0.6887032265908433,-1.0135785169033207,0.6473362952241484,-0.7467396488739673,0.8065820236289015,-1.203832822504168,-0.6589182112115551,-0.8405694280934746,-0.8551779826053512,-1.3353722566316966,0.15656722292474143,0.640569896474199,0.5837030994385971,-1.0888528333647365,-1.0009124459280443,-1.0341130662777775,1.1326577784866776,-0.16966365385108953,-1.2360160032598009,-1.2641545245381307,3.990432202887125,-0.1329703728456869
2015-07-21,-1.26275064261659,-1.2080558961791161,-1.217961995554847,0.3461967919766422,0.665908308235106,-0.7581476875040799,0.5665264265318117,-0.43352385700698776,-0.4017433820790965,-1.1040477045375088,-0.3226424018823683,-0.8829540343485944,-0.8751912199743571,-1.278363035841783,-0.4539508200229365,0.508757642729419,0.6158936645047897,-1.0832559737014702,-1.0882727128631084,-0.8374843082533397,1.1400692173560565,0.9449826042419729,-1.2064127510355758,-1.2332858491248866,1.4643715578728043,-0.34856356877756656
2015-07-22,-1.2873375367680617,-1.272063546209601,-1.2743166188562378,-0.06798777415267616,0.6534502710819028,-0.5384183355580641,0.5414259196793184,-0.28134414132490293,-0.4158394190963086,-1.1067691168456901,0.07117017424793018,-0.8515580297151724,-0.8857864632873604,-1.3059847600740642,-0.19874482599695434,0.49799745875025325,0.5059092338619655,-1.0450429318626195,-1.0846085957068914,-0.8663374412243174,1.0536024305466378,0.43785717042134176,-1.209895486591367,-1.236917414201948,-0.13714263088255904,0.49984592505799097
2015-07-23,-1.2339790679841143,-1.2611350821070841,-1.2732634194149692,-0.558365050710188,0.6229686651096413,-0.500618703420699,0.49924924194206227,-0.5778451119612272,-0.2983178081504819,-1.0623193824787223,-0.10204450395793777,-0.9088557381711679,-0.927382603701373,-1.2817684538978178,-0.5115225425809864,0.3419747910523506,0.48981395132886985,-1.056429646349954,-1.0470031827878243,-0.9614459165730936,1.0721310277200835,0.8375080516429305,-1.2499469454829655,-1.2786810640400428,0.8104850657214965,0.23819763978458336
2015-07-24,-1.2596120014747632,-1.2460442608940716,-1.313817523039456,0.5471066462462264,0.5646569549831064,0.058736606839693284,0.43692038482039103,-0.3923604912897025,0.40435324641682513,-1.0614122450426617,-0.24818305661034137,-0.92612354071955,-0.95092758884138,-1.3505074479918504,-0.11023904355696723,0.3231444690888103,0.3556865968864005,-1.0319192609280647,-1.0583812307992344,-0.9106857752352635,1.0350738333731904,-0.07312962457051252,-1.2107661704803145,-1.2378253520034912,3.097917116428976,0.271115352976696
2015-07-27,-1.2512422220133175,-1.2413605813829933,-1.2490358295074895,0.3786927062914966,0.5328513613710375,0.35859822261286706,0.37324783403069334,-0.21286326926796476,0.08653678390084464,-0.9616271270760026,0.13052007445664,-0.9583044454688078,-0.9846754008753903,-1.2950117463379525,-0.40626081103828326,0.19940235332840484,0.3208134847313589,-1.0519907576515013,-1.031382472806058,-1.0122060579109238,1.0424852722425693,1.2706240630151193,-1.2551710488166523,-1.2841284116556353,1.023943417304926,1.1502203172726242
2015-07-28,-1.2433953052841724,-1.2595739770267234,-1.240082396561705,-0.602271744097434,0.600969635272614,0.17760055977740571,0.39410967805038144,-0.39260996623344363,-0.48451662270342355,-0.9933769373381203,0.906903799590129,-0.9955872009709967,-0.9744725739813871,-1.3182190397568554,-0.5733906623448608,0.29086391715131305,0.21082905408853478,-1.0463938979882355,-1.0525957826578396,-0.9213721207800698,0.9560184854331506,-0.29322721133022805,-1.243852158260331,-1.2723256855583522,-0.1595594790339426,0.19688412718083628
2015-07-29,-1.2904765440968946,-1.2439626660302583,-1.2579896837962525,-0.589353520966984,0.6396686444464499,-0.18687682950714257,0.46801038687725516,-0.5212142997319923,-0.3671589191647737,-1.059597970170541,0.9048489150615179,-0.9649760964534101,-0.9324840171483744,-1.3053541271007245,-0.44363946672895743,0.3957757109481793,0.31276584346481046,-1.0307612899632508,-1.047196031059204,-0.9854901940489079,0.9615770645851849,0.20874974092877233,-1.2194730093697925,-1.2469043577607,0.40776437634015034,0.9528507001061253
2015-07-30,-1.2559501837260583,-1.2783079144924752,-1.2911702853065392,-0.3918401862206201,0.6409939687580593,-0.4842912824784622,0.4728098654569765,-0.726906390846548,-0.6012186966133658,-1.1076762542817506,0.020765065516704123,-0.9249461905457966,-0.9383702634333764,-1.2950117463379525,-0.4286020765085713,0.3096942391148534,0.40933753866338796,-1.0178306141894986,-1.032539562434337,-0.9325927836021173,1.03075049403272,0.4153325635892071,-1.2621365199282346,-1.2913917279388687,0.9266866215635001,-0.28591296085380574
2015-07-31,-1.299369604790076,-1.2377178814388194,-1.247455898675905,-0.38474184204849693,0.6311860967510412,-0.2387024819987591,0.4854735681674157,-0.35930506124400374,0.06604835800373399,-1.05778369529842,-0.03326631002971805,-0.9375045923991655,-0.9658394127633845,-1.3107775706714462,-0.04407452658726815,0.1213910194794523,0.3074007492871123,-1.0473588737922468,-1.018847335166369,-1.036250335386738,1.066572448568051,2.0461140982357544,-1.2386280549266442,-1.2668782448782046,-0.09126443339063514,0.3516746229150827
2015-08-03,-1.2883839946066749,-1.286113752125705,-1.281163284244379,-0.9878339546939976,0.6121023765540327,-0.019057302598780194,0.41338885944611065,-0.5868262099359076,-0.7611923260180058,-1.0913477804326606,1.0990959407955234,-1.0010815017818457,-1.0321577875744044,-1.3352461300370286,-0.499062990684095,0.02185931767216948,0.15449556522269817,-1.1546641831983127,-1.0441104587171268,-1.1233440515769095,1.0356914532789732,0.08582974364483761,-1.2804208815961384,-1.3104575841902748,0.55361443382666,0.9571644654089183
2015-08-04,-1.3082626131708275,-1.2897564520698788,-1.2864303874760419,-1.0427125510354662,0.6012343531690642,-0.678988540428666,0.41705142698680453,-0.44736971638462003,-0.3837135672896391,-1.1539402635208373,0.07346680989755439,-1.0611263606432657,-1.0611966025804132,-1.3482371692878274,-0.5527679557569027,0.21823267529194518,0.004272928247133139,-1.1749286750825516,-1.1553839113032898,-1.1671580683106157,1.0733662675316473,0.5401832414587534,-1.278679513818243,-1.3086418016517438,0.811181399847601,-0.24605519549411414
2015-08-05,-1.2841989479386633,-1.3027660947276436,-1.2953838204218264,-0.6992442846424076,0.6219089403290743,-0.5975669995548936,0.4118609090463892,-0.40508371342049976,-0.7620118630538902,-1.1321689650553846,0.7879622480516963,-1.037186907110281,-1.0423606144684077,-1.3448317512317927,-0.5596421912862221,0.34466483704714174,0.24570216624357635,-1.1789815734593998,-1.1764043728836913,-1.2270016033615316,1.1308049187693328,1.1850305570530077,-1.2960931915971987,-1.3267998131661622,-0.07856432107232494,0.4708438748611134
2015-08-06,-1.270597559345735,-1.2840321572618918,-1.2764233864138819,-0.9154193951961277,0.5755245517706915,0.023338971747772354,0.3582893941030968,-0.48341884575521227,-0.42108445612596895,-1.1149333537702342,0.25127475940267074,-1.0693678118595389,-1.0992609952234247,-1.3429398523117735,-0.5188264178308882,0.2289928592711097,0.34763895561985203,-1.1683668396152747,-1.1796827934971483,-1.154334453656849,1.1159820410305747,-0.12590156057722796,-1.2725847265956083,-1.3022865162346087,0.7954468039522297,0.3119238104141381
2015-08-07,-1.2146233121522616,-1.2569723086880231,-1.2548293481222337,-0.8213854164858503,0.5641270925928229,0.060851185435255195,0.32377578934188506,-0.6626665928332088,-0.05475140108563043,-1.075926444019631,0.36562303964185505,-1.0807488635391547,-1.1016154937374254,-1.3175884067835155,0.05001657222029095,0.06490005358883245,0.2296068837104807,-1.1286098364900052,-1.168883290299878,-1.185324855736787,1.1122763215958853,1.905817975681316,-1.269101991039817,-1.2986548580929917,0.20442522893790957,0.06659771975061013
2015-08-10,-1.1863745479396564,-1.2106579808263804,-1.2353424987312072,-0.5367456314977805,0.6359578728851045,-0.7108119217974089,0.3633648520011165,-0.5300706602348022,-0.11638058618413928,-1.029662434780542,-0.08838556562069906,-1.1294126707209589,-1.1075017400224272,-1.268903541241687,-0.043215247146103225,0.2424430892450678,0.09279698217916224,-1.0379021109129352,-1.1482485252622359,-1.0912850149424904,1.0795424665894626,0.386372354805034,-1.1933524927013588,-1.2196671543599622,1.5063336744537,0.10691300567271915
2015-08-11,-1.108429132691809,-1.1919240953991992,-1.1905748599914323,-0.8964904774037992,0.5837406751801151,0.05312578810020715,0.354075667125524,-0.39809841499574833,0.3838648205197145,-1.0106125486232707,0.0923233973365742,-1.0827111138287433,-1.0961216638714237,-1.1608130496112536,-0.024740739161057373,0.0030289957086291333,0.23497197788817886,-1.0332702270536807,-1.0387107071184916,-1.1564717227658095,1.0276623945038112,1.0350810315705115,-1.170714711588716,-1.1960618882945069,0.3038828238210144,0.378187048233351
2015-08-12,-1.1549871425852245,-1.125314360721449,-1.129479970184438,0.2513041426003822,0.5906319008753125,1.174919997990442,0.26063508536898716,-0.18117995141284218,0.48860165370574415,-0.9044774686041885,-0.7465529925787946,-1.1419710725743277,-1.1526296282074406,-1.1055696011466916,0.052164770823203255,0.016479225682587206,0.020368210780228796,-0.9836704707274955,-1.0317681693488174,-0.9016023815221779,1.0270447745980305,2.5789819398645397,-1.0845170065828842,-1.1061793032011822,2.5233775785279557,-0.016516535146731192
2015-08-13,-1.1555104238169602,-1.1633027254364046,-1.1410669547460548,-0.7525391106443972,0.5848012531554496,-0.5237312527690835,0.34942423411485257,-0.57846879932058,0.18422559857826826,-0.9117345680926721,-1.2045504913380645,-1.1404012723426566,-1.1596931237494428,-1.0509567856554693,-0.37060071422993895,0.12677111146903577,-0.0037747130194152865,-1.020339551279928,-0.9831704049611001,-0.9806813385537457,0.9201965308978212,0.4835499442808149,-1.1611371888102902,-1.1860747586066442,1.8442569597884564,0.46233518076524605
2015-08-14,-1.1408629958848542,-1.1513336460369787,-1.1500203876918393,-0.9937492415041003,0.6022953861816076,-0.9342530777247606,0.3711429850195551,-0.6586749937333509,0.46303209818615004,-0.9498343404072148,-2.3474289159273747,-1.1839632287715298,-1.1891243551744517,-1.091947928922553,-0.2146414956585054,0.15905166340653298,0.11157481180110816,-1.0141637061342552,-1.020968666151547,-0.9625145511275746,0.9189612910862575,0.8284982089100766,-1.1741974471445071,-1.1996934533715684,-0.4036437553930156,-0.12572728757832496
2015-08-17,-1.141909035224032,-1.146129893051014,-1.125793219127338,-0.5603113708864154,0.6341018614282695,-0.7354087821405422,0.3495811326746328,-0.7676955441482215,0.3015833021169181,-0.9734199137447884,-0.24129314966146873,-1.187102829234872,-1.2008968477444555,-1.071767673775681,-0.621939950770679,0.0756602375679982,0.14913047104499882,-0.9908112916771799,-1.012869038753594,-1.0025883469205983,0.9449013271290821,0.18622513409663768,-1.1289218849192217,-1.1524824559178815,0.7266055512650512,-0.12101541996797383
2015-08-18,-1.066579032198705,-1.1554968357646052,-1.1621341563116436,-0.8746420793471296,0.6174036169208216,-0.8869173120180897,0.40919122357221077,-0.6863667124886156,-0.3335579006935122,-1.0278481599084213,-0.29061037834813597,-1.192597130045721,-1.1867698566604512,-1.1939843440089246,0.011348997367869401,0.13484124945341036,0.05792387002412065,-1.0056719190589547,-0.9930056668014714,-1.1837219039050664,0.9788704219470686,-0.22114846946739725,-1.1498182982539689,-1.1742721255739164,0.277661691521968,-0.19152112118414855
2015-08-19,-0.9677085928605201,-1.0857653592732677,-1.0926126176170514,-0.31873869018996415,0.5736693935086241,1.1918017259431661,0.32515166521725886,-0.37676830730588234,1.5249881892851895,-0.9389486911744874,0.4259399443346171,-1.1631633757018875,-1.1867698566604512,-1.1804887983794539,-0.08016426311619493,-0.03463164821845037,0.13840028268960133,-0.9379306176173559,-1.0065050457980595,-1.0512112191494667,1.0011047385552057,1.0312196703992884,-1.1123788910292138,-1.135232289140451,0.6900767573837143,1.0229345317127982
2015-08-20,-0.9316132781057767,-0.9848103761333014,-0.9835901220713699,0.7334000176237503,0.460490292091089,1.6307697654814703,0.20497078356293316,-0.07976838678207582,-0.6043329373497266,-0.8273707865390405,0.07213717873198247,-1.250679738617552,-1.24955648370047,-1.0446504559220717,-0.17597392080608387,-0.18527422392677076,-0.025235089730210294,-0.8591885920100265,-0.9388153025437388,-0.906945554294581,0.9325489290134517,1.22557484935085,-1.059267173803398,-1.0798501306665425,1.3633360315296277,0.7627419936834461
2015-08-21,-0.9630006311477795,-0.9473425532403683,-0.9614692997215343,0.994550389504606,0.29138580943134706,4.756663024776758,-0.013836369633324637,1.1256945413750288,1.1293157083601886,-0.6940215834381408,0.19615550381168975,-1.2294874354899923,-1.24916406728147,-1.0513351654394731,0.16730821593930298,-0.26059551178093093,-0.17277517961692507,-0.9097533241402236,-0.8609046009062866,-1.1051772641507394,0.8473173820155967,2.1181928400985854,-1.0958358971392055,-1.1179819362339098,1.276291071573322,0.7567169826407021
2015-08-24,-1.0346683979249665,-0.9062320304032607,-0.9799033710142692,1.8477064816546085,0.077221807487623,8.054908810532837,-0.4625502254130874,1.983264660485138,0.451722487090945,-0.48447283570815564,1.08978852263652,-1.2581362897179897,-1.2856587942484807,-1.1461823646297715,0.4332552029798467,-0.34936702960904803,-0.29885489279284605,-1.0890458285255384,-0.8933031104980987,-1.418821505890806,0.7361457989749153,7.341970944568209,-1.20467138325768,-1.2314700665863558,2.79961460403092,1.8204285229593282
2015-08-25,-1.1126142316722492,-1.0139518716095528,-1.0352044261992859,0.24208774411883513,0.015728761592642942,5.233872089071889,-0.3468268678472877,0.976633262489708,0.7131548015380769,-0.5779079916223917,0.9250351336661097,-1.3409432519386408,-1.3076341137124874,-1.2040744715823606,-0.1050833669099777,-0.1718239939528127,-0.34982328748098446,-1.0541137044203266,-1.0903940438482864,-1.8024613109493535,0.5681531846023312,3.4555109257321788,-1.243852158260331,-1.2723256855583522,0.8981337281999753,0.8093912655735681
2015-08-26,-1.1094752243434163,-1.1175088873582144,-1.1215796840120507,0.41046352093285454,0.21319363739432604,4.606148141540232,-0.33651985269118895,0.9167592759918386,0.37730852423263905,-0.7611497537066219,0.6284065081830671,-1.2840379935405632,-1.3111658614834887,-1.3705615765440546,0.18578272392434883,0.10256069751591314,-0.22910866848276285,-1.0444639463802128,-1.055295658457157,-1.907187497288455,0.6002694197029729,3.39051134601659,-1.3004466110419377,-1.3313394091093222,1.715019901338046,0.8173711372011868
2015-08-27,-1.0587324816565666,-1.118549502655123,-1.1199997005125941,-0.11513833450030105,0.3319391236724828,3.2693834080384594,-0.0855340638296474,0.46221592849551313,0.967211282662249,-0.8246493742308592,1.4278774653733048,-1.3115094975948076,-1.1926561029454528,-1.339029927877067,-0.12226895573327616,0.13215120345861803,0.06865405837951816,-0.9510542885519105,-1.0462317897023048,-1.495228876536171,0.776908712756498,1.7230468802434236,-1.235145319370853,-1.263246679801143,2.133880849156118,2.227401975967878
2015-08-28,-1.052454833185906,-1.0529807995828473,-1.0668050442101158,-0.21878942466958406,0.334058573233617,0.9345293654757515,0.01731961171602028,-0.03910397095227282,0.6054676350228633,-0.8845204450108567,2.456286734162924,-1.1635558257598055,-1.0713994294744162,-1.3056063802900604,-0.40325333299420607,0.11332088149507889,0.13571773560075226,-0.914385207999478,-0.9532789228972263,-1.2638694954911138,0.8504054815445052,1.0942885695292655,-1.1950938604792543,-1.2214831230276035,1.602303210319804,2.9768979009389773
2015-08-31,-1.032576266934182,-1.0727557166155028,-1.0715453633835907,-0.8494925696190156,0.2889994805470189,0.8125202335007566,-0.020221728233823438,0.08126768940281887,-0.17587897498934862,-0.852770634748737,1.2782335214662117,-1.0768243629599767,-0.941117178366377,-1.2338403479239968,-0.7589950216364842,0.19402226133882136,0.1410828297784504,-0.9578091191799902,-0.9384296060009791,-1.1281529070720728,0.8979622142896841,0.48483706467122256,-1.2072834349245236,-1.2341936938618743,0.3157396691242255,4.090592077245338
2015-09-01,-1.0629171621375715,-1.0285229836176732,-1.023617441637669,-0.31059085964830657,0.13606380660182643,2.896899361935764,-0.21141196242733923,0.45485641765515,-0.3170032525686468,-0.7575212039623801,1.9106544540364148,-0.9535950447737945,-0.957598667964382,-1.2170655108331594,-1.1697305945133176,0.0460697316252933,0.19205122446658884,-0.9591600853056063,-0.9584858262244813,-1.3744731718798586,0.860905019942791,1.6052753645211195,-1.2455935260382265,-1.2741414680968828,0.4075950840984827,2.299678341178863
2015-09-02,-1.1037212232914975,-1.0508996210275996,-1.048898178318546,-0.875806055138795,0.23254381031714447,0.9315504785416152,-0.17911464972298236,-0.018023338206147956,-0.16768360463050436,-0.8409778480799492,1.3207817187645128,-1.1031185168404676,-1.0388288666974064,-1.2294259171106185,-1.2685477302472838,0.12408106547424463,0.04987622875757223,-0.9302108111852647,-0.9608000054810394,-1.3301248378689126,0.807172088139795,1.1393377831935345,-1.2490762615940176,-1.2777730331739445,-0.17624913870777834,2.400332864910702
2015-09-03,-1.122030468972308,-1.1039787549169977,-1.0962993160062802,-0.9144653166783692,0.23890432042729087,0.763585189419384,-0.07243386212486454,-0.3142748338987311,-0.5764686781296562,-0.9344130039941853,0.6644274252140152,-1.0324775064152678,-0.9760422396573875,-1.1966330024969516,-1.2853036793499997,0.05682991560445904,0.09816207635686158,-0.9479663659790742,-0.9314870682313049,-1.3493602598495646,0.8757278976815489,1.7552248900036158,-1.2708433588177126,-1.3004706406315225,0.17718514899561846,1.6051086509998018
2015-09-04,-1.120461148401394,-1.143528172673744,-1.1221064680702382,-0.893113039450934,0.15779811854240283,1.8925894964238068,-0.19218991145294737,-0.09548530823776653,-0.37010925249395765,-0.913548842964793,0.06826916079577328,-1.00736070270853,-1.0199928785854009,-1.187804140870195,-1.2896000765558244,-0.029251556228868093,0.060606417112969733,-1.0205325464407302,-0.9486505643841101,-1.3963801802467124,0.9239022503325107,1.0312196703992884,-1.2699726749287648,-1.2995627958945348,0.04316638326640791,0.20443024554798123
2015-09-08,-1.1931754253296236,-1.1237533076796582,-1.1094662840673528,-0.5196676260299035,0.28688045758326813,0.023234269312458124,-0.1578657911783097,-0.13789604867375738,-0.7284108445826287,-0.8654705588535833,0.4559170833402384,-1.0422887578632123,-1.053348274200411,-1.1333174519736406,-0.27994673318703955,0.11870097348466116,0.023050757869077874,-0.9643709546472679,-1.0263684177501822,-1.295928532125533,0.9010503138185927,0.7493403049000036,-1.2560417327056,-1.2850363494571782,-0.23590389163955935,0.622306948323233
2015-09-09,-1.180097317968431,-1.1877609056715734,-1.2058482269350437,0.01814643443056088,0.21531482178482075,0.5339296360077935,-0.11248034303713196,-0.20126268438400255,0.1014523579539412,-0.8591205968011602,-0.5119335296356058,-1.044643458210719,-1.0604117697424131,-1.1045605883893481,-0.4307502751114836,0.14291138743778378,0.11693990597880632,-1.049095830239467,-0.9650426674513958,-1.3878311038108666,0.8571993005081014,1.847253997917766,-1.2891277204856164,-1.319536683012039,0.26617856682772123,0.17517863868069417
2015-09-10,-1.1916056862592745,-1.1882813954550253,-1.1689808743676562,-0.47732562141178136,0.2442059589516377,0.8975078161419962,-0.11578405754406383,-0.15261507035448363,-0.4815662893742396,-0.7928995639687415,-0.27985245346305415,-1.1082203675933988,-1.0686525145414154,-1.096866866114603,-0.4084090096411956,0.2289928592711097,0.10889226471225909,-1.0525697431339085,-1.0502816034012814,-1.2323447761339348,0.86028740003701,0.7004297300645111,-1.2934811399303554,-1.3240761858906436,-0.3555679529526517,0.04818400256967928
2015-09-11,-1.1884670974298768,-1.214300680770555,-1.2169087961135778,-0.8933229367248409,0.26779631078887617,0.09848657845840184,-0.10236643760345694,-0.3778909445527174,1.1714399120046481,-0.7384713178051088,-0.8722635755055934,-1.0481755087319788,-1.0757160100834178,-1.1939843440089246,-0.2726428579371377,0.1213910194794523,0.21351160117738385,-1.0983095962440477,-1.0535600240147387,-1.2483742944511442,0.8158187668207377,-0.37109799494989354,-1.285644984929825,-1.3159050248704225,0.6248864675687262,0.41774178049325955
2015-09-14,-1.2052070225397733,-1.2044132482735121,-1.190048075933245,-1.2125766903371888,0.24765115942176544,-0.7276197421487346,-0.06684747666873583,-0.5272016983817793,-0.4648477338421973,-0.7557069290902572,-1.3479089060988176,-1.0838884640024968,-1.1106410713744281,-1.1840203430301566,-0.6606075256231005,0.11063083550028775,0.15717811231154727,-1.150804279982267,-1.1087146296293704,-1.282570600194525,0.7725853734160275,-1.8165341933777333,-1.2934811399303554,-1.3240761858906436,-0.22809408917017593,-0.05301716910686615
2015-09-15,-1.1314467062723668,-1.2215860286203328,-1.1953148104898017,-1.1084676424793818,0.31311969477454094,-0.13217493952777631,-0.04554511293857703,-0.5223369369788274,-0.5774521225727175,-0.8046923506375273,-2.382603704034777,-1.111359968056741,-1.1008306608994252,-1.2065970034757196,-0.6949787032696975,0.4038458489325527,0.11425735888995725,-1.1311187735804347,-1.1513340976043132,-1.1473883290527238,0.807789708045576,-0.4116422872477359,-1.2926104560414076,-1.3231682480891007,-0.5778550546487093,-0.1188763627930351
2015-09-16,-1.0739027200085434,-1.1357223350405143,-1.148967188250571,-0.646846292447111,0.357914496162073,-0.31436128295239335,0.04151011021745882,-0.4403844179598686,-0.4456705672025017,-0.783828189608135,0.8794650473551451,-1.0681904616857856,-1.0164611308143998,-1.190326672763554,-0.09777949166007585,0.4146060329117185,0.3530040497975514,-1.0894318188471432,-1.1312778773808108,-1.0244953552874507,0.845464522298252,-0.1265451207724318,-1.226438480481375,-1.2541676740439338,1.1862627351317796,1.5199979427391843
2015-09-17,-1.0320530380148754,-1.090448622475781,-1.1278999866849821,-0.05756923673875338,0.3462523190877543,3.3084456283663783,0.06047227709681056,-0.06642147729192575,0.5167937277401684,-0.6504789865072355,0.16061808902276778,-0.9912702503339013,-1.0027265561493954,-1.0731550663170284,-0.6808005924904763,0.13484124945341036,0.4173851799299364,-1.0703252979277176,-1.0894298024913873,-1.1607462609837318,0.807172088139795,1.301514952384904,-1.1950938604792543,-1.2214831230276035,1.1188333158562442,0.5781829522646358
2015-09-18,-1.067625490037318,-1.0488180261637863,-1.0299376916427292,-0.3713465796591676,0.25815421452513365,2.020581038134207,-0.061537474250353524,2.5791355636108095,2.4466395398408154,-0.7702211280672263,0.12266316302371506,-0.9885230999284768,-1.0172459636524,-1.0295152645619179,-0.08961633696900907,-0.02118141824449349,0.13840028268960133,-1.053920709259524,-1.0716877615244427,-1.036250335386738,0.7200876814245953,0.432708688859711,-1.1759388149224028,-1.201509142845544,0.24749573057274227,0.5462040474993018
2015-09-21,-1.1063365832015886,-1.0862854327481546,-1.0557448437066872,-0.8778859463075085,0.28692863464779217,-0.18821332529909482,-0.0417135764505548,-0.5512760304527976,-0.05786564182199125,-0.8754490706502502,-0.4311886552172388,-1.0324775064152678,-0.9972327262833941,-1.0273711124525626,-0.6528740106526163,0.15367157141694954,0.015003116602530642,-1.0952216736712115,-1.0579955342564749,-0.9801470212765048,0.8053192284224503,0.499638949160911,-1.2159902738140014,-1.2432726996190833,0.4562490355151077,0.26236898586139096
2015-09-22,-1.0838422385403381,-1.1227126923827495,-1.1026192500041052,-0.614846498961491,0.21925430642343807,0.800602632775284,-0.11180849620311799,-0.1985184600028502,-0.15211240094870027,-0.938041553738427,-0.3645862213781368,-1.0203115546198165,-1.053348274200411,-1.1138939563947763,-0.18284815633540324,-0.026561510234075762,0.14913047104499882,-1.232055242680026,-1.096372340261061,-1.0351817008322572,0.8831393365509262,0.09934450774411839,-1.2725847265956083,-1.3022865162346087,0.9444655011318388,0.5747961117376494
2015-09-23,-0.9650931806379998,-1.087326464353629,-1.062591930437806,-1.1375097925599504,0.21126123656599693,-0.4537797610345387,-0.11582509274214142,-0.6099026422319614,-0.8105284555782483,-0.8772633455223711,0.20183665515549698,-1.0156021539248035,-1.0258791248704027,-1.1167948680721391,-0.5553457940803974,0.024549363666960616,-0.052060560618703455,-1.1948071766451862,-1.2331017646693618,-0.6638311931502366,0.9393427479770496,0.7634986291944882,-1.2812915654850863,-1.311365615056373,-0.19873945330365914,1.0862149731380688
2015-09-24,-1.0006656326604433,-0.9738823283393497,-0.9872768731284699,0.4424633144184745,0.1934104112474803,0.9132686121401795,-0.1964124873016643,-0.1584777315324,-0.03327953074545847,-0.8382564357717679,-0.21192038845838018,-1.0889903147554276,-1.1012230773184255,-1.0900560300025337,-0.325058903848198,-0.0373216942132415,0.009638022424831295,-1.1832274669970495,-1.1964605931071939,-0.5489529785435685,0.9189612910862575,1.339485003901931,-1.1977059121460976,-1.2242067503031222,1.8666099240750595,0.4748130142857219
2015-09-25,-1.073379909588672,-1.0149928511764565,-0.9914899869007796,-0.6670918385939463,0.19181212149000393,0.8244973709051336,-0.11867179271548535,-0.05157771813932895,-0.3814188635891627,-0.8700062460338875,-0.3163568727360284,-1.0709376120912102,-1.053348274200411,-1.0396053921353539,-0.7323573589603717,0.06490005358883245,0.023050757869077874,-1.1859293992482816,-1.1843111520102645,-0.42980022571897797,0.9220493906151659,0.9752299334165537,-1.217731641591897,-1.2450886682867246,-0.29810122238959363,0.21296270694579236
2015-09-28,-1.096397116982224,-1.07327579009039,-1.0589051793807054,-0.9342147419959701,0.05966129590857378,1.3061511562288002,-0.21062948410608934,0.0624323311503641,-0.7341476038338197,-0.8237422367947987,-0.32989493551276056,-1.06034146052743,-1.089843001167422,-1.1606869230165857,-0.08875705752784416,-0.11802307405698398,0.039146040402174724,-1.3057793941064952,-1.1829612141106056,-0.5981101680496779,0.9189612910862575,-0.004268683683700924,-1.2760674621513994,-1.3059181743762254,0.7342684208454402,0.09792302371249056
2015-09-29,-1.1549871425852245,-1.084724379706364,-1.0794456495559788,-0.8895638673648725,0.06418962713571655,0.906428053032983,-0.22689340030059285,-0.17169990355067952,-0.308152252581095,-0.8210208244866174,-0.4129364455807517,-1.0952695156821122,-1.0823870892064196,-1.1745608484300603,-0.31174007251014174,-0.2202448218590591,-0.11912423783993754,-1.311762244091366,-1.3069626526078373,-0.5355950466125605,0.8979622142896841,-0.03515957305348556,-1.2682313071508693,-1.297747013356004,-0.30292125998726216,-0.2366611694008416
2015-09-30,-1.1617876537881855,-1.1685064784223698,-1.1537071387489402,-0.2781521900445177,0.15770787897585395,0.7739609954601315,-0.17963764354905182,0.13490480230716023,0.14046232086203989,-0.8863347198829775,0.05219271124840382,-1.0768243629599767,-1.0745387608264174,-1.2096240417477504,-0.01056262838183614,-0.2874959717288447,-0.213013385949666,-1.3422554794981258,-1.312169555935093,-0.6077278790400034,0.8812864768335832,-0.29708857250145115,-1.2403694227045396,-1.2686941204812905,-0.141802958818277,0.3432194052485888
2015-10-01,-1.0550706115954325,-1.161741620356044,-1.1452804898613422,-0.8447221770302231,0.17209658212802578,0.33227685157044057,-0.17274136151003164,-0.29319420115260625,-0.35060427103990827,-0.8700062460338875,0.28705392531260576,-1.0599490104695124,-1.026663957708403,-1.2125249534251132,-0.28123565234878695,-0.26866564976530555,-0.2693468748155038,-1.3443784262669507,-1.3422538862703464,-0.30370134829026363,0.9239022503325107,-0.537136525312486,-1.2682313071508693,-1.297747013356004,0.31596326265095637,0.8121482725990448
2015-10-05,-0.9980498542509163,-1.0488180261637863,-1.048898178318546,-0.6135298706069843,0.3410148976895556,0.23459153241119093,0.003691987630008241,-0.09062054683481464,1.0939117084099814,-0.879077620394492,-0.0014760376164987404,-1.0489604088478146,-1.0329426204124048,-1.1625788219366051,0.7473218387256262,-0.2256249138486414,-0.424934605968767,-1.3061653844281,-1.3123624042064725,-0.1989751619511607,0.8763455175873299,-0.30609841523430503,-1.1193443621407961,-1.1424955123591292,1.8519805190403864,0.26728881736375004
2015-10-06,-1.0064200522117972,-1.0030238238156013,-0.9872768731284699,-0.22737613132941054,0.322896311413252,-0.09483722989915053,0.10418092594991071,-0.18604471281579407,0.9577046530459897,-0.8010638008932855,1.0638002771276145,-1.0289454558940079,-0.9501427560033798,-0.9327761664516002,0.19351623889483313,-0.2874959717288447,-0.2505690451935579,-1.2276163539815732,-1.3071555008792175,-0.0012777693722433173,0.8948741147607775,-0.6143637487369475,-1.0705860643597194,-1.0916528567638255,1.5471043569564442,1.536629112274333
2015-10-07,-1.0357149080760089,-1.0092686084070401,-1.0025506087471867,-0.6392327458753982,0.366059889725292,0.1932546003513471,0.11199606933071672,-0.23993130066387655,0.5048284870162558,-0.8337207485914656,1.0194389464217153,-0.9170971893874413,-0.9234584395113719,-0.8796768700963933,-0.1385952651154097,-0.20679459188510224,-0.2827596102597504,-1.1897893024643271,-1.2282805578848661,-0.08890580283965582,0.8226125857843339,-0.4508994591551705,-1.076680851582354,-1.098008235245516,0.302129211732797,1.3160804338871785
2015-10-08,-0.9452141958868404,-1.0025036983021436,-1.0172975076398438,-0.6997785686123523,0.414018678587668,0.7834458043062442,0.15086017957030926,-0.42653855858223627,0.5936663017061276,-0.793806701404802,0.0527970890509365,-0.9524176946000412,-0.9097238648463676,-0.9923079191348726,-0.013570106425913372,-0.10726289007781943,-0.19691810341657034,-1.1706827815449015,-1.1908679932371786,-0.04990064160111291,0.8331121241826215,-0.01263496622135093,-1.09409452936131,-1.1161664328890448,0.5938868221841185,0.6522418651214031
2015-10-09,-0.9221969884932892,-0.9619133009784937,-0.9556758337746623,-0.15230923355217205,0.4172152012229705,-0.1606416839996807,0.22002417171312535,-0.3891173170210679,0.5202357832908829,-0.7221428439560187,-0.4983954668588736,-0.8908030355069502,-0.8767608856503578,-0.9229382920675001,-0.24170879805520049,-0.13954344201531665,-0.11644169075108847,-1.050253801204281,-1.171197469556436,0.003531086122918809,0.7942020701183817,0.19523497682949154,-1.0200863988007471,-1.0389944186299909,1.3643517849796334,0.6592591610202994
2015-10-12,-0.8934249953613776,-0.9265270729493739,-0.9145949460919875,-0.4670406549903448,0.4222777461337101,-1.2009650812818777,0.23541066548336942,-0.7786724416728309,-0.24111412304574895,-0.7248642562642,-0.5891730127992831,-0.8978671365494701,-0.9077617827513671,-0.9014967709739485,-0.3736081922740162,-0.19334436191114537,-0.19691810341657034,-1.026515396425601,-1.0709163684389236,-0.14073457873196685,0.7435572378442943,-0.8466889792055362,-1.0618792254702416,-1.0825739440711717,0.9459380242150232,0.6106847376727326
2015-10-13,-0.7914159148813659,-0.9192416730610256,-0.9003747785896455,-0.678521699236693,0.38843992790554444,-0.5513357418913413,0.2229979979968254,-0.44312864234102095,-0.5995796225415969,-0.7030929577987474,-1.2958115395205,-0.9767495981909433,-0.9729029083053866,-0.9293707483955655,-0.32849602161285774,-0.26866564976530555,-0.19691810341657034,-1.0282523528728214,-1.027718355649841,-0.24011759229866536,0.74602771746742,-0.48307746891536285,-1.0540430704697115,-1.074402689986395,0.14691058547626634,0.6647196986418791
2015-10-14,-0.8186182212553571,-0.8110017583798462,-0.8466533382289799,0.28666229246851205,0.36286160382080423,-0.32412119231482184,0.16253100021423295,-0.18479733809708845,0.27535811696861645,-0.6178220388090553,-1.840839441844477,-1.0061833525347765,-1.0294108726414035,-0.8910282636165088,-0.21206365733501065,-0.44889873141633085,-0.25593413937125603,-0.9850214368531115,-1.0290682935495,-0.07447923635416702,0.7250286406708486,0.4693916199863302,-0.9643626299080884,-0.9808886328805637,2.6372026546001353,0.004773025569395056
2015-10-15,-0.8604683217484611,-0.808920163516033,-0.812945952660506,1.0262830410052535,0.4443904783933852,0.39516400840466637,0.18144006150795824,-0.14924715861397847,0.21536800594187644,-0.6994644080545035,-2.4027899226393687,-1.0210964547356522,-1.0262715412894028,-0.8765237052296945,-0.31560682999538386,-0.3305367076455077,-0.41420441761336946,-0.9618620175568383,-0.9860631290317976,-0.030130902343220935,0.6249742159342356,0.29627392747649545,-0.965233400865425,-0.981796570682107,0.07855485016141765,1.038941809571923
2015-10-16,-0.885055215899932,-0.8375411692088327,-0.8398066728408388,-0.26284877061967143,0.4689029915748853,-0.00644373862680698,0.2530299420140017,0.13665112691334808,0.07948876539223858,-0.7321213557526836,0.12556417647587195,-1.002258851955599,-1.0113597173673983,-0.8680732233869418,-0.5897169717269944,-0.2874959717288447,-0.3122676282370938,-0.9261579128084171,-0.9627284881948377,-0.08997443739413671,0.7003238444395858,-0.5274831223844283,-1.0087675953128148,-1.0271917855972632,0.6950022033582703,0.21970667887233528
2015-10-19,-0.8479130771195694,-0.8765700971821271,-0.8682473765206282,-0.9056305496039255,0.47156703535595074,-0.7877333109415972,0.2620270523480353,-0.20575323337134274,-0.2850413081691542,-0.7502641044738946,0.09353215294163958,-0.9810665488280388,-1.0066507203393968,-0.9195328740114654,-0.4921887551547756,-0.31977652366634196,-0.32031526950364103,-0.9323337579540896,-0.9206875650340345,-0.2107301420504479,0.7163819619899058,-0.6195122302985784,-1.068844696581824,-1.0898370742252947,2.157022779172757,0.14892765368380725
2015-10-20,-0.9002255065643388,-0.8557549811611276,-0.8424402244566702,-0.7255386885918318,0.46463977640175047,-0.7482214860385052,0.2697721957202335,-0.35244450029112284,-0.2737316970739491,-0.7339356306248045,0.45640058558226454,-1.0281605557781723,-1.0517786085244103,-0.9137310506567398,-0.3770453100386759,-0.19603440790593651,-0.31763272241479196,-0.9062794112457823,-0.9341869440306227,-0.1385973096230051,0.7472629572789838,-0.7739666771475016,-1.013991611578113,-1.032639226277411,1.40495317524071,0.09354389832935212
2015-10-21,-0.9023180560545584,-0.8932223877454959,-0.8935276918585267,-0.9152858242036415,0.4310692925339877,-0.2639316629316332,0.2718899225578137,-0.3470807890006887,-0.7362784001271192,-0.7393784552411692,0.3513597235020836,-1.0395416074577877,-1.0659055996084148,-0.9329022930462681,-0.5587829118450571,-0.30632629369238507,-0.22106102721621443,-0.9691958336673248,-0.9071881860374462,-0.32774562576607785,0.7330576994460085,-0.8106496082741208,-1.055784438247607,-1.076218565589481,0.6224141620017313,0.4677184746555085
2015-10-22,-0.9122575222739239,-0.901548767200748,-0.8924745450851295,-1.0054271625614641,0.5205912085241834,1.232157329295555,0.28332177424580346,0.2182294335166952,-0.519592807839277,-0.9498343404072148,-0.16900956447855944,-1.063481060990772,-1.0651207667704146,-0.9148661900087512,-0.8470711643558889,-0.30632629369238507,-0.32031526950364103,-0.9427554966374128,-0.9710209638641704,-0.2374460059124638,0.7571448757714886,1.5254739003158426,-1.0322758861776273,-1.0517049894642614,0.1228774755459429,-0.12229291244745112
2015-10-23,-0.9159193923350574,-0.9208031944499516,-0.917228497707819,-0.7321790750754309,0.5821372093743842,0.6066239209497857,0.42512968009864066,0.2889555800673035,-0.06901134551001945,-1.0305695722166046,0.320173828891397,-1.0568094100061698,-1.0788553414354187,-0.9277311026648821,-0.20304122320277895,-0.14761357999969008,-0.28812470443744853,-0.9761436594562065,-0.944022205870994,-0.14928365516781145,0.9479894266579907,1.1135953753853807,-0.9974486176881046,-1.0153890594999808,0.6771338863792393,0.4807786070736066
2015-10-26,-0.9028412849738651,-0.913517430291609,-0.8977412269738149,-1.1700820331562256,0.5680166653375565,-0.9415206585289249,0.4570154379030571,-0.2278317658924321,-0.5777799373870712,-0.9960983496463036,-0.2609958660240343,-1.0842809140604144,-1.1106410713744281,-0.9021274039472883,-0.66748176115242,-0.2256249138486414,-0.15936244417267847,-0.9956361706972368,-0.9742993844776277,-0.25561279333863507,1.0270447745980305,-0.297732132696655,-1.041853496024442,-1.0616920260875689,0.4471232254312515,0.14683018928727012
2015-10-27,-0.9514918443575009,-0.9223642474917424,-0.8998479945314581,-1.1562288130783722,0.5568261912102214,-0.7593630569492961,0.43149894347587897,-0.2615108832974837,-0.9373927887331575,-1.0033554491347871,0.3328657627445834,-1.1231334697942745,-1.1522372117884407,-0.9036409230833037,-0.6709188789170797,-0.28211587973926244,-0.234473762660461,-1.037709115752133,-0.9966697839576883,-0.3106474728943875,0.9838113811933219,-0.09951559257387023,-1.0375001636480923,-1.057152709338075,-0.6087173497240397,0.45761142950392303
2015-10-28,-1.005373594373184,-0.8474286017058755,-0.9514626673344804,-0.09622849827832765,0.6199713350126652,0.4313889980344625,0.43814821512671637,-0.24067972549509992,0.0658844505965571,-1.1194690409505363,1.1003046964005887,-1.1368692218213967,-1.0619814354184136,-0.8731182871736598,-0.22065645174665988,-0.10995293607261056,-0.2639817806378044,-0.9836704707274955,-1.0385178588471116,-0.2321028331400606,1.0041928380841123,1.1908225988098424,-1.054913754358659,-1.0753106277879378,1.0235505315365276,1.7975524948384556
2015-10-29,-1.0273447101151278,-0.9853309179553237,-0.9856964682860355,-0.6789987384955724,0.6186382181888478,-0.6193081522995544,0.4908829391243804,-0.5566397417432317,-0.3099552340600408,-1.0686693445311473,-0.01984912281349241,-1.0324775064152678,-1.0384364502784065,-0.9524519152198003,0.2777256241289956,0.08104032955758166,-0.1352195203730344,-1.0145496964558598,-0.9847131911321387,-0.3956039199755984,1.085101045741497,0.3876594751954417,-1.1158616265850048,-1.1388639472820679,1.0702624134638334,0.19202371393333661
2015-10-30,-1.0644869012079206,-1.038410051844722,-1.0172975076398438,-0.6034166383187443,0.593061202336084,0.3322337388029582,0.4818810006353267,0.17868765493372726,-0.18161573424053962,-1.04145522144933,0.2782300093956286,-1.0454283583265545,-1.0290184562224036,-0.9679654863639582,-0.5119521823015688,0.011099133693003738,0.0525587758464213,-1.035007183500901,-1.0155689145529119,-0.326676991211597,1.0350738333731904,0.8008251205163113,-1.1332753043639607,-1.1570219587964863,-0.07075451860294153,0.03796406273386093
2015-11-02,-1.1487095464269932,-1.0769189063431293,-1.048898178318546,-0.5461528456828793,0.6586035105964001,-0.5876305331446803,0.47864728613700114,-0.4251664463916601,-0.15768525279271436,-1.033290984524786,0.10525708231077369,-1.0191342044460634,-1.0415757816304072,-1.0174071114737946,-0.4402023489642978,0.0918005135367474,-0.014504901374812789,-1.0743781963045655,-1.0408320381036695,-0.6141396863668874,0.9751647025123792,-0.7816893994899478,-1.1280512010302741,-1.1515745181163386,-0.10492599787388784,-0.1549491853181823
2015-11-03,-1.201545204791069,-1.1305185300159792,-1.142646938245511,-0.2977107996585669,0.6748565011946492,-0.40336861791412815,0.5367334514705708,-0.53181698484099,-0.15784916019989126,-1.075926444019631,0.819389893783396,-1.030122806067761,-0.9760422396573875,-1.0408666580820334,-0.4341873928761433,0.2047824453179871,0.06597151129066789,-1.11799510264588,-1.0767018165803186,-0.6819979805764079,0.9980166390262971,-0.6227300312745976,-1.1350166721418564,-1.1588378343995722,-0.5289327910000073,1.0491439239312834
2015-11-04,-1.2188084111327016,-1.1679864049474828,-1.1826746264869163,-0.25552144760328616,0.6583374844679736,-0.49120369619812915,0.550250040349899,-0.43701650621936344,-0.21521675271180107,-1.1711758748059877,1.36067065373167,-0.9681156969167523,-0.9811436531043891,-1.077064990751735,-0.4603954158316734,0.2289928592711097,0.17863848902234225,-1.1479093525702329,-1.117392801841463,-0.9021366987994189,1.0393971727136608,0.07553278052157607,-1.1611371888102902,-1.1860747586066442,-0.04025636155685858,0.4093340974306532
2015-11-05,-1.299369604790076,-1.21950448579509,-1.200581492378487,-0.5293992269110401,0.6522091570938194,-0.7490385756317418,0.5298001549495979,-0.44924077846267846,0.23290609850980315,-1.1521259886487165,0.15022279081920556,-1.0120701034035435,-1.0431454473064077,-1.1030470692533327,-0.5639385884920467,0.2532032732242335,0.2322894307993298,-1.1679808492936699,-1.1486342218049956,-1.0848732076156076,1.1233934798999539,-0.10916899550192793,-1.209895486591367,-1.236917414201948,1.4591937706323663,0.44300048063399433
2015-11-06,-1.2836756667069273,-1.3069292844552691,-1.2827436364189413,0.024118965951729066,0.6492782055497345,-0.0907928417115224,0.5254375790836683,-0.34271497748521906,-0.25750486376343745,-1.2818466420053742,0.3616341461451393,-1.0591641103536766,-1.08395675488242,-1.1537499603098484,-0.44578766533186975,0.492617366760671,0.2510672604212757,-1.2087028282229502,-1.1673405041288394,-1.0138090097426444,1.1289520590519881,1.3381978835115231,-1.26387788770613,-1.2932075104773995,0.944778532069262,0.22081780023820624
2015-11-09,-1.2951845058096352,-1.2986029050000178,-1.2737898347980503,-0.873230043140847,0.597057964783409,0.33083360035424636,0.4839037833698958,-0.1710762161913267,0.13538119123955644,-1.2718681302087094,-0.16187790640867372,-1.0948770656241946,-1.1055396579274266,-1.20041680033699,-0.673067077519992,0.5571784706356655,0.5005441396842674,-1.3044284279808798,-1.2145883306168983,-1.184790538459546,1.291386094272538,-0.13684208389569333,-1.2316625838150617,-1.259615021659526,1.0292841084005535,0.21238040804817016
2015-11-10,-1.3134937514904463,-1.2949602050558433,-1.2906435012483517,-0.8118637128786205,0.609846245191186,-0.8010633680493481,0.4797600564009309,-0.3278712183326223,-0.27405951188830285,-1.297267978418404,-0.11159367323795422,-1.1109675179988232,-1.119274232592431,-1.2591917934522547,-0.48402560046370885,0.5222078727033759,0.5488299872835555,-1.3600110342919354,-1.3058055629795586,-1.1757071447464615,1.2574169994545514,-0.34213778616572044,-1.2630072038171825,-1.2922995726758566,0.31944173908824003,-0.16610793358077933
2015-11-11,-1.3124477121512683,-1.3168163526823178,-1.2953838204218264,-0.9880247703975492,0.5879995390599374,-0.9658896371010801,0.4959044922370528,-0.495144168111045,-0.7261161408821524,-1.279125229697193,-0.2687319018964527,-1.12745042043137,-1.1428192177324377,-1.243299842524093,-1.1976571763511776,0.508757642729419,0.516639422217363,-1.4337351857184053,-1.3609601685941903,-1.397983132078433,1.2697693975701836,-0.04996145754317404,-1.2473348938161222,-1.2759574367645243,-0.4629215935225932,0.3250730702145253
2015-11-12,-1.3276183166902518,-1.3121330374412346,-1.3343579405468573,-0.4589119060190424,0.5107334246232824,0.13182711864473728,0.39150999258480934,-0.2652530074536005,-0.8628149184676747,-1.2129041968647725,-1.0042596875787322,-1.1525672241381077,-1.1757821969284479,-1.2948856197432845,-0.6429922970792197,0.46571690681275607,0.5059092338619655,-1.4418409824721006,-1.434628208261286,-1.5935432555483886,1.2308593435059456,1.0170613461048037,-1.2630072038171825,-1.2922995726758566,-0.07747190698458296,0.8843592777296845
2015-11-13,-1.319771399961107,-1.3423155124843897,-1.3127643235981874,-1.045918254855135,0.44945433153610115,0.7941603535200672,0.30721939900596223,-0.003553791469162842,-0.7034969186917422,-1.2473754194350732,-2.2596732589996287,-1.2090800324782676,-1.219732835856461,-1.2946333665539487,-0.672207798078827,0.35811506702109863,0.46835357461807486,-1.5200040225970226,-1.442534987387859,-1.8013926763948727,1.2012135880284298,0.4056791606611494,-1.2499469454829655,-1.2786810640400428,-0.40668462735655464,0.9447579337942738
2015-11-16,-1.391439585237729,-1.3272242749628118,-1.3090775725410866,-1.0980109419247488,0.5315152014858839,0.05648242499704573,0.2954946694571051,0.03324376273265275,-0.877894399927948,-1.3317392009887048,1.1428528936988898,-1.234589286242923,-1.21659350450446,-1.2921108346605896,-0.5218338958749654,0.3473548830419329,0.2752101842209198,-1.4962656178183427,-1.5131174547128776,-1.6699506261937551,1.2524760402083,0.18300733312061845,-1.239498738815592,-1.2677861826797476,-0.6385862507020373,1.1351280805383344
2015-11-17,-1.3867312573379815,-1.3600084183446672,-1.3901857797900614,-0.021447824056416712,0.5275184674783845,0.12789564484813432,0.39476865117753956,0.40246667946951425,-0.5759769559081255,-1.3698389733032477,0.5454858736755825,-1.192989580103639,-1.2244418328844626,-1.3296965598716388,-0.48918127711069836,0.3392847450575583,0.3556865968864005,-1.5468303499485394,-1.4971110481883516,-1.7239166711950267,1.3037384923881683,-0.06669402261847406,-1.2969638754861466,-1.3277078440322605,0.8542646782553897,0.25522691162729
2015-11-18,-1.3276183166902518,-1.3834260353214973,-1.3870258127911481,-0.6987100006724628,0.6143763112476893,0.1323875846220076,0.4088082297633525,-0.350698175684935,-0.20980780827496387,-1.356231911762339,0.4848063423013008,-1.2137894331732808,-1.2311129120074644,-1.339156054471735,-0.6692003200347498,0.35273497503151635,0.3503215027087023,-1.5555151321846419,-1.5474444470184876,-1.8783343643174788,1.3383252071119358,0.264739477911507,-1.2612658360392868,-1.2904837901373256,0.7991840100418733,0.3607537322576004
2015-11-19,-1.352205263154152,-1.3241021168406604,-1.3327779570474012,-0.6903522728568984,0.6095802190627596,-0.5476034080207282,0.48975407775677626,-0.25315347268215604,-0.923788473937476,-1.2881966040577995,-0.1757785958669255,-1.2412609372275254,-1.262506225527474,-1.316201014242168,-0.44363946672895743,0.28279377916693843,0.3503215027087023,-1.53332068869238,-1.5563154675019597,-1.7826915716914615,1.3031208724823875,0.6772615630371727,-1.2194730093697925,-1.2469043577607,0.43424104409831765,0.22423434989262225
2015-11-20,-1.3956242657187339,-1.3464782859034508,-1.338044691603958,-0.5216711909171963,0.6298295455109504,-0.42871481921588295,0.5106690232425047,0.2272105314913756,-0.7911873815313758,-1.3680246984311268,0.35982101273754125,-1.2522495388492232,-1.2687848882314756,-1.3298226864663067,-0.37446747171518113,0.32852456107839256,0.30203565510941294,-1.5443214128581098,-1.5341379162932791,-1.591405986439428,1.267298917947058,0.10256230872013762,-1.269101991039817,-1.2986548580929917,0.7471761557242861,1.134462596083909
2015-11-23,-1.3600518136962902,-1.393833593331997,-1.3807055101182166,-0.8897737646387793,0.6234347369711609,-1.0257301583665546,0.5184053177435587,-0.003054841581680597,-1.163748918044436,-1.3770960727917312,0.9117388220103906,-1.2126120829995277,-1.1973650999734542,-1.3704354499493867,-0.37060071422993895,0.27203359518777387,0.3503215027087023,-1.567480832154383,-1.5381877299922557,-1.778951350750779,1.3290609085252139,-0.02808041090624325,-1.2751967782624516,-1.3050103296392377,-0.5602103311964092,0.6156818129064088
2015-11-24,-1.3851619367670684,-1.3678143080164675,-1.3527916431644866,-0.9971839241680308,0.6308949013769816,-0.3288800206493,0.49038408607340567,-0.09673268295647215,-0.5433593818799253,-1.372560385611429,0.6812291281244239,-1.1918122299298854,-1.1702883670624462,-1.3182190397568554,-0.5450344407864184,0.2612734112086069,0.26984509004322166,-1.5931491885410858,-1.5682720603275093,-1.7773483989190584,1.3420309265466255,-0.3543654298745935,-1.230791899926114,-1.258707083857983,0.48020229061445585,0.4086091947213684
2015-11-25,-1.4484599240828098,-1.396955803492719,-1.3780723798453636,-1.1018081744254276,0.630095116602168,-1.2916148073857967,0.5391271576264495,-0.6534360199147874,-0.7164456038587161,-1.3852603097162772,0.1636399780354312,-1.1674803263389832,-1.1793139446994487,-1.3285614205196272,-0.7989515156506533,0.24782318123465008,0.2778927313097689,-1.5798325224457286,-1.5943065769637865,-1.6726222125799566,1.3204142298442711,-1.4445564005499099,-1.2421107904824353,-1.2705099960843766,-0.2920514203949056,0.5011115338864963
2015-11-27,-1.4134107009796728,-1.4526370220293823,-1.4423272366512703,-0.7082889489907581,0.6364894701047485,-1.5926302029363548,0.5174953052729193,-0.6534360199147874,-1.3715835103447265,-1.4161029825423364,-0.6075460979962768,-1.14511067303767,-1.1773518626044481,-1.3251560024635927,-0.5089447042574916,0.21554262929715284,0.21351160117738385,-1.6174665788021725,-1.5476372952898674,-1.6907890000061268,1.359941903814292,-0.940005207510094,-1.2647485715950781,-1.294115262149832,-0.1839950573123815,-0.47913518383111786
2015-11-30,-1.3945781740671266,-1.4130880205812006,-1.4144133170296682,-0.3687514860908645,0.6133105287842747,-0.04252296604273427,0.5053296522941464,0.25739699968405144,-0.45878315977665257,-1.4424099681880913,0.24619798586139618,-1.203193281609501,-1.2048210119344567,-1.3376425353357195,-0.6305327451823283,0.17788198537007335,0.20278141282198633,-1.633871167470366,-1.630754900254575,-1.7725395434238949,1.382793840328208,-0.42708773193262817,-1.2377573710376963,-1.2659703070766615,-0.029881621916548837,0.20658712819937777
2015-12-01,-1.4777547799470214,-1.4104859359339357,-1.3991395814109522,-0.774635569115684,0.6663301277280306,-0.349738388155037,0.5053014908029261,-0.38724625494300946,-0.6697319928133039,-1.3816317599720356,1.0350318937270586,-1.204763081841172,-1.2193404194374609,-1.3573182841039197,-1.131922299102061,0.008409087698212601,0.20009886573313726,-1.597588077239538,-1.6324905346969931,-1.8078044837217566,1.399469577784311,-0.11753527803957795,-1.2029300154797844,-1.22965419098327,0.35215666624219705,0.057952363668566126
2015-12-02,-1.4217804804411185,-1.4666876962926212,-1.4665544052157717,0.28965809901427375,0.6090464604163724,-0.13247262292229717,0.5005551178088297,-0.39996947707380676,-0.6730101409568415,-1.3961459589490026,1.3113534250450027,-1.2063328820728432,-1.229543246331464,-1.364381373405325,-1.2728441274531084,0.09718060552632968,0.0310983991356263,-1.626151361038275,-1.5977778458486236,-1.946192658526998,1.3525304649449128,0.5768661725853726,-1.235145319370853,-1.263246679801143,0.47846464949243356,2.011927616545717
2015-12-03,-1.303554651458087,-1.434423626385653,-1.449700738765471,-0.4208632547308336,0.5312487487600733,1.05380391619901,0.3841196815302462,-0.09897795745014226,-0.9218215850513534,-1.100419154793265,0.6757897279016297,-1.266770190992181,-1.2369991582924664,-1.376741779682784,-1.2848740396294174,0.48185718278150524,0.10889226471225909,-1.5653578853855576,-1.6280550244552572,-1.837726251247214,1.3797057407993014,6.209305001009439,-1.209895486591367,-1.236917414201948,0.24804193761661325,1.0287694043399922
2015-12-04,-1.374176378896096,-1.3178573322492215,-1.3548983580542586,0.3748954737908178,0.6380890396543758,1.601740502043368,0.4076504035852211,0.03399218756387612,-0.6164620854808162,-1.1503117137765955,1.5744995202677345,-1.220853534215801,-1.2279735806554635,-1.3238947365169131,-1.2857333190705822,0.35273497503151635,0.430797915374183,-1.4485958131001802,-1.5653793362568118,-1.5133956639623412,1.1233934798999539,1.7018093938016967,-1.144594194920282,-1.168824684893769,1.0452965991077188,1.378570612522819
2015-12-07,-1.3652833705153444,-1.3615695234250287,-1.3627986442266466,-0.8227974526921329,0.6042512214262101,-0.26415543872475583,0.4721508923298184,-0.4397607306005158,-0.5150034004383242,-1.1965757230156844,0.6873937817102573,-1.26873244128177,-1.3009630345894854,-1.1688851516700025,-0.6000283250209735,0.2532032732242335,0.3825120677748948,-1.5317767274059617,-1.458734242183765,-1.6250679749055679,1.1623035339641918,0.016968802758026015,-1.1994472799239935,-1.2260226259062081,0.7972355521660762,2.058428342798691
2015-12-08,-1.3757456994670096,-1.3672938182330157,-1.36121866072719,-1.0100258210170603,0.5669508544343164,-0.2365365786800039,0.4087671986848625,-0.26450458262237714,-0.5415564004009796,-1.143054614288112,1.363571667183827,-1.363705355297872,-1.362572412372504,-1.2351016138706763,-0.4810181224196316,0.21554262929715284,0.2510672604212757,-1.559954020883094,-1.5362592472784575,-1.7068185183233362,1.213565986144062,-0.3086726560151204,-1.209895486591367,-1.236917414201948,0.4701661354574813,1.2412669091936965
2015-12-09,-1.3804536088673212,-1.3464782859034508,-1.3722788612306194,-0.5112335719329183,0.5240546104826791,0.9753243084586747,0.37503567264504023,-0.16097248096981123,-0.8895318258375069,-1.0242196101641794,0.8349828410887393,-1.3554639040815988,-1.3453060899364988,-1.225515992675912,-0.48832199766953344,0.18595212335444675,0.22692433662163042,-1.5394965338380528,-1.5615223708292152,-1.6592642806489486,1.1814497510434203,1.326613799997854,-1.1933524927013588,-1.2196671543599622,0.21374269061610648,1.199519643329476
2015-12-10,-1.3511587530031095,-1.3896704036043714,-1.3712257144572222,-0.9552617140977225,0.5381751545195069,0.006217044090504026,0.40434668907828775,-0.34446130209140696,-1.087695881114361,-1.100419154793265,-0.3213127707167964,-1.3794033576145832,-1.4033837199485162,-1.2395160446840545,-0.6846673499757184,0.24782318123465008,0.20278141282198633,-1.54856730639576,-1.539923364434674,-1.7645247842652902,1.0431028921483503,0.6727566416707458,-1.1985765960350454,-1.2251147811692205,-0.36797419949297283,0.8949892035240328
2015-12-11,-1.4202111598702047,-1.3641716080722937,-1.3970328665211802,-0.36390476722065135,0.4318686222715924,1.9766039623133023,0.30376280665537425,-0.00517537860348014,-0.533852752263666,-1.0568765578623596,-0.5833709858949693,-1.404127711263403,-1.4300680364405243,-1.3106514440767782,-0.3388073749068368,-0.026561510234075762,0.2510672604212757,-1.598939043365154,-1.5499514745464253,-1.7394118722349963,1.1190701405594834,-0.8846590307225631,-1.183774969922933,-1.2096803038657653,0.09359630612392338,1.5316558043426003
2015-12-14,-1.4343357250700102,-1.3953946984123584,-1.402826332468052,-0.6064696895755715,0.45904435447921593,1.2593327437319173,0.2658505432842211,0.09498881130858061,-0.5922037892186371,-1.0541551455541782,-1.2142205361785874,-1.4520066183293718,-1.4351694498875258,-1.341678586365094,-0.47371424716972976,0.22361276728152746,0.033780946224475375,-1.5732706869784514,-1.5946922735065463,-1.69559785550129,1.0875715253646225,-1.7914353457647831,-1.2551710488166523,-1.2841284116556353,1.1554419645685563,1.1838569913485357
2015-12-15,-1.3699912799156557,-1.4297403111445695,-1.4202064143014346,-0.3576650937145108,0.5157951163392545,0.8042713239891375,0.3493582589419579,-0.14338449743606207,-1.0355733256321118,-1.1122119414620528,-1.714887107796665,-1.4170785631746896,-1.3900415617025124,-1.3473542831251517,-0.5287081314042849,0.3392847450575583,0.20278141282198633,-1.5427774515716917,-1.5740575084689044,-1.5005720493085741,1.0789248466836816,-0.24560375688514344,-1.2490762615940176,-1.2777730331739445,-0.22540777265616715,1.0225126621032965
2015-12-16,-1.487694246166387,-1.3704163926637325,-1.407039446240362,-0.07886426925512302,0.5957257011543591,1.6859766907370581,0.4080623622046081,-0.13889394844872188,-0.23406610453714288,-1.1258190030029616,-2.3853838419264273,-1.3966711601629653,-1.4088775498145178,-1.326291141815604,-0.2954137631280082,0.41998612490130194,0.3369087672644545,-1.4792820436677425,-1.5447445712191699,-1.4476746388617823,1.143774936790746,1.2004760017379001,-1.2020593315908368,-1.2287462531817266,1.2309878288644203,1.0519365819096758
2015-12-17,-1.4071330525090124,-1.4854215817198024,-1.4823545562175702,0.2768162021652444,0.5112654484403091,1.1948093547222907,0.4121079235541603,-0.2388086634170415,-0.8092171963208332,-1.2056470973762887,-0.1779543559560432,-1.4335614656072364,-1.4661703469885352,-1.3858228944988764,-0.07071218926338077,0.22361276728152746,0.37714697359719546,-1.5721127160136374,-1.4793690072214072,-1.6026266492614742,1.2024488278399934,0.14375016121318382,-1.2743260943735037,-1.3041022987731394,1.5432298005575231,0.6762527819100904
2015-12-18,-1.349066203512889,-1.4052821309094006,-1.4259999329161788,-0.06861746597439677,0.4140177969530758,2.80232021502417,0.2600171474399066,2.6149352180376604,0.590224246155413,-1.1666401876256856,0.02983073255469442,-1.4684895207619186,-1.4751959246255382,-1.3751021339521008,-0.24213843777578295,0.1671218013909076,0.23497197788817886,-1.5279168241899164,-1.5742503567402844,-1.5865971309442648,1.2512408003967361,0.06137445622709144,-1.2482055777050698,-1.2768651884369568,0.583071283876825,1.095026700333719
2015-12-21,-1.377314967725494,-1.3537640500617931,-1.3454181410502866,-0.4439519548605892,0.45823936521632236,-0.3243654979972217,0.25689446814826356,-0.24966082346978033,-0.6249852706540142,-1.1240047281308405,-0.48896717313936366,-1.4861497733682187,-1.5093361530785483,-1.2793720485991267,-0.3164661094365488,0.14291138743778378,0.16522575357809569,-1.475422140451697,-1.5351021576501782,-1.6464406659951805,1.2178893254845324,-0.5023842747714783,-1.2377573710376963,-1.2552548541789919,0.8390730952106504,0.46637562209568584
2015-12-22,-1.3930088534962135,-1.3704163926637325,-1.359638677227734,-0.8861673478416522,0.5072865177636197,-0.23181881012408034,0.3088543597766545,-0.5407980828156704,-0.9757471220125485,-1.0877192306884187,-0.5955794175061295,-1.4367010660705786,-1.4414481125915277,-1.245822374417452,-0.5892873320064119,0.2558933192190247,0.1410828297784504,-1.4744571646476854,-1.4766691314220892,-1.6330827340641727,1.183302610760765,-0.7070364168463015,-1.2447228421492786,-1.2625804306497237,-0.45950700095008984,0.17836345714115848
2015-12-23,-1.3542973941449363,-1.4021599727872491,-1.3780723798453636,-1.1227788202457594,0.5748280604423658,-0.0802055778112187,0.3849725635795505,-0.5252058988318503,-1.0042670108613265,-1.1294475527472032,-0.22473319787207313,-1.4092295620163342,-1.3853325646745107,-1.2552818690175482,-0.63955517931456,0.31507433110443567,0.2510672604212757,-1.479668033989347,-1.474933496979671,-1.649646569658622,1.1493335159427784,-0.7688181955858707,-1.2194730093697925,-1.2360252973748067,-0.04245716069853758,1.2282186604265704
2015-12-24,-1.3951014029864333,-1.3782218660269672,-1.3485784767243048,-1.3348132300324074,0.5657149449343138,-1.3621945137322269,0.43289091457451173,-1.1797034137366855,-1.4235421584197991,-1.0722978942753891,-1.2637795159862677,-1.3535016537920097,-1.3712055735905064,-1.2416601967934098,-0.9789705585747046,0.27741368717735615,0.3074007492871123,-1.4321912244319868,-1.4787904624072676,-1.5871314482215058,1.1697149728335707,-1.2604981847216097,-1.1933524927013588,-1.208554688069367,-0.6321052326200828,0.02107739470281689
2015-12-28,-1.3987632730475674,-1.4016394830037973,-1.3875525968493354,-1.0212267028155448,0.5531180361128287,-1.0249931353414996,0.38897226157600645,-0.9374632433640555,-1.12670584402246,-1.075926444019631,-1.5862755114177092,-1.351146953444503,-1.3818008169035099,-1.3365073959837082,-0.37532675115634606,0.2424430892450678,0.2966705609317148,-1.4412619969896938,-1.4053152710115515,-1.6651417706985916,1.1178349007479196,-1.1562414330985864,-1.235145319370853,-1.2525078677000923,-0.056339124515282085,0.08469652018078612
2015-12-29,-1.4395669157020576,-1.4026800462621363,-1.383339061734048,-1.1207180106474008,0.6118155324732855,-0.456857191437206,0.4342997800961259,-0.8116031342466591,-0.9634540664742822,-1.1221904532587197,-0.5305483659536125,-1.4013805608579786,-1.3869022303505114,-1.3249037492742566,-0.5398787641394288,0.4468865848492169,0.2403370720658782,-1.4076808390100979,-1.4429206839306188,-1.6175875330242029,1.1122763215958853,-0.7437193479729207,-1.2212143771476882,-1.2378568078231837,-0.49078773533973064,0.2912581413740356
2015-12-30,-1.4374743662118379,-1.4536780536348564,-1.4233668026433257,-0.9465414364454099,0.5724161072751948,-1.0588551347154784,0.4513960628006872,-0.9375879808359261,-0.9772222886771406,-1.108583391717811,-0.5084281383809162,-1.3750864069774877,-1.4077003005575175,-1.36223722129597,-0.4835959607431264,0.4092259409221362,0.42275027410763455,-1.4800540243109517,-1.4043510296546524,-1.694529220946809,1.159215434435285,-1.216736091447748,-1.2464642099271743,-1.2644118480335456,-0.12454153855465822,0.3632255316597518
2015-12-31,-1.3626675921058173,-1.4474332690434175,-1.4254735175330977,-0.9315433221462462,0.517203740899973,-0.00032993760002699357,0.3823069029410822,-0.5143537387791115,-0.6035134003138423,-1.1729901496781088,-0.7974416035520469,-1.3951013599312942,-1.3908263945405124,-1.3677867914613597,-0.7224756453869751,0.3419747910523506,0.430797915374183,-1.4011190035428203,-1.481876034749345,-1.5556067288643267,1.1536568552832507,-0.6407497167403053,-1.2412401065934875,-1.2589175958820802,-0.5332705054185851,0.6939415963817365
2016-01-04,-1.3474969352544046,-1.3459582124285636,-1.3633254282848342,-0.43229311537358034,0.440819005097705,2.2061322304113733,0.1913520124676514,0.16384389578113046,-0.3014320488868427,-1.200204272759926,1.2845190506125517,-1.3660600556453786,-1.3696359079145062,-1.3436966118797813,0.18277524588027158,0.27203359518777387,0.4039724444856898,-1.4429989534369145,-1.4049295744687917,-1.7447550450073994,1.2154188458614068,0.6611725581570765,-1.209024802702419,-1.225037165330097,0.30318648969490986,1.0429881927278488
2016-01-05,-1.2695515200065572,-1.3568862602225158,-1.3401514591616013,-0.9932340391045107,0.44993123897116477,-0.08310850415502895,0.22471181176685576,-0.3639203477032145,-0.8218380666734534,-1.2754966799529512,0.7240190765437381,-1.393924009757541,-1.4202576259655213,-1.3211199514342182,-0.38993450165614973,0.2612734112086069,0.2644799958655223,-1.4096107906181206,-1.4442706218302777,-1.8339860303065314,1.2339474430348525,0.6193411454688265,-1.2151195899250538,-1.2314468935120852,-0.4569260928129684,0.801565881408584
2016-01-06,-1.192128915178581,-1.2871543674226136,-1.2874835869173105,0.11660733746323769,0.3818550560114385,0.7640943306734611,0.13367297759844854,-0.18305101349090058,-0.7028412890630347,-1.2455611445629524,0.9825719004672214,-1.4221804139276208,-1.4481191917145297,-1.3107775706714462,-0.03634101161678384,0.0756602375679982,0.2510672604212757,-1.4511047501906102,-1.410522174338807,-2.1609882039776056,1.3086794516344216,0.06394869700790683,-1.1950938604792543,-1.2103861054531888,-0.13906234101920503,3.2325746515990144
2016-01-07,-1.2167158616424811,-1.2122190859067417,-1.2211219625537597,0.5771982826963293,0.25400950810516876,2.023058995769977,-0.01215554550953616,0.5153540915123723,-0.43288578944270467,-1.1049548419735693,0.917903475596224,-1.5045949260903542,-1.532488721799555,-1.309011798346095,0.10672901533717588,0.019169271677378343,0.10889226471225909,-1.4665443630547923,-1.4514060078713316,-2.2902929850697626,1.2852098952147226,0.6695388406947266,-1.140240775475543,-1.1526975281051883,1.0996426028762625,1.979479307566994
2016-01-08,-1.2658896499454237,-1.2351157967915545,-1.2290221960582757,-0.19602511123586636,0.19692110863590706,1.9487633794643555,-0.07356232389260674,0.08638192574951187,-0.6177733447382312,-1.108583391717811,-0.10397851292604236,-1.534813580550023,-1.5277797247715537,-1.3005613165033423,-0.20433014236452632,-0.06960224615073873,0.0310983991356263,-1.4493677937433895,-1.4670267178530978,-2.2828125431883985,1.1734206922682602,0.739043341776742,-1.1715853954776638,-1.1856624826266486,0.6963214051659821,1.545173457323116
2016-01-11,-1.293615185238722,-1.2470848241524106,-1.2464026992346364,-0.5342841089219637,0.20201402728035978,1.4415929947579325,-0.10756540481515603,-0.08899895970049734,-0.6576028446822143,-1.173897287114169,-0.1633284131347522,-1.5497266827508986,-1.5733000293755677,-1.3227595971649015,-0.5695239048596187,0.08911046754195508,-0.04401291935215622,-1.5690247934408013,-1.4622055110686019,-2.4885246949259208,1.1629211538699729,0.21582890307601463,-1.2238264288145315,-1.2406037943020836,0.41542085753406116,3.762686495978204
2016-01-12,-1.2669357415970308,-1.2980828315251307,-1.3022304858099678,-0.6039890854293993,0.2435567630532422,1.1791655790929878,-0.0704726342472041,-0.2176032931990461,1.946885855358492,-1.1766186994223504,-0.8829006248301687,-1.617620542770674,-1.6082250906665778,-1.3501290682078466,-0.42043892181750453,-0.09919275209344482,0.0874318880014629,-1.6300112642543205,-1.5702005430413077,-2.5366132498775493,1.238270782375323,-0.096297791597851,-1.2508176293719133,-1.2689903449608222,0.7245772385582789,4.9555970896631285
2016-01-13,-1.3558670809028561,-1.286113752125705,-1.2953838204218264,-0.26357387029316787,0.11410427968252139,2.1818125235734835,-0.15239889020014868,0.2320752928943275,-0.35404632659062285,-1.1584759507011415,-1.4941683343117278,-1.6415599963036582,-1.6294155772925845,-1.3486155490718312,-0.11840219824803401,-0.13685339602052432,-0.0681558431518003,-1.570954745048824,-1.6301763554404356,-2.366700355715128,1.2580346193603342,-0.09436711101223946,-1.2508176293719133,-1.2689903449608222,-0.1485363181661135,4.864710927030177
2016-01-14,-1.300415644129254,-1.319418437329582,-1.3627986442266466,0.24493089810175545,0.19718972278846075,2.584746501452271,-0.17220589357696603,0.298186152985725,-0.3197896784906539,-1.169361599933867,-2.4076249450596303,-1.6415599963036582,-1.6298079937115846,-1.3165793940261719,-0.23612348168762848,-0.13685339602052432,-0.17545772670577534,-1.619010540088591,-1.572129025755106,-2.3127343107138563,1.2345650629406353,0.6277074280064765,-1.2926104560414076,-1.312943431526992,0.3862674558416021,1.719797766529433
2016-01-15,-1.3056468347613013,-1.278828404275927,-1.285376819359667,0.2570667768476435,0.0867653881955759,4.310300119120771,-0.2681962767298524,1.300825951881297,0.1225964134797594,-1.1221904532587197,1.557939568478339,-1.6168356426548385,-1.650998480337591,-1.3051018739113884,-0.2180786134231651,-0.28211587973926244,-0.11107659657339032,-1.638696046490423,-1.620341093600064,-2.357616962002043,1.2598874790776788,1.1155260559709923,-1.2960931915971987,-1.316606080165525,-0.27358578928017946,4.40512260934362
2016-01-19,-1.2329325578330719,-1.3053681793749086,-1.3022304858099678,-0.7856074720699067,0.09346569734168857,1.649585409004116,-0.24424514678420825,0.11769103118902277,-0.06032425292964453,-1.1294475527472032,2.4647480233983816,-1.690223803485463,-1.6843538759526009,-1.268272908268347,-0.3113104327895593,-0.23100500583822486,-0.25593413937125603,-1.6508547416209667,-1.6774241819284943,-2.25182214110846,1.27656321653378,-0.29322721133022805,-1.350075592711962,-1.3733789953538924,1.0433864715507897,2.474130337446088
2016-01-20,-1.2266553278618466,-1.2163818593258027,-1.2342889306148324,0.2700804078298694,0.02887376273260501,3.524034101645163,-0.42949899547856357,0.7103187600460596,0.6028451165080332,-1.1457760265962933,1.9319285526855654,-1.7314310595668296,-1.7557736642106225,-1.2213538150518697,-0.26920574017247806,-0.4139281334840425,-0.23179121557161192,-1.666294354485149,-1.649846879121178,-2.33570995363519,1.2543288999256448,0.323303455675057,-1.3169896049319458,-1.3385827165131654,0.6608882195656262,3.8343924459425387
2016-01-21,-1.2522883136649248,-1.2512480138800361,-1.2564097002967958,-0.6259710544785551,0.05674726606070597,1.660435455487169,-0.3248200672367365,0.12742055399492655,0.2333978207313338,-1.1611973630093229,2.1598998598008947,-1.7286839091614052,-1.6882780401426023,-1.260831439182938,-0.23397528308471618,-0.30632629369238507,-0.3927440409025745,-1.6809619867061218,-1.6681674649022622,-2.2288464981871265,1.2784160762511247,2.555813772837201,-1.311765501598259,-1.3330886504908108,-0.38473093722482776,4.072172418238922
2016-01-22,-1.1957907852397152,-1.2502070343131324,-1.243769147618805,-0.8625252821715966,0.15939899632400642,1.0968222461906647,-0.23565597023385076,0.1362769144977364,-0.5579471411186682,-1.2310469455859834,2.323323617605733,-1.6706013005895741,-1.6062630085715774,-1.2351016138706763,-0.42559459846449404,-0.22831495984343372,-0.28812470443744853,-1.6356081239175866,-1.6807026025419511,-2.21816015264232,1.2796513160626883,-0.14778260721415873,-1.3013172949308855,-1.3221003323169904,-0.3664058506126181,2.606846951500064
2016-01-25,-1.1115677738336358,-1.220024975578542,-1.1995283456050898,-0.3598976374460657,0.08220927125884642,0.3177560608846061,-0.2525253543700255,-0.1456297719297322,1.2053687452902633,-1.1838757989108362,1.1430946448199029,-1.5834773877318273,-1.5905663518115727,-1.2285430309479428,-0.46383253359633314,-0.36550730557779726,-0.2237435743050635,-1.5292677903155323,-1.6301763554404356,-2.307925455218693,1.3241199492789606,-0.7752537975379092,-1.2708433588177126,-1.290051226084274,0.21966791907447303,2.1863320782090545
2016-01-27,-1.1717271200075503,-1.12427379746311,-1.1442268690770954,-0.08245160448189497,0.09534255519066973,1.4532642368120776,-0.2532877167518908,0.042723810594815406,-0.48550006714648486,-1.1439617517241725,0.5020915474537356,-1.6415599963036582,-1.5854649383645711,-1.1418940604110612,-0.5145300206250636,-0.37357744356217065,-0.41152187052451983,-1.4412619969896938,-1.4660624764961985,-2.191978606057545,1.2611227188892409,0.08582974364483761,-1.1994472799239935,-1.2149645093159103,0.5048870159655376,3.13409483599503
2016-01-28,-1.150279233184913,-1.1799550159997734,-1.1531803546907529,-0.5326240123010638,0.1216091230543196,0.593412937199843,-0.259294106379243,-0.059935128754656564,-0.8356062888763117,-1.102233429665386,-0.24697430100527598,-1.578767987036814,-1.5093361530785483,-1.20041680033699,-0.3620079198182897,-0.43006840945279107,-0.3927440409025745,-1.4918267291198903,-1.4406065046740606,-2.3009793306145694,1.2456822212447018,0.3735011509009571,-1.2290505321482184,-1.246098139518104,0.22629267585218313,2.8204496358941533
2016-01-29,-1.0927352469210896,-1.1726696681499955,-1.1647673392523687,-0.11578710789237683,0.24516546178687934,1.963382713618721,-0.16596898426496293,1.035509349212613,-0.825116214816991,-1.1947614481435613,-2.247223076267455,-1.5195080282912299,-1.5262100590955534,-1.1983987748223028,-0.6069025605502929,-0.5887811231454855,-0.41688696470221853,-1.4808260049541606,-1.4915184483183364,-2.231518084573328,1.205536927368902,1.6129980868635658,-1.1985765960350454,-1.214048847156277,0.07514025758891424,1.694984703300144
2016-02-01,-1.0906431159303052,-1.1128252078471361,-1.097879299505736,0.3370376382061607,0.2432881489006885,0.4345690778835163,-0.07978313798134934,-0.25539874717582617,-0.5845001410813235,-1.1484974389044746,1.4057572378006085,-1.5144061775382986,-1.5348432203135558,-1.18565998876084,-0.6017468839033033,-0.516149881286117,-0.5617445075000849,-1.478317067863731,-1.4743549521655313,-2.1903756542258233,1.3315313881483397,-0.058327740080824045,-1.1602665049213425,-1.1737584092286402,0.13023689676862568,1.7948133132894368
2016-02-02,-1.029960488524655,-1.1112641548053452,-1.1073595691775808,-0.3910769234064133,0.1497508139375909,1.3892766779125887,-0.15847930467181812,-0.10870748025604604,-1.0899905848148377,-1.1203761783865969,1.5873123296814275,-1.6097715416123186,-1.6376563220915867,-1.1746869750247282,-0.6528740106526163,-0.7797743887756772,-0.5349190366115911,-1.5400755193204596,-1.479176158950027,-2.308994089773174,1.2493879406793915,-0.5860471001479783,-1.1907404410345153,-1.2058077015904674,0.4868110764259709,1.53026541717889
2016-02-03,-0.9609080816575597,-1.038410051844722,-1.078392028771732,1.3509177974577595,0.18030488458541657,1.850993887759069,-0.2194451555053861,0.086631400693253,-0.1285097343152288,-0.9525557527153962,2.1879429898384113,-1.6745258011687518,-1.5909587682305728,-1.1560202390138716,-0.1712478838796768,-0.696382962937143,-0.7843959158745827,-1.4445429147233326,-1.541466150605713,-2.04931589303438,1.2253007643539116,2.0467576584309586,-1.0993186326949969,-1.1096601036986515,2.430493633330737,3.1826157829132233
2016-02-04,-0.8693613301292133,-0.9801271129307886,-0.9720031375097531,0.8561517597185585,0.1883456764701713,0.4398349944831438,-0.09350530245092513,-0.04284609510838966,0.4133681538115538,-0.8582134593650997,1.309782042758418,-1.5571832338513363,-1.5564261233585626,-1.0691190152876542,-0.5261302930807901,-0.7959146647444257,-0.6958718619425537,-1.3380095859604757,-1.4446563183730374,-2.0487815757571393,1.0208685755402152,1.2674062620391,-1.0296639215791732,-1.036404897378665,2.3567429056351976,1.5060940711020825
2016-02-05,-0.7903694570427527,-0.8942634193509701,-0.9899100034013237,1.1585946498480018,0.09051782410138655,1.352803276622537,-0.14967610325993067,0.050956483738272454,-0.1262150306147524,-0.9026631937320676,0.9790665092125318,-1.5991753900485384,-1.601554011543576,-1.0710109142076734,-0.30013980005441526,-0.8039848027288004,-0.7897610100522815,-1.3192890553626546,-1.3401325552851684,-2.2277778636326455,0.9418132276001754,0.8754781031599574,-0.9513024586422603,-0.953992697204124,2.721526161916803,0.9604502949026437
2016-02-08,-0.803447564403945,-0.7631259611678479,-0.789245568154192,3.7467997712528955,0.0227089470622384,1.573261439637897,-0.28408162355107053,0.38612607065447074,0.9803238752363999,-0.8672848337257062,-0.048617506214048284,-1.626254444044865,-1.6443274012145888,-1.0103440221723894,-0.022592540558145066,-1.0595391722339857,-0.7763482746080349,-1.258881570031542,-1.331454383073076,-2.019928442786163,1.0041928380841123,0.1823637729254146,-0.914733735306453,-0.9155337697248648,2.350185226915507,1.1654848669460063
2016-02-09,-0.7574127834298362,-0.7724929559200088,-0.7808184979236165,1.5952000611446449,0.022976708020024588,1.2643276657930844,-0.2521298905737587,-0.08962264705985015,0.38517607977712953,-0.7811067772999537,1.090272024878546,-1.6560806484466162,-1.6729737998015977,-0.8994787454592614,-0.41270540684702023,-1.1052699541454405,-1.0660633602037668,-1.238424082986501,-1.2591362813056393,-2.0327520574399296,0.9591065849620591,0.7918152777834574,-0.9774228882423053,-0.981463213445009,1.8024289993235991,2.23565517156785
2016-02-10,-0.5167756602963267,-0.7813397731201421,-0.8108391851028626,0.8788206653005003,0.018688352041082906,0.6840585573259065,-0.24438514680142095,-0.15760456922930607,0.3389541909532479,-0.783828189608135,1.4192953005773405,-1.7278990090455695,-1.7283045148806142,-0.9576231056011864,-0.3199032272012085,-1.2612926218433438,-1.0902062840034115,-1.2280023443031778,-1.2406228472531755,-1.9483299276359598,0.8781983773046748,0.4417185315925648,-0.9434663036417301,-0.9457514585737598,1.1571540521446666,2.703496684854379
2016-02-11,-0.5533942039703768,-0.4524560587704189,-0.5585603930599428,7.7153466105804265,-0.04590272937323476,2.1384944571983806,-0.40789168349999005,0.4633385657423482,1.1734068008907708,-0.7529855167820759,1.5957736189168852,-1.7651817645477585,-1.7938380568536338,-0.8931724157258639,0.273429226923171,-1.285503035796467,-1.2377463738901269,-1.1535062122334991,-1.227316316527967,-1.9515358312994011,0.8355826038057472,1.309881234922554,-0.8363720111643734,-0.8331213834212139,3.9769495132252572,4.5934665935969745
2016-02-12,-0.7411960349268162,-0.5617369530185019,-0.5527669271130707,1.5791333789055917,0.05513944896166186,0.26151853518729784,-0.33019202411188797,-0.02962392309011016,-0.5051689560077111,-0.8110423126899525,2.1625591221320386,-1.7702836153006893,-1.711823025282609,-0.7878567091781257,-0.6124878769178649,-1.0649192642235692,-1.2860322214894158,-1.147716357409431,-1.1542268216750105,-1.9242856501601455,0.8368178436173093,-0.07441674496092021,-0.7954499554522158,-0.7900838659501217,1.5892932612573096,2.9247940332527618
2016-02-16,-0.7040538961464536,-0.6881906796519761,-0.7181439932922719,1.1250874123043233,0.139565403246068,0.10997305150905128,-0.19804825139166504,0.08862720024318198,0.32174391319967494,-0.9162702552729743,2.21103022189516,-1.700427504991325,-1.6384411549295872,-0.9132265442780679,-0.4019644138324587,-0.9761477463954522,-0.9936345888048347,-1.2339851942880486,-1.2300161923272848,-2.1107623799170163,0.952930385904244,-0.734709505240067,-0.9373715164190956,-0.9393416373272163,3.5600529942491774,1.7983902922319734
2016-02-17,-0.5570560740315103,-0.700679832526289,-0.7102437597877558,0.3581418550189786,0.22265175642642507,0.433499470652169,-0.11335334102581932,-0.1352765617644756,0.00851685808464727,-0.9307844542499435,1.6964629608188306,-1.6988577047596543,-1.641188069862588,-0.8935507955098677,-0.6081914797120402,-0.8766160445881688,-0.9775393062717378,-1.2011760169516617,-1.2344517025690207,-2.044507037539217,0.9961637793089524,-0.9361438463388709,-0.884259712124891,-0.8834843842984824,1.108615091684646,2.471206959307005
2016-02-18,-0.5941978466248676,-0.5690223529068502,-0.689176505554295,0.9313713100586383,0.20147722557263653,-0.2576700467020567,-0.04231139844025077,-0.3738993454528594,0.4574592463421359,-0.9498343404072148,1.311836927287029,-1.6050621409173054,-1.61489616978958,-0.8891363646964895,-0.6550222092555286,-1.0783694941975261,-0.886332705250859,-1.1861223944090837,-1.2008961033489298,-2.162591155809327,0.9776351821355049,-0.9805494998079364,-0.7902258521185291,-0.7845898929923225,1.9902571443571995,2.181049795352053
2016-02-19,-0.703531033414153,-0.6018064962887058,-0.5938478147957456,1.2377259221108914,0.19906530084529103,-0.0020729251996697766,-0.0886277783107617,-0.007295915625279682,-0.09212228992196027,-0.9253416296335808,0.8644764778523345,-1.617620542770674,-1.6462894833095894,-0.8470100820773941,-0.5123818220221513,-1.0729894022079434,-1.079476095648014,-1.2160366443334365,-1.187975269166481,-2.223503325414723,0.9671356437372192,-0.6928780925518169,-0.8355015014122031,-0.8322058143261357,1.114147434374614,1.7159534054400294
2016-02-22,-0.6130303735374139,-0.6944350999734199,-0.6828562028813635,0.3763456731378107,0.273574458590728,-0.2310366213426152,-0.03131162131103256,-0.4077032003297815,-0.4074801413302875,-1.0205910604199377,0.21464946456918996,-1.6768805015162584,-1.6196051668175815,-0.9617852832252287,-0.37317855255343374,-1.0407088502704467,-1.0580157189372186,-1.2556006522979033,-1.2180595995017351,-2.2154885662561186,0.9665180238314381,-0.8454018588151285,-0.8224410689412087,-0.8184703235443054,0.19952214231602675,2.096794709961411
2016-02-23,-0.5926285260539538,-0.6304278662514997,-0.6243952333653062,0.06256833021739647,0.20764204124300314,-0.0705955366405145,-0.036914901190143415,-0.4584713513811,-0.5513908448315927,-1.0287552973444818,1.6016965213817054,-1.532851330260434,-1.5595654547105635,-0.8945598082672114,-0.5519086763157378,-1.1456206440673125,-1.033872795137575,-1.1977021040572202,-1.2562435572349417,-2.217091518087839,1.0412500324310057,-0.9406487677052978,-0.7884844843406332,-0.7827584756085008,0.928823536840399,2.5991819966232
2016-02-24,-0.5764118298633631,-0.5034535977960038,-0.5806808467346729,1.761858496626699,0.23122804178692832,0.7373972626572599,-0.13482467370330492,-0.5152269010822054,-0.22160914159169962,-1.0351052593969068,1.5523792926950382,-1.614088492249414,-1.6043009264765768,-0.8866138328031304,-0.20991545873209833,-1.0487789882548213,-1.130444490336152,-1.2264583830167597,-1.1987747723637519,-2.3415874436848334,1.0573081499813273,-0.049317897347970194,-0.7719414033822364,-0.765360243123582,1.5026156335234904,1.7532264767133365
2016-02-25,-0.6187847407763385,-0.552890083779798,-0.5706737930046406,0.7167227251333318,0.2939440001816229,-0.1515428370719813,-0.014302237157645102,-0.5089900274886774,-0.5825332521952009,-1.0260338850363004,-0.06046331114368894,-1.5783755369788965,-1.5615275368055639,-0.9027580369206281,-0.44235054756721004,-1.1510007360568952,-1.047285530581822,-1.266408381302831,-1.2284734061562457,-2.396622123240586,1.0647195888507064,-0.8318870947158478,-0.7475624286284759,-0.7397209581374087,0.3182822469424788,1.2132333765510275
2016-02-26,-0.5387468283506999,-0.6148161389464706,-0.6591558183750496,0.7250232082378307,0.2818825848358856,0.30671098045341866,0.053872893634781045,-0.4546044897531126,-0.6684207335558887,-1.1067691168456901,-1.0776311528062004,-1.5403078813608717,-1.5097285694975482,-0.9929385521082124,-0.2765096154223799,-1.0164984363173235,-1.1223968490696041,-1.313692195699389,-1.2678144535177316,-2.408377103339873,1.0400147926194436,-0.13040648194365487,-0.8085101267180439,-0.8038191706028416,2.3357538618616522,2.3836244516442364
2016-02-29,-0.5842587465925081,-0.5638185478823151,-0.571200577062828,0.5365736194101726,0.24087665077072717,0.22632414599922218,0.0071115654986427,-0.10858274278417548,-0.8931377887953984,-1.1621045004453834,-2.240212293758076,-1.5571832338513363,-1.541906715855558,-1.0225783018551806,-0.7130235715341608,-1.0864396321819,-1.033872795137575,-1.2407400249161284,-1.3173764592623485,-2.2673173421484294,1.143774936790746,-0.5667402942918629,-0.7484331125174235,-0.7406365272324867,1.149305919356415,1.8966918530713797
2016-03-01,-0.5366542788604795,-0.5424825257692982,-0.5812076307928603,1.0368542309820177,0.3628247173670339,0.5523716355455923,0.021641152383872337,-0.3726519707341538,-0.2261985489926524,-1.167547325061746,0.7335682458237546,-1.5108741270170385,-1.5112982351735487,-1.0638216983116002,-1.2088278090863216,-0.8470255386454633,-1.0875237369145618,-1.227423358820771,-1.2392729093535166,-2.0354236438261313,1.1468630363196528,-0.6047103458088898,-0.8189584204538063,-0.8148076749057723,2.4157684024988932,1.718496506748012
2016-03-02,-0.4294136415614145,-0.5497679256576465,-0.5427598733830393,0.03768596247425488,0.38667936050333834,-0.2561918946740911,0.11253998241547926,-0.37988674410264633,-0.515167307845501,-1.1666401876256856,0.7566554778805031,-1.5120514771907918,-1.495993994832544,-1.051587418628809,-1.2758516054971856,-0.8255051706871318,-0.8756025168954615,-1.2278093491423758,-1.2282805578848661,-2.057330652192985,1.1623035339641918,-0.9155499200923478,-0.777165680852701,-0.7708547744687132,1.133916296330857,1.8315397366180377
2016-03-03,-0.4393531077807792,-0.428517952010137,-0.5037857532580087,1.8946662262986815,0.4075839405327713,-0.4259494431302306,0.13495471680970586,-0.5465360065217163,0.4638516352220345,-1.0859049558162979,0.49459726270233034,-1.4786932222677807,-1.4897153321285423,-1.0445243293274038,-1.2814369218647577,-0.8255051706871318,-0.8273166692961728,-1.1894033121427225,-1.2282805578848661,-1.7698679570376934,1.1505687557543423,-0.419365009590182,-0.7101229343353317,-0.7003460893048495,1.5719871222883448,0.919701255720061
2016-03-04,-0.4079657547387765,-0.372836681434904,-0.4295238953899417,1.441726990778013,0.425005608883365,0.29562278725474883,0.16713254503609654,-0.3494508009662294,3.1634066314253344,-1.0432694963214508,0.9696382154930219,-1.4814403726732053,-1.4496888573905302,-0.9414789014836887,-1.2887407971146594,-0.7152132849006833,-0.8246341222073237,-1.059324573761988,-1.1897109036088998,-1.5475919697057219,1.0776896068721178,0.323303455675057,-0.7197005441821465,-0.7104189314481472,3.0048542964103726,1.7998044466976273
2016-03-07,-0.43726055829055954,-0.4139472042720116,-0.4195168416599095,0.12462159701240906,0.42929265663033195,-0.30127553152704223,0.1842867614813014,-0.43202700734454097,0.955901671567044,-1.0341981219608463,1.527116300549172,-1.421787963869703,-1.3810159840655094,-0.8343974226105992,-0.8096925086652147,-0.6398919970465231,-0.7066020502979511,-0.9908112916771799,-1.046038941430925,-1.391571324751549,1.0393971727136608,-0.9168370404827555,-0.6596232687763597,-0.6472361950132366,2.0886894032105814,2.8766652468166405
2016-03-08,-0.48957298773532887,-0.39833589327554647,-0.416356927328869,0.5391496314081206,0.37059732169661913,0.18643046515557252,0.1764716181004969,-0.33111439260125686,0.6539842275472213,-1.0369195342690276,1.6521016301129314,-1.3519318535603386,-1.3684586586575056,-0.8396947395866531,-0.3658746773035319,-0.8362653546662976,-0.6288081847213195,-1.0473588737922468,-0.9914628806304329,-1.5064495393582171,1.0066633177072382,-0.8055011267124901,-0.7449502898932434,-0.7369740647230641,2.9803324749144804,1.6053106730663238
2016-03-09,-0.3891332278262302,-0.4758732594386834,-0.5022058224264241,-0.006220730912991114,0.3968634629628849,-0.412502365653599,0.18735955258413808,-0.22745755347682042,-0.00836560485457191,-1.047805183501753,1.4253390786026676,-1.4155087629430185,-1.3653193273055049,-0.8997309986485973,-0.4324688339938135,-0.7071431469163086,-0.8407294047404199,-1.061254525370011,-1.0485459689588628,-1.5139299812395821,1.0301328741269389,-0.05124857793358173,-0.7371141348927133,-0.7287326399635884,1.1224235890568932,1.5033964823314654
2016-03-10,-0.4984659961160804,-0.4045802615584206,-0.4189904789446997,1.7907479941444262,0.40115096574706066,0.7947988330765912,0.13541978101471933,-0.21648065595221103,1.4607364856718505,-0.8863347198829775,0.8728168915272856,-1.344082852401983,-1.3664965765625052,-0.9286139888275579,-0.1330099487478377,-0.5538105252131972,-0.7146496915644995,-1.055078680224338,-1.0616596514126913,-1.430576485990092,1.0344562134674093,1.5557212294904235,-0.6613647236226439,-0.6490677054616137,1.3298257502591568,0.8429269286162185
2016-03-11,-0.5790271897734548,-0.4238346888076242,-0.47481826552003176,0.40201038526551425,0.4874533512830646,0.47363540418929073,0.21498169934175992,-0.14350923490793266,1.4486073375407609,-0.9081060183484303,0.7382823926835095,-1.351146953444503,-1.344913673517499,-0.8336406630425914,-0.5824130964770925,-0.43544850144237396,-0.5644270545889345,-1.1218550058619257,-1.0543314171002578,-1.3664584127212538,0.8961093545723394,-0.7630261538290362,-0.696191992112167,-0.685695308621607,1.3954728097073237,0.5621340816271094
2016-03-14,-0.5743192803731434,-0.4800363971277393,-0.5727805605622848,1.0553442726561773,0.4804857362163738,-0.8475142955281675,0.2751976619004572,-0.48117357126154214,0.5043367647947251,-0.9507414778432752,0.593956973438704,-1.3432979522861477,-1.3543316675735015,-0.8494064873760853,-0.32162178608353836,-0.4865593753434109,-0.43834734141301357,-1.1343996913140735,-1.113535836413866,-1.44286578336662,0.9109322323110974,-1.766336498151833,-0.7710707194932888,-0.7644444878993933,2.514772421942059,1.1071599079760104
2016-03-15,-0.4367377478706882,-0.5981637963445312,-0.5801540100086133,0.23590531532376005,0.471640381666108,-0.4460091979430806,0.25838540406603294,-0.5250811613599797,-0.023772901129199123,-0.9480200655350939,0.10622408679482599,-1.3739090568037344,-1.4069154677195175,-0.8998571252432652,-0.5287081314042849,-0.4677290533798712,-0.4812680948346036,-1.1423124929069672,-1.1362919324366862,-1.4653071090107126,0.9547832456215887,-1.0461926397187287,-0.7353726800464291,-0.7269013156443219,0.928842701999833,0.9974975768074852
2016-03-16,-0.46080141310285244,-0.4566188321894798,-0.5812076307928603,1.6464531591186313,0.5029981333448509,0.29581987419181094,0.29287486805214696,-0.20226058415896703,0.7479031718595766,-0.8427921229520701,0.5838034263561549,-1.3990258605104722,-1.359040664601503,-0.9033886698939678,-0.8161371044739517,-0.6156815830933998,-0.46249026521265824,-1.067623365676486,-1.141113139221182,-1.39263995930603,0.9560184854331506,0.14181948062757227,-0.619571722816372,-0.6051144327663334,3.927254254812714,1.1662810715611225
2016-03-17,-0.47806420094504964,-0.4347627366015758,-0.439530896452101,0.23065788347608834,0.5375741356856355,0.3979622323131624,0.3314259886110737,-0.21124168213364744,1.0752262639918164,-0.7575212039623801,0.4068416057745842,-1.3260301497377656,-1.2911526241144824,-0.8535686650001276,-0.023881459719892452,-0.6560322730152717,-0.6288081847213195,-1.0340422076968896,-1.0682164926396058,-1.1757071447464615,0.8466997621098157,0.1160770728194184,-0.6570112171095162,-0.6444891154697816,2.788342296090448,1.3302160367182319
2016-03-18,-0.5220068509283741,-0.4784753440859485,-0.46691803201551574,1.5762138986412508,0.5591153412105602,0.4820095460255015,0.40716039528580444,2.323922696163641,3.235853705397518,-0.801970938329346,0.8591579531900468,-1.2059404320149254,-1.2028589298394559,-0.8123252685437079,-0.359430081494795,-0.7125232389058915,-0.6475860143432649,-1.087887857560725,-1.035817983047794,-1.2585263227187107,0.7262638804824105,-0.537136525312486,-0.6413388200400669,-0.6280067312736067,0.7087436226724982,1.2024014286901572
2016-03-21,-0.5036975529351344,-0.5310339881918947,-0.5079989196981904,-0.27952606311008993,0.5669269934206596,-0.8615834286499012,0.43591060421130806,-0.6301101126749924,-0.18882766015632255,-0.8282779239751009,0.2239568827281933,-1.310332147421054,-1.295861621142484,-0.8238027886584914,-0.5055075864928319,-0.6049213991142341,-0.6690463910540598,-1.0622195011740223,-1.0981079747034797,-1.1206724651907078,0.7633210748293038,-1.045549079523525,-0.644821642664247,-0.6316693799121399,-0.1297864038531153,0.9692263711453784
2016-03-22,-0.6449409554987231,-0.487841870490974,-0.4958855197534926,-0.36611822938185107,0.5639635067161167,-0.3576731903607135,0.4314369890191098,-0.49239994372989265,0.5303980425358499,-0.8500492224405557,0.6362634196159921,-1.20868758242035,-1.2311129120074644,-0.7898747346928129,-0.48918127711069836,-0.5322901572548656,-0.5993001667439761,-0.9998820642348865,-1.0637809823978697,-1.0923536494969714,0.8059368483282312,-0.5397107660933014,-0.6439509587752994,-0.6307538108170617,-0.05953651194753272,0.5706546593739487
2016-03-23,-0.6595883834308293,-0.6460391772479648,-0.6433552986981453,1.3907028716482888,0.527595283447262,-0.6947616543604156,0.4091292691154416,-0.6322306496967919,0.07883313576353104,-0.8799847578305524,0.3062731394331452,-1.2259553849687321,-1.2538730643094713,-0.9182716080647859,-0.1721071633208417,-0.7071431469163086,-0.5134586599007961,-1.1332417203492602,-1.0011052941994243,-1.332796424255114,0.8300240246537129,-0.9181241608731632,-0.7789068744938189,-0.7726857265297583,3.5935441103602144,1.27813593633396
2016-03-24,-0.645464236730459,-0.6554061720001255,-0.6359818492518168,-0.46265189380865573,0.5251707598771872,-0.6268405686753958,0.37318185885779864,-0.6339769743029798,0.13079178383860365,-0.8890561321911589,-0.14858159475295463,-1.280505943019303,-1.3127355271594892,-0.9329022930462681,-1.0068971404125646,-0.6506521810256888,-0.6931893148537046,-1.1851574186050724,-1.134363449722888,-1.444468735198341,0.8862274360798347,-1.0050047872256824,-0.7414676414058413,-0.7333112299554205,0.6552792162379217,1.8950222001098302
2016-03-28,-0.5324691798800394,-0.6569672250419164,-0.637562201426379,-0.920953050599127,0.5284037423688759,-1.0775270690131828,0.41191401463201416,-0.8041188859344254,-0.21554456752615486,-0.869099108597827,-1.655537207587955,-1.2887473942355765,-1.299785785332485,-0.9542176875451517,-0.7611432202393966,-0.696382962937143,-0.6127129021882233,-1.183613457318654,-1.2035959791482478,-1.5048465875264965,0.9078441327821889,-1.1671819564170518,-0.7449502898932434,-0.7369740647230641,-0.28529250750115703,0.5089012670985649
2016-03-29,-0.6193080220080743,-0.5580942530743281,-0.6096479131296714,1.0269318143973294,0.5790504644658003,-0.5024766584002947,0.38770742090731664,-0.6082810550976442,0.4048449686383558,-0.7829210521720746,-0.7982877324755926,-1.2993435457993563,-1.3272549346624933,-0.9808303990200891,-0.4629732541551682,-0.908896596525666,-0.6958718619425537,-1.1023624946208959,-1.1829612141106056,-1.4385912451486966,0.8676988389063872,0.08261194266881838,-0.6474336072627015,-0.6344164594555949,2.2115029390573393,0.9343062627645037
2016-03-30,-0.5910592577954693,-0.5898378331978447,-0.6038543945149273,0.39376714687208086,0.6032965249214907,-0.5856904586079754,0.4775514144156389,-0.6934767483852375,-0.028526215937328795,-0.7402855926772296,-1.3592712087864323,-1.330347100374861,-1.3123431107404888,-0.9789385001000699,-0.5136707411838987,-0.8443354926506715,-0.8943803465174074,-1.112977228465021,-1.1019649401310763,-1.5117927121306203,0.7738206132275913,-0.12010951882039332,-0.674424894888472,-0.6628029170497782,0.571763839810724,1.0856445578914184
2016-03-31,-0.6282010303888259,-0.5799504007008018,-0.5675138786736001,0.1226371136954714,0.5898264850150348,-0.41695940461570086,0.48470355983357516,-0.40321265134244133,0.46172083892873494,-0.7021858203626868,-2.269705930521671,-1.3370187513594631,-1.342166758584498,-0.9696051320946416,-0.6026061633444683,-1.000358160348575,-0.8756025168954615,-1.0776591140382044,-1.1141143812280057,-1.5369056241609156,0.7324400795402258,-0.5184732796515744,-0.6970627630695035,-0.6866110638457956,0.0644940115232885,0.8323920720296454
2016-04-01,-0.6690046207308874,-0.6533245771363131,-0.6754827534350348,0.32436747549032785,0.6275430119745643,-0.009658719287632183,0.4428068862503305,-0.3746477702840828,-0.7693876963768501,-0.6958358583102617,0.853355926285733,-1.3432979522861477,-1.3610027466965036,-1.0845064598371439,-0.054385879881247226,-0.989597976369409,-0.9614440237386416,-1.1440494493541875,-1.0792088441082563,-1.5700332953498155,0.7040295638742753,-0.031298211882262485,-0.6840023305985091,-0.6728755730639653,0.4520071468937003,1.2824081088583514
2016-04-04,-0.5900127476444268,-0.6663342197940779,-0.648095617871621,-0.2026082530084,0.6094934207151055,-1.0551741255680585,0.5015729439697498,-0.6198816399816064,-0.6092501595650331,-0.6913001711299595,0.8591579531900468,-1.405697511495074,-1.4163334617755203,-1.0678577493409747,-0.7198978070634803,-1.021878528306907,-1.01241241842678,-1.217001620137448,-1.138991808236004,-1.6608672324806695,0.6966181250048963,-1.1111922194343171,-0.7353726800464291,-0.7269013156443219,0.6882369020780437,1.190963414629721
2016-04-05,-0.6276778014695192,-0.6038880911525182,-0.5912142105120419,0.03060669987248684,0.5539963716858805,-0.31270657387664297,0.44756130891584717,-0.24566922436992236,-0.6236740113965991,-0.6985572706184431,0.9776160024864534,-1.4492594679239474,-1.4410556961725276,-1.0350648347273077,-0.5673757062567064,-1.1348604600881467,-1.015094965515629,-1.164506936399229,-1.2180595995017351,-1.754372755997725,0.7034119439684926,-0.48886951067219747,-0.6831318208463388,-0.6719598178397767,0.9704949818365446,1.4251485825071097
2016-04-06,-0.5403160966091844,-0.631988971331861,-0.6380886168094608,-0.24615239655889776,0.614072545470725,-0.513332863850131,0.43230998700779716,-0.44300390486915037,-0.4069884191087568,-0.6849502090775363,1.3030130113700518,-1.4076597617846631,-1.3880794796075115,-1.0425063038127167,-0.4874627182283685,-1.032638712286072,-1.100936472358809,-1.1853504137658748,-1.1634835387012428,-1.8152849256031203,0.7058824235916201,0.2332050283465185,-0.6813903660000545,-0.6701284935205103,-0.2964626012579807,1.597734845571749
2016-04-07,-0.5497323862216719,-0.5560127102490854,-0.7044502411730117,0.6096560338704734,0.5475299801051189,-0.021247841784668122,0.4082892607729932,-0.5588850162369019,0.21766270964235285,-0.7049072326708682,1.1259303152279747,-1.3593884046607765,-1.372382822847507,-1.0112269083350651,-0.31818466831887865,-1.2236319779162643,-1.0311902480487254,-1.1479093525702329,-1.187011027809582,-1.8136819737713996,0.6836481069834831,-0.1600102509230318,-0.6265371939279545,-0.6124399161725097,1.2022273129403596,0.5657585951735333
2016-04-08,-0.46603255142247046,-0.5601758479381406,-0.5474998238814086,0.07125044472899877,0.5623483237022489,-0.40758751016061334,0.4263864752154933,-0.6852440752417804,2.125217114366943,-0.6831359342054155,1.506688330823567,-1.3699845562245565,-1.313127943578489,-0.9923079191348726,-0.6614668050642655,-1.1429305980725206,-1.18409543211314,-1.106801383319348,-1.1495984631618947,-1.8078044837217566,0.699706224533803,-0.6098588273705207,-0.5690720572574,-0.5520044454101649,0.8119831423505929,1.6918236521416232
2016-04-11,-0.4649860935838573,-0.4805565226411962,-0.4716583511889905,0.21762517092350728,0.5494163937354933,-0.6392283038653187,0.43781430206777144,-0.3470807890006887,1.41549804129103,-0.6767859721529903,0.7778087009691472,-1.28286064336681,-1.2766332166114782,-0.9210463931474808,-0.3164661094365488,-1.1294803680985637,-1.100936472358809,-1.0269013867472052,-1.104471967659014,-1.734603016739833,0.6459732927308088,-0.5165425990659629,-0.45936588724997746,-0.4366272907141644,2.483811106876319,0.6170187236407455
2016-04-12,-0.5319463171477388,-0.4779548543024966,-0.46481126445787163,0.1721919519078477,0.6006029606014788,-0.09714478945391906,0.4368544055279102,-0.6723961156391127,0.8591963013326817,-0.6967429957463221,1.7137481659712654,-1.2585287397759075,-1.2181631701804605,-0.8201451174131208,-0.17683320024724877,-0.9842178843798263,-1.1089841136253569,-0.983477475566693,-1.0284897487353606,-1.7490295832253218,0.6249742159342356,-0.3054548550391012,-0.4436937513856948,-0.4201449065179895,0.4745421801949273,2.2211630592076403
2016-04-13,-0.6187847407763385,-0.5258302352059294,-0.5169527213190813,0.02595079670582538,0.6566381195704043,-0.3809848796350878,0.5143396404546219,-0.5390517582094826,0.07555498761999334,-0.7983423885851042,1.6078611749675389,-1.2082951323624322,-1.2114920910574585,-0.7633881498125433,-0.3254885435687805,-1.0111183443277405,-0.9775393062717378,-0.9911972819987841,-0.9862559773031773,-1.7666620533742519,0.6330032747093957,-0.17416857521751644,-0.4985467493210172,-0.47783348386598984,1.0488166000571095,1.4409300709977688
2016-04-14,-0.5764118298633631,-0.5903579587113016,-0.6017480483002616,0.8433861891509498,0.6569071603203414,-1.1182891641732624,0.5735707582594687,-0.6288627379562868,-0.4432119560948484,-0.8037852132014669,0.22722052286186983,-1.2118271828836922,-1.2216949179514618,-0.7583430860258253,-0.772743492695123,-0.9411771484631638,-0.9909520417159849,-1.0209185367623348,-0.9930056668014714,-1.5700332953498155,0.7299695999171001,-0.3543654298745935,-0.5551412021026239,-0.537353199404146,1.5170278334179108,0.773912625597015
2016-04-15,-0.585828067163422,-0.5940006066169056,-0.58910749562227,-0.16551368023794966,0.6507102645267265,-0.803383245537683,0.5661434368425396,-0.2091211451118479,-0.05688219737892994,-0.7901781516605582,0.8412683702350793,-1.2161441335207877,-1.2385688239684667,-0.738793463852293,-0.8707013489879243,-1.0433988962652379,-0.9533963824720937,-1.039253077038551,-1.0215472109656865,-1.4914886555954885,0.7398515184096048,-0.8003526451508592,-0.5029000816973673,-0.48241170159960073,0.7929649158055176,0.9683766901008889
2016-04-18,-0.48957298773532887,-0.5711038957320929,-0.5659338951741435,-0.5547204707723506,0.6900432827321004,-0.8133176589589686,0.558238173394158,-0.5679908516834529,-0.2306240489864283,-0.7620568911426824,2.0282663744092755,-1.3166113483477389,-1.2923298733714828,-0.7400547297989726,-0.7203274467840627,-0.9976681143537837,-1.1170317548919053,-1.0741852011437631,-1.0387107071184916,-1.4941602419816902,0.7126762425552163,-0.9297082443868324,-0.5046415365436518,-0.48424321204797793,-0.24929075550425706,1.1873507847342688
2016-04-19,-0.5214836220090675,-0.49148498674371327,-0.47429148146184436,2.3519942230010393,0.7078242598390055,-0.5456407506058183,0.6143506408626581,-0.5626271403930188,0.5104013388602698,-0.7221428439560187,1.6968255875003504,-1.2522495388492232,-1.2279735806554635,-0.6898563451211285,-0.39766801662663404,-0.9546273784371208,-0.9641265708274912,-0.9361936611701351,-1.0749661821379,-1.3429484525226807,0.6892066861355174,-0.7211947411407861,-0.41060767653728963,-0.38534872074181775,1.8281103129652525,1.116856967169066
2016-04-20,-0.49794318569620905,-0.4920050602186004,-0.5085257037563778,0.2915090113387252,0.7132122701136232,-0.6937803256529607,0.633622580025857,-0.4330249071195055,0.4132042464043769,-0.7774782275557119,0.9874069228874829,-1.2420458373433612,-1.1934409357834532,-0.5599459526131401,-0.053526600440082304,-0.7986047107392175,-0.972174212094039,-0.9093673338186189,-0.9366939715585604,-1.1837219039050664,0.6391794737672108,-0.8460454190103324,-0.44717639987309726,-0.42380746209196724,2.0347714213360653,1.4152138502946165
2016-04-21,-0.5779811504342769,-0.4675468799834314,-0.4869320868077073,1.1272054666137472,0.6827697404617015,-0.5994516433905497,0.6058893980615513,-0.4017158016799946,0.5197440610693523,-0.785642464480256,1.1728300327045111,-1.1148920185780011,-1.1286922266484336,-0.5723063588905991,1.0863075782651883,-0.7448037908433888,-0.8112213867630765,-0.8887168516127752,-0.9106594549222832,-1.0447994118225838,0.6904419259470811,1.00805150337195,-0.4114783604262376,-0.3862642898368952,1.1890927903415438,0.5024722119227768
2016-04-22,-0.560194715173338,-0.5471662052803757,-0.5843675451239008,0.2559791273373988,0.6827697404617015,-0.3211340934249747,0.5836436326146522,-0.010040140006432031,0.39927211679434166,-0.8346278860275261,0.6923496796910253,-1.1364767717634787,-1.1302618923244339,-0.5319458485968551,-0.02130362139639768,-0.6748625949788114,-0.736110068275294,-0.941018540190192,-0.892146020869819,-1.0859418421700873,0.7021767041569306,-0.47599830676812055,-0.4689434970967922,-0.4466999467283511,1.8357316580335343,0.6702871891222058
2016-04-25,-0.535608187208873,-0.5632980580988632,-0.5406531058253953,-0.8273961111477288,0.6730716461814021,-1.0003695861423056,0.5612578630309544,-0.6380933108747083,0.2573283021791591,-0.8055994880735878,-0.0470461239274633,-1.1239183699101098,-1.146743381922439,-0.5439278750903104,-0.2687761004518956,-0.6103014911038169,-0.6744114852317586,-0.920754048305953,-0.9552074056110246,-1.0923536494969714,0.7565272558657076,-0.8814412297465439,-0.4802624747215024,-0.4586038339972492,-0.138225462390584,0.19563040200330276
2016-04-26,-0.5178217519479332,-0.5539311153852722,-0.5227462399338254,0.22922676569945058,0.6814231431605616,-0.8012768788978321,0.5936456954027487,-0.5283243356286144,-0.1694865861094501,-0.775663952683591,-0.1974153211975957,-1.1564917247172857,-1.1173121504974302,-0.5456936474156617,-0.36415611842120205,-0.567260755187154,-0.6314907318101686,-0.9178591208939189,-0.9220375029336934,-1.1041086295962586,0.7176172018014696,-0.4727805057921013,-0.4341161415388804,-0.41007234356835787,0.6254103152599241,0.030114911266933
2016-04-27,-0.40011878569720216,-0.5117799772512559,-0.5237994393750939,-0.13912386843674965,0.693007224473852,-0.7711964851287318,0.5879152892132825,-0.32225803209844706,-0.16194684537931336,-0.7557069290902572,-0.7830574118517689,-1.0893827648133456,-1.0851340041394204,-0.48275647667635463,-0.20347086292336142,-0.777084342780886,-0.5912525254774282,-0.8844709580751254,-0.9195304754057556,-1.0490739500405062,0.6885890662297364,-0.16708941307027414,-0.4123490443151855,-0.38718004506108444,0.3897555148586028,1.1430604175620653
2016-04-28,-0.2766613998951172,-0.4222735837272629,-0.4553310474538997,1.2265822850234722,0.6418206576078673,-0.3629226830489191,0.5369523044871203,-0.4241685466166956,0.07309637651234005,-0.726678531136321,-1.238879150521921,-1.0638735110486899,-1.0651207667704146,-0.45740503114809666,-0.3327924188186824,-0.8550956766298373,-0.7924435571411311,-0.7754286922218391,-0.8859748761856647,-0.8919846705318524,0.6706780889620698,0.0678100581791299,-0.32179783279622576,-0.2919482954580128,1.9179853281313226,0.3715143782126394
2016-04-29,-0.29810970521719043,-0.2916566673661631,-0.31786826957140624,1.9727289306216818,0.6116480219006502,0.5651904984103385,0.4773953191751657,0.021767915320561108,0.857229412446559,-0.633243375222085,-2.248915334114547,-1.037579357168199,-1.0372592010214061,-0.34906228632832764,-0.21120437789384572,-0.8255051706871318,-0.8139039338519262,-0.677387150534282,-0.7772084511274395,-0.856719730233992,0.5928579808335939,0.2666701584971185,-0.18684191707770625,-0.15001600748709498,2.299745721478274,0.9577467643065406
2016-05-02,-0.3127571331492966,-0.29009556228580247,-0.28047371160285384,0.6548793556122261,0.6558296606487904,-1.0820477506320445,0.5275432355336996,-0.6838719630512043,0.36075387610777365,-0.564300930081483,-0.5739426921754593,-1.0399340575157054,-1.064335933932414,-0.3693686680698676,-1.1856272641748686,-0.7259734688798484,-0.8380468576515703,-0.6771941553734799,-0.6856055222220194,-0.8877101323139301,0.5033030944952684,-0.4077809260765128,-0.2251520952597981,-0.19030644541473182,1.2871289692332886,0.17415664469711234
2016-05-03,-0.3519914552328736,-0.29738091013558027,-0.3089144152826433,0.06833096446465778,0.6070680439502639,-0.17392657535102163,0.48518149774544295,-0.4723172107587323,0.9257427086464971,-0.5960507403436026,0.735260503670846,-1.07800171313373,-1.0949444146144234,-0.4132607230143142,-1.2655402522032064,-0.9304169644839975,-0.7683006333414865,-0.7244779697700378,-0.6744203224819897,-1.0576230264763506,0.4569816015616515,0.1714232496069492,-0.2887119320845983,-0.25715183048817514,1.5938130446905112,0.5780700575804029
2016-05-04,-0.35931514304271206,-0.32808351069219316,-0.3615822875269341,0.11866814706159605,0.5760865227240496,-0.4650055044913664,0.4596931689290727,-0.4977636550203268,0.03310296916118006,-0.6051221147042071,0.945825730073234,-1.1215636695626034,-1.1153500684024296,-0.44365723232929016,-1.2908889957175718,-0.9815278383850351,-0.8997454406951062,-0.742812510046254,-0.7259108109404044,-1.1901337112319492,0.49836213524901524,0.11092859125778763,-0.3975474182030728,-0.3716132299599874,1.9316341158416193,0.33297569811082667
2016-05-05,-0.30124834635901737,-0.35410279600772276,-0.3752760396461942,0.026981201505004555,0.5750098762472654,-0.9705458159891718,0.4624988295847522,-0.666034504573714,0.3028945613743332,-0.6795073844611716,0.788324874733216,-1.1121448681725767,-1.0666904324464148,-0.41464811555566167,-1.2814369218647577,-1.075679448202735,-0.9373010999389975,-0.732583766523733,-0.743460003635969,-1.1447167426665221,0.5335664698785637,-0.6767890876717207,-0.3305047587540925,-0.30110510318345557,1.4198764460533724,0.9195348846064546
2016-05-06,-0.43359868822942527,-0.29790139991903214,-0.30470130151033353,0.5078176928849315,0.5952149218870357,-0.5251334442067231,0.4478992426909177,-0.6848698628261688,0.7746200792294089,-0.6795073844611716,0.8228952850380856,-1.093307265392523,-1.0953368310334237,-0.3628100851471342,-0.17468500164433648,-0.9761477463954522,-1.036555342226424,-0.669667344102191,-0.7336247417955977,-1.075255496625281,0.5965637002682834,-0.4695627048160821,-0.24778987637244063,-0.21411449914619382,1.784551099764851,0.45831256491126404
2016-05-09,-0.4163355342002222,-0.42903844179358885,-0.41003704599891516,0.10126575489768107,0.5997940466426552,-0.8318520429985151,0.4841516011969754,-0.6153910909942661,2.234051632732395,-0.6994644080545035,1.801141196217492,-1.076039462844141,-1.073361511569417,-0.4422698397879427,-0.34740016931848605,-1.0514690342496125,-0.948031288294395,-0.8090098502014345,-0.6857983704933991,-1.3221100787103077,0.6113865780070414,-0.9477279298525402,-0.3879698954246471,-0.36154057394580036,2.682825316632938,0.20557107604128189
2016-05-10,-0.3566993646331851,-0.4243551785910761,-0.4368973448362703,0.08071490362516306,0.6687611640181618,-0.8347015916302044,0.5081602611638166,-0.7376338134274163,1.2830608562921069,-0.7094429198511705,1.5428301234150217,-1.1447182229797521,-1.1184893997544305,-0.42852204096913615,-0.6924008649462027,-1.0433988962652379,-1.0446029834929724,-0.7783236196338732,-0.8115354434330498,-1.235550679797376,0.6435028131076813,-0.9895593425407901,-0.31134971319724114,-0.28095988421963713,0.862604716802449,0.10486901770555548
2016-05-11,-0.406919244587734,-0.38376472922885563,-0.368429374258053,-0.21283597471877105,0.6162280282908628,-0.6809142440428767,0.5017298425295301,-0.5929383460575651,2.451228947241768,-0.6595503608678399,2.00856365804671,-1.091737465160852,-1.0568800219714118,-0.39320659446211015,-0.24987195274626725,-1.0945097701662747,-1.0070473242490812,-0.7200390810715851,-0.7802940234695166,-1.0661721029121964,0.6540023515059689,-0.6317398740074515,-0.2547553474840232,-0.2214397964232597,1.2818010549106171,0.6330913615802156
2016-05-12,-0.37814766995525834,-0.37179611817656505,-0.3884430077072669,-0.24012262032666407,0.6178440644994975,-0.5195636852457916,0.46643738056333356,-0.5783440618487095,1.8334619295920875,-0.7049072326708682,1.6714417197939775,-1.03561710687861,-1.0298032890604039,-0.4218373314517348,-0.31259935195130667,-1.0595391722339857,-1.1223968490696041,-0.7906753099252182,-0.7224395420555672,-1.1879964421229887,0.6052103789492244,-0.642036837130713,-0.298289541931413,-0.2672246726314727,1.019870820925186,0.3127200150292542
2016-05-13,-0.3734393420555109,-0.3993764565338855,-0.4063498735988368,-0.19705551603504554,0.5693519435881177,-0.37814764893696495,0.4199270917706765,-0.6022936564478572,0.9944199122536119,-0.7674997157590451,0.2837902851789293,-1.019919104561899,-1.0506013592674102,-0.4748105012122738,-0.34267413239207895,-1.1832812879943924,-1.047285530581822,-0.7767796583474547,-0.7912863749381676,-1.2334134106884156,0.6459732927308088,-0.35887035124102046,-0.27739295445988804,-0.24524775709016663,0.10811072020199218,-0.20519326162729856
2016-05-16,-0.35146822631356706,-0.3416136431334098,-0.368429374258053,-0.3057823039188038,0.6237701847138155,-0.7679650805564848,0.42786936558142546,-0.5798409115111561,0.7488866163026379,-0.7566140665263197,0.9525947614616002,-1.0265907555465013,-0.9940933949313929,-0.3996390507901756,-0.5287081314042849,-1.035328758280864,-1.1814128850242904,-0.7754286922218391,-0.7828010509974548,-1.2483742944511442,0.7027943240627116,-1.0043612270304787,-0.23821226652562624,-0.20404184313200707,0.6374140934521297,0.4771303262252389
2016-05-17,-0.4623707336737663,-0.36503120807166856,-0.3631622710263908,-0.016353044771586344,0.5717773487927855,0.0006349671960061137,0.40239390635232497,-0.3949799781989843,0.4489360611689379,-0.7620568911426824,0.5650677144776416,-0.9614440459321499,-0.9619152485733833,-0.41086431771562315,-0.45609901862584884,-0.9949780683589926,-1.0446029834929724,-0.7677088857897479,-0.7770156028560599,-1.3167669059379046,0.6953828851933326,-1.0880240524069786,-0.20860901430140116,-0.17290830599436838,0.5065831325754528,0.2155414592066907
2016-05-18,-0.47440233088391615,-0.3962542984117333,-0.44743118262448917,0.8922922539712503,0.5733933850014202,0.17654532346855248,0.3810919463416142,-0.6960962352945194,1.2438869859768313,-0.8500492224405557,1.2599813118297245,-0.9339725418779057,-0.9517124216793803,-0.43407161113452597,-0.36415611842120205,-0.7609440668121373,-0.9882694946271353,-0.8615045339396543,-0.7700730650863861,-1.3701986336619363,0.6922947856644258,-0.28807872976859733,-0.3844872469372447,-0.3578779253072676,4.667083710252869,0.6382785752294421
2016-05-19,-0.48277252884479704,-0.4972088652431355,-0.49799228731113593,1.0750936979737782,0.5542654124358175,0.011014879214609072,0.34519361271429844,-0.4914020439549282,0.3125650983977694,-0.8627491465454019,1.045910694172647,-0.9484931940208634,-0.9666242456013848,-0.5545225090424182,0.06977999936708418,-0.7932246187496346,-0.7870784629634324,-0.9167011499291053,-0.8641830215197435,-1.5962148419345903,0.7744382331333722,-0.38911768041560124,-0.34965989137933295,-0.32125032214727434,1.4105462076022195,0.19127504392210806
2016-05-20,-0.5005585456063009,-0.47951590734428745,-0.4774518171358632,0.31940626719798365,0.5890180260934209,-0.20331921782933227,0.38896421602416925,-0.28608416525598424,2.0217915404383286,-0.8436992603881306,0.4835975866962354,-0.93318764176207,-0.9446489261373782,-0.5465765335783374,-0.538160205257099,-0.8012947567340086,-0.7870784629634324,-0.8935417306328322,-0.9179876892347166,-1.5491949215374425,0.7874082511547855,-1.1465880301705287,-0.3418237363788028,-0.31300908351690904,0.8377251456637875,0.03188557526174339
2016-05-23,-0.608845274556973,-0.516983782275791,-0.5069457202569212,-0.02011211413155482,0.5814745329986664,-1.1656105589574393,0.40656740145112863,-0.5879488471827427,-0.27323997485241847,-0.8482349475684348,0.11504800271180321,-0.940644192862508,-0.9729029083053866,-0.5850451449520621,-0.5944430086534015,-0.8255051706871318,-0.8165864809407752,-0.9278948692556374,-0.8933031104980987,-1.6838428754020027,0.7892611108721302,-1.0925289737734056,-0.3653320272436156,-0.33773252021433836,0.06171825759858741,-0.19535359862258045
2016-05-24,-0.6255852519792996,-0.588276363847489,-0.5859475286233574,0.7759519195157792,0.6531356412915689,-0.43843982776654,0.425162665625295,-0.6042894559977862,0.39173237606420497,-0.9189916675811556,-0.048254879532528674,-0.95437994488963,-0.9419020112043773,-0.5962704118775096,-0.49304803459594054,-0.7448037908433888,-0.8165864809407752,-0.9844424513707043,-0.9295585855175066,-1.8152849256031203,0.7855553914374408,-0.9715396570750825,-0.47939179083255445,-0.4576880787730606,2.564662526142181,-0.09450299464970552
2016-05-25,-0.646510276069637,-0.6491617516786817,-0.6349286498105482,0.339995281611212,0.6911208108434777,-0.7857316467370604,0.5116329404984915,-0.695347810463296,1.4476238930976997,-0.9062917434763094,0.26855996455510556,-0.9143500389820168,-0.9230660230923717,-0.6201083382697522,-0.6086211194326228,-0.7259734688798484,-0.7602529920749387,-1.0035489722901298,-0.9841346463179993,-1.895966834466409,0.8312592644652768,-1.120202062167171,-0.4306333189147003,-0.4064095088007143,0.9660838009734695,0.3743783380968629
2016-05-26,-0.6967301560241859,-0.6194998184575481,-0.6312419514213196,-0.5444736674916244,0.6927377286867054,-1.2688738490333313,0.5399470500295118,-0.8230789816587507,0.14046232086203989,-0.870913383469948,0.06875266303779944,-0.8908030355069502,-0.9050148678183663,-0.6310813520058638,-0.3680228759064442,-0.8389554006610888,-0.7575704449860889,-0.9964081513404456,-1.00631219752668,-1.7570443423839264,0.8003782691761988,-0.6536209206443823,-0.43759879002628255,-0.41373499220689064,0.21411002283859282,0.1734971020681729
2016-05-27,-0.6737129486306348,-0.685588595004711,-0.689176505554295,-0.003587474203977664,0.7169837891423956,-1.0405116786462107,0.5485611706742732,-0.7700655561137622,0.44287148710339314,-0.9425772409187313,-1.0321819420557423,-0.9053236876499078,-0.9281674365393732,-0.6608472283475,-0.6545925695349462,-0.7824644347704689,-0.8299992163850224,-1.0699393076061134,-0.9980197218573468,-1.7976524554541902,0.7694972738871207,-0.6632743235724399,-0.49593461058578503,-0.475086218193424,1.8080635561972156,-0.27298354859639834
2016-05-31,-0.6799902309142887,-0.6835070001408978,-0.6781163050508663,-0.09882359184663075,0.7062077685931613,-0.10294858915261182,0.5070764557104156,0.15548648516580285,0.09440433944533513,-0.9271559045057016,-2.258948005636589,-0.8970822364336344,-0.9093314484273676,-0.7147032842707146,-0.6545925695349462,-0.7824644347704689,-0.7575704449860889,-1.0591315786011857,-1.0857656853351703,-1.7105587392640187,0.8250830654074598,-0.708967097431913,-0.46981418098574007,-0.44761551582342923,1.0884757033126777,-0.10889409597665439
2016-06-01,-0.6941147961140942,-0.697037184620685,-0.6939168247277705,-0.05837066269367052,0.7177922480640094,-0.9229780625336673,0.4826719282278603,-0.7034557461348825,-0.15211240094870027,-0.8763562080863107,0.6095499207440473,-0.9249461905457966,-0.9426868440423777,-0.7249195384388186,-0.5471826393893306,-0.8147449867079661,-0.800491198407679,-1.083834959183877,-1.059924016970273,-1.6923919518378474,0.8497878616387224,-0.5937698224904244,-0.45762469360885955,-0.434795966394898,0.2191408771900361,0.4081873251118666
2016-06-02,-0.5261919499088141,-0.7058836375508242,-0.673902769935579,-0.7996324262809565,0.7350333804018545,-1.1133886796027708,0.49864015288412744,-0.7405027752804392,0.32420252430732827,-0.9099202932205511,0.6593506516727407,-0.9233763903141256,-0.9352309320813752,-0.7083969545373171,-0.8423451274294819,-0.9223468264996229,-0.8192690280296249,-1.1513832654646738,-1.0826801129930932,-1.8403978376334156,0.8003782691761988,-0.7205511809455822,-0.45327118709573183,-0.43021737640306584,-0.3300080186540807,0.2121130259013028
2016-06-03,-0.5240994004185937,-0.5539311153852722,-0.5343328558203359,1.1257361856963992,0.7180613172537728,-0.26969850882962687,0.4929258377983341,-0.6568039316552925,1.9336093553771645,-0.7139786070314726,0.1480470307300879,-0.9167047393295233,-0.9364081813383757,-0.6945230291238427,-0.48660343878720363,-1.1832812879943924,-0.8970628936062565,-1.0323052512496693,-1.1515269458756932,-1.694529220946809,0.8207597260669892,0.3767189518769763,-0.23037611152509607,-0.19580060450164177,4.657405304738664,0.028908720693286996
2016-06-06,-0.5293305387382125,-0.5393603676471461,-0.522219455875638,0.22562034890232346,0.7468873556598494,-1.0266375794726113,0.5477702430817396,-0.7865309024006762,0.11866263570751415,-0.7248642562642,0.09897155316443375,-0.9237688403720435,-0.9179646096453702,-0.6212434776217637,-0.6885341074609606,-1.089129678176692,-1.1760477908465916,-0.9983381029484684,-1.0315753210774377,-1.61117572569732,0.6206508765937634,0.10320586891534148,-0.21992781778933346,-0.18481228632782185,1.0420608813566,0.280859946773639
2016-06-07,-0.43726055829055954,-0.5471662052803757,-0.5248525861484911,-0.7828406443684071,0.7557773891760927,-1.106954612303265,0.5944905319002158,-0.7007115217537301,0.23011967258779611,-0.7221428439560187,-0.08161653423233296,-0.8915879356227858,-0.8932423752483626,-0.6687932038115808,-0.5991690455798085,-1.1456206440673125,-1.0982539252699595,-0.9819335142802749,-0.9991768114856261,-1.6549897424310251,0.6249742159342356,-0.5358494049220783,-0.2495310700135585,-0.21594563733634972,0.2580301798750026,-0.025886793938059996
2016-06-08,-0.4022113351874226,-0.45557821689257033,-0.4289971113317543,0.5640892438623276,0.774365972009845,-1.0002792546294856,0.5927147677930024,-0.7941398881847805,1.0645722825253188,-0.6894858962578386,0.5460902514781152,-0.8633315314527056,-0.8500765691583498,-0.6265407945978176,-0.11582435992453924,-1.1779011960048096,-1.1358095845138507,-0.9246139515219985,-0.9837489497752395,-1.5582783152505282,0.6113865780070414,0.4545897354966418,-0.17813507818822816,-0.14085892056798605,1.7204053111390196,0.4644682961146988
2016-06-09,-0.3765783493843445,-0.41915100929654675,-0.4121433922135808,0.6618441287918632,0.7665534381651525,-0.8439236178935676,0.5861113594952627,-0.8137236712684587,0.9159082642158839,-0.7602426162705614,-0.02964004321452193,-0.8229091754871747,-0.8485069034823491,-0.48401774262303415,-0.2494423130256848,-1.237082207890221,-1.1760477908465916,-0.9819335142802749,-0.9249302270043909,-1.5641558053001712,0.5693884244138949,-0.3916919211964166,-0.14330772263031644,-0.10423159660165832,0.5928103790625715,-0.03895881000712998
2016-06-10,-0.32949711057162245,-0.38688735569814303,-0.3789627907032942,0.998824661264164,0.712404664386776,-0.021859632485131664,0.5434567438461387,-0.5536460424183383,0.644477597930962,-0.8192065496144965,-0.06662796472952234,-0.859407030873528,-0.88382438119236,-0.4208283186943912,-0.39208270025906206,-1.3393039556922957,-1.2404289209789765,-1.0108827884006164,-0.9833632532324798,-1.7036126146598947,0.6441204330134641,-0.46505778344965515,-0.17552311358977365,-0.13811221328275197,0.7707461076349529,0.1389216195654828
2016-06-13,-0.3226965993686613,-0.3488989909831876,-0.33419515196351945,0.7420248874242872,0.6687611640181618,0.05865859326043954,0.5100921205115018,-0.4145637612826624,0.6079262461305166,-0.7820139147360142,-0.0817374097928395,-0.9241612904299613,-0.9415095947853773,-0.4119994570676347,-0.43676523119963806,-1.4226953815308294,-1.387969010865692,-1.0143567012950572,-1.0039980182701218,-1.7223137193633058,0.7114410027436543,-1.7013369184362446,-0.17987644596612373,-0.14269061714547368,0.2196359771420829,-0.03086604369527847
2016-06-14,-0.27509213163663265,-0.3369303278923265,-0.31997461578607195,0.5621810868268106,0.6577156476817815,0.2086930770878768,0.45424678349015596,-0.5137300514197587,2.025725318210574,-0.8582134593650997,0.10199344217709719,-0.9371121423412478,-0.9646621635063841,-0.3673506425551804,-0.4500840625376944,-1.4226953815308294,-1.4255246701095832,-1.0809400317718427,-1.015183218010152,-1.8302458093658502,0.6867362065123915,-0.40005820373406664,-0.22950542763614815,-0.194885035406564,0.8575578914848107,-0.16880552235139648
2016-06-15,-0.3430984468521214,-0.29477882548831524,-0.3157615020137622,1.2112025393172052,0.6499026587998802,-0.1184466025680457,0.4679323413168131,-0.5088652900168068,1.1302991528032498,-0.8119494501260129,1.0065052614475158,-0.9618364959900679,-0.963877330668384,-0.3408640576749109,-0.6477183340056267,-1.5249171293329045,-1.420159575931884,-1.072641239857345,-1.0828729612644727,-1.850549865900982,0.753439156336799,-0.3292665822616435,-0.14417840651926406,-0.1051473518258469,1.9234250392173593,0.2773067351330464
2016-06-16,-0.26096793262383383,-0.20110965854526133,-0.3236613668431727,3.421230017852986,0.6666052546006406,0.7111374812826653,0.40295793537647207,-0.5360580588845891,0.8436250976508776,-0.8418849855160097,0.8670148646229717,-0.9787118484805324,-1.0011568904733952,-0.32371084080006973,-0.0023994736907693697,-1.5141569453537387,-1.5355091007524073,-1.066465394711672,-1.0734233959668613,-1.8227653674844853,0.7083529032147459,0.7583501476328574,-0.21644516930193133,-0.18114935849562286,2.5535147917380305,0.7359146516144229
2016-06-17,-0.2996790257881043,-0.28281021443602467,-0.2994341982786706,1.3105793577269302,0.6457119367421351,0.044380055268077284,0.45712647310973953,1.4189523377427185,9.00834477135306,-0.7956209762769229,0.08652137043226041,-1.03561710687861,-0.9795739874283887,-0.38336872007801004,-0.44836550365536454,-1.4280754735204129,-1.4845407060642695,-1.0983095962440477,-1.067059403011327,-1.8719225569905946,0.6879714463239536,-0.3646623929978551,-0.19032456556510838,-0.15367884225473855,0.896670787696508,0.9648591294132118
2016-06-20,-0.42365964050949584,-0.322879705667658,-0.3289284700748349,0.60311105523865,0.6817282171695023,-0.6590991836968175,0.5123659384699661,-0.44337811728476206,-0.012627197441170926,-0.7620568911426824,0.3485795856104333,-0.9418215430362611,-0.9316991843103744,-0.3601614266591073,-0.2124932970555931,-1.2478423918693864,-1.3048100511113616,-1.0359721593049123,-1.0903940438482864,-1.6806369717385614,0.6348561344267404,-0.5178297194563706,-0.2033849980361032,-0.16741433303656889,0.4538022834940248,0.43933437430916883
2016-06-21,-0.42052058086823296,-0.3993764565338855,-0.4005567763270703,1.122015279477141,0.6977061093349669,-0.8711298271638458,0.538291170000128,-0.621129014700312,-0.3527350673332078,-0.8273707865390405,0.500157538485631,-0.9147424890399345,-0.9419020112043773,-0.36154881920045473,-0.314747550554219,-1.1644509660308522,-1.2645718447786207,-1.0685883414804973,-1.0363965278619336,-1.6432347623317392,0.5805055827179634,-0.6130766283465399,-0.2652034670830078,-0.23242820766163536,1.0927239803205633,0.18655129266078505
2016-06-22,-0.46184745244203035,-0.43112003665740206,-0.4052967268254396,-0.16114400062661574,0.6884984029670536,-0.396914020725345,0.5261625315033072,-0.5673671643241001,0.6143186350104151,-0.7774782275557119,0.8116538579109777,-0.8711805326110612,-0.8924575424103625,-0.38790927748605625,-0.5209746164338005,-1.2236319779162643,-1.1948256204685375,-1.0651144285860565,-1.072844851152722,-1.574094106656842,0.6422675732961194,-0.8537681413527786,-0.21557448541298338,-0.18023360327143428,1.0028617419274493,0.43811035825906497
2016-06-23,-0.15372729532476812,-0.4425685742348055,-0.4379509129526451,0.38151677870406175,0.7618857802325192,-0.2496962377067533,0.5565444796830998,-0.45971872609980563,-0.15325975279893847,-0.6949287208742013,0.37928197797909374,-0.9143500389820168,-0.9034452021423659,-0.3918192019207627,-0.308302954745482,-1.0702993562131522,-1.1814128850242904,-1.0903967946511546,-1.0651309202975285,-1.514998615794063,0.5805055827179634,0.03305780763812218,-0.23995372137191046,-0.20587326051582885,0.5583194804677241,0.015694100812554432
2016-06-24,-0.11815484330232459,-0.14126519824240272,-0.17777151873010372,5.166792992373576,0.5568878203122415,4.486816107126997,0.3556036134056579,1.298206464972015,1.542690189260293,-0.9407629660466104,1.6459369765270981,-0.8656862318002123,-0.8936347916673629,-0.2861251155890206,0.20382759218881222,-1.5598877272651934,-1.235063826801278,-1.0357791641441103,-1.0923225265620846,-1.6993380764419725,0.5965637002682834,2.401359325988278,-0.10673899929450884,-0.06577248299328788,3.150953500969525,0.8378644933021969
2016-06-27,-0.18929974734721164,-0.12929617088154666,-0.13405707943159823,2.3896421613117895,0.4583170343799674,2.3790411168715786,0.2347927275542889,0.0475885719977673,1.79281289261222,-1.023312472728119,0.3346788961521815,-0.9630138461638214,-0.9913464799983921,-0.2326474394498098,-0.4238760395821642,-1.8773131546505821,-1.7045095673499182,-1.0533417237771172,-1.0269469625643215,-1.5823225927263425,0.8886979157029604,-0.01070428563573939,-0.07974788580551594,-0.0373859323345491,1.0712781669138391,0.3562438867137713
2016-06-28,-0.16209749328564904,-0.18289621086296143,-0.1746115517311911,1.392191234135992,0.5558055427499939,0.9133425197415778,0.2872884867156051,-0.283589415818573,0.42353041305652067,-0.9870269752856972,-0.5124170318776319,-1.0136399036352146,-0.9850678172943904,-0.2731340763382218,-0.45695829806701377,-1.8208221887599618,-1.8869227693916752,-1.050253801204281,-1.0551028101857773,-1.4337823896535347,0.9442837072233011,-0.5178297194563706,-0.11979925762872566,-0.07950788071056313,1.1733294467070214,0.27924377024146313
2016-06-29,-0.12914040117329725,-0.14178568802585456,-0.1409041661627171,0.6703163460295586,0.6495029939310774,0.4605804475978556,0.3966675208789843,-0.35606188697536917,0.318793579870491,-0.9335058665581247,-1.2403296572479996,-0.9551648450054656,-0.9132556126173689,-0.17891751012126314,-0.1330099487478377,-1.6809397970308078,-1.8171765450815915,-0.9522122595167245,-1.0506672999440412,-1.282570600194525,0.891786015231869,-0.5467899282405436,-0.07191164373659711,-0.029144879833294616,0.7830820819240157,0.36472881350769487
2016-06-30,-0.02765413111315688,-0.15687692554743182,-0.1514375826079583,1.3883940016353131,0.7258686181705589,1.029120830320912,0.5020388114940704,-0.023636524440323214,-0.15276803057740782,-0.9516486152793358,-2.2985951894827337,-0.8962973363177991,-0.927775020120373,-0.11522357981394839,-0.6820895116522236,-1.7939217288120475,-1.6910968319056718,-0.8748212000350116,-0.9523146815403271,-1.152410911458783,0.837435463523092,0.7268156980678689,-0.023153433023909296,0.022133783203607087,0.2977531669953511,0.19996199278255367
2016-07-01,0.027796887161010822,-0.0580035893098493,-0.049261805118289315,1.1897739358083494,0.7377846491279582,-0.18145693873793534,0.5865353885021971,-0.6581760438458687,0.04588774692097711,-0.9235273547614599,0.40031432550723123,-0.9433913432679324,-0.9415095947853773,0.07358793240397273,-1.1753159108808895,-1.845032602713085,-1.8010812625484953,-0.7379876310261971,-0.8772967039735723,-1.0848732076156076,0.8689340787179509,-0.48886951067219747,0.09351820809509541,0.14483623517667385,1.3352846265046276,0.11192790638285327
2016-07-05,0.0675540719768885,0.002881434251349779,-0.010814469051446764,1.9693514926688167,0.6968932991200398,-0.10450270177090344,0.5323089211478705,-0.3901152167960324,1.0222841714736826,-0.9779556009250927,1.0899093981970265,-0.9139575889240992,-0.9383702634333764,0.26202106483789,-1.2702662891296137,-2.062926328291191,-1.8869227693916752,-0.679703092463909,-0.7261036592117841,-1.0934222840514523,0.8281711649363682,-0.4714933854016936,0.14488855754301538,0.1988623500152518,0.841970228478434,0.6820579454098546
2016-07-06,0.04192145236081633,0.08406150035865975,0.07608799416248385,1.654600989660289,0.7307437161909348,-0.38744974176850966,0.5027179005606115,-0.5229606243381802,1.2250376341514895,-0.9570914398956983,0.7681386561286242,-1.0034362021293521,-0.9937009785123929,0.4329226006129622,-0.32033286692179097,-2.068306420280773,-2.08006615978883,-0.6357001958009904,-0.6800129223520042,-1.0679887816548133,0.9158731915573489,0.1604827262884838,0.2258622462835494,0.2840212574750262,1.982699683153698,-0.0741047077564704
2016-07-07,0.08272509501530718,0.03046182464723923,0.03184640213068468,1.4814929833981871,0.7272230079839059,-0.6813494776955554,0.5452325120729368,-0.6655355546862318,0.1658679689744571,-0.9897483875938785,1.360187151489644,-0.9630138461638214,-0.9827133187803896,0.30376896767298145,0.029823505352915253,-2.036025868343277,-2.072018518522282,-0.6262434329216786,-0.6377791509198216,-1.0412729177927973,0.8899331555145242,-0.8157980898357515,0.14227668001294985,0.1961151774072414,1.0831318180238114,1.040754066345135
2016-07-08,0.01838023136151599,0.05127772124679918,0.03131998674760281,1.7037360333248515,0.8117132078342857,0.3916492913603926,0.6089090835787615,-0.5172227006321344,0.0737520061410476,-0.997005487082364,0.26239531096927216,-1.06740556156995,-1.0710070130554161,0.22985878319756275,0.41392141555363593,-2.1086571102026452,-2.018367576745295,-0.5926622749420823,-0.6289081304363487,-0.9544997919689697,0.9140203318400042,0.046572571737402965,0.2232502816850949,0.2812745501897922,1.615996716735447,0.1697775193139739
2016-07-11,-0.09356789683842442,0.01901328706983577,0.041327040477634275,0.4102727052293028,0.8320237083472878,-0.8470646909529945,0.6873083516922366,-0.6741424402453006,0.5867821906046984,-0.9942840747741827,0.16569486256404234,-1.0721149622649633,-1.0788553414354187,0.4544902483011817,-0.10379444774823031,-1.9149737985776623,-2.0827487068776795,-0.5897673475300481,-0.5814674556769103,-0.8912366263437166,0.9177260512746936,-1.1021823767014634,0.2284742979503929,0.28676852314759166,0.07556508528970278,-0.11155603379435591
2016-07-12,-0.03236209282589688,-0.05175922102697594,-0.07296255829970952,3.387760943450018,0.8739973359174537,-0.2795836505166469,0.7275113274448369,-0.5582613288775491,0.19782991337394973,-0.9933769373381203,1.280771908236849,-1.093307265392523,-1.0352971189264055,0.37616563301238476,0.20554615107114205,-1.707840256978722,-1.9244784286355665,-0.6154357039167513,-0.5913027175172815,-0.8593913166201935,0.9424308475059564,-0.6285220730314321,0.12399223127665708,0.17688562060305618,1.6060116686702965,0.7095329464568454
2016-07-13,-0.08415165953836633,-0.05748346379639168,-0.04030831950463265,-0.253365230153152,0.8731858623743285,-0.5660064007689,0.7508449231808486,-0.6736434903578182,-0.30667708591650306,-0.9652556768202444,1.0181093152561433,-1.0140323536931324,-1.0427530308874078,0.4329226006129622,-0.21850825314374756,-1.7993018208016303,-1.7018270202610686,-0.604434979751021,-0.614058813540102,-0.6531448476054303,0.9442837072233011,-1.0603509640132134,0.20844865557298223,0.26570754895958465,0.7208528092415913,0.9306045054867625
2016-07-14,-0.10978506384087967,-0.11264382827960806,-0.12352366298635624,0.6539061955241124,0.905681861192051,-0.4858002293403437,0.7914397416134514,-0.5971794201011642,-0.3851887339542311,-0.938041553738427,0.8923987323293445,-1.0701527119753744,-1.0784629250164184,0.3778052787430681,-0.06942327010163338,-1.627138877134979,-1.8010812625484953,-0.5803105846507364,-0.6063448826849087,-0.6178799073075699,0.9134027119342232,-0.9509457308285594,0.1945175392130398,0.25105648908267625,0.3737494125379156,0.16533303385049009
2016-07-15,-0.09932231638977834,-0.12201082303176884,-0.10772314330945282,0.9896845890640376,0.8978289712348679,-0.15887200754397743,0.8150525340645786,-0.1401413231674275,-0.05409577145692289,-1.0142410983675145,0.542222233541906,-1.0544547096586634,-1.057272438390412,0.3889044190738477,-0.35985972121537746,-1.5706479112443585,-1.6696364551948761,-0.6040489894294169,-0.5824316970338095,-0.6069798348518676,0.8930212550434327,-0.3813949580731551,0.16491446112559238,0.219923138074148,0.19815183341649076,0.2954708956435677
2016-07-18,-0.09042930800902683,-0.1058789702132821,-0.0919230449755263,-0.041178167803662416,0.9135347795890594,-1.1531242802989854,0.8225587084808443,-0.7407522502241802,-0.15309584539176158,-0.9797698757972135,0.1804416809458399,-1.030122806067761,-1.063551101094414,0.3210483111424906,-0.3289256613334402,-1.506086807369364,-1.5220963653081607,-0.5990311152485578,-0.6107803929266452,-0.6593429280214185,0.9504599062811164,-1.1227763029479865,0.17449189683562943,0.22999570102377967,0.20279299619277463,0.06885561343526768
2016-07-19,-0.18563792959850672,-0.11368485988508228,-0.08191599124549483,-0.6744954878917522,0.9075769774090511,-1.2430493013114154,0.8247295409040495,-0.6122726541975021,-0.46878151161444254,-1.0269410224723607,-0.014651473711711306,-1.063481060990772,-1.080032590692419,0.34085018650535875,-0.5141003809044812,-1.5706479112443585,-1.5274614594858589,-0.6123477813439151,-0.6013308276290333,-0.5385872233651072,0.9473718067522097,-0.29000941035420885,0.14750069627824786,0.2016092434295963,0.00911947753178305,-0.05335585315956478
2016-07-20,-0.08572098010927941,-0.17769204156843205,-0.1614445836701184,0.5862238654743247,0.931949310690293,-1.164752409585648,0.849669931799944,-0.5200916624851573,0.5138433944109845,-1.033290984524786,0.9758028690788553,-1.093307265392523,-1.1016154937374254,0.2438588352057052,-0.10980940383638477,-1.511466899358947,-1.5650171187297501,-0.6465079248059177,-0.6144445100828614,-0.38491757443079205,1.0103690371419276,-0.4174343290045705,0.0012258029350177763,0.047772975125225006,2.753004936287262,0.46753427806544434
2016-07-21,-0.13541804964395776,-0.11264382827960806,-0.14617090071927377,0.13236871457660804,0.9097432673629074,-0.9673000404944306,0.8142495360844976,-0.6002978568979283,-0.16342201204390536,-1.0242196101641794,0.26481282217940294,-1.0509226591374032,-1.0674752652844153,0.19933614728791887,-0.03161497469037676,-1.5760280032339415,-1.5086836298639137,-0.5702748362890183,-0.6487715023884717,-0.2203478530407734,1.0165452361997447,-0.25268291903238577,0.07784607223081276,0.128353850980499,1.318914386154693,0.09865981007274724
2016-07-22,-0.18145283061806664,-0.15687692554743182,-0.12457686242762551,-0.18881227764161213,0.9360124516905101,-1.069740082010303,0.8232796360647716,-0.5889467469577071,0.0057304321626402204,-1.0686693445311473,0.3374590340438318,-1.09212991521877,-1.1118183206314285,0.27148055943798627,-0.4603954158316734,-1.5491275432860276,-1.591842589618244,-0.6484378764139405,-0.5735606765503374,-0.23669796172432803,0.9850466210048838,-0.6246607118602091,0.0700099172302826,0.12011279847924451,-0.43989784865579745,0.22643282532242037
2016-07-25,-0.15372729532476812,-0.1730087783659193,-0.17197800011535966,0.8460576090006736,0.9200341329276613,-1.2116919484292672,0.8072253202962252,-0.724910591296619,0.20389448743949448,-1.0523408706820574,-0.3234885308059141,-1.1074354674775635,-1.1353633057714356,0.2249398460055127,-0.4419209078466276,-1.5249171293329045,-1.5328265536635584,-0.6465079248059177,-0.656485433243665,-0.21981353576353355,1.0542200504524188,-1.1208456223623748,-0.021411978177624757,0.02396510752287447,1.4482089400834055,0.3359466108537971
2016-07-26,-0.047533115864315564,-0.1766514783100931,-0.1382706145468856,-0.2084281319667268,0.922742030919763,-0.9200155995109529,0.7802838692437615,-0.6181353153754184,-0.5069719374866568,-1.0586908327344804,0.29926235692376607,-1.1506049738485187,-1.1722504491574466,0.2864896242034723,-0.7319277192397892,-1.5571976812704011,-1.5408741949301061,-0.6111898103791007,-0.6481929575743319,-0.1947006237332384,1.0363090731847542,-1.1678255166122558,0.04563068127135553,0.0944733273639604,0.9550031446273382,0.30510259475627793
2016-07-27,-0.06688845319673316,-0.07361531661487915,-0.12299687892816885,1.5480685823673752,0.9165143063552255,-0.6985001471978121,0.7982941851350878,-0.29381788851195906,-0.06278286403729781,-0.9942840747741827,-0.2538642079541486,-1.1678727763969012,-1.1808836103754494,0.26946253392329905,-0.2666279018489833,-1.7186004409578879,-1.5542869303743527,-0.4492668704659911,-0.6111660894694045,-0.021581825907376343,1.0190157158228703,-0.6774326478669246,0.15881949976618015,0.21351313069849437,1.9535558640409558,0.596055963326346
2016-07-28,0.002163535170926796,-0.06945212688725276,-0.06137557373809349,0.10615063690860457,0.9232840371155671,-1.0235847849370767,0.7727036699831777,-0.6133952914443371,-0.4189536598326694,-0.9779556009250927,-1.2750209431133757,-1.1965216306248987,-1.2193404194374609,0.3923098371298823,-0.01314046670533091,-1.7051502109839303,-1.7125572086164662,-0.4525477881996295,-0.4451237278113696,-0.11006476701837259,0.9535480058100249,-0.3704544347546897,0.15446616738983007,0.2089345407066622,0.40905483040871105,0.5755863745272797
2016-07-29,0.014718779799818482,-0.006485092153677233,-0.026088204670162787,0.9545935811808801,0.9327616658680112,-0.7262360276114446,0.7736506928161831,-0.29157261401828893,1.1196451713367523,-0.8890561321911589,-2.3453740313987637,-1.2287025353741565,-1.2413157389014675,0.3727602149563501,-0.19530770823229462,-1.8611728786818336,-1.7206048498830147,-0.39310527867252787,-0.45052347941000437,0.0377273918662996,0.9479894266579907,0.45330261510623404,0.22760361406144497,0.2858529540525142,0.9635412231552163,0.4054778526902776
2016-08-01,0.06964698765411484,-0.01012820840641502,0.009726001123827427,-0.30446567556429704,0.9278883311168207,-0.8536855802449239,0.7673192431206177,-0.6418354350308252,0.16340935786680383,-0.8999417814238843,0.23205554528213132,-1.2181063838103767,-1.2315053284264645,0.4503280706771393,-0.5188264178308882,-1.6728696590464331,-1.8225416392592904,-0.3572081787633045,-0.39941868749434895,0.11231808376904807,0.8114954274802655,-1.1176278213863557,0.25720686628567,0.31698630506104175,1.2807821072673724,1.1458471337149716
2016-08-02,0.037212758274062986,0.05283882632716051,0.08240787549243693,-0.2008718301060795,0.8902460036622158,-0.46394410921573,0.7228438033304926,-0.5643734649992066,0.5425271906669393,-0.8409778480799492,0.5679687279297985,-1.2691248913396878,-1.2707469703264764,0.44440012072774565,-0.32935530105402266,-1.5814080952235243,-1.6696364551948761,-0.3290308852861723,-0.3579563091476851,0.059100082955912285,0.837435463523092,-0.465701343644859,0.2911635379546341,0.3526981529968464,0.7884962394641404,0.6898773877493528
2016-08-03,0.0487215450643415,0.022136277809118893,0.047120506424506985,-0.7050260004600241,0.907306173389928,-1.250277875325953,0.7374441976632217,-0.7032062711911413,0.38337309829818383,-0.9117345680926721,1.2675964721416364,-1.2840379935405632,-1.259366894175473,0.4554992610585253,-0.30142871921616265,-1.6056185091766475,-1.5650171187297501,-0.3371366820398676,-0.33462166831072565,0.05568045238157372,0.760232975300397,-1.0333214358146519,0.25807763724300664,0.317901967220675,0.20078384864543633,1.0544559159157147
2016-08-04,-0.07264287274808708,0.038788204102492,0.07608799416248385,-0.7473870866485013,0.9135347795890594,-1.4456710965226571,0.7547215155830733,-0.87846241916928,0.04457648766356202,-0.9289701793778226,0.7355022547918592,-1.2263478350266497,-1.2244418328844626,0.37061606284699494,-0.35857080205363007,-1.7212904869526795,-1.605255325062491,-0.3626120432657686,-0.3388643302810825,-0.03280248872942252,0.8114954274802655,-0.9618862541470248,0.283327382954104,0.344457100495592,-0.05070456764166559,0.6821946073960313
2016-08-05,-0.07839729229944098,-0.05123831493495787,-0.05189535673412079,1.431041311379118,0.9614666643764417,-0.8828215991072682,0.7867022174905007,-0.5301953977066728,0.4323814130440725,-0.9697913640005467,0.25743941298850415,-1.1992687810303233,-1.223264583627462,0.26946253392329905,-0.0011105545290219848,-1.4845664394110327,-1.7206048498830147,-0.4048779834814674,-0.36027048840424364,-0.11669030125615257,0.838053083428873,-0.29708857250145115,0.19625899405932434,0.25288781340194294,1.3286438987607225,0.7228604610218108
2016-08-08,-0.051194985925449805,-0.09547141220278237,-0.058215606739180144,-0.36859883352802314,0.957946382766797,-1.539484478564208,0.8275802615935167,-0.7872793272318996,-0.7967602333753899,-0.962534264512063,0.07177455205046286,-1.192597130045721,-1.1718580327384465,0.23452546720027692,-0.6026061633444683,-1.4791863474214497,-1.4684454235311732,-0.38808740449166884,-0.4138823078478363,-0.18508291274291294,0.8979622142896841,-1.4387643587930752,0.2197674590609148,0.2776115292930378,-0.015568442012537764,0.6065135761816021
2016-08-09,-0.01980758057101706,-0.07257433704797543,-0.03293487005830402,-0.22995214332735847,0.9614666643764417,-1.3065687787353821,0.8299369532674447,-0.9334716442641975,-0.8515053073724695,-0.9389486911744874,0.007831380542504632,-1.1600237752385454,-1.166756619291445,0.23881377141898721,-0.610769318035535,-1.5948583251974813,-1.4818581589754198,-0.3653139755170007,-0.3891977291112184,-0.11936188764235416,0.9127850920284422,-1.0738657281124941,0.24240524017355766,0.3014195830245001,-0.053435602861020524,0.4194352007567527
2016-08-10,-0.06636564277686181,-0.017413556256193573,-0.011868037167821564,-0.47881398389948465,0.9468431620243248,-1.1692361374038105,0.8138826374988983,-0.8999172643310165,-0.13572166023101173,-0.8863347198829775,0.8375212278593767,-1.1647331759335586,-1.173427698414447,0.3288681600119035,-0.11023904355696723,-1.6916999810099735,-1.602572777973642,-0.2848349934624507,-0.3681772675308166,0.22847865984109308,0.8837569564567089,-0.7945606033940247,0.2894220831083496,0.35086682867758007,0.3842263663618737,0.7337221180101108
2016-08-11,-0.0804897894772321,-0.017933681769651193,-0.04715503756064599,0.18402252552805304,0.974194623914175,-0.94301728745724,0.8346044773817891,-0.7915204012754987,-0.27602640077442553,-0.9226202173253994,1.4499976929460012,-1.2130045330574455,-1.153806877464441,0.3102014240010469,-0.16609220723268725,-1.5625777732599846,-1.709874661527617,-0.39349126899413295,-0.2866024487371474,-0.15409251066297477,0.8164363867265187,-1.2656466662832404,0.26678447613248474,0.3270589610752285,-0.0037946457335409313,0.7571863868540913
2016-08-12,-0.02451554228375854,-0.014291346095470904,-0.061902357796280894,1.2766141624947278,0.969050058546478,-1.1000011388050435,0.8415168546440704,-0.9148857609554839,-0.15850478982859878,-0.9008489188599447,0.5128494723388175,-1.1352994215897254,-1.11770456691643,0.25382283618447327,-0.01314046670533091,-1.6997701189943475,-1.5650171187297501,-0.4899888493952714,-0.39614026688089216,-0.1562297797719353,0.8621402597543547,-0.6240171516650053,0.2676549858846547,0.3279745301703063,-0.0031781664384116885,0.7870975363503179
2016-08-16,-0.022946221712844713,-0.025739935711446345,-0.01976790199723132,-0.005228489254522278,0.9555092887938175,-1.266291188962247,0.8476101387030089,-0.8401680153050176,-0.2027597897663578,-0.7947138388408624,1.405636362240102,-1.0521000093111565,-1.0419681980494073,0.2576066340245117,-0.2326863639229688,-1.5249171293329045,-1.5784298541739974,-0.4984806364705717,-0.5309412085753947,-0.006086624867406658,0.8263183052190235,0.02597864549087987,0.2467585725499077,0.30599780075811106,-0.283091708359478,0.921602639875562
2016-08-17,0.008964412560894626,-0.02834123978015094,-0.04820860567702079,0.6352825828574666,0.9666120829389062,-0.8162616450813335,0.8138416023008221,-0.7973830624534152,1.047362004771746,-0.785642464480256,1.9561036647868728,-1.02148890479357,-1.0329426204124048,0.21573260459475235,-0.33837773518625436,-1.5948583251974813,-1.5408741949301061,-0.4874799123048414,-0.499892636883242,-0.1503522897222923,0.721322921236159,-0.3723851153403012,0.20844865557298223,0.26570754895958465,1.0956051426221516,0.8745909166307977
2016-08-18,-0.05067175700614322,-0.01897466133655491,0.010779569240202227,0.15171742691675036,0.9798816220750595,-1.2708960431271454,0.8404579891654866,-0.8006262367220497,0.22979185777344235,-0.7257713937002604,0.6437577043673973,-1.0006890517239277,-0.9764346560763878,0.23112004914424225,-0.4947665934782704,-1.635209015119353,-1.6186680605067383,-0.47898812522954104,-0.4894788302287309,0.08581594681792815,0.7015590842511478,-0.4116422872477359,0.2415345562846097,0.30050382780031154,0.5106205928295635,2.3898039501496147
2016-08-19,-0.0606112232255079,-0.044993946652084504,-0.02714135144355995,0.37296823518494565,0.9712154953055668,-0.8099240682614308,0.8231356112118472,-0.5208400873163807,-0.2684866600442888,-0.751171241909955,0.44443390509211733,-0.9363272422254122,-0.9536745037743808,0.14283143287667727,-0.21893789286433002,-1.511466899358947,-1.5998902308847924,-0.5278159009125175,-0.4798364166597393,0.048948054688345774,0.6496790121654984,-0.3015934938678781,0.1727504419893449,0.22816419057540283,0.5603765409136475,0.7310601801924093
2016-08-22,-0.06165731487711515,-0.08402287462537816,-0.04873538973520819,-0.01494100856530377,0.9709451463236526,-1.0988658359280088,0.8130917099063661,-0.7668223818451276,-0.36781454879348124,-0.7575212039623801,0.6623725406854041,-0.9437837933258502,-0.9780043217523883,0.050380638985069934,-0.33193313937751745,-1.6083085551714387,-1.4630803293534744,-0.571818797575437,-0.5536973045982143,-0.16819848678211846,0.6978533648164583,-0.9535199716093747,0.12921624754195507,0.18237977968996616,0.11913707526306029,0.3708132428052983
2016-08-23,-0.13594127856326435,-0.06841114732034904,-0.04030831950463265,0.06354149030551014,0.9828598690490754,-1.26248084151238,0.8454964367011419,-0.7600865583641173,-0.3484734747466088,-0.7693139906311659,1.191928371264544,-0.9830287991176279,-0.9807512366853891,0.05454281660911228,-0.48660343878720363,-1.602928463181856,-1.5864774954405458,-0.5612040637313117,-0.5743320696358568,-0.05470949709627504,0.6947652652875516,-0.8428276180343132,0.0909062434966409,0.1420895278914398,0.4206241983204111,1.728544133644738
2016-08-24,-0.14169527961518302,-0.13345936060917304,-0.10930312680890875,0.9224411351324188,0.9525301601852093,-0.8861741300262513,0.8054334609657543,-0.7815414035258539,0.8255952828614201,-0.8083209003817692,0.7898962570198009,-0.9747873479013546,-1.003511388987396,-0.0372773443091553,-0.27479105654005004,-1.5571976812704011,-1.5730647599962986,-0.6604035763836813,-0.563339718167206,-0.21553899754561126,0.6953828851933326,-0.9548070919997824,-0.08758404080604609,-0.04562745015858025,3.9580909963421322,0.6607980938211581
2016-08-25,-0.1511115169152411,-0.16780497334138417,-0.12721041404345698,-0.5303151422880883,0.9484683274169694,-0.9375830257655386,0.7985090174355116,-0.8787118941130211,0.6931580978624969,-0.7901781516605582,0.018831056548599526,-1.0061833525347765,-1.014106632300399,-0.06262878983741325,-0.5837020156388399,-1.5168469913485298,-1.5516043832855035,-0.6883878747000115,-0.6632351227419591,-0.2032497001690842,0.721322921236159,-1.3486659314645366,-0.05798078858182103,-0.014493819956386168,0.7808078163378395,0.2999153811070515
2016-08-26,-0.13803340955404877,-0.07413539008976479,-0.13458386348978563,1.767373070459343,0.9373651066744974,0.1562802697629295,0.7589111017855498,-0.7009609966974713,1.3150228006915996,-0.8672848337257062,-0.07194648939180999,-0.9838136992334633,-0.9748649904003874,-0.04547557296257205,-0.14461022120356418,-1.3823446916089588,-1.5328265536635584,-0.692247777916057,-0.6886910945640966,-0.13218550229612103,0.7108233828378716,0.805973602077942,-0.06929959206975363,-0.026397614160729162,2.070421812076674,0.4517646732257572
2016-08-29,-0.20447040419862364,-0.15895815614125078,-0.1287903975429129,-0.6622642012940883,0.9663413073596087,-0.9502848682614043,0.7937545947699933,-0.8787118941130211,-0.5092666411871332,-0.8754490706502502,-1.8119501828834144,-0.9897004501022302,-1.0211701278424012,-0.05783597924003115,-0.5819834567565101,-1.5571976812704011,-1.385286463776843,-0.6646494699213319,-0.6994905977613678,-0.07341060179968614,0.8189068663496445,-0.7044621760654861,-0.06407548873606696,-0.020903734267484732,0.14570318043191993,0.3603734554265002
2016-08-30,-0.217548511559816,-0.18653891080713594,-0.18409182140303518,0.22354045773360995,0.9565924479906589,-1.1656762546031265,0.7890581058451203,-0.8233284566024919,-0.193908789778806,-0.9171773927090348,-1.1005975093024425,-0.9991192514922567,-1.0129293830433987,-0.012808784943573006,-0.6425626573586372,-1.5383673593068614,-1.5274614594858589,-0.7514972922823565,-0.6653564537271371,-0.28179433992340985,0.815201146914955,-0.5126812378947398,-0.18074712985507166,-0.1436061862405515,1.9127755989584945,0.5233814958078029
2016-08-31,-0.19086906791812472,-0.2302511019829431,-0.19673200540592048,0.8813012694466724,0.9398026272448593,-0.6081871112780409,0.7581781079336598,-0.4574734516061355,1.1840607823572682,-0.903570331168128,-2.3566154585258716,-1.0273756556623366,-1.0549179398764115,-0.011799772186229405,-0.6567407681378584,-1.5168469913485298,-1.5355091007524073,-0.770217822880177,-0.7525238723908215,-0.39026074720319526,0.8732574180584215,-0.32218742011440116,-0.21644516930193133,-0.18114935849562286,1.044309593396864,0.7033118551730653
2016-09-01,-0.12390921054124994,-0.20943562169194863,-0.20147190323641764,0.7961211393811939,0.9400738578613665,-0.35002991258277466,0.7424906907507126,-0.750232298086343,2.509907799011093,-0.8672848337257062,0.900134768201763,-1.0819262137129078,-1.107109323603427,-0.023403418895680803,-1.1933607791453529,-1.5437474512964442,-1.5086836298639137,-0.7846924599403478,-0.7712301547146649,-0.47788878067060653,0.8763455175873299,-0.612433068151336,-0.13547156762978596,-0.09599045103584876,2.796116962434202,2.3988176994117874
2016-09-02,-0.011960245342436053,-0.15427484090016752,-0.14722404749267093,0.4986203759737396,0.9666120829389062,-0.7308655176434757,0.8016558333826648,-0.7555960093767771,1.5682597447798872,-0.905384606040249,0.7707979184597681,-1.13098247095263,-1.1208438982684312,0.035623827408919784,-1.2814369218647577,-1.4388356574995784,-1.5328265536635584,-0.729881834272501,-0.7856937750681523,-0.35285853779637305,0.8312592644652768,0.3998871189043148,-0.054497965957640934,-0.01083098518874259,1.9493107812263095,1.0989483051544402
2016-09-06,-0.03497787123542388,-0.023657924539066937,-0.058215606739180144,1.2230903576484762,0.9844854894789297,-1.1946726702183854,0.8062782974632199,-0.6388417357059317,1.690042948312313,-0.8146708624341943,-0.006190184476253695,-1.1101826178829879,-1.0506013592674102,0.2930482071262057,-0.3748971114357636,-1.6298289231297702,-1.430889764287282,-0.5916972991380709,-0.7027690183748246,-0.060052669868678216,0.8466997621098157,-0.12718868096763564,0.06130299127241584,0.11095589768924603,2.078598946768544,0.8885839156501885
2016-09-07,-0.07055074175730265,-0.0351064621164704,-0.013448020667278236,0.029442724080821474,0.9839426016485326,-0.7870968843740008,0.8163503643795103,-0.8401680153050176,0.8077293754791397,-0.8300921988472238,0.104652704508241,-1.0827111138287433,-1.0651207667704146,0.36544487246560897,-0.5987394058592261,-1.6298289231297702,-1.6133029663290395,-0.6293313554945149,-0.5924598071455612,-0.19523494101047945,0.7287343601055363,-0.7861943208563746,0.04737204904925108,0.09630483781233826,1.0348707523755847,1.0085315467348774
2016-09-08,-0.11449297324119109,-0.052799420015319204,-0.051368520008061275,0.30549580240906477,0.9704031401278486,-0.8598404410502585,0.8047825333904334,-0.6968446601257426,0.2532306169997369,-0.81013517525389,1.3497918532860818,-1.0328699564731856,-1.0031189725683958,0.3263456281185445,-0.47758100465497194,-1.4549759334683272,-1.6133029663290395,-0.6455429490019063,-0.6312223096929073,-0.19790652739668102,0.7497334369021096,0.28468984396282626,-0.006610352065512379,0.03953192262397052,0.9745579956365673,2.068981024861722
2016-09-09,-0.122863171202072,-0.10535848042983025,-0.08823629391842629,0.7213023020185726,0.8287738041593821,2.1904391830478054,0.6559665069725827,-0.17781203967233702,0.7264313015194046,-0.8355350234635865,0.5630128299490305,-0.9838136992334633,-1.0180307964904,0.2658048626779285,-0.5643682282126291,-1.255912529853761,-1.4496675939092274,-0.7360576794181743,-0.6466501714032937,-0.2844659263096114,0.7478805771847647,0.1340967582851261,-0.13634225151873391,-0.09690602013092656,3.2926511072453195,0.6060322883172408
2016-09-12,-0.16680540268596045,-0.13606144525643735,-0.12668362998526958,0.4645979360304716,0.9116392367746751,1.0925376582984923,0.6186391918842697,-0.3949799781989843,1.5418706522244088,-0.8346278860275261,0.5220360149373143,-1.0540622596007454,-1.0517786085244103,0.13400257124992077,-0.11754291880686908,-1.2801229438068842,-1.2726194860451692,-0.7543922196943906,-0.7274535971114434,-0.5265116528994761,0.7898787307779113,0.15276000394603767,-0.08148907944663383,-0.03921744278292596,1.9091278302795434,0.48411197117121946
2016-09-13,-0.14431105802470928,-0.15271378785837667,-0.14985759910850163,0.03070210772426269,0.8274198409434184,1.394694515692868,0.6323247497109253,-0.4003436894894184,1.0606385047530735,-0.8473278101323723,0.7790174565742126,-1.0348322067627744,-1.0666904324464148,0.16805675181026727,-0.7302091603574593,-1.1106500461350235,-1.2913973156671144,-0.8323622646585107,-0.7563808378184181,-0.532923460226359,0.7627034549235228,-0.1889704597072049,-0.16681627470029559,-0.12895521942819843,1.800729688520445,1.1683547686557159
2016-09-14,-0.18668396893768463,-0.1558359459805281,-0.12352366298635624,-0.5504652805831477,0.8252526693549698,0.3960529526103735,0.6175561938697633,-0.39373260348027866,1.4772911337967158,-0.820113687050557,1.418932673895821,-1.0764319129020588,-1.0980837459664243,0.17537209430100836,-0.5128114617427337,-1.1940414719735577,-1.1197143019807545,-0.833327240462522,-0.8340986911844899,-0.5307861911173984,0.8189068663496445,0.07102785915514914,-0.17116960707664564,-0.13353343716180935,0.46059633251340254,2.0927245595035417
2016-09-15,-0.20290108362771056,-0.17873307317390627,-0.18251141656060088,0.7794629284611305,0.882933840108686,0.401029397771191,0.6271462980384728,-0.4412575802629625,0.5385934128946941,-0.8255565116669196,1.2709809878358194,-1.125488170141781,-1.1345784729334354,0.15922789018351077,-0.32291070524528576,-1.1940414719735577,-1.1975081675573866,-0.8533987371859582,-0.8358343256269085,-0.5286489220084367,0.7929668303068198,-0.8421840578391093,-0.15636798096453325,-0.1179666220607123,0.48803764662975135,1.1423176893763227
2016-09-16,-0.18929974734721164,-0.2229657541331653,-0.1951520219064638,1.963417124288359,0.8604001699906786,0.8282255987978913,0.6496889661819508,1.791044216332603,2.188157558722867,-0.9062917434763094,0.1299156966541073,-1.1231334697942745,-1.1557689595594418,0.13034490000455023,-0.5467529996687482,-1.204801655952724,-1.2162859971793318,-0.9182451112155234,-0.8543477596793722,-0.3608732969549778,0.783084911814315,-0.8904510724793978,-0.17552311358977365,-0.13811221328275197,1.0878336704716365,1.20996537253376
2016-09-19,-0.18302215118897971,-0.20371132688396165,-0.164604550669031,-0.7174671843315948,0.8614898419075763,-0.7375438906253814,0.6590980351353715,-0.7089441948971872,0.19045408005098988,-0.8890561321911589,-0.0684410981371204,-1.1439333228639168,-1.1400723027994368,0.20211093237061376,-0.5484715585510781,-1.169831058020435,-1.2055558088239344,-0.8950856919192502,-0.9060310964091675,-0.21126445932768897,0.8781983773046748,-1.8062372302544716,-0.16420413596506342,-0.12620813988474344,0.5432556651525452,1.6047521414706454
2016-09-20,-0.08729066686719918,-0.20527284827288772,-0.16881808578431842,-0.5788395757012854,0.8617610440842572,-0.9285396095388879,0.6738255557784574,-0.7792961290321837,-0.3237234562628991,-0.9062917434763094,1.0060217592054896,-1.1506049738485187,-1.1487054640174397,0.2312461757389102,-0.6515850914908689,-1.207491701947515,-1.1653176024911935,-0.8553286887939809,-0.8967743793829351,-0.2406519095759064,0.8466997621098157,-0.818372330616567,-0.16681627470029559,-0.12895521942819843,-0.24710273313553408,1.5476393148997813
2016-09-21,-0.07159678109648057,-0.11004215994090775,-0.12721041404345698,0.9428011707013851,0.9270824886591595,-0.09463398399530526,0.6708469013397372,-0.509364239904289,1.4468043560618153,-0.8754490706502502,0.4050284723669862,-1.0960544157979477,-1.0851340041394204,0.23616511293096026,-0.07930498367503,-1.3097134497495897,-1.2162859971793318,-0.7767796583474547,-0.8558905458504112,-0.23584305408074308,0.8676988389063872,0.040780529980568345,-0.006610352065512379,0.03953192262397052,3.523402821024758,1.5111980991945058
2016-09-22,-0.06741168211603975,-0.06945212688725276,-0.046101838119376716,1.2369626592966847,0.9640964381676895,-0.784555284081471,0.7623797645236852,-0.7720613556636912,1.2281518748878504,-0.8591205968011602,0.9036401594564526,-1.0524924593690743,-1.0509937756864103,0.38499449463914126,-0.22667140783481432,-1.4092451515568725,-1.323587880733307,-0.7613400454832725,-0.7785583890270988,-0.060052669868678216,0.807172088139795,-0.28486092879257807,-0.020541294288677132,0.024880862747062072,1.0088604368303131,2.066663712922205
2016-09-23,-0.07264287274808708,-0.08714503274753033,-0.049788589176476716,-0.1914264527802704,0.9317093354420936,-0.8471262806208265,0.7257484329248948,-0.5956825704387174,0.1668514134175184,-0.8418849855160097,1.1034474609737588,-1.0324775064152678,-1.0478544443344093,0.33656188228664846,-0.32720710245111034,-1.4038650595672895,-1.39333410504339,-0.7657789341817252,-0.7631305273167123,0.0008594997367172226,0.7892611108721302,-0.8055011267124901,-0.08323053429291838,-0.04104876710219268,0.8635470038079575,1.9474588100232586
2016-09-26,-0.12129343213172293,-0.07777850634250554,-0.05031537323466412,-0.5462673351050104,0.8840803347970817,-0.5146159819299623,0.6550894841481837,-0.4916515188986693,-0.4333775116642353,-0.8164851373063151,-0.08971519678627096,-1.090560114987099,-1.0623738518374137,0.28913828269149927,-0.476721725213807,-1.5007067153797813,-1.409429387576487,-0.8146067098647007,-0.7550308999187588,-0.10867554209754782,0.799143029364635,-1.1555978729033827,-0.10412686055927668,-0.06302531038527782,-0.2947345427156754,1.4316667650651869
2016-09-27,-0.1422185085344896,-0.13710200851477633,-0.10719678059424306,-0.474138999162468,0.9202784594691749,-0.7472709521649663,0.6422527917742914,-0.6336027618873681,0.2837173947346376,-0.8518634973126766,0.30953677956682174,-1.0524924593690743,-1.072969095150417,0.16893963797294292,-0.18628527410006293,-1.5652678192547758,-1.4845407060642695,-0.8640134710300834,-0.8153924088606466,-0.05524381437351609,0.7818496720027512,-0.9560942123901902,-0.1476610550066665,-0.10880981433526955,0.6063825061351319,2.18898807420127
2016-09-28,-0.15006542526363462,-0.16312129383030594,-0.13932381398815488,-0.3716709663552055,0.9494000445426244,-0.5642223533907026,0.6946455571611748,-0.46495769991836916,0.7667525236849184,-0.8509563598766161,-0.32518078865300565,-1.07800171313373,-1.0144990487193992,0.15342606682878507,-0.5647978679332116,-1.532987267317279,-1.5676996658185998,-0.8294673372464766,-0.8653401111480231,0.08741889864964886,0.799143029364635,-0.8949559938458247,-0.09280805707134408,-0.05112142311637975,1.03747082567214,4.4657708220786185
2016-09-29,-0.17255982223731436,-0.16624392029959334,-0.14933081505031426,-0.23987455991204684,0.896054951795165,0.27051473266861076,0.658517111688243,-0.48703623243945854,-0.6348197150846273,-0.844606397824191,-1.217725927433277,-0.9900929001601478,-0.9803588202663888,0.19328207074385725,-0.4170018040528448,-1.5706479112443585,-1.4925883473308172,-0.8613115387788522,-0.8325559050134518,0.14031630909644074,0.7898787307779113,-0.7713924363666862,-0.11196301555980684,-0.07126645595108737,-0.023052436771541993,2.6484219044251924
2016-09-30,-0.18929974734721164,-0.15531545619707623,-0.16513133472721842,0.47681014105778036,0.9401458959395474,0.047402054969695864,0.6956593626059694,0.0067994186960937475,-0.5448345485445173,-0.8282779239751009,-2.280101228725233,-0.9685081469746699,-0.9815360695233892,0.20160642599194195,0.03669774088223464,-1.4630460714527012,-1.5811124012628464,-0.8595745823316315,-0.8616759939918062,0.16168900018605345,0.8090249478571397,0.25701675556906084,-0.13460088374083834,-0.09507450968254937,0.03382975642877695,1.4817682375626406
2016-10-03,-0.41685876311952874,-0.21203770633921368,-0.18303820061878828,0.06461005824539964,0.9259936699370294,-0.6442663386939682,0.7047015329737908,-0.8283179554773143,0.15128020973571432,-0.8554920470569184,0.8302686942289844,-0.9575195453529725,-0.9532820873553807,0.09868712474289477,-0.2941248439662608,-1.3850347376037504,-1.455032688086926,-0.9452644337278422,-0.8630259318914646,0.06177166934211387,0.8047016085166693,-0.843471178229517,-0.17552311358977365,-0.13811221328275197,0.5208867298997468,1.1283009230549883
2016-10-04,-0.42679822933889344,-0.33068559533945746,-0.39581645715359554,2.989547651707977,0.896054951795165,0.10376070701374025,0.6686591786131383,-0.6887367244541562,1.0222841714736826,-0.8618420091093415,0.649076229029685,-0.933580091819988,-0.9438640932993778,-0.18257518136663367,0.4156399744359658,-1.2155618399318897,-1.3772388225102945,-1.0213045270839396,-0.9457578403134126,-0.038679978779065524,0.8331121241826215,0.8658247002318998,-0.3984181020920208,-0.37252898518417604,6.003016702150611,2.3565356692538315
2016-10-05,-0.48538788875488803,-0.4134271307971245,-0.4200436257180969,1.1472983601977411,0.9219110192164688,-0.8638560873928983,0.7054224605577181,-0.7326443145525938,0.06014769134536612,-0.8609348716732811,1.0457898186121404,-0.9096406382870034,-0.9160025275503697,-0.23933214896721117,0.03841629976456448,-1.1725211040152268,-1.2270161855347295,-1.0417620141289807,-1.0219329075084462,-0.32453972210263526,0.88437457636249,-0.3196131793335858,-0.38274579209096043,-0.35604660098800117,2.0177655365315674,1.6589534735533982
2016-10-06,-0.4812032082738832,-0.4972088652431355,-0.4811385681929632,1.757832285281758,0.9259936699370294,-1.0668679505004086,0.6879021488462225,-0.7018341590005651,0.32534987615756644,-0.9099202932205511,0.9464301078757668,-0.8939426359702922,-0.8893182110583616,-0.36041367984844314,0.12176640555756203,-1.0837495861871091,-1.1626350554023444,-1.094835683349607,-1.042953369088848,-0.42499137022381583,0.8911683953260879,-0.16708941307027414,-0.44717639987309726,-0.42380746209196724,1.77217679515692,1.421013071968895
2016-10-07,-0.45923167403250337,-0.4659857749030708,-0.5243262234332813,1.7558478019648205,0.9058528414234064,-0.515416647611777,0.6822908234152759,-0.6516896953085994,0.3412488946537243,-0.8645634214175228,1.1416441380938245,-0.8535202800047611,-0.8818622990973592,-0.37302633931523815,0.34431978081927717,-1.126790322103772,-1.100936472358809,-1.099081576887257,-1.095600947175542,-0.41056480373832704,0.9794880418528497,1.3369107631211155,-0.4332454576499325,-0.4091565883441693,1.237280389545273,2.126379059055911
2016-10-10,-0.49114230830624195,-0.4743121543583221,-0.45480463207081784,-0.8210610297898124,0.9363361822250276,-1.3198947298652777,0.737328334301519,-0.7835372030757828,-0.7339836964266429,-0.9217130798893389,1.4347673723221774,-0.8962973363177991,-0.8508614019963499,-0.24185468086057016,-0.5609311104479695,-1.0138083903225323,-1.125079396158453,-1.1058364075153366,-1.077087513123078,-0.3993441409162797,0.938725128071267,-0.7964912839796362,-0.41931451542676773,-0.39450552846726084,-0.2740745008457482,1.9617726676188902
2016-10-11,-0.4812032082738832,-0.487841870490974,-0.46586483257424643,-0.503791759494402,0.8620331563353567,0.31766778236071375,0.6462903075720079,-0.5777203744893566,-0.37994369692457075,-0.9979126245184246,1.913192840807052,-0.8354675773405437,-0.8524310676723503,-0.2795665326662872,-0.8934722541787947,-1.0084282983329493,-1.0070473242490812,-1.182069496032236,-1.1069789951869518,-0.6173455900303301,0.9893699603453562,0.058800215446276054,-0.46981418098574007,-0.44761551582342923,1.017884032730521,2.5356282312255765
2016-10-12,-0.46603255142247046,-0.4925255500020522,-0.47850501657713174,-0.7359572260057545,0.8696547451911396,-0.8422976506628055,0.6545825814257872,-0.7820403534133361,0.6164494313037147,-1.039640946577209,0.47332316405317976,-0.8472410790780769,-0.8685201408513553,-0.2853683560210129,-0.9059318060756861,-0.9976681143537837,-1.0016822300713826,-1.2042639395244978,-1.1831540623819854,-0.6077278790400034,1.0622491092275788,0.18815581468224923,-0.4271506704272979,-0.40274676709762613,1.0642381650150576,1.640355559782403
2016-10-13,-0.5010817745256074,-0.4743121543583221,-0.4516442963967989,-0.2902117425089851,0.8506022803624372,-0.27791251752947466,0.6042657002395118,-0.6457022966588125,-0.23783597490221126,-0.9951912122102432,1.1492592984057364,-0.879029533769417,-0.8897106274773616,-0.2732602029328897,-0.5523383160363202,-1.0649192642235692,-1.0070473242490812,-1.2291603152679917,-1.2047530687765264,-0.7386356119638811,1.121540620182609,-0.034516012858281715,-0.3905819470914906,-0.36428774655381074,1.087935884655285,2.536775003544363
2016-10-14,-0.4843418494157101,-0.487841870490974,-0.47850501657713174,-0.40609411927593203,0.8535961408006939,-0.4423733545520707,0.6777721523088746,-0.5971794201011642,-0.32765723403514435,-1.0732050317114497,0.3972924364945678,-0.8566598804681036,-0.8685201408513553,-0.3090801558185875,-0.5244117341984602,-0.9062065505308748,-1.047285530581822,-1.2283883346247826,-1.2307875854128039,-0.6162769554758492,1.0758367471547732,-0.15936669072782797,-0.4341161415388804,-0.41007234356835787,0.7621824755611627,2.0513100358665337
2016-10-17,-0.4456307562514397,-0.5003314396738516,-0.4632312809584157,-0.7494478962468597,0.8334557673242798,-1.1623668364516258,0.6467264028469051,-0.7355132764056167,-0.8675682332758043,-1.047805183501753,0.38024898246314603,-0.871572982668979,-0.8920651259913622,-0.3015125601385105,-0.761572859959979,-1.0057382523381577,-0.948031288294395,-1.2216335039967028,-1.2228808062862309,-0.7284835836963158,1.136363497921367,-0.8608473035000208,-0.40364220542570745,-0.3780229581419755,-0.024595232105984605,1.0309381706423606
2016-10-18,-0.409535022997261,-0.46286361678091864,-0.4505910969555304,-0.7810088136143107,0.8696547451911396,-0.8344100672024668,0.6740926862256116,-0.752477572580013,-0.6420316410004102,-1.0650407947869036,0.7083052536778883,-0.8778521835956635,-0.8826471319353596,-0.2572421254100601,-0.5055075864928319,-1.081059540192318,-0.9963171358936838,-1.1926842298763614,-1.2226879580148509,-0.7108511135473856,1.0943653443282206,-0.7701053159762785,-0.328763303907808,-0.2992735927350787,0.8217350143092953,1.1351102550618766
2016-10-19,-0.42889077882911386,-0.42019198886345044,-0.394236526322011,-0.5124738740060044,0.8851678452872356,-0.993128694194202,0.6904889606049387,-0.5848304103859786,-0.10457925286740355,-1.0704836194032683,0.9353095563091653,-0.8382147277459678,-0.8269240004373427,-0.24816101059396767,-0.5519086763157378,-1.0622292182287776,-1.0660633602037668,-1.1928772250371633,-1.1941464138506357,-0.7525278611721301,1.1104234618785405,-0.6948087731374284,-0.2704274833483058,-0.23792218061943454,1.404640144303287,1.7551516281707813
2016-10-20,-0.4241824509293672,-0.4134271307971245,-0.4079302784412711,-0.421473864982199,0.8742807103394806,-0.8469435646062585,0.6739365909851399,-0.5749761501082042,-0.6305581224980282,-1.110397666589932,0.7704352917782484,-0.8260487759505168,-0.8532159005103507,-0.27704400077292823,-0.48617379906662117,-1.0380188042756548,-1.0526506247595202,-1.242090991041744,-1.1941464138506357,-0.7813809941431065,1.1073353623496338,0.2344921487369262,-0.27565176081877013,-0.2434165258354553,-0.1563940335340821,1.5758808114344585
2016-10-21,-0.4383070161291727,-0.44777237925934066,-0.4121433922135808,-0.3811926699624353,0.8770025154062888,-0.5297711461944652,0.641267951140027,-0.21348695662731756,-0.7244770668103835,-1.1521259886487165,0.4059954768510385,-0.8531278299468434,-0.8728367214603566,-0.27767463374626794,-0.8311744946943378,-1.0918197241714835,-1.0231426067821774,-1.2370731168608848,-1.2442869644093921,-0.9101514579580237,1.1585978145295022,-0.5590175719494168,-0.2921945805720007,-0.26081466525581876,-0.31665629091501213,1.2462342752999431
2016-10-24,-0.3907025483971441,-0.428517952010137,-0.4326838097209822,-0.6152662935093047,0.9017706173002292,-1.123957466602725,0.6995230854209243,-0.5785935367924505,-0.2791406415107863,-1.1530331260847768,0.7454140507533952,-0.8460637289043235,-0.8751912199743571,-0.2631700753594537,-0.4664103719198279,-1.0111183443277405,-1.0741110014703152,-1.2106327798309728,-1.2402371507104157,-0.8038223197872001,1.205536927368902,-0.8627779840856324,-0.3383409137546227,-0.30934643487837626,0.7916904327031521,1.9166504448786552
2016-10-25,-0.4262750004195868,-0.4045802615584206,-0.39581645715359554,-0.48932792916518325,0.8821739848489797,-0.9926544537518963,0.6832587655069727,-0.6453280842432009,0.04113443211284743,-1.1484974389044746,0.26783471119206637,-0.859407030873528,-0.8763684692313575,-0.23542222453250472,-0.6451404956821319,-1.032638712286072,-1.0097298713379304,-1.1330487251884576,-1.2111170617320608,-0.7600083030534938,1.214183606049843,-0.339563545384905,-0.28958261597354623,-0.25806758571236377,0.7879085079081622,1.6595120051490766
2016-10-26,-0.4147662136293083,-0.4165492889192759,-0.40898342521466824,-0.9158391897439414,0.870471025064787,-0.8045349723261396,0.6464303075892206,-0.606035780603974,0.26650711698106466,-1.1294475527472032,1.075162579815229,-0.9057161377078258,-0.9089390320083676,-0.24778263080996382,-0.5630793090508818,-0.943867194457955,-1.0419204364041228,-1.1334347155100621,-1.1326278152804696,-0.9090828234035427,1.2092426468035897,-0.3871869998299897,-0.33485826526722023,-0.3056836001107327,1.1661520944989623,2.308288046307992
2016-10-27,-0.38494812884579016,-0.4347627366015758,-0.4016099757683396,-0.8337693556463556,0.8549574699314814,-0.773438349037813,0.6822288689585052,-0.6410870101996018,-0.44337586350202535,-1.1403332019799306,-0.9365693736950713,-0.910425538402839,-0.9116859469413681,-0.2511880488659985,-0.7267720425927997,-0.78515448076526,-0.9265709115835999,-1.1125912381434164,-1.134556297994268,-0.9913676840985521,1.1956550088763955,-0.5101069971139244,-0.3696855337567433,-0.34231101714161516,0.6597670577387331,0.3558873771846148
2016-10-28,-0.3247887826718758,-0.36711243866548754,-0.39845000876942704,0.5599294615249005,0.837810075258731,0.5282182208108487,0.6598889627279051,-0.33772547861039665,0.2796197095552155,-1.0586908327344804,-1.459356172885845,-0.8943350860282102,-0.920711524578371,-0.26392683492746144,-0.4084090096411956,-0.7878445267600517,-0.7736657275191853,-1.056622641510756,-1.1137286846852459,-0.9582400129096522,1.2333298231290715,-0.3067419754295089,-0.36272014971354977,-0.33498562679999416,0.5587123662361225,0.611237327442925
2016-11-01,-0.27718468112685307,-0.32912449025909685,-0.3057544482837307,0.8927883748004847,0.796168397332674,0.1619362542588257,0.5963934264373707,-0.4196779976293554,0.8328072087772032,-0.9960983496463036,2.9883809515127013,-1.0050060023610232,-1.0164611308143998,-0.1921608025613979,-0.30916223418664696,-0.8470255386454633,-0.8165864809407752,-1.0133917254910458,-1.057609837713715,-0.7669544276576189,1.1697149728335707,-0.21149506653933955,-0.24778987637244063,-0.21411449914619382,1.2266533086390814,0.927847498461286
2016-11-02,-0.2426582684435875,-0.24846454966524303,-0.2536133600976273,1.3332101001681618,0.7616032874450844,-0.2373906220739396,0.5927067222411666,-0.5777203744893566,1.6764386335166315,-0.9589057147678213,1.8282173217709563,-1.0246285052569122,-1.053348274200411,-0.0521602824799734,-0.41227576712643776,-0.9169667345100406,-0.8407294047404199,-1.0068298900237687,-1.0140261283818732,-0.7632142067169364,1.0931301045166568,-0.060901980861639435,-0.2800050931951202,-0.24799502276273208,2.243556668210821,1.837618224090155
2016-11-03,-0.23795035904327608,-0.27084113503659885,-0.2646736132689281,0.26477573127113213,0.7354738279805312,-0.5328465236082048,0.5812459016230606,-0.7118131567502101,0.15226365417877563,-0.9516486152793358,0.8230161605985922,-1.0575943101220056,-1.0753235936644174,-0.17122378784651818,-0.14332130204181678,-0.8927563205569174,-0.907793081961654,-0.9935132239284115,-1.0088192250546177,-0.9443477637014033,1.052367190735074,-0.29000941035420885,-0.23298825026032824,-0.19854768404509676,0.7380918701525371,1.2089968549795516
2016-11-04,-0.3551300440622712,-0.2599130872426465,-0.22833262341675045,-0.021161600501089166,0.7292157296822795,-0.11849587430231122,0.5727967292095011,-0.463585587727793,0.1304639690242499,-0.9217130798893389,2.0426505661095535,-1.090167664929181,-1.1149576519834297,-0.1283407456594152,-0.5785463389918504,-0.9788377923902434,-0.9024279877839553,-0.9846354465315069,-0.9943556047011303,-0.8674060757787982,1.0258095347864666,-0.6349576749834707,-0.2530138926377386,-0.21960865823310377,0.6519221191437206,2.214924142447402
2016-11-07,-0.38180954001639184,-0.35514377557462645,-0.3420954381359076,0.24987302482374446,0.8544124206743404,-0.10468336479654368,0.6185571256077022,-0.517347438104005,-0.45206295608240027,-1.0106125486232707,0.7324803657791957,-1.097231765971701,-1.109463822117428,-0.17765624417458364,-0.5742499417860257,-0.8443354926506715,-0.8353643105627212,-0.977108635260218,-1.0155689145529119,-0.5302518738401574,1.0400147926194436,-0.5821857389767552,-0.3392115976435706,-0.31026200397345405,1.5174526611186994,0.9290239799075023
2016-11-08,-0.38599458668440334,-0.3353692748505357,-0.36948252103145013,0.08933977342569988,0.8805405719069181,-0.259203629431071,0.7034656571156298,-0.68736461226358,0.016876135850668418,-1.023312472728119,1.2741237524089895,-1.0772168130178945,-1.0949444146144234,-0.1459984689129282,0.02939386563233279,-0.7636341128069285,-0.8487770460069678,-0.9738277175265792,-0.9777706533624645,-0.4330061293824206,1.0956005841397842,-0.6903038517710015,-0.34965989137933295,-0.32125032214727434,0.5328138474542162,0.6115522441936799
2016-11-09,-0.4806799793545766,-0.26980057177825983,-0.38264948909252283,1.8186643315740398,0.9423239315413657,2.9467582510346153,0.7248054349276011,0.47631126281688657,1.2589664674371048,-1.128540415311143,2.8109356286891045,-1.0823186637708258,-1.0721842623124165,-0.09592621082975204,-0.22409356951131956,-0.19872445390072763,-0.7629355391637878,-1.0012330303605026,-0.9750707775631471,-0.24278917868486696,1.1314225386751138,3.8384292418784676,-0.29480671930723285,-0.26356174479927374,2.448429028367787,1.2769416294112859
2016-11-10,-0.6710971702211078,-0.4160287991358241,-0.4737651187466346,2.587937840442715,0.9570207517638143,1.1747064871419584,0.8692339455047033,0.3675401873457571,1.5438375411105314,-1.1439617517241725,1.0501413387903757,-1.061911260759101,-1.08317192204442,-0.06086301751206195,-0.5785463389918504,-0.010421234265327746,-0.2693468748155038,-1.0647284382644517,-1.0020695355563236,-0.08569989917621441,1.1876259501012354,0.7178058553350151,-0.4550125548736274,-0.43204888685144266,4.360016331606965,0.9122264392587474
2016-11-14,-0.6182615118570318,-0.6449986139896258,-0.6786430891090537,2.237562045581085,0.9480387154118368,-0.4728643461067169,0.9568202080386466,-0.28284099098734966,2.7277407431491736,-1.285475191749616,0.5388377178477229,-1.1455031230955879,-1.1557689595594418,-0.4394950547052478,-0.5742499417860257,0.3016241011304788,0.0767016996460654,-1.2318622475192234,-1.183539758924745,-0.09745487927550042,1.2617403387950237,1.6419582956477388,-0.5969339417037295,-0.5813064720994264,2.6922162447556324,1.5471520852099343
2016-11-15,-0.6365711760372774,-0.6397948089650907,-0.6365086333100042,0.12271343997689207,0.9940364361017048,-0.4771427750321063,0.9528285555940265,-0.42741172088533025,0.7562624496255977,-1.2999893907265851,1.676518493335252,-1.1243108199680278,-1.0674752652844153,-0.4099814315529475,-0.7031418579607642,0.23437295126069319,0.2913054667540155,-1.202912973398882,-1.2334874612121216,-0.009292528530848075,1.345119026075534,0.9784477343925729,-0.5185724787668166,-0.49889408579577554,2.0130509073107863,2.566947593361971
2016-11-16,-0.6679585813917095,-0.6382337038847293,-0.6212348976912881,-0.6555665700994237,0.9828772457825014,-1.0292161335658403,0.960997727973162,-0.593811508360659,1.0063851529775245,-1.3281106512444631,1.4493933151434684,-1.0454283583265545,-1.0545255234574111,-0.3725218329365664,-0.8028182731358954,0.19402226133882136,0.22424178953278134,-1.199439060504441,-1.2049459170479067,0.13176723266059495,1.3772352611761738,0.919240196433819,-0.5342447887678768,-0.5153766561210612,0.35661256581061823,1.3281482814491246
2016-11-17,-0.7213170501756567,-0.6408354242620001,-0.6812762720497789,0.3123270045962156,1.0133601315469136,-0.9258317171432121,0.9689810328624009,-0.561130290730572,0.4841761537119682,-1.3861674471523378,0.790138008140814,-1.0595565604115944,-1.0462847786584089,-0.4228463442090784,-0.800670074532983,0.4172960789065108,0.16790830066694476,-1.2467228749009989,-1.2008961033489298,0.24557681271278228,1.4037929171247814,1.7088885559489388,-0.5812618058394468,-0.5648240879032516,1.708439863265682,1.2877557517956981
2016-11-18,-0.6988227055144063,-0.7162915598313181,-0.7065570087306557,0.33179020635848894,1.0000233322232754,-0.5877331825910668,0.9725076252215938,-0.3124037718206727,0.03506985804730268,-1.4206386697226387,0.40817123694015617,-1.0725074123228813,-1.073753927988417,-0.49032407235643166,-0.6202213918883491,0.5544884246408743,0.4817663100623214,-1.2818479941670133,-1.2469868402087099,0.2311502462272947,1.5007592423324858,1.8376005949897083,-0.6030289030631417,-0.5877164794750803,1.0021686019945837,0.5399057124842045
2016-11-21,-0.700915255004626,-0.7074447426311847,-0.689176505554295,-0.3914203916728064,1.0449313809962464,-0.8723431436201342,0.9845654603905013,-0.6786329892326407,-0.4215761783474996,-1.3825388974080959,0.8114121067899646,-1.044643458210719,-1.0015493068923955,-0.4518554609827069,-0.8780052242378261,0.4630268608179649,0.5649252698166524,-1.2079308475797412,-1.291341942626071,0.2129834588011234,1.5415221561140702,0.8433000933997652,-0.5655894087699975,-0.5483416106425213,0.6311758340563401,1.4295930679705935
2016-11-22,-0.8207107707455775,-0.7152505802644143,-0.7055034406142809,-0.4414713507144171,1.0566356490124156,-0.9744506009297144,1.0174070898990673,-0.6188837402066418,-0.04967027146314699,-1.3861674471523378,2.6756758764822894,-0.9433913432679324,-0.9450413425563782,-0.43659414302788496,-0.7229052851075575,0.4630268608179649,0.430797915374183,-1.2102467895093683,-1.2089957307468828,0.40373472677591693,1.4717311067607526,0.3381053401647455,-0.558624024726804,-0.5410162203009004,0.006921872583343055,1.5230163900860423
2016-11-23,-0.8541906732778006,-0.81464445832402,-0.8282196356113506,2.320204326789326,1.059901621701771,-1.2359788074443132,1.0328804822204851,-0.7115636818064689,0.5426910980741163,-1.4469456553683937,0.7218433164546204,-0.9606591458163145,-0.9752574068193874,-0.5106304540979716,-0.4887516373901159,0.5733187466044135,0.45494083917382705,-1.246336884579394,-1.211309910003441,0.3380137016753581,1.505082581672958,0.9185966362386152,-0.6509164298868816,-0.6380792942232384,2.5039984081468725,0.4292213873320974
2016-11-25,-0.7919387776136658,-0.8338984692646589,-0.8440202079561269,-0.6410645766294946,1.0822196041826198,-1.581246379332092,1.0713326338406908,-1.1105988543203946,-0.38305793766093155,-1.421545807158699,-0.4158374590329086,-0.9586968955267255,-0.9815360695233892,-0.5243782529167781,-0.6073322002708753,0.5840789305835792,0.642719135393284,-1.3412905036941145,-1.3025271423661013,0.382896352963544,1.5958727078228472,0.18815581468224923,-0.6413388200400669,-0.6280067312736067,-0.31253258744344814,0.6566031650280838
2016-11-28,-0.8196646790939702,-0.8167260531878332,-0.8218997542813967,-0.5820071163802436,1.0539134457880495,-0.7867355583227204,1.0624875939114171,-0.5795914365674151,0.1668514134175184,-1.3961459589490026,-0.09201183243589518,-1.0575943101220056,-1.0046886382443962,-0.4392428015159119,-0.812699986709292,0.45764676882838146,0.5273696105727605,-1.2646714248556103,-1.3229690591323633,0.54479448796736,1.5452278755487598,1.1148824957757884,-0.57255487988158,-0.5556670940486981,1.8003879098438706,2.3468267264098044
2016-11-29,-0.8991794149127316,-0.8354595743450203,-0.8261129207215786,-0.2417445538068535,1.065616832169627,-0.9239942920528937,1.0583559373299996,-0.6662839795174552,-0.583844511452616,-1.364396148686885,-0.9967654028273268,-1.0006890517239277,-1.0313729547364043,-0.4923420978711188,-0.8015293539741479,0.40653589492734504,0.45494083917382705,-1.2953576554231727,-1.266078819075313,0.622270493167206,1.5254640385637486,0.6495884746434073,-0.5873565059936924,-0.5712339091497941,0.18517382628638654,2.866362121424019
2016-11-30,-0.9101649727837035,-0.871366292157592,-0.8887877940280295,0.42361072290756663,1.0511920957584509,-0.032892394982752766,1.0835513924050886,0.36978546183942723,-0.05327623442103847,-1.4206386697226387,-2.084524571825656,-1.0654433112803612,-0.9167873603883697,-0.5155493912900216,-0.8475008040764713,0.667470356422114,0.40933753866338796,-1.331061760171594,-1.2963559976819465,0.7013494501987738,1.489642084028419,1.070476842306723,-0.6221838615516044,-0.6078615123097884,0.8431744393295414,5.441662181715039
2016-12-01,-0.8787776197417008,-0.9129973047781514,-0.9346090008841791,0.2922341110122217,1.0291457704914924,-0.7360677915863436,1.0898989332043267,-0.3258754187826933,-0.12129780839944584,-1.3535104994541576,2.964931092774433,-0.9159198392136879,-0.8430130736163475,-0.5570450409357772,-1.1967978969100126,0.8396333000887659,0.6829573417260237,-1.3096392973225408,-1.3320329278872154,0.4774705110350804,1.5612859930990797,0.42112460534604174,-0.6369854876637169,-0.62342823434633,0.47031626253971487,4.288942095617018
2016-12-02,-0.9101649727837035,-0.895824472392761,-0.8740408424675001,-0.24596158085534606,1.0321396309297493,-0.8222974325288597,1.0908837738385928,-0.6237485016095937,0.43615128340914083,-1.3435319876574927,1.1750057927936288,-0.8401769780355569,-0.8461524049683485,-0.5487206856876925,-1.2805776424235926,0.6728504484116963,0.7902592252799987,-1.2567586232627173,-1.3106267697640543,0.41121516865728064,1.4859363645937296,0.8008251205163113,-0.5751668444800345,-0.5584141735921531,1.3991844622510552,1.1550272540907505
2016-12-05,-0.9159193923350574,-0.9067525201867126,-0.9514626673344804,0.28286505996783323,1.0680660983879509,-0.966057982193154,1.1096488102793935,2.2811377433120383,0.3207604687566136,-1.260982480975982,0.8821243096862889,-0.822124275371339,-0.8186832556383402,-0.5105043275033037,-1.289170436835242,0.6970608623648189,0.5917507407051456,-1.2303182862328053,-1.2658859708039334,0.4202985623703662,1.5606683731932987,3.3280860070818172,-0.5786496671042146,-0.5620768222306861,0.656719797388716,1.5848232587907995
2016-12-06,-0.8949943159322914,-0.9109157099143382,-0.9051147290880148,-0.6052293875024853,1.0871181081794437,-1.1294841127961741,1.108828913756745,1.871499885689115,0.3756694501608702,-1.3018036655987062,0.7866326168861244,-0.8421392283251457,-0.8516462348343502,-0.3839993530513498,-0.7972329567683234,0.6728504484116963,0.685639888814874,-1.232055242680026,-1.2288591026990054,0.2941996849416519,1.3908228991033698,0.22934366717529542,-0.589968470592147,-0.5739808025641393,-0.016513923211285204,0.6903705592646859
2016-12-07,-0.9085956522127904,-0.88645752967917,-0.8745676265256875,-0.7258058305768041,1.166048009291874,-0.08531957323019418,1.127404066111113,3.1218683037196215,0.517449357368876,-1.270960992772649,1.0032416213138393,-0.8425316783830636,-0.8657732259183545,-0.39938679760083967,-0.6172139138442719,0.5437282406617073,0.6802747946371747,-1.203684954042091,-1.2363801852828191,0.27496426296099974,1.43899725175433,-0.1310500421388587,-0.5690720572574,-0.5520044454101649,0.6200025461062775,1.407132967633737
2016-12-08,-0.9698010900383113,-0.9192416730610256,-0.8908945615856736,-0.5204881335551758,1.181016486728214,-0.31163491365636786,1.2501677346884448,2.3655850117684083,-0.149653789841047,-1.3961459589490026,1.4336794922776186,-0.8837389344644301,-0.8747988035553571,-0.33544061410418907,-0.8221520605621061,0.7185812303231516,0.5434648931058573,-1.2197035523886801,-1.2028245860627282,0.3433568744477613,1.398234337972747,3.0281869561168246,-0.567330863616282,-0.5501731210908986,-0.2920993332934908,0.8335626116503757
2016-12-09,-0.9478299742963674,-0.951505742967994,-0.9577826013323056,0.3438879219636667,1.2180321995059291,-0.5520111752485645,1.2894518490992617,2.489075108920264,0.3771446168254622,-1.4442242430602124,0.5950448534832629,-0.8437090285568167,-0.8488993199013494,-0.36470198406715343,-0.7340759178427015,0.8719138520262631,0.7231955480587646,-1.3100252876441456,-1.2207594753010524,0.3006114922685359,1.5106411608249923,0.08904754462085684,-0.6361148037747689,-0.6225124791221414,1.7782777042434323,0.843990515378202
2016-12-12,-0.9671857301282202,-0.9587910908177718,-0.9535694348921238,-0.4863512041897768,1.2109560865046705,-0.26438126750680613,1.340761616471637,2.478971373698749,-0.0816322158626396,-1.3780032102277937,1.8928857466419537,-0.7769925187107947,-0.7354909748103152,-0.3736569722885779,-0.8934722541787947,0.901504357968968,0.9297516739001663,-1.2501967877954396,-1.3029128389088611,0.22046390068248833,1.5717855314973654,0.609044182345565,-0.6291493326631866,-0.6151871818450755,0.314771828572805,2.02953324546056
2016-12-13,-1.0519316042665996,-0.9754434334197104,-0.9646296353955531,-0.14194794084931478,1.2520531417709708,-0.09066966237585859,1.3814256357131238,3.1620337696619423,-0.19308925274292157,-1.3852603097162772,0.8202360227069418,-0.7817019194058079,-0.7806188629953288,-0.38412547964601773,-0.7173199687399855,0.8907441739898034,0.8734181850343297,-1.2380380926648964,-1.2493010194652678,0.2530572545941472,1.4884068442168552,0.5183021948218226,-0.6038994128153117,-0.5886318624410477,0.4526236261888295,0.8675795625573874
2016-12-14,-1.1298774380138823,-0.9655560009226682,-1.0457382113196327,0.8067877372097338,1.200886113065156,0.5667856708071848,1.3411446102804954,3.4116334508749357,1.3124002821767693,-1.467809816397786,1.6728922265200559,-0.783664169695397,-0.804948680973336,-0.3519631980056905,-0.7224756453869751,1.1436084975001979,0.8814658263008781,-1.2704612796796788,-1.2371515783683382,0.27389562840652004,1.49828876270936,2.4322502153580627,-0.7040282341810861,-0.6939363611228615,3.524210951914228,1.3133353105126737
2016-12-15,-1.0927352469210896,-1.1211515873023883,-1.125793219127338,1.0918473167456173,1.2261971027894933,0.2069131356875349,1.3670280032932711,2.7744744445601084,2.6507042617760375,-1.5784805835971725,0.6113630541516454,-0.848810879309748,-0.8559628154433515,-0.6177119329710611,0.1389519943808605,1.248520291297064,1.1738634589854597,-1.371783739100874,-1.2678144535177316,-0.01303274947153054,1.674928055762887,1.8665608037738814,-0.782389697117999,-0.7763485612974019,4.207212515439127,1.0638915347873887
2016-12-16,-1.0644869012079206,-1.0800410644652807,-1.100512482446462,0.2121487602315735,1.2141213537716662,0.6011219106234693,1.3709416101774479,5.47030068662668,2.366816632545672,-1.544916498462934,0.1646069825194835,-0.8350751272826257,-0.8308481646273439,-0.6091353245336405,-0.49390731403710547,1.2296899693335237,1.2275144007624472,-1.265636400659622,-1.3733024579624997,-0.1027980520479036,1.7552186435144885,-0.9856979813695671,-0.7745535421174689,-0.7681075087961474,1.5353912503489886,0.8171096968798054
2016-12-19,-1.1063365832015886,-1.074837311479316,-1.0552184809914775,-0.6423621234136461,1.2275362772961582,-0.5040677248192854,1.375864194351399,2.087919399384539,1.3633754858087805,-1.5893662328298999,0.15493693767896052,-0.7750302684212056,-0.794353437660333,-0.5904685885227839,-0.9256952332224794,1.0817374396199946,1.1792285531631579,-1.2978665925136021,-1.2739855982018864,-0.301029761904062,1.7163085894502506,-1.77084141951826,-0.7745535421174689,-0.7630565231215937,0.07789045796770323,0.0327887327356064
2016-12-20,-1.103197994372191,-1.1206310975189364,-1.1105194835086214,-0.2641653989741782,1.251354887173459,-0.5143798882032733,1.4118985031602158,1.8605229881645056,0.19537130226629645,-1.6029732943708084,0.5010036674091768,-0.7981848218383546,-0.8092652615823372,-0.6744689005716387,-0.5463233599481657,1.1274682215314498,1.0665615754314848,-1.2972876070311954,-1.299248721752644,-0.38491757443079205,1.750277684268237,0.05751309505586836,-0.7702002097411185,-0.7584649971565746,0.39190201271521863,0.020709001522688553
2016-12-21,-1.11679933065269,-1.1044992447004496,-1.08997906600122,-0.6710608052278216,1.2341081237501508,-0.9645962540766102,1.4207725120196042,1.5182433653516854,0.5664576721147646,-1.5685020718005076,0.7513369532182156,-0.739317313150688,-0.7645297898163238,-0.6245227690831304,-0.6404144587557249,1.0655971636512465,1.1363077997415691,-1.313692195699389,-1.2978987838529852,-0.49979578903746025,1.774364860593717,-0.49144375145301283,-0.7736828582285209,-0.7621380690253008,0.9954128832940742,0.2606636819469259
2016-12-22,-1.0990128953917502,-1.1154273445329717,-1.09998606706338,-0.7179823867311845,1.2234301921593234,-1.2045886067393212,1.3961491315204997,1.5388250482103278,-0.1726008268458109,-1.5576164225677802,-0.25277632790958976,-0.7805245692320546,-0.7888596077943313,-0.6505048475847282,-0.7027122182401818,1.105947853573117,1.0531488399872382,-1.3391675569252897,-1.314290886920271,-0.5371979984442825,1.735454806529479,-0.39233548139162044,-0.7754242260064165,-0.7639749772178862,0.4953299897944149,-0.02401511890998861
2016-12-23,-1.066056169466405,-1.1076214548611716,-1.0836587633282886,-0.7054839581485481,1.2324651834665215,-1.6145232768616675,1.4030993265840386,0.291076117089103,-0.9303447702245514,-1.5403808112826296,-1.347546279417298,-0.7746378183632879,-0.7853278600233301,-0.6903608514998003,-0.8608196354145277,1.0790473936252034,1.1094823288530749,-1.3988030616131928,-1.3401325552851684,-0.5404039021077239,1.750895304174018,-1.078370649478921,-0.7519157610048259,-0.7391797877483177,0.25948034360551386,-0.4833776472280797
2016-12-27,-1.0503622836956856,-1.0857653592732677,-1.060485162880162,-0.9578949708067359,1.2477964393178924,-1.4826988048231955,1.4198826154883495,0.2945687663014787,-0.6459654187726555,-1.5394736738465693,-1.7857201862534957,-0.7503059147723858,-0.7527572972463203,-0.6656400389448821,-0.7461058300190104,1.1274682215314498,1.1041172346753767,-1.3403255278901032,-1.3709882787059415,-0.35339285507361284,1.7459543449277666,-1.3242106440467905,-0.705769427822204,-0.6905078629054728,0.5060624790774939,-0.26976307918301834
2016-12-28,-0.9755555095896652,-1.07327579009039,-1.0578516112643306,-0.6896653363241123,1.1965994634757469,-1.042897251780233,1.37354129564302,0.6664111699476221,-0.2227564934419378,-1.5802948584692953,-1.2771967032024933,-0.7251891110656481,-0.7421620539333174,-0.6240182627044586,-0.7783288090626951,0.9956559677866685,1.1336252526527189,-1.3629059617039696,-1.340903948370688,-0.42766295661001746,1.7366900463410428,-0.5718887758534937,-0.6735542109995244,-0.656529156183089,0.5580894985545152,-0.05583953621268808
2016-12-29,-1.0111279616121087,-0.988973565860927,-1.012030404408181,-0.22745245761083122,1.195231195027519,-1.3790844536406617,1.35773399026266,0.4629643533267365,0.605959357244394,-1.5077238635844517,-2.0124827377637597,-0.7361777126873459,-0.7492255494753194,-0.5887028161974326,-0.7675878160481335,0.901504357968968,0.9914502569437023,-1.3418694891765213,-1.3632743478507483,-0.3341574330929619,1.7632477022896487,0.20617550014795694,-0.542080943768407,-0.5178603629730067,2.6392980453649266,-0.1575219957535947
2016-12-30,-0.966139272289607,-0.9842898863498495,-0.9925435550171544,0.032095062360190094,1.1727817352330383,-0.12103747459484099,1.3287858516988846,1.7087174848980324,0.5784229128386772,-1.4859525651189969,-1.0452365025904482,-0.7263664612394014,-0.75158004798932,-0.6415498593633037,-0.7272016823133821,0.8181129321304345,0.8975611088339738,-1.3503612762518216,-1.3426395828131061,-0.255078476061394,1.645282300285371,0.6013214600031188,-0.614347706551074,-0.5940823742515203,3.124719591897523,-0.22811088252657263
2017-01-03,-0.945737424806147,-0.9645153856257588,-1.0009702039047523,-0.2248001193314626,1.2195978972232975,-0.48301637635434186,1.3523745074945033,2.5478264581712984,-0.016888790027769943,-1.585737683085658,1.5139408644539594,-0.714592959501868,-0.7080218254803069,-0.6013154756642276,-0.3031472780984925,0.8234930241200167,0.7956243194576981,-1.2556006522979033,-1.347653637868982,0.027575363598733086,1.7163085894502506,1.477850445870758,-0.5412102598794591,-0.5169419088767142,1.2464157822088464,1.039827141569328
2017-01-04,-0.8557599938487144,-0.9530668480483553,-0.9356621476575763,-0.7253669544586352,1.256282485111846,-0.7421466918013522,1.3947652100932886,1.809754837113187,0.09489606166686579,-1.5113524133286933,0.8095989733823665,-0.7817019194058079,-0.7790491973193283,-0.5305584560555077,-0.7946551184448286,0.8046627021564763,0.8358625257904391,-1.1878593508563045,-1.2564364055063213,0.3332048461801948,1.7823939193688771,0.47904502291438794,-0.5272793176562943,-0.5022484115625873,0.4755483510652159,-0.03657613798726768
2017-01-05,-0.8991794149127316,-0.8635604545243623,-0.8587671068487841,0.1719820546339408,1.251354887173459,-0.7496483133432776,1.366871104733491,1.6838947279957908,0.49171589444210495,-1.4034030584374881,0.6531859980869072,-0.7455965140773724,-0.7511876315703199,-0.46535100661217754,-0.6679114008730024,0.5544884246408743,0.7848941311023006,-1.0861509011135044,-1.1887466622520007,0.3262587215760709,1.6236656035830166,2.0293815331604548,-0.41583169280258764,-0.38470117756601474,2.9042787338936136,0.15825037787124854
2017-01-06,-0.8510520844484023,-0.8927023142706088,-0.8851010429709295,-0.19451766717780794,1.2735309833645148,-0.8896436813141151,1.3763300618757195,1.7809404811110874,0.8911582457321743,-1.4705312287059693,0.23326430088719668,-0.7330381122240034,-0.7441241360283178,-0.5441801282796462,-0.516678219227976,0.7508617822606476,0.5568776285501039,-1.0909757801335613,-1.087501319777589,0.5421229015811584,1.558815513475954,0.600677899807915,-0.486357261944137,-0.45908665291016487,2.5435744623782264,-0.2022461161862719
2017-01-09,-0.8259419090651955,-0.8583566494998272,-0.8529736409019114,-0.6396716219935671,1.2529983109341225,-1.4089390186277115,1.3982877776167713,1.897694754781933,-0.059832530708113875,-1.433338593827487,0.6142640676038023,-0.7330381122240034,-0.7641373733973238,-0.47872042564698025,-0.7993811553712357,0.608289344536703,0.8063545078130956,-1.0645354431036493,-1.0903940438482864,0.5335738251453137,1.6458999201911537,0.14696796218920305,-0.4802624747215024,-0.4526583118171161,0.5235826289934726,0.08152358537129367
2017-01-10,-0.8076326633843851,-0.8370210436953758,-0.8287464723374101,-0.4984298382245993,1.2529983109341225,-1.0495304590057286,1.3771330598558005,2.051745532542076,-0.28307441928303156,-1.4514813425486979,1.419174425016834,-0.8083885233442167,-0.821430170571341,-0.43659414302788496,-0.711305012651831,0.6324997584898244,0.6105285703270915,-1.0660794043900679,-1.0655166168402879,0.6206675413354852,1.5971079476344092,0.2956303672812916,-0.46633135836156,-0.43796462837387873,0.8212367201640095,0.30768134701717625
2017-01-11,-0.7861843580623119,-0.7985122412355383,-0.8535004249600988,0.23149747257171582,1.2705193195954487,-0.8262042704583299,1.375951092902573,2.5100310041945186,1.5369534300091021,-1.4260814943390014,2.4698247969396565,-0.8468486290201591,-0.8037714317163356,-0.43482837070253366,-0.6425626573586372,0.6136694365262853,0.6400365883044337,-1.0718692592141361,-1.0674450995540863,0.499377519401933,1.6174894045252015,2.950959732692363,-0.4706848648746877,-0.44255652659711914,0.9971313592566624,0.7952318954405709
2017-01-12,-0.7704908907910285,-0.7600038030456958,-0.7671251144794626,-0.047360596598737474,1.254914643261002,-0.8782844935769849,1.3501256295108561,2.1375649131890224,1.1204647083726367,-1.3979602338211254,1.4028562243484515,-0.7864113201008215,-0.7759098659673275,-0.4096030517689436,-0.6502961723291215,0.5894590225731626,0.5863856465274474,-1.0602895495659994,-1.072844851152722,0.6217361758899661,1.5810498300840892,1.6277999713532543,-0.46633135836156,-0.43796462837387873,0.7316459881962116,0.5142786191633414
2017-01-13,-0.6846985588140361,-0.7922678209140944,-0.7997789845994332,-0.27553801490585944,1.269150197952454,-1.071168962304003,1.3826333500800647,1.6073059202672662,-0.22455947492088355,-1.3698389733032477,0.3809742358261853,-0.7565851156990702,-0.7861126928613305,-0.43230583880917467,-0.7319277192397892,0.6889907243804455,0.5917507407051456,-1.0334632222144828,-1.0630095893123501,0.44915169534134386,1.5563450338528264,0.5981036590270996,-0.4558832387625753,-0.42694485438036583,0.15220975205978662,-0.1707544411107851
2017-01-17,-0.7359644781077629,-0.706404127334276,-0.6781163050508663,0.07697491583554976,1.247248802036625,-1.1421346305688465,1.3521355385385694,2.581755050520091,0.4527059315340063,-1.3063393527790104,1.4524152041561318,-0.7793472190583012,-0.7755174495483271,-0.36974704785387147,-0.6004579647415559,0.492617366760671,0.6266238528601871,-1.0568156366715582,-1.0412177346464293,0.48922549113436764,1.5612859930990797,2.10725231678012,-0.40190075057942287,-0.3700078663809983,1.4454810990572895,-0.10431889035247989
2017-01-18,-0.7411960349268162,-0.7084857221980885,-0.7276242102962445,-0.4212067229972266,1.2609375442017507,-1.2338601228708959,1.3371610033877124,1.806636400316423,0.5810454313535074,-1.3816317599720356,1.747593322913096,-0.776600068652877,-0.8002396839453347,-0.3156387387413209,-0.784773404871432,0.769692104224188,0.5112743280396649,-1.116644136520264,-1.0578026859850946,0.467852800044755,1.4093514962768157,0.7165187349446074,-0.43237477376098454,-0.40214966491079734,0.9841693230927533,0.7053558431402289
2017-01-19,-0.7265482408077041,-0.7584426979653351,-0.7602780804162151,-0.43286556248423547,1.2379404186861767,-0.9912892161149559,1.3120065835107009,2.0809341009597873,-0.27733766003184057,-1.3516962245820368,1.5870705785604144,-0.8189846749079969,-0.8347723288173452,-0.39951292419550766,-0.5132411014633163,0.8826740360054288,0.7661163014803547,-1.1378736042085145,-1.1191284362838816,0.4710587037081964,1.536581196867817,1.5859685586650043,-0.4436937513856948,-0.4140880791297132,0.51350814351763,-0.1747176387099077
2017-01-20,-0.6878371476434336,-0.7168116853447757,-0.7402643942991298,0.6785405028526368,1.2606641521585005,0.2930565510950863,1.3454581095160978,3.7463040879036518,-0.34683440067483995,-1.3163178645756752,0.942441214379051,-0.7640416667995081,-0.741769637514317,-0.36772902233918425,-0.6305327451823283,0.8746038980210542,0.8895134675674266,-1.056429646349954,-1.1391846565073838,0.8760711998563566,1.5161997399770248,0.7602808282184689,-0.42279716391417016,-0.39204797275535574,0.38311478711469765,0.47080228208271185
2017-01-23,-0.7150398202044315,-0.6954760795403236,-0.6939168247277705,-0.445058685941189,1.2445101037134252,-0.8177541680317931,1.3344253427406392,2.3920293558049672,-0.6033494929066653,-1.2600753435399217,1.0912390293625984,-0.7499134647144678,-0.7786567809003283,-0.3501974256803392,-0.8865980186494754,0.6970608623648189,0.8009894136353962,-1.04677988830984,-1.0433390656316073,0.6976092292580914,1.4612315683624668,0.7422611427527612,-0.36272014971354977,-0.3286827367274948,1.3951406136104665,-0.23961425666735423
2017-01-24,-0.7647364712396746,-0.7032819171735534,-0.7076102081719243,-0.5546441444909299,1.2842085167977841,-0.397020776149587,1.3568159363597696,2.987900258930639,0.14111795049074743,-1.2909180163659808,0.47525717302128434,-0.7679661673786856,-0.774732616710327,-0.3093324090079234,-0.8857387392083105,0.8692238060314708,0.707100265525669,-0.9969871368228523,-1.0477745758733437,0.950875618670001,1.3661181028721072,0.04206765037097604,-0.3609786948672655,-0.32684592159946513,1.0936023834612913,-0.19704107706058765
2017-01-25,-0.8081558923036918,-0.7855025985777735,-0.7739718325354752,-0.38315807170901783,1.3381415744991767,-0.6252638731788992,1.4424083850892586,2.9602085401753744,-0.2970065488930668,-1.2754966799529512,0.7271618411169081,-0.7644341168574258,-0.7786567809003283,-0.39825165824882813,-0.6563111284172759,1.0037261057710432,0.8465927141458365,-1.0303752996416466,-0.9982125701287269,0.32038123152642667,1.398234337972747,-0.03001109149185479,-0.3923234019377748,-0.3599061742255567,0.653685313811655,0.024149318479048335
2017-01-27,-0.7830457692329142,-0.8318168744008457,-0.8197929867237534,-0.3814216488066973,1.3217149872056178,-1.1328982333829891,1.4746071366939284,2.59709775956017,-0.8644539925394435,-1.319946414319917,-0.8884609006134694,-0.7314683119923323,-0.7519724644083202,-0.4474410301693286,-0.5218338958749654,0.9257147719220918,0.9860851627660029,-1.0307612899632508,-1.0626238927695904,0.34015097078431866,1.4322034327907336,0.11800775340502995,-0.4140904991614697,-0.3828646416316513,0.15326383582866046,0.0720107227683023
2017-01-30,-0.7003920260853194,-0.7927879464275513,-0.7813452819818039,-0.19419328048177004,1.2828393667149631,-0.7217625647379208,1.3912885059229037,2.2746513947747693,-0.7552916593596379,-1.323574964064161,-1.3377553590162685,-0.7558002155832347,-0.777871948062328,-0.34275595659493013,-0.8337523330178326,0.9364749559012576,0.9029262030116731,-1.0166726432246846,-1.027718355649841,0.3390823362298378,1.4217038943924478,0.629638108592088,-0.4201851993157157,-0.3892928896601447,-0.286107026777105,-0.1332021040396386
2017-01-31,-0.7187016902655657,-0.7136894751840538,-0.694970024169039,0.32751593459893086,1.2822912743964863,-0.8009360827358288,1.3560161557765056,2.979043898427829,0.16226200601656562,-1.2301398081499229,-2.257618374471017,-0.7769925187107947,-0.7735553674533266,-0.32888203118145565,-0.5785463389918504,0.8719138520262631,0.9163389384559197,-0.9890743352299591,-1.0178830938094698,0.5084609131150186,1.4167629351461946,1.8652736833834738,-0.35227185597778743,-0.3176625904757607,1.5567635973112155,0.02992477285138289
2017-02-01,-0.6852217877333426,-0.7329439024332575,-0.7497446639709738,-0.3382400550929478,1.2847561540790515,-0.734482884134136,1.3812365508264117,3.6391545995668397,0.10718911720513219,-1.2564467937956798,1.0355153959690848,-0.7722831180157812,-0.7613904584643229,-0.2921791921330822,-0.6030358030650507,0.901504357968968,0.8546403554123838,-0.9720907610793589,-0.9908843358162934,0.6003634848003534,1.3167085104095817,0.8664682604271037,-0.3592373270893697,-0.3250091995359912,0.3881999427512042,0.08603343091512282
2017-02-02,-0.6700511308819299,-0.6746605472107594,-0.6712696396627251,-0.2892767455615818,1.288862267655712,-0.9286976896863232,1.375098206733684,2.6481153855552297,-0.41977319686855386,-1.2664253055923447,0.9884948029320417,-0.7385324130348524,-0.7425544703523174,-0.28852152088771166,-0.616354634403107,0.8934342199845946,0.8975611088339738,-0.9865653981395297,-0.9725637500352093,0.5613583235618105,1.3142380307864558,0.7686471107561189,-0.3130911680435253,-0.2763374608222572,0.40260256006590756,0.06394766558388049
2017-02-03,-0.5879206166536424,-0.6850681052212592,-0.6670561045474377,0.14311163868656873,1.3318448549177935,-0.7048069291837986,1.4299385913009655,2.6106941439940616,-0.7603727889821214,-1.242839732254771,0.5945613512412367,-0.7346079124556748,-0.7476558837993187,-0.32459372696274535,-0.7005640196372694,0.8746038980210542,0.8975611088339738,-0.959739070788013,-0.9870273703886968,0.453960550836506,1.3469718857928787,1.3375543233163194,-0.30264287430776304,-0.2653171284414126,-0.3567210567119349,0.1330986305892607
2017-02-06,-0.6004754950955281,-0.6137755236495611,-0.6128082488036902,-0.03009177542730869,1.3206205658378507,-1.1723361506846828,1.4458400333454418,1.831084944803053,-0.10605441953199551,-1.2736824050808304,0.4487854252703527,-0.730290961818579,-0.7519724644083202,-0.2685935189301756,-0.8354708919001624,0.7401015982814819,0.8841483733897272,-0.9211400386275577,-0.9582929779531016,0.7243250931201073,1.3315313881483397,-0.08278302749857022,-0.22428132430246148,-0.18266686913440525,0.9686615149173519,0.3400405286136104
2017-02-07,-0.5622872646635576,-0.6137755236495611,-0.5885810802391889,-0.016124065927324304,1.3208939578811,-1.1694393833076557,1.4729753933200531,1.805513763069588,-0.1506372342841083,-1.3362748881690072,1.2281910394165052,-0.7558002155832347,-0.7865051092803305,-0.23302581923381369,-0.7216163659458101,0.6863006783856531,0.7151479067922174,-0.9562651578935721,-0.922230351205073,0.6190645895037645,1.3636476232489796,0.6495884746434073,-0.2338587600124982,-0.19276846822529142,0.4496434438968317,1.1533160083507994
2017-02-08,-0.6093685034762796,-0.5695428426903021,-0.5564536255022994,0.177057752348416,1.3291078914239542,-1.300112128557671,1.4509975616396167,1.8147443359880095,0.5971083572568422,-1.3208535517559776,2.3481031075095733,-0.815060174328819,-0.8088728451633372,-0.22987265436711493,-0.7877808829155092,0.5329680566825417,0.6829573417260237,-0.9176661257331167,-0.9579072814103419,0.6794424418319202,1.4223215142982288,0.18043309233980306,-0.20947969819034878,-0.16705501078854118,-0.09335662996218776,0.5233993212842607
2017-02-09,-0.5931518072856897,-0.5700629161651892,-0.5885810802391889,-0.10080807516356843,1.3663396899963873,-1.0047075517465993,1.4701126022430355,2.37481558468683,-0.4846805301106004,-1.3589533240705203,0.5781222750123476,-0.7871962202166568,-0.7884671913753313,-0.26909802530884736,-0.66748176115242,0.6863006783856531,0.5005441396842674,-0.9275088789340327,-0.9185662340488565,0.7179132857932232,1.398234337972747,0.31107581196618395,-0.26694483486090337,-0.22766553597941233,1.167956813679004,0.10240910195437594
2017-02-10,-0.6350014892793577,-0.6075307390581223,-0.6164949998607903,0.06995289794484723,1.3912540579132588,-1.0034613874674672,1.5290347552029282,2.211658971480136,-0.10982428989706387,-1.372560385611429,0.8357080944517786,-0.7558002155832347,-0.75158004798932,-0.28057554542363083,-0.6511554517702864,0.7185812303231516,0.6910049829925722,-0.930982791828474,-0.9284014958892277,0.8306542312909296,1.453202509587307,0.37736251207218013,-0.2338587600124982,-0.19276846822529142,0.6764599116058079,0.47174703233497645
2017-02-13,-0.6282010303888259,-0.6548860464866687,-0.6438820827563327,-0.25771582819413075,1.4257493195892361,-1.2258781019198817,1.5777239178510385,2.2414712272572,-0.1971869379223437,-1.4115672953620322,0.22649526949883061,-0.7298985117606613,-0.758251127112322,-0.20969239922024294,-0.8135592661504569,0.7912124721825194,0.7527035660361081,-0.9828984900842862,-0.9465292333989321,0.7430261978235183,1.46617252760872,-0.314464697771955,-0.2634620122367233,-0.22399199878790874,0.17514725370912906,0.10817861450122457
2017-02-14,-0.6009987240148347,-0.6231424663631521,-0.631768735479507,-0.3405489251059234,1.4512100165553994,-0.9669469263988612,1.5987627722503068,2.764869659226075,-0.3858443635829386,-1.4306171815193036,0.4763450530658432,-0.7656114670311792,-0.768061537587325,-0.22646723631108026,-0.582842736197675,0.8880541279950112,0.7875766781911496,-0.9732487320441724,-0.9831704049611001,0.8082129056468373,1.4859363645937296,0.6032521405887303,-0.2660741509719554,-0.22674708188312015,0.3963834658295519,-0.012624639453439904
2017-02-15,-0.5680416319024829,-0.6273052918207835,-0.6386154008676482,-0.3085682131906586,1.4846108568636085,-0.5770576401668707,1.6490257486512332,3.1116398310262356,-0.21980616011275386,-1.4088458830538508,0.6883607861943096,-0.7620794165099191,-0.7763022823863275,-0.21839513425233148,-0.7826252062685196,0.9553052778647967,0.9029262030116731,-0.9385096030997625,-0.9742993844776277,0.8637819024798296,1.5310226177157829,0.9121610342865767,-0.2652034670830078,-0.225828720851383,-0.4883729252510378,0.05540332053509748
2017-02-16,-0.5889667083052489,-0.582031995564615,-0.5554000573859246,-0.4439901180012995,1.479136048241337,-0.6194190137016518,1.6740731540376879,2.734184241145917,-0.5802385484947246,-1.3426248502214322,1.1515559340553605,-0.7609020663361656,-0.7723781181963263,-0.17185442081985794,-0.6601778859025181,0.8208029781252255,0.9565771447886606,-0.9284738547380441,-0.9405509369861571,0.9401892731251946,1.4840835048763847,0.8471614545709882,-0.24169491501302837,-0.2010335313818135,0.08318962455122351,-0.2918013099103732
2017-02-17,-0.5853048382441154,-0.5794298588787794,-0.5664602578893533,-0.26092153201379925,1.4892650343189195,-0.7737688802551775,1.6640952279051013,2.5657886541206594,-0.45075169682498517,-1.3970530963850651,0.6638230474114826,-0.7408871133823591,-0.7731629510343266,-0.15583634329702828,-0.8698420695467594,0.7481717362658565,0.8439101670569863,-0.9616690223960358,-0.9295585855175066,0.7884431663889453,1.4297329531676077,-0.09436711101223946,-0.27739295445988804,-0.2386853099729252,0.19073172252226675,-0.2895552998766875
2017-02-21,-0.5769346402832345,-0.6002453912083444,-0.6112282653042336,-0.4844048840135494,1.5275934441256902,-0.5327069203611191,1.7179628381060783,2.5191368396410696,-0.6300664002764976,-1.4669026789617254,1.4489098129014424,-0.7444191639036193,-0.731566810620314,-0.20212480354016593,-0.7027122182401818,0.7777622422085626,0.7875766781911496,-0.9695818239889293,-0.9598357641241402,0.7895118009434262,1.5019944821440496,0.006028279439560623,-0.2921945805720007,-0.2542971683187889,0.19190718563422304,0.3884782899750006
2017-02-22,-0.5230529425799806,-0.599204775911435,-0.5864743126815448,-0.5053373666931709,1.5218443902654015,-1.083542326571432,1.7299184910590335,2.1904536012621403,-0.13686901208124994,-1.449667067676575,0.35764525264842356,-0.7134156093281145,-0.7343137255533149,-0.17866525693192722,-0.8784348639584086,0.7347215062918996,0.792941772368849,-0.967458877220104,-0.9702495707786514,0.680511076386401,1.536581196867817,0.6585983173762612,-0.3174445004198757,-0.2809289867872763,1.1103080141013222,-0.009267508053883294
2017-02-23,-0.4832957577641036,-0.5398804411220332,-0.5106324713140212,-0.22558246371602456,1.5262247490800804,-0.8269043396826858,1.7521723020577684,2.085424649947128,-0.15555445649941485,-1.4269886317750617,0.09691666863582261,-0.7263664612394014,-0.7201867344693106,-0.1850977132599927,-0.7405205136514385,0.6298097124950334,0.7366082835030112,-0.939474578903774,-0.9687067846076127,0.7259280449518279,1.5353459570562533,0.26280879732589546,-0.3139616777956956,-0.2772557287894382,0.0359890310583488,0.03394144687987894
2017-02-24,-0.5136366529674932,-0.5024130345376648,-0.4806117841347758,0.2105649898920944,1.5344382560255496,-0.667475378521956,1.7470389104191035,1.9660508893670006,1.3292827451159885,-1.4433171056241518,-0.6117767426140056,-0.7098835588068547,-0.7366682240673157,-0.11749385851797149,-0.8994872102669492,0.46571690681275607,0.6293063999490361,-0.8663294129597112,-0.939779543900638,0.7045553538622152,1.4970535228977981,0.46681737920551486,-0.33485826526722023,-0.29929602129290683,0.17633229940080236,-0.43739385979238304
2017-02-27,-0.5078822857285685,-0.4753527176166611,-0.48745844952291706,0.10647502360464246,1.5445676971403413,-1.1985056005464574,1.7638511682535292,1.5169959906329797,0.37403037608910134,-1.4206386697226387,-0.9220643064342868,-0.7228344107181413,-0.7343137255533149,-0.09189015980037764,-0.9029243280316089,0.6055992985419107,0.4871314042400196,-0.8628555000652699,-0.8786466418732308,0.8322571831226516,1.5112587807307734,-0.26233632196044343,-0.44717639987309726,-0.4177613371275506,2.1803914969093663,-0.49441161715547194
2017-02-28,-0.5167756602963267,-0.504494629401478,-0.5032589691998213,0.004255051211997175,1.5270458068444228,-0.36814343389213655,1.7665087833401603,2.54820067058691,0.9411500049211243,-1.4306171815193036,-2.2630577746938116,-0.7212646104864702,-0.748048300218319,-0.11547583300328429,-0.8092628689446323,0.6863006783856531,0.5917507407051456,-0.9001035661001097,-0.8639901732483638,0.6901287873767264,1.5168173598828074,0.15533424472685306,-0.4463057159841493,-0.41684316222492424,1.2456363990585275,-0.10617273990409345
2017-03-01,-0.5941978466248676,-0.5419620359858464,-0.5490801760559708,-0.0049422656991947285,1.6176647606663401,0.7034408257926055,1.8390456825596215,3.2169182572849895,0.12800535791659662,-1.4569241671650606,0.5580569319682624,-0.7247966610077303,-0.7398075554193165,-0.12014251700599844,-1.2599549358356346,0.8503934840679316,0.7312431893253131,-0.9165081547683033,-0.901595586167431,0.7686734271310534,1.5507864547007923,1.683146148140785,-0.434986825427828,-0.4049047480060084,0.6353346736535332,-0.24390425466820354
2017-03-02,-0.5978597166860011,-0.5825524853480668,-0.5870007280646267,0.43521231768350993,1.5763255687250959,-0.9166179028355598,1.8552440273006783,2.307457349876727,0.43074233897230363,-1.494116802043543,1.626355135725039,-0.7338230123398392,-0.7637449569783237,-0.24576460529527663,-1.2767108849383506,0.9149545879429261,0.8707356379454806,-1.0095318222750003,-0.9174091444205773,0.6692904135643548,1.5921669883881577,0.11414639223380686,-0.5264086337673467,-0.5013300505308504,1.85626712636714,0.18128683528024142
2017-03-03,-0.6391865882597986,-0.6142956491630187,-0.6286083998054881,0.3740558846951903,1.5804316538619307,-0.6758372024246003,1.8376327963218833,1.4905516465964208,-0.03852456777511879,-1.388888859460519,0.40055607662824433,-0.7789547690003835,-0.7814036958333291,-0.25497184670603695,-1.2865925985117472,0.9149545879429261,0.9136563913670707,-0.9838634658882977,-1.010554859497036,0.6457804533657804,1.6255184633003614,2.077004987605539,-0.5029000816973673,-0.4765350471903924,1.2090181677664984,-0.25298930583620716
2017-03-06,-0.6883603765627403,-0.6340705661956741,-0.6186017674184343,-0.7292977579518003,1.5609942844338995,-1.221579143105215,1.8204335239624752,1.6427313622785056,0.2758498391901471,-1.4269886317750617,0.1042900778267214,-0.7550153154673991,-0.774732616710327,-0.20780050030022368,-0.8986279308257843,0.9472351398804233,0.8895134675674266,-1.0610615302092083,-0.9804705291617823,0.7040210365849754,1.5464631153603217,0.6386479513249419,-0.5516585536152218,-0.5279620551284476,1.0089658452072006,-0.1814021923815912
2017-03-07,-0.7260253780754042,-0.691312889812698,-0.6717960023779348,-0.35476469502052493,1.541555151736683,-1.0221887524662203,1.8159639336059872,1.742646077246825,-0.22292040084911469,-1.4405956933159705,0.6520981180423484,-0.7554077655253167,-0.7649222062353241,-0.2685935189301756,-0.8041071922976427,1.0117962437554167,0.943164409344414,-1.1259079042387736,-1.0618524996840715,0.7237907758428662,1.583520309707215,-0.5204039602371859,-0.562977357103154,-0.5399004693473638,0.15908685010337864,-0.4608403031599059
2017-03-08,-0.7568895545105296,-0.7376271656357702,-0.7070837927888431,-0.20695885104937872,1.529509378295012,-0.7539636960693661,1.7889066191918195,2.0189395774401184,0.45090295005506054,-1.4632741292174836,2.7627062800469964,-0.7707133177841101,-0.7998472675263346,-0.333044208805498,-0.7581357421953193,1.1247781755366575,1.0129106336544973,-1.1735777089569357,-1.1270352154104544,0.6767708554457186,1.5859907893303424,1.4340883525968964,-0.5769082993263188,-0.5545936874678249,0.10018592677600435,2.79728245832447
2017-03-09,-0.7438114471493372,-0.7547999980211606,-0.7355240751256543,-0.4378458523469348,1.5377228852404827,-0.4970300787750269,1.764840029603919,1.7592361610056098,0.48597913519091396,-1.4306171815193036,3.4878387675257136,-0.8692182823214725,-0.8791153841643584,-0.40884629220093593,-0.621939950770679,1.2565904292814376,1.1202125172084723,-1.2312832620368166,-1.1744758901698928,0.4384653497965375,1.6341651419813041,0.1463244019939992,-0.5951927480626116,-0.5738788968760817,-0.2334731105846715,1.7547951186416249
2017-03-10,-0.74276535549773,-0.7704113610561962,-0.7502714480291612,-0.14807312493332433,1.5604466187128059,-0.6754799823511753,1.7856439398829635,2.2515749624787156,-0.19145017867115272,-1.3444391250935532,1.6411019541068366,-0.8951199861440456,-0.9097238648463676,-0.45374735990272613,-0.6154953549619421,1.1651288654585292,1.2623875129174889,-1.2027199782380797,-1.2323303715838423,0.4042690440531567,1.6088427258442588,-0.6774326478669246,-0.5438223115463026,-0.5196969919719252,1.2299720754144146,1.4818930158978454
2017-03-13,-0.7751988001913399,-0.7610443663040347,-0.7302573932369697,-0.5530031294403853,1.5637321295623319,-1.183284740636267,1.793080114290623,1.9251369985934563,-0.3071688081380337,-1.360767598942643,0.7396120238490814,-0.94025174280459,-0.9654469963443845,-0.46131495558280317,-1.103136437823036,1.3023212111928928,1.1845936473408574,-1.221054518514296,-1.203210282605488,0.5073922785605377,1.5266992783753122,-1.7450990117101062,-0.5203138465447121,-0.4949018025023567,0.2697911993810434,1.3307686264884244
2017-03-14,-0.6637734824112694,-0.7558406133180702,-0.7555381299178459,-0.6494795491561245,1.5388177616454595,-1.1294143111726314,1.7686096116351715,1.395751167974794,-0.29667873407871304,-1.4061244707456695,2.36986070840075,-0.9394668426887546,-0.9607379993163829,-0.5059637700952574,-0.8324634138560852,1.2377601073178972,1.2811653425394347,-1.2212475136750982,-1.2217237166579515,0.370607055587017,1.5273168982810932,-0.3994146435388628,-0.5777789832152667,-0.5555119554350066,1.1732975047746312,1.4851907290425426
2017-03-15,-0.638663359340492,-0.691312889812698,-0.7560649139760333,0.9194644101570123,1.5949423354259926,-0.38621178944508844,1.798801671608945,2.1413070373451393,0.7392160792792016,-1.287289466621739,1.3577696402795132,-0.9280857910091391,-0.9513200052603802,-0.5309368358395116,-0.8393376493854046,0.9633754158491713,1.222149306584749,-1.1448214299973967,-1.2219165649293318,0.4090778995483201,1.5625212329106417,1.221069927984423,-0.434986825427828,-0.4049047480060084,3.3905659067939817,0.9157202326444805
2017-03-16,-0.625062389246999,-0.6371927243178256,-0.6154414317444155,0.11763774226241687,1.5820741959880011,-0.7503668594679831,1.812767229470026,1.6145406936357587,-0.14211404911091027,-1.2591682061038612,0.7972696662106997,-0.9178820895032767,-0.9281674365393732,-0.4499635620626876,-0.6180731932854369,1.0629071176564542,0.9512120506109613,-1.145786405801408,-1.1453558011915383,0.635094107820974,1.4112043559941603,0.5028567501369302,-0.45327118709573183,-0.4241897712851548,0.5524229997485086,0.22255875510558693
2017-03-17,-0.5978597166860011,-0.6382337038847293,-0.6038543945149273,-0.7675563065139159,1.5706085949880553,-0.5315572465615903,1.8200054701198276,4.993928281553006,0.6766034497376315,-1.2845680543135556,0.057752987031704534,-0.9253386406037146,-0.9434716768803778,-0.4215850782623989,-0.9407326234428656,0.9660654618439625,1.0772917637868822,-1.1181880978066825,-1.1467057390911974,0.7328741695559519,1.3766176412703928,-0.3466427075321474,-0.4619780259852096,-0.43337310240885923,0.1649865250158331,-0.04751503870688487
2017-03-20,-0.543977966670318,-0.6210609235379094,-0.5880542961810015,-0.8978452688990162,1.5634595907138482,-1.2801817120472683,1.8095536309110836,1.4804479113749052,-0.3070049007308568,-1.2836609168774953,0.28620779638906,-0.9280857910091391,-0.9607379993163829,-0.40455798798222564,-0.9802594777364521,0.8638437140418885,0.9807200685883047,-1.0909757801335613,-1.1145000777707654,0.7948549737158294,1.382176220422427,-0.6098588273705207,-0.44282306749674716,-0.41316962503342064,0.049554769744431154,-0.2920746338827264
2017-03-21,-0.5288073098189059,-0.558614378587785,-0.5590868084430246,0.16455932376577972,1.4798698810606425,0.34726982970965287,1.7137981959980064,2.9237851983891705,0.23536470961745645,-1.2183470214811372,0.9203209868063547,-0.9622289460479856,-0.9650545799253845,-0.4178012804223604,-0.7946551184448286,0.7374115522866908,0.8680530908566315,-1.0919407559375727,-1.0917439817479453,0.8589730469846675,1.3902052791975872,0.33166973821270707,-0.41060767653728963,-0.37919119750470276,1.0106044663388134,0.3696902377884555
2017-03-22,-0.5371775077797861,-0.540400930905485,-0.5106324713140212,-0.2705958881838704,1.494992843629505,-0.3556756321340322,1.6831853244141155,2.372071360305678,-0.738081381606065,-1.2310469455859834,1.3578905158400196,-0.9520252445421234,-0.9799664038473888,-0.3726479595312343,-0.8969093719434544,0.7024409543544023,0.728560642236464,-1.1315047639020395,-1.0929010713762242,0.8782084689653183,1.306826591917077,0.09097822520646838,-0.4114783604262376,-0.3801095585364399,0.554738789846792,0.22337872702264674
2017-03-23,-0.527237989247992,-0.5351971779195205,-0.5295929053219666,-0.4778789869520813,1.4881189662279073,-0.2973481637082947,1.699527689888509,1.8102537870006694,-0.3628973265781747,-1.2437468696908316,1.264816334249986,-0.9528101446579589,-0.974080157562387,-0.35978304687510343,-0.7955143978859935,0.7427916442762742,0.7151479067922174,-1.129188821972412,-1.13224211873771,0.9925523662947467,1.3173261303153627,-0.3318408230424589,-0.4306333189147003,-0.4003130359118785,0.7515873365873611,-0.0048883826707448496
2017-03-24,-0.4921887661448551,-0.5372787727833336,-0.5259062069327379,-0.34841053209225337,1.4834443689778334,-0.04904736485506026,1.6628842920217575,1.9715393381293052,-1.032459084895751,-1.2292326707138623,-0.0028056687820706507,-0.9712552973800944,-0.9846754008753903,-0.3541073501150457,-0.8762866653554963,0.7427916442762742,0.7392908305918615,-1.1160651510378572,-1.1303136360239117,1.1325434929317089,1.3154732705980179,-0.37431579592591274,-0.4402109287615147,-0.4104145419382096,-0.2712955527278081,-0.1526081060767216
2017-03-27,-0.5178217519479332,-0.4920050602186004,-0.47955858469350654,-0.03547277826746661,1.4768451918514638,-0.56332930320714,1.6147390424584096,1.6771589045147806,-0.5499156781670007,-1.169361599933867,-0.24238102970602757,-0.9539874948317123,-0.9819284859423895,-0.2986116484611477,-0.8354708919001624,0.6351898044846168,0.642719135393284,-1.0996605623696638,-1.0888512576772478,0.9311058794121102,1.2864451350262847,0.19394785643908385,-0.39580605042517725,-0.36357924609428366,0.5605745808944662,0.22702700787101446
2017-03-28,-0.5026510950965212,-0.5050147028763652,-0.5053657367574645,-0.3039123100239971,1.5235893442033668,-0.4395463887985865,1.658941720327052,2.0549887068107107,-0.3609304376920521,-1.2165327466090161,-0.35249866532748303,-0.9630138461638214,-0.963877330668384,-0.2554763530847088,-0.8255891783267658,0.7481717362658565,0.642719135393284,-1.1531202219118946,-1.1002293056886576,0.9113361401542183,1.251858420302519,-0.1529310887757895,-0.4497885386083294,-0.420516420222762,0.9587275739440257,-0.05196546599585461
2017-03-29,-0.5476398367314521,-0.5247896199090207,-0.49114520058001704,-0.7240503261041286,1.5296391207792839,-1.086925652324331,1.7021684105521588,1.289724316884817,1.0522792269870525,-1.2582610686678006,-0.908163616976035,-0.9394668426887546,-0.9281674365393732,-0.2538367073540254,-0.8745681064731664,0.640569896474199,0.7580686602138063,-1.1436634590325827,-1.1534554285894916,0.8851545935694423,1.3142380307864558,-0.17931705677914722,-0.44108161265046264,-0.4113329960345018,-0.34271451935886893,0.2657261172609476
2017-03-30,-0.5345617293702598,-0.5419620359858464,-0.5295929053219666,-0.3455482965389779,1.5502607814239002,-1.193937700182258,1.7098186098213488,1.6961190002391058,-0.30225158592272716,-1.3417177127853719,-1.051884658418308,-0.8951199861440456,-0.8952044573433634,-0.25951240411408316,-0.7998107950918181,0.7508617822606476,0.6507667766598312,-1.1706827815449015,-1.1441987115632597,0.9642335506010089,1.3500599853217854,0.007958960025172162,-0.47242631972097227,-0.44439343478970383,0.021148809269900815,0.5874937928011051
2017-03-31,-0.5016050557573433,-0.5440436308496596,-0.522219455875638,-0.03524379942320457,1.5351378188550378,-0.8450281259366864,1.7168548959971686,2.106131070277641,0.03588939508318711,-1.3625818738147641,-2.2738156995788934,-0.8660786818581301,-0.8795078005833586,-0.2669538731994922,-0.8896054966935526,0.6647803104273217,0.728560642236464,-1.1660508976856472,-1.1717760143705755,0.9690424060961723,1.4105867360883793,-0.20377234419689338,-0.4497885386083294,-0.420516420222762,0.4003985667309895,0.04439905973513493
2017-04-03,-0.48748043824510845,-0.5289523933280816,-0.5111592553722086,-0.4960828050709134,1.523864897673362,-0.6025003319482287,1.6580027430458824,1.8803562461919248,-0.3414254562380027,-1.3453462625296135,0.31642668651569433,-0.8527353798889258,-0.8814698826783591,-0.24689974464728817,-0.8255891783267658,0.4872372747710875,0.6802747946371747,-1.130346792937226,-1.1532625803181114,1.01552800921608,1.4186157948635394,-0.6111459477609283,-0.41583169280258764,-0.38470117756601474,0.11349932419620479,-0.11213833269197812
2017-04-04,-0.48748043824510845,-0.5081372773070814,-0.4737651187466346,-0.7667357989886436,1.527988786141006,-1.1995156710989003,1.6940410766904108,1.2781237320008547,-0.7916791037529065,-1.3426248502214322,1.0460315697331535,-0.8696107323793901,-0.8622414781473533,-0.20262930991883774,-0.9158135196490828,0.5975291605575361,0.4924964984177189,-1.1286098364900052,-1.1314707256521905,1.0614792950587468,1.4105867360883793,-0.82223369178779,-0.39406459557889273,-0.36174261709536476,-0.2396315151494859,0.3388165125635066
2017-04-05,-0.5104980641380948,-0.5154226771954297,-0.5253793702066785,-0.11439415325644942,1.5087414800672914,-0.12509623370496323,1.7081506594044162,1.8717493606328561,0.13734808012567906,-1.3526033620180973,1.6614090482719348,-0.8335053270509546,-0.8402661586833469,-0.23239518626047392,-0.7645803380040562,0.5302780106877505,0.5863856465274474,-1.1201180494147054,-1.1301207877525317,1.0710970060490723,1.419851034675103,-0.14070344506691643,-0.3914526309804382,-0.35898772012926417,0.6940120034541767,0.6122830887284506
2017-04-06,-0.4958506362059894,-0.5263507249893813,-0.4948319516371178,-0.777001683839725,1.5268895868825407,-0.9394101859112184,1.6968708781211865,1.4568725291913691,-0.5474570670593475,-1.3698389733032477,0.28886705872020385,-0.8484184292518302,-0.8426206571973474,-0.26052141687142677,-0.8354708919001624,0.5356581026773339,0.5085917809508146,-1.140961526781351,-1.1210569189976798,1.0326261620877706,1.414292455523069,-0.6825811294285553,-0.3888405793135947,-0.3562326370340531,-0.2754160620061331,0.19236833981152118
2017-04-07,-0.4958506362059894,-0.4613025117005573,-0.4864053027495199,0.6956375898908691,1.5202895281215774,-0.8310842251395442,1.694720165756952,1.0578373566774435,-0.10359580842434224,-1.4188243948505157,1.2354435730468973,-0.8119205738654769,-0.7974927690123338,-0.36444973087781757,-0.5248413739190427,0.6459499884637825,0.5515125343724058,-1.1529272267510924,-1.1413059874925622,1.0283516238698471,1.4482615503410536,0.5414703618491611,-0.3897112632025427,-0.35715109113034565,0.3090861646073643,0.03145776382675564
2017-04-10,-0.4053499763292495,-0.5123001027647127,-0.5016790383682367,-0.7788716777345317,1.5241395979485879,-0.9706258825573533,1.6979788243496838,1.1919301389382968,-0.7534886778806922,-1.413381570234153,1.007230514810555,-0.7891584705062457,-0.7892520242133313,-0.37983717542730744,-0.8217224208415237,0.6029092525471196,0.6480842295709821,-1.1953861621275934,-1.1565410009315686,0.8819486899060008,1.5069354413903027,-0.44446385720313203,-0.37665100486832587,-0.3433762340416217,-0.0030855348344803516,0.20696146320499204
2017-04-11,-0.3619309214522383,-0.4233141469856019,-0.4258371443328409,0.7155205862009562,1.516439884891951,-0.5512002446221111,1.655835939577975,1.49928326962736,-0.4958262337986286,-1.4079387456177903,1.5091058420336978,-0.7569775657569882,-0.7786567809003283,-0.3401072981069032,-0.7087271743283363,0.41998612490130194,0.5649252698166524,-1.0954146688320137,-1.1966534413785734,1.0219398165429643,1.4797601655359143,-0.27778176664533577,-0.31483236168464324,-0.27817390369206524,1.4029088915677426,0.34853139723301996
2017-04-12,-0.3315896600618429,-0.3806425711067042,-0.3810695582609383,0.15207997675349857,1.4881189662279073,-0.6780934372561757,1.6725073899562934,1.6558287968249146,0.015892691407607105,-1.349881949709916,1.9093248228708428,-0.7444191639036193,-0.7645297898163238,-0.23504384474850087,-0.9046428869139388,0.27472364118256504,0.42275027410763455,-1.078624089842216,-1.0959866437183017,0.9492726668382803,1.4420853512832383,-0.4084244862717166,-0.2965480870851284,-0.2588888804129192,0.6359543471419015,0.42125339935545064
2017-04-13,-0.3504221346619598,-0.3582659336967779,-0.33419515196351945,0.22651718270901647,1.446324111401305,-0.45193617697743715,1.631402447284891,1.258415211445306,2.0204802811809137,-1.3970530963850651,1.32646287010832,-0.7683586174366036,-0.7814036958333291,-0.21650323533231222,-0.7955143978859935,0.2424430892450678,0.2832578254874682,-1.0784310946814133,-1.0792088441082563,0.944998128620358,1.3722943019299223,-0.3833256386587666,-0.29916005168358295,-0.26164387044357484,0.4774201483032767,-0.07805007987913516
2017-04-17,-0.32008082095913504,-0.3364098381088747,-0.3363019195211635,-0.04501356344505157,1.502967683558751,-0.9544052170393584,1.644379143795582,1.1764626924263473,-0.4435397709092022,-1.3707461107393082,-0.6841812033574214,-0.7636492167415901,-0.7884671913753313,-0.19998065143081079,-0.9231173948989846,0.28548382516173076,0.15449556522269817,-1.049095830239467,-1.0468103345164446,0.8664534888660311,1.4186157948635394,-0.8846590307225631,-0.3052550130429952,-0.26807221153662364,-0.0011434653451612862,-0.227570176407352
2017-04-18,-0.37710121211664516,-0.33849143297268713,-0.3499953029653181,0.4194509405701396,1.4837190692530602,-0.6501440459940592,1.6351221452469213,1.5998216719550324,-0.02557588260814486,-1.2881966040577995,1.9041271737690617,-0.7703208677261925,-0.8006321003643347,-0.3011341803545067,-0.5415973230217587,0.08104032955758166,0.30203565510941294,-1.0635704672996378,-1.0502816034012814,0.6773051727229595,1.398234337972747,-0.14263412565252795,-0.3226686037535624,-0.28643896684858794,0.31199926884134294,-0.24835468195717328
2017-04-19,-0.365069562594066,-0.378560976242891,-0.37369605614673757,-0.0444220347640413,1.471896349363372,-0.9483591646471935,1.6010414183637913,1.9941168205378768,1.9209884850245442,-1.3090607650871917,2.6573027912852956,-0.7663963671470145,-0.7892520242133313,-0.29180081234907834,-0.8449229657529765,0.19940235332840484,0.10620971762340882,-1.101204523656082,-1.0639738306692494,0.7221878240111455,1.3012680127650427,-0.7044621760654861,-0.39928887304935734,-0.3672529694148977,2.160197807252335,1.8882901118342592
2017-04-20,-0.3467602646008263,-0.3832446557539685,-0.3621090715851215,0.588055696228421,1.5241395979485879,-0.4582634888527011,1.6122174066728656,2.2142784583894177,0.13456165420367203,-1.303617940470827,2.2516444102253566,-0.8562674304101856,-0.8771533020693579,-0.35536861606172515,-0.6889637471815431,0.2532032732242335,0.1732733948446429,-1.0645354431036493,-1.1031220297593551,1.0149936919388391,1.3315313881483397,-0.41421652802855125,-0.38274579209096043,-0.3498043890055597,0.1513249605325804,0.6342856685028898
2017-04-21,-0.39017931947783746,-0.3603475285605911,-0.3499953029653181,1.3171052547883983,1.5035166290719957,-0.09247013366547782,1.6528572851392562,2.927277847601546,0.25650876514327464,-1.2936394286741622,1.606531543801967,-0.852342929831008,-0.877938134907358,-0.36798127552852017,-0.7645803380040562,0.2801037331721473,0.26984509004322166,-1.0840279543446796,-1.0666737064685672,0.8851545935694423,1.3377075872061548,-0.36401883280265124,-0.38013365335572796,-0.34704930591034866,0.26778205183370507,1.1872616573519799
2017-04-24,-0.45452376463219196,-0.4175899042161854,-0.4063498735988368,0.4480542145325393,1.5744578116202983,0.08860554274923728,1.7427712745365989,2.587991924113619,0.028349654353050383,-1.1666401876256856,0.6250219924888841,-0.8927652857965389,-0.9057997006563664,-0.40581925392890517,-0.795084758165411,0.35273497503151635,0.4603059333515264,-1.1156791607162526,-1.0925153748334644,0.9353804176300325,1.267298917947058,0.0954831465728953,-0.41583169280258764,-0.38470117756601474,0.8025730490684646,0.5439105028617287
2017-04-25,-0.42365964050949584,-0.4508945373814928,-0.4384773283357262,0.31280404385509486,1.6124034782544838,-0.784152898251636,1.8193094866303052,2.6600901828548036,0.6574262830979359,-1.1140262163341736,0.6912617996464665,-0.9108179884607567,-0.921103940997371,-0.464089740665498,-0.7383723150485261,0.5168277807137936,0.3422738614421539,-1.1523482412686852,-1.115657167399044,0.9476697150065596,1.2407412619984504,-0.14327768584773182,-0.5011588880562494,-0.47469841819147357,2.7408701961722572,0.29774067297919715
2017-04-26,-0.4472000768223535,-0.44621127417898004,-0.44795754533969895,0.2009860415737991,1.6082787081522467,-0.6198275584982701,1.845217016298591,2.4152305255728916,0.8454280791298233,-1.134890377363566,-0.1089344109068104,-0.9049312375919901,-0.9061921170753667,-0.5385044315195885,-0.6369773409910652,0.43612640087005117,0.513956875128514,-1.1720337476705176,-1.154033973403631,1.0379693348601737,1.2110955065209346,0.2718186400587493,-0.49767606543206927,-0.47102506712908077,1.0004916505441026,0.48267404940362174
2017-04-27,-0.4273214582582,-0.4649452116447318,-0.4426908634510144,-0.08367282498462583,1.6137778043855595,-1.1801334026322015,1.8301934003978206,2.1300806648767887,0.5974361720711959,-1.1621045004453834,-0.34379562497101235,-0.9100330883449212,-0.9360157649193757,-0.5540180026637463,-0.7405205136514385,0.4253662168908842,0.45762338626267735,-1.1863153895698861,-1.1723545591847149,1.1223914646641435,1.2271536240712562,0.7364691009959266,-0.5368569275031091,-0.5123503829116951,0.886251329350852,0.9103250551032462
2017-04-28,-0.4848650783350167,-0.45609870667602215,-0.4268907124492157,0.04249451820375771,1.5994797958371454,-1.265597278704674,1.8264648535646446,2.4331927215222526,0.7711780236786943,-1.1403332019799306,-2.3253086883546783,-0.9072859379394969,-0.9226736066733715,-0.5823964864640351,-0.5523383160363202,0.3957757109481793,0.40933753866338796,-1.1863153895698861,-1.1864324829954425,1.26772576407351,1.253711280019862,-0.1555053295566049,-0.5002881170989127,-0.4737801502242918,0.7135924080093179,-0.17144369286715425
2017-05-01,-0.48591111767419465,-0.45713932197293167,-0.4753451022460913,0.11950773615722352,1.6159771129769072,-0.9856701854197588,1.814777941817048,1.9114158766876945,0.5618682647138118,-1.1385189271078078,-1.136739301893897,-0.9127802387503458,-0.941117178366377,-0.6921266238251516,-1.178323388924967,0.4845472287762964,0.3744644265083464,-1.2378450975040942,-1.1779471590547301,1.1384209829813532,1.23641792265798,-0.7121848984079323,-0.547304960033705,-0.5233701569052076,0.7309368772971511,-0.15253086234540436
2017-05-02,-0.5732728225345303,-0.5143816455899555,-0.4811385681929632,-0.7259966462803559,1.6184524016356334,-1.180843736801196,1.8171177390679931,2.5432111717120875,0.46712978336557215,-1.110397666589932,1.794855667071152,-0.9273008908933034,-0.9419020112043773,-0.6725770016516194,-1.2621031344385467,0.39039561895859587,0.4764012158846221,-1.262162487765181,-1.2388872128107569,1.1288032719910277,1.23641792265798,-0.5731758962439014,-0.5429516276573549,-0.5187785378756331,-0.011898313980913412,1.5129628213638302
2017-05-03,-0.6355247181986643,-0.5305139147170077,-0.5506601595554267,0.4017814064212522,1.6104784433409787,-0.8572516220123909,1.8048080612362973,2.195318362665092,1.197337282338596,-1.151218851212656,1.7118141570031609,-0.9532025947158769,-0.9831057351993896,-0.7453520467750265,-1.2810072821441751,0.4845472287762964,0.4039724444856898,-1.3762226277993264,-1.2622218536477163,0.9749198961458153,1.2166540856729686,-0.10080271296427792,-0.562977357103154,-0.5399004693473638,0.7373731766737595,1.0610335167286513
2017-05-04,-0.6240159314083857,-0.6377132141012775,-0.6186017674184343,0.7062851061490539,1.6181777013604066,-1.0969380793248702,1.7940021930292236,1.7437687144936602,0.0009771173545105487,-1.0614122450426617,3.9406386171832026,-0.9740024477855188,-1.0023341397303955,-0.8215325099544682,-1.282725841026505,0.5652486086200389,0.48981395132886985,-1.3534491988246578,-1.3771594233900963,0.9888121453540643,1.2734751170048733,0.16884900882613382,-0.5986753965500137,-0.577552061809364,0.8393350190562494,3.063612902080799
2017-05-05,-0.6376172676888847,-0.6486412618952299,-0.6159682158026029,-0.3011645638928526,1.644024213000317,-1.0858806809601163,1.817504753592977,1.572129953199768,0.21274548742704627,-1.0487123209378135,3.80598324277892,-1.0556320598324167,-1.0439302801444081,-0.8103072430290207,-1.2900297162764067,0.5598685166304566,0.5380997989281581,-1.316587123111423,-1.3551747204527953,1.1191855610007009,1.199360728311085,-0.24174239571392034,-0.5594947086157519,-0.536227118284971,0.4503110302837851,1.0040930030968795
2017-05-08,-0.6742358113629348,-0.6449986139896258,-0.6159682158026029,-0.6234141240509623,1.6429241321072587,-1.3654074414041244,1.8447149417312132,1.7616061729711505,0.8752592272360165,-1.1158404912062945,2.2379854718881176,-1.0238436051410766,-1.033727453250405,-0.7683070870045934,-0.8251595386061834,0.6647803104273217,0.5863856465274474,-1.2970946118703928,-1.2793853498005214,1.0374350175829326,1.167244493210445,0.049790372713422196,-0.5603652183679219,-0.5371453862521528,-0.5721789732629857,0.7043516746331049
2017-05-09,-0.6747590402822413,-0.6918333795961499,-0.6749563380519538,-0.3633514016803514,1.6368756353234943,-1.304279696080963,1.8311154791364215,1.7223138693319238,0.00540261734828645,-1.1611973630093229,1.4183282960932884,-1.016387054040639,-1.0392212831164065,-0.7942891655061911,-0.7551282641512421,0.6889907243804455,0.6614969650152287,-1.3447644165885553,-1.2977059355816054,0.9086645537680167,1.2475350809620467,0.058800215446276054,-0.5621066732142064,-0.5389820152510716,-0.059268199715455744,0.10379354729260018
2017-05-10,-0.650695375050077,-0.6783032471549332,-0.6591558183750496,-0.8424514701579578,1.6486983552131815,-1.2441148025649074,1.8089155770426186,1.8512924152460841,-0.04770338257702437,-1.1666401876256856,1.8438102690762996,-1.0289454558940079,-0.9999796412163947,-0.7753701763059986,-0.7224756453869751,0.7212712763179427,0.664179512104079,-1.3318337408148027,-1.3449537620696643,0.9695767233734122,1.2870627549320675,-0.48114678832975133,-0.5264086337673467,-0.5013300505308504,0.13220771399709585,0.8742938253565006
2017-05-11,-0.6334321687084447,-0.6600898515112038,-0.6417753678665609,-0.46389219588174174,1.6352257272825983,-1.0785515104881203,1.7737961047398751,1.9054284780379076,0.29863296878773415,-1.1729901496781088,1.2089718252959658,-0.9818514489438745,-0.9834981516183899,-0.7765053156580102,-0.7138828509753258,0.6755404944064874,0.6910049829925722,-1.298445577996009,-1.3320329278872154,0.9631649160465293,1.3148556506922369,-0.6703534857196822,-0.4880984555852549,-0.4609231888445284,0.6983209701336034,0.04092903365134544
2017-05-12,-0.6172154725178539,-0.6439575823841516,-0.6133346641867721,-0.624158305294814,1.6242270797787657,-1.2519387433684863,1.8029791874238728,1.9156569507312937,0.020318191401383006,-1.1094905291538715,1.0780635932673859,-0.9649760964534101,-0.9893843979033916,-0.7472439456950457,-0.8328930535766677,0.49530741275546214,0.6614969650152287,-1.287251858669477,-1.2996344182954038,1.0117877882753976,1.3105323113517664,-0.2616927617652396,-0.45762469360885955,-0.42878148337928473,0.005724050118713698,0.04469615100943197
2017-05-15,-0.5905359765637334,-0.6241830816600609,-0.5996412807426175,-0.703327740698414,1.6605219567374625,-1.0875723438365659,1.8251798969565702,2.2233842938359687,2.132920762504257,-1.0695764819672078,1.4003178375778143,-0.9637987462796567,-0.9269901872823727,-0.7298384756308687,-0.6670521214318375,0.5410381946669163,0.4924964984177189,-1.2488458216698237,-1.280156742886041,0.9428608595113963,1.2524760402083,-0.6600565225964207,-0.45065922249727736,-0.4214348743190542,-0.02080691892451682,1.0712593983899557
2017-05-16,-0.4785874298643562,-0.6049286544108572,-0.5780472424509693,-0.7179823867311845,1.6544730333563138,-1.3067720246392274,1.8289905141859,2.203551035808549,0.9118105790364618,-0.972512776308728,1.5156331223010509,-0.9257310906616324,-0.9379778470143761,-0.6858202940917542,-0.8689827901055944,0.49530741275546214,0.5300521576616096,-1.2023339879164752,-1.2489153229225083,0.8947723045597678,1.2154188458614068,0.2615216769354878,-0.4367282802741126,-0.4067413770049273,-0.3874332247050316,-0.11042708695202715
2017-05-17,-0.5298537676575191,-0.4951276346493166,-0.47955858469350654,0.9982331325831537,1.5373379806411531,1.175954704410018,1.6923023229455634,3.5958706968277547,3.3777975200127,-0.9026631937320676,1.3995925842147752,-0.9496705441946167,-0.9336612664053748,-0.6443246444459986,-0.5716721034625311,0.21823267529194518,0.4173851799299364,-1.1876663556955023,-1.2028245860627282,0.7312712177242311,1.1203053803710452,0.0388498493949568,-0.40103006669047525,-0.3690894122847061,0.7434900567264667,0.4973503583538958
2017-05-18,-0.498989225035387,-0.504494629401478,-0.5169527213190813,0.31209802575195356,1.5634595907138482,-0.16108307661914267,1.6726803796197465,3.5882617110436503,4.705447518145471,-0.9534628901514566,1.7903832713324102,-0.9194518897349477,-0.927382603701373,-0.6907392312838042,-0.10336480802764784,0.23168290526590204,0.2510672604212757,-1.2411260152377326,-1.1877824208951013,0.6051723402955167,1.0486614713003846,1.12517945889905,-0.4637193937631055,-0.43520973140777813,1.0355543097287332,0.15498237385398103
2017-05-19,-0.4728330103130023,-0.5195854506144906,-0.50009905486878,-0.3660228215300752,1.6058042726882882,0.002410802618492577,1.7280847890915905,2.872143885034758,2.6071048914669857,-0.8591205968011602,1.4226798162715237,-0.9041463374761547,-0.8893182110583616,-0.6570634305074615,-0.6739263569611569,0.2505132272294412,0.23765452497702794,-1.2162296394942391,-1.2415870886100746,0.5554808335121663,1.0863362855530605,-0.1516439683853818,-0.4454349450268127,-0.4159247081286321,-0.18310068320545825,0.36154993687271647
2017-05-22,-0.5125906136283153,-0.48888290209644825,-0.4632312809584157,-0.6817846477674271,1.6390749154750157,-1.1062196422671375,1.7990325950130417,1.7612319605555389,0.38714296866325215,-0.8309993362832843,1.9768942611939972,-0.857444780583939,-0.8736215542983566,-0.6173335531870573,-0.5910058908887418,0.2962440091408953,0.2752101842209198,-1.1795605589418066,-1.2105385169179215,0.5383826806404771,1.0017223584609867,-0.28486092879257807,-0.41931451542676773,-0.38837443556385215,-0.1233564928629849,0.34526339321575245
2017-05-23,-0.48800366716441507,-0.48628081744918317,-0.4948319516371178,-0.07634550196824058,1.653648079335867,-1.3663107565323256,1.813888045285793,1.3724252607349992,1.9580315590465203,-0.8808918952666128,1.3629672893812943,-0.8389996278618035,-0.8437979064543478,-0.549855825039704,-0.41786108349400974,0.376945388984639,0.24570216624357635,-1.200790026630057,-1.181225579668187,0.6837169800498424,0.9770175622297239,0.3393924605551532,-0.46459016472044207,-0.4361281855040706,0.44789622019509234,0.44965532517824813
2017-05-24,-0.4948041783673762,-0.5096983823874427,-0.49799228731113593,-0.32066592879583633,1.6690466238145467,-1.395340019970428,1.8292785638917473,1.849296615696155,0.6977475052634496,-0.8482349475684348,1.6447282209220326,-0.8233016255450925,-0.8398737422643465,-0.5734414982426107,-0.6468590545644618,0.2962440091408953,0.37714697359719546,-1.1776306073337837,-1.2014746481630694,0.5704417172748961,1.037544312996316,0.19845277780551077,-0.43585759638516464,-0.40582301597319015,0.3731968171075666,0.8041565173204542
2017-05-25,-0.4393531077807792,-0.5117799772512559,-0.47850501657713174,-0.8778287015964429,1.7006669035231703,-1.043375598200394,1.8778196809708092,1.6720446681680874,-0.34781784511790126,-0.8554920470569184,3.0089297967988125,-0.8299732765296948,-0.8347723288173452,-0.5376215453569129,-0.8041071922976427,0.30431414712526994,0.3074007492871123,-1.1809115250674225,-1.1783328555974895,0.648452039751982,0.9856642409106666,-0.48114678832975133,-0.4584953774978075,-0.42969993747557694,-0.06437571470463532,3.8698889113955497
2017-05-26,-0.4602781841835459,-0.45505772710911846,-0.4237303767751976,-0.3652023140048029,1.6992925773920957,-1.401453820997208,1.8774407078780766,0.9115203021732751,0.13931496901180168,-0.8808918952666128,0.6074950362154362,-0.9280857910091391,-0.9160025275503697,-0.5325764815701949,-0.6670521214318375,0.29086391715131305,0.30203565510941294,-1.1330487251884576,-1.1823826692964663,0.8429435286674579,1.0165452361997447,-0.29837569289185883,-0.4384694739152305,-0.40857791293929074,-0.35402196342497005,0.7570556666934007
2017-05-30,-0.4351680088003391,-0.4789954175608356,-0.4437444315673892,-0.8010444624872392,1.6935183258463475,-1.6360693956581942,1.860595464516998,1.345731441754699,0.5499030239898992,-0.879077620394492,-0.9472064230196465,-0.8821691342327591,-0.9022679528853654,-0.5161800242633614,-0.5312859697277796,0.17788198537007335,0.2752101842209198,-1.2125627314389957,-1.1553839113032898,1.0133907401071185,1.0739838874374283,-0.0480307769575625,-0.4689434970967922,-0.44071989759820057,-0.2662615041831258,-0.16236458352463656
2017-05-31,-0.4299368704807211,-0.4321606519543115,-0.4274171278322976,0.3158380135415669,1.691867991208069,-0.47419878890974143,1.8329821666305188,2.9519758670319174,2.795106687498873,-0.8264636491029801,-2.1019306525385972,-0.8939426359702922,-0.9258129380253726,-0.5180719231833806,-0.7229052851075575,0.17250189338048988,0.2081465069996857,-1.179367563781004,-1.2151668754310376,1.1555191358530434,1.0418676523367882,-0.0950106712074433,-0.4602365711389254,-0.43153638034538533,-0.08237818779970482,0.86933240107574
2017-06-01,-0.38337880827487636,-0.4576598117563835,-0.4379509129526451,-0.000572586087860816,1.7446614935385056,-0.9429782806676131,1.854259989985721,1.768840946339643,-0.37961588211021696,-0.8536777721847975,2.98983145823878,-0.9324027416462346,-0.9454337589753785,-0.5908469683067877,-0.3727489128328513,0.19133221534403022,0.18936867737773977,-1.2480738410266148,-1.1808398831254276,1.2319265064984086,0.9924580598742628,-0.793273483003617,-0.4680728132078442,-0.43980144350190803,-0.5489444116424151,0.6831868922521834
2017-06-02,-0.37710121211664516,-0.40718234620568566,-0.3784360066451068,-0.2742786312624182,1.7669334888214,-0.5384552893587632,1.9100144077397658,2.4295753348380065,-0.2194783452984001,-0.7910852890966187,2.851308065898288,-0.9539874948317123,-0.9823209023613896,-0.5773514226773171,-0.482307041581379,0.0460697316252933,0.20009886573313726,-1.1585240864143582,-1.248722474651128,1.3489419902140374,1.0183980959170893,0.02984000666210295,-0.45414187098467945,-0.42510803925233653,-0.02578986037737495,0.7165740096576854
2017-06-05,-0.3054334453394582,-0.3952133188448296,-0.35789553646983413,-0.9018523986736019,1.761984646333308,-1.4410990901806022,1.9261338953619,1.6822731408614735,-0.4517351412680465,-0.8155779998702547,1.6056854148784212,-0.970470397264259,-0.9768270724953879,-0.4710267033722353,-0.7297795206368769,0.11063083550028775,0.04987622875757223,-1.1606470331831835,-1.1717760143705755,1.4322954854635275,0.9572537252447144,-0.8859461511129709,-0.4558832387625753,-0.42694485438036583,-0.564579987547377,0.5617003283666357
2017-06-06,-0.3394365767909879,-0.32392068523456174,-0.29522103183848875,0.3993771285565008,1.7405376050708614,-1.3245591207090803,1.9054418277284326,1.8539119021553658,1.3005989488600336,-0.7947138388408624,1.3796481167311965,-0.9818514489438745,-0.9768270724953879,-0.44971130887335176,-0.6786523938875639,0.008409087698212601,0.10084462344571067,-1.1313117687412373,-1.1617479042588241,1.5022910487820087,0.9671356437372192,-0.6510466798635668,-0.3635908336024977,-0.3296010046946765,1.6901179708467116,0.45661320282228496
2017-06-07,-0.38128625878465594,-0.3317261585977964,-0.33472193602170686,0.06367506129799633,1.7529110337429792,-1.2471840210118637,1.9033200801747268,1.727303368206746,0.3350204131810027,-0.8137637249981338,2.9756890176595148,-0.9594817956425612,-0.98389056803739,-0.45475637266006974,-0.6541629298143636,0.0918005135367474,0.0310983991356263,-1.1953861621275934,-1.1326278152804696,1.2864268687769211,0.9442837072233011,-0.2565442802036088,-0.37665100486832587,-0.3433762340416217,0.38303173809048335,2.37764697520538
2017-06-08,-0.4393531077807792,-0.387927918956482,-0.39107655932309837,-0.10452898138282657,1.7562099681901764,-1.045056996132205,1.9135570912026332,2.437433795565852,2.642181076602839,-0.852770634748737,2.784947383180199,-1.0422887578632123,-1.063551101094414,-0.5350990134635539,-0.4221574806998344,0.13484124945341036,0.11425735888995725,-1.2162296394942391,-1.196074896564434,1.481986992246877,0.9603418247736212,0.3336004187983186,-0.4140904991614697,-0.3828646416316513,0.616032163910186,1.2444101348757592
2017-06-09,-0.44876934508083804,-0.4488129425176796,-0.4200436257180969,-0.3149987024003508,1.7460358481094065,0.35644874320553377,1.9223273029682801,3.2715532699642953,0.21979350593565233,-0.869099108597827,0.8491252816680043,-1.0469981585582255,-1.0627662682564136,-0.562468484506499,-0.7078678948871714,0.16174170940132412,0.08474934091261381,-1.2162296394942391,-1.2172882064162156,1.5856445440314988,1.0301328741269389,0.06587937759351836,-0.44804708376204516,-0.41867979122384313,0.1907444992952228,0.4124416721598003
2017-06-12,-0.44249174892260684,-0.46026153213365356,-0.4268907124492157,-0.7209209485658806,1.7446614935385056,-0.590970746130097,1.9333270800974984,4.904117301806202,4.4541774629433055,-0.8627491465454019,1.2206967546651,-1.044643458210719,-1.043537863725408,-0.6233876297311188,-0.521404256154383,0.1967123073336125,0.18936867737773977,-1.200983021790859,-1.2226879580148509,1.6716696256671895,1.0270447745980305,-0.29322721133022805,-0.4558832387625753,-0.42694485438036583,0.012240204326297403,0.40377254877581253
2017-06-13,-0.4770181092934431,-0.4592209168367448,-0.4453244150668451,-0.9386035031776592,1.7773827642146052,-1.1255916457891981,1.9624441876086014,2.352362839750129,1.194223041602235,-0.8509563598766161,1.2777500192241855,-1.036009556936528,-1.0482468607534094,-0.6792617111690207,-0.566086787094959,0.18595212335444675,0.20278141282198633,-1.2631274635691923,-1.2016674964344494,1.6000711105169865,1.0190157158228703,-0.4463945377887436,-0.43585759638516464,-0.40582301597319015,-0.1338015047545529,0.43454526296750046
2017-06-14,-0.5031743240158278,-0.39833589327554647,-0.4637580650166031,2.369797328142413,1.7688585237349042,-0.7450639890676565,1.9777936668968934,1.9978589446939936,1.4554914486421902,-0.8491420850044953,3.0079627923147605,-1.0395416074577877,-1.0521710249434106,-0.6542886454247666,-0.47156604856681744,-0.04001174020803384,0.18400358320004043,-1.2251074168911438,-1.2631860950046154,1.5599973147239627,0.9986342589320781,1.8318085532328736,-0.5011588880562494,-0.47469841819147357,2.031094904917963,2.4958298841207442
2017-06-15,-0.5021282846766498,-0.5221875352617557,-0.4869320868077073,-0.36422915391668925,1.7559357229521586,-0.9942434671819594,1.9645200718092093,2.2736534949998046,2.0265448552464584,-0.9153631178369138,1.0374494049371894,-1.0882054146395923,-1.11770456691643,-0.6889734589584529,-0.4926183948753581,0.059519961599250173,-0.0466954664410053,-1.2849359167398495,-1.2257735303569284,1.60434564873491,0.9868994807222287,-0.4463945377887436,-0.511607007655234,-0.48571837831409687,0.9615799885064631,0.7678697890778131
2017-06-16,-0.5497323862216719,-0.5221875352617557,-0.4811385681929632,-0.4331136228988527,1.757399463894841,-0.6228947239562987,1.9835281020416573,5.841893615329082,14.738383818849792,-0.8672848337257062,0.14321200830982642,-1.1042958670142209,-1.1114259042124284,-0.7047392832919466,-0.6747856364023218,0.029929455656544087,0.06597151129066789,-1.2569516184235194,-1.285942191027436,1.686630509429918,1.0573081499813273,-0.6195122302985784,-0.5150898302794141,-0.48939182244104507,0.18483843599629032,0.1616431602237208
2017-06-19,-0.5628104935828642,-0.5565332000325373,-0.5290661212637792,-0.3660800662411407,1.8132141573359113,-1.0217761016917466,2.0362877701337245,1.9268833231996443,0.9893387826311285,-0.9126417055287325,0.555035042955599,-1.0858507142920855,-1.1051472415084267,-0.7421988819083277,-0.7254831234310523,0.13215120345861803,0.041828587491023805,-1.276251134503747,-1.2685858466032511,1.5792327367046148,1.0122218968592724,-1.779851262251114,-0.5264086337673467,-0.5013300505308504,0.08375180256128956,0.4229943542228313
2017-06-20,-0.5450244245089311,-0.576307700756628,-0.5427598733830393,-0.7800738166669074,1.767623040832285,-1.190478413839033,2.0478885866494556,2.186337264690412,-0.4779603264163481,-0.9244344921975203,1.545852012427685,-1.1121448681725767,-1.1349708893524355,-0.7676764540312536,-0.5789759787124329,0.03799959364091869,0.1410828297784504,-1.2787600715941765,-1.2776497153581028,1.7026600277471275,1.0326033537500645,0.0954831465728953,-0.5377276113920569,-0.5132687439434318,-0.41260027323520415,1.7796735419512595
2017-06-21,-0.5240994004185937,-0.5658997264375628,-0.5385463382677512,-0.7597901073793618,1.7659644586445904,-1.2095465749997893,2.017304683995681,1.9655519394795182,-0.6082667151219718,-0.8944989568075216,2.10490147977042,-1.139616372226821,-1.1416419684754375,-0.7828116453914077,-0.69540834299028,0.062210007594041314,0.05792387002412065,-1.2604255313179602,-1.2791925015291419,1.8020430413138273,1.045573371771478,-0.923272642434794,-0.5107362366978975,-0.48479992421780466,-0.2051054804290093,2.5261569614009867
2017-06-22,-0.4974199567769025,-0.5377992625667855,-0.5148460064293093,-0.5521444587744027,1.7629254642031464,-1.4524049002056114,2.019286431532173,1.6933747758579534,-0.569584567028227,-0.9081060183484303,1.5857409473948425,-1.1710123768602434,-1.1749973640904474,-0.7463610595323701,-0.6859562691374658,0.016479225682587206,0.0525587758464213,-1.2687243232324585,-1.261643308833577,1.8453227407702926,1.0258095347864666,-0.07634742554653175,-0.4889691394742025,-0.461841363747155,0.09587696009657767,0.7671330027175565
2017-06-23,-0.5533942039703768,-0.5138611558065036,-0.4774518171358632,0.10554002665723913,1.770938925415525,-0.9835289179681365,1.9941899453958065,2.9123093509770785,0.08440598760754514,-0.870913383469948,0.44346690060806504,-1.161201125412299,-1.179706361118449,-0.7186132087054211,-0.7744620515774528,0.0057190417034214645,0.023050757869077874,-1.257337608745124,-1.2693572396887702,1.590453399526661,1.029515254221156,-0.9477279298525402,-0.4558832387625753,-0.42694485438036583,0.10978128326599526,0.7335200959435888
2017-06-26,-0.5298537676575191,-0.5721445110290017,-0.537493191494354,-0.4030219864487497,1.7753587871479255,-1.194705518041229,2.013700046076045,1.3341308568707368,-0.823804955559576,-0.8817990327026733,-0.14930684811599385,-1.1482502735010123,-1.162832455101444,-0.7684332135992613,-0.9647924477954833,-0.01849137224970235,0.004272928247133139,-1.2978665925136021,-1.252772288350105,1.6684637220037482,0.9906052001569181,-0.8550552617431862,-0.4715556358320243,-0.4434749806934116,-0.14467134434690945,1.1039691476900602
2017-06-27,-0.5251454397577716,-0.5456047359300201,-0.5211658877592632,-0.562181364781222,1.7212030740521083,-0.6702243306961865,1.984619953046894,1.9614356029077897,-0.5428676596583947,-0.7393784552411692,0.5764300171652561,-1.1360843217055612,-1.1330088072574347,-0.7369015649322739,-0.7813362871067723,0.16443175539611646,-0.0010921659305662085,-1.2903397812423132,-1.2998272665667836,1.6086201869528323,1.012839516765055,0.323303455675057,-0.49767606543206927,-0.47102506712908077,0.7181920462734946,0.6213146634670808
2017-06-28,-0.5554867534605972,-0.5450846104165633,-0.5101056872558338,-0.8558848956879975,1.7808856406509985,-0.9207936823145626,2.010037478535351,1.70372798602321,1.3076469673686397,-0.7040000952348078,-0.6405451260145615,-1.1270579703734522,-1.1141728191454292,-0.6940185227451708,-0.6111989577561174,0.22630281327631857,0.15449556522269817,-1.2851289119006521,-1.291341942626071,1.5685463911598085,0.8961093545723394,0.7120138135781804,-0.4828744393199569,-0.4554132087832167,-0.44283331224244915,0.634862025575026
2017-06-29,-0.5711806392313158,-0.566940758043037,-0.5511865222706365,-0.19087308723997048,1.7217563708586663,-0.1630950057683181,1.937829660100227,2.517515252506752,0.3707522279455637,-0.6468504367629936,-0.4352984242744611,-1.0803564134812367,-1.0925899161004229,-0.7134420183240352,-0.6090507591532052,0.3365946990627671,0.22424178953278134,-1.2803040328805952,-1.2857493427560558,1.4777124540289546,0.846082142204033,-0.394266161977232,-0.5246671789210622,-0.4994934215319316,0.33065016316393175,0.7472219455141685
2017-06-30,-0.6721436803721503,-0.5789093690953276,-0.5490801760559708,-0.2734199605964356,1.7341901204008277,-0.5763411470310928,1.9905603633817655,2.2245069310828036,0.7741283570078782,-0.6604574983039003,-2.28928777132373,-1.0807488635391547,-1.057272438390412,-0.739171843636297,-0.6227992302118439,0.43612640087005117,0.3369087672644545,-1.265250410338017,-1.2815066807856994,1.3767264886305342,0.7892611108721302,-0.5435721272645244,-0.5133483754331299,-0.4875551934421262,0.07901161979459632,0.8315839837635575
2017-07-03,-0.6496492833984698,-0.6600898515112038,-0.6549423359276335,0.6563104733888638,1.7455185561220277,-1.5549373262232316,2.0180095204759354,0.6472015992795556,-0.7590615297247063,-0.716700019339654,0.34990921677600517,-1.0261983054885835,-1.0282336233844034,-0.8602533745175289,-1.148678248204777,0.5544884246408743,0.4603059333515264,-1.343799440784544,-1.2593291295770188,1.4381729755131707,0.8009958890819797,-0.5673838544870667,-0.5655894087699975,-0.5426555524425752,-0.012259257816921726,0.09016299962785175
2017-07-05,-0.6522646956209909,-0.6694567942247941,-0.6586290343168621,-0.28282717478153435,1.7609921817402252,-1.2413679033796046,2.0233850984673514,1.7309207548909924,0.29978032063797233,-0.726678531136321,1.9026766670429833,-0.9959796510289145,-1.0192080457474006,-0.8977129731339101,-1.2878815176734946,0.49799745875025325,0.5193219693062121,-1.3289388134027686,-1.3075411974219768,1.3526822111547199,0.8627578796601357,-0.6182251099081707,-0.5412102598794591,-0.5169419088767142,0.4634040283704937,2.941122169688127
2017-07-06,-0.7145165912851249,-0.6725789523469462,-0.6391421849258356,-0.8132757490849031,1.6996510045138142,-1.0160893223619345,1.9824450999075647,2.314193173357737,-0.5017269004569965,-0.6631789106120817,1.1203700394446738,-1.0509226591374032,-1.0502089428484098,-0.8446136767787031,-0.7418094328131858,0.608289344536703,0.5085917809508146,-1.3333777021012212,-1.3299115969020374,1.3291722509561466,0.8751102777757662,-0.9309953647772401,-0.5647187248810499,-0.5417370983462827,-0.21748617342341833,1.3784161250601845
2017-07-07,-0.7045771250657602,-0.7152505802644143,-0.7149836576182529,0.46713578488770924,1.7427551151505771,-1.1685956048583588,2.0011232377971933,1.338621405858077,0.5777672832099697,-0.6831359342054155,1.0485699565037907,-1.061911260759101,-1.093767165357423,-1.013749440228424,0.03841629976456448,0.6567101724429483,0.6132111174159406,-1.337430600478069,-1.335889893314812,1.31902022268858,0.823230205690115,-0.5307009233604475,-0.5890979608399769,-0.5674507419121437,0.4180017656711826,1.4621602134590355
2017-07-10,-0.6967301560241859,-0.7266991178418186,-0.713403674118797,-0.7126204654613817,1.749939299489022,-1.6060670154683476,2.0095225302611173,1.6891337018143544,1.491551078221105,-0.6840430716414759,0.6446038332909431,-1.1019411666667145,-1.11691973407843,-1.079335269455758,0.05130549138203833,0.6217395745106599,0.6561318708375306,-1.3623269762215628,-1.3355041967720525,1.3842069305118991,0.8491702417329414,-0.5615918127302322,-0.562977357103154,-0.5399004693473638,0.280127608702485,0.5336370865965369
2017-07-11,-0.6752822692015479,-0.7162915598313181,-0.7107705438459432,-0.3945306876406991,1.7449657143526787,-1.324986142406048,1.971701186157262,1.4051064783650862,0.33960982058195543,-0.623264863425418,0.8197525204649156,-1.09212991521877,-1.0780705085974183,-1.003659312654988,-0.43676523119963806,0.5894590225731626,0.6373540412155846,-1.354414174628669,-1.3628886513079885,1.4857272131875594,0.853493581073412,-0.7900556820275977,-0.5516585536152218,-0.5279620551284476,-0.28655740802380564,0.3538433892174511
2017-07-12,-0.6862678270725205,-0.6871497000850724,-0.6586290343168621,-0.7730136356354945,1.795253554290676,-1.1349655932332132,2.04940849149734,1.6583235462623256,-0.1660445305587355,-0.6731574224087485,1.4278774653733048,-1.0458208083844724,-1.0509937756864103,-0.9269743430968744,-0.46598073219924546,0.4791671367867129,0.581020552349748,-1.3032704570160658,-1.3553675687241753,1.6428164926962119,0.8028487487993246,-0.507532756333109,-0.5429516276573549,-0.5187785378756331,-0.1406434666725158,1.1597212962246437
2017-07-13,-0.6365711760372774,-0.7022409376066496,-0.669162872105081,-0.8694709737808786,1.8065819900118743,-1.5484129274109057,2.0677116852495336,1.2142581464031275,-0.43124671537093584,-0.6849502090775363,0.5688148568533442,-1.0587716602957589,-1.0600193533234128,-0.9443798131610516,-0.5802648978741802,0.5544884246408743,0.4790837629734723,-1.345343402070962,-1.30426277680852,1.5701493429915292,0.8164363867265187,-0.6491159992779553,-0.563848040992102,-0.5408186442499898,-0.06855052526802351,0.11273005282345529
2017-07-14,-0.6093685034762796,-0.6392743191816388,-0.6180749833602469,-0.556666790948578,1.8380808032254683,-1.1215739464576304,2.071568161712374,1.2556709870641538,-0.16981440092380387,-0.6214505885532972,0.9680668332064369,-1.0324775064152678,-1.0403985323734068,-0.9702357650679813,-0.3233403449658682,0.5114476887242102,0.5622427227278021,-1.2816549990062107,-1.3461108516979432,1.5915220340811418,0.8189068663496445,-0.3472862677273512,-0.5377276113920569,-0.5132687439434318,0.10342164452712312,0.36464562795089167
2017-07-17,-0.5664723113315691,-0.6247035714435126,-0.5870007280646267,-0.674476406321397,1.8372523795463005,-1.6703543107512855,2.111091249198709,1.3703047237131996,-0.5220514189469303,-0.6123792141926926,0.14321200830982642,-1.0097154030560367,-1.0360819517644055,-0.877532717987038,-0.5643682282126291,0.4630268608179649,0.4978615925954183,-1.2750931635389335,-1.274371294744646,1.6855618748754373,0.7367634188806981,-1.0590638436228057,-0.5220552143226077,-0.4967384315012756,-0.5049987010600934,0.37725418163205826
2017-07-18,-0.5680416319024829,-0.583072558822954,-0.5527669271130707,-0.29517295080132927,1.8408437891597085,-1.4812617125737846,2.0507312659066748,1.449263543407265,-0.7713545852629727,-0.5434367690520907,0.4342803580095682,-1.0352246568206922,-1.0329426204124048,-0.845118183157375,-0.5089447042574916,0.3204544230940191,0.45494083917382705,-1.2561796377803105,-1.2762997774584444,1.6732725774989101,0.7447924776558581,0.3142936129422032,-0.5081243591678319,-0.48204502725170406,-0.42650459640462174,0.49373178663295775
2017-07-19,-0.5596718524410372,-0.5861951332536701,-0.5548736946707149,-1.0495628347929722,1.8775930492116146,-1.311031976664267,2.089743421715316,1.4733378754782833,-0.7492270852940932,-0.5788151290584521,1.024999222205016,-1.023058705025241,-1.0176383800714002,-0.8302352449865569,-0.6077618399914578,0.3473548830419329,0.3369087672644545,-1.2808830183630018,-1.2572077985918408,1.617169263388677,0.6861185866066088,-1.0848062514309595,-0.5046415365436518,-0.47837167618931126,-0.5344236091778684,0.40958959592654864
2017-07-20,-0.5063129651576547,-0.567981321301376,-0.5643534903317091,-0.597997472337876,1.8806320436530577,-1.391080067945388,2.0943248547173807,2.2331138166418723,-0.24668697488976304,-0.4744943239114887,1.2059499362833024,-0.9951947509130789,-1.0113597173673983,-0.8314965109332363,-0.42430567930274665,0.3096942391148534,0.3369087672644545,-1.260811521639565,-1.2818923773284592,1.493741972346164,0.6966181250048963,1.2545350581350232,-0.4924519620983826,-0.4655150870677691,-0.6057275848523248,0.11349654831114167
2017-07-21,-0.5036975529351344,-0.5279118300697426,-0.5069457202569212,0.2729426433831449,1.8745535997329619,-0.6683129980044699,2.064177047338502,2.842830579145176,-0.28815554890551504,-0.44546592595755247,1.4840846010088447,-1.001866401897681,-1.023917042775402,-0.7913882538288283,-0.6511554517702864,0.2558933192190247,0.33154367308675636,-1.2262653878559575,-1.261836157104957,1.4590113493255434,0.6416499533903366,-0.84733253940074,-0.48461580709785246,-0.45724983778213557,-0.724548379150318,1.115246732462376
2017-07-24,-0.5240994004185937,-0.51802434553413,-0.4842985351918758,-0.963848420757549,1.8728963257772429,-1.4016098481557155,2.061026206555639,1.8605229881645056,-0.7454572149290248,-0.46451581211482385,0.8746300249348836,-1.051707559253239,-1.0502089428484098,-0.7539286552124471,-0.6399848190351424,0.3096942391148534,0.23497197788817886,-1.249424807152231,-1.225194985542789,1.5092371733861325,0.6008870396087539,-0.9876286619551786,-0.5159605141683621,-0.4903102765373376,0.04571215527790017,0.06258104572211408
2017-07-25,-0.4738795204640448,-0.5315544779753466,-0.5048389526992771,-0.4775164371153331,1.8894739285446032,-1.231349317412282,2.094493016225814,2.1127421562867807,-0.6099057891937407,-0.45544443775421734,0.8306313209105041,-1.017564404214392,-0.9658394127633845,-0.8028657739436117,-0.151914096453466,0.5114476887242102,0.31276584346481046,-1.2702682845188766,-1.2506509573649265,1.5936593031901036,0.6089160983839139,-0.3614445920218358,-0.49680538154312165,-0.4701066130327882,-0.31962689062729294,0.5307018248064821
2017-07-26,-0.4785874298643562,-0.48836236027442587,-0.5174791367021624,-0.033889007927987505,1.8897503636491906,-1.3820428106855207,2.1381276402345977,1.7876763045920978,0.7475753570452228,-0.3810591679972527,0.5243326505869385,-0.9378970424570835,-0.9579910843833823,-0.78697382301545,-0.6417033779174722,0.4038458489325527,0.516639422217363,-1.2507757732778464,-1.2709000258598087,1.6572430591817007,0.6218861164053271,0.08454262325442992,-0.44717639987309726,-0.4177613371275506,0.6260172119753363,1.20232418495884
2017-07-27,-0.4315061910516342,-0.48888290209644825,-0.47903180063531914,-0.4427498159282135,1.8833954846245067,-0.9059300424777973,2.140006398116244,3.3977875914973033,-0.020986475207192073,-0.4327660018527042,-0.37643202630777745,-0.9308329414145635,-0.9434716768803778,-0.736397058553602,-0.4341873928761433,0.4764770907919218,0.37982952068604575,-1.2610045168003674,-1.2521937435359654,1.8068518968089895,0.5440660082768511,0.3265212566510763,-0.4706848648746877,-0.44255652659711914,0.2090248672020863,0.4924364686770226
2017-07-28,-0.42836754990980724,-0.45141502716494464,-0.43373743050522906,-0.25033126046668,1.875382450009513,-1.3304511989316654,2.1681306194412437,1.8798572963044426,1.2848638377710526,-0.36473069414816267,-0.6820054432683037,-0.9116028885765923,-0.920711524578371,-0.7450997935856906,-0.6524443709320338,0.4011558029377616,0.430797915374183,-1.2260723926951551,-1.261643308833577,1.84158251982961,0.5872994016815597,-0.2764946462549281,-0.44108161265046264,-0.4113329960345018,-0.12953725678047237,0.8689699497210975
2017-07-31,-0.43359868822942527,-0.4540171118122097,-0.4174104954452438,-0.9084546220164906,1.871514605291518,-1.0070992838474047,2.2116300715878348,2.1540302594759364,1.497287837472296,-0.28308832490271446,-2.2970238071961484,-0.8857011847540189,-0.8979513722763642,-0.7095320938893287,-0.6820895116522236,0.4146060329117185,0.3744644265083464,-1.2114047604741822,-1.22365219937175,1.8976858339398435,0.5249197911976227,0.07360209993596452,-0.4454349450268127,-0.4159247081286321,-0.44162910139134176,0.823883377933778
2017-08-01,-0.4466767955906176,-0.43684433146538904,-0.4179369108283249,-0.2557695080179034,1.8867117958051298,-1.228581888337702,2.2442158377174852,2.413484200966704,0.615957709082184,-0.31937382234513634,2.1403180189988356,-0.8723578827848146,-0.8979513722763642,-0.7299646022255366,-0.5218338958749654,0.29893405513568766,0.430797915374183,-1.1909472734291406,-1.2128526961744797,1.983176598298294,0.4798335380755695,-0.6452546381067322,-0.44804708376204516,-0.41867979122384313,-0.38654523898458637,1.3580831982472947
2017-08-02,-0.4367377478706882,-0.4430890640182574,-0.42320401405998787,-0.526689643920606,1.8900267703139506,-1.3895197963603134,2.255194695588012,2.518388414809846,0.910171504964693,-0.2703884007978662,2.306884541376844,-0.92612354071955,-0.9269901872823727,-0.7984513431302335,-0.33837773518625436,0.3473548830419329,0.31276584346481046,-1.1814905105498292,-1.1920250828654577,1.9703529836445273,0.4921859361912,-0.528770242774836,-0.45327118709573183,-0.4241897712851548,-0.5440604901799664,0.4971067435089722
2017-08-03,-0.48591111767419465,-0.452976132245306,-0.4247839448915724,-0.8452946241408782,1.8767641704952378,-1.5199913486954113,2.2650237687126555,1.7937884407137552,1.7892069296543285,-0.257688476693018,2.261435330626386,-0.8959048862598813,-0.9156101111313694,-0.8143432940583951,-0.44707658449361715,0.20747249131277823,0.33422622017560544,-1.1176091123242753,-1.182189821025086,1.8506659135426957,0.47612781864088,-0.4605528620832282,-0.45936588724997746,-0.4306180193136482,-0.6389471945380456,0.2735990360298193
2017-08-04,-0.49323485779646237,-0.49408665508241284,-0.4821917676342325,-0.011582652182793862,1.8891979200373994,-1.123029515607391,2.2787503617373903,1.480822123790517,1.3137115414341844,-0.34658794542695176,0.7640288870714019,-0.9210216899666192,-0.9285598529583734,-0.8785417307443817,-0.13129138986550784,0.32852456107839256,0.22155924244393227,-1.110275296213789,-1.118357043198362,1.7844105711648959,0.45574636175008776,0.14825508257961073,-0.4924519620983826,-0.4655150870677691,0.2131421822871723,-0.06280929750769676
2017-08-07,-0.4749255598032227,-0.5070962977401776,-0.4711315671308031,-1.0867718969855535,1.901907223049556,-1.701906697581568,2.3023679782239515,0.9740137755804262,0.36993269090967923,-0.32481664696149903,0.5483868871277394,-0.8959048862598813,-0.9242432723493719,-0.8932985423205319,-0.6924008649462027,0.3096942391148534,0.34495640853100296,-1.1013975188168843,-1.1177784983842225,1.895548564830883,0.5508598272404475,-0.9818366201983441,-0.5029000816973673,-0.4765350471903924,-0.3797991028637938,0.06786332857911555
2017-08-08,-0.3990726940455957,-0.4899234653547872,-0.4953587356953052,-0.28208299353768274,1.8850527585802257,-1.0916680567473873,2.292200163885343,1.5851026502743062,-0.05376795664256912,-0.36654496902028355,0.23676969214188628,-0.9072859379394969,-0.9226736066733715,-0.8629020330055559,-0.471136408846235,0.3231444690888103,0.3074007492871123,-1.0792030753246225,-1.102157788402456,2.0366083260223258,0.5391250490305979,-0.5429285670693206,-0.4985467493210172,-0.47194333509626246,-0.3052402442787846,0.2823572867960961
2017-08-09,-0.3519914552328736,-0.4155083093523722,-0.4010831917101522,0.09172496972009611,1.8847772051102314,-1.0729201618593567,2.267235632214352,1.782187855829793,0.4535254685698907,-0.35838073209573956,0.6048357738842923,-0.9190594396770301,-0.9250281051873722,-0.7993342292929091,-0.20948581901151586,0.2881738711565219,0.2966705609317148,-1.0701323027669154,-1.0797873889223957,1.9666127627038448,0.5619769855445159,-0.5506512894117668,-0.4680728132078442,-0.43980144350190803,0.08314171165263834,-0.07942858339187346
